#include <pgmspace.h> // Thư viện để lưu dữ liệu vào bộ nhớ Flash (Flash Memory)

// Từ khóa PROGMEM rất quan trọng để không làm tràn bộ nhớ RAM của ESP32/ESP8266
const unsigned char UI_bitmap[] PROGMEM = {
  0x00, 0x00, 0x00, 0x00, 0x00, 0x00, 0x00, 0x00, 0x00, 0x00, 0x00, 0x00, 0x00, 0x00, 0x00, 0x00, 
	0x00, 0x00, 0x00, 0x00, 0x00, 0x00, 0x00, 0x00, 0x00, 0x00, 0x00, 0x00, 0x00, 0x00, 0x00, 0x00, 
	0x00, 0x00, 0x00, 0x00, 0x00, 0x00, 0x00, 0x00, 0x00, 0x00, 0x00, 0x00, 0x00, 0x00, 0x00, 0x00, 
	0x00, 0x00, 0x00, 0x00, 0x00, 0x00, 0x00, 0x00, 0x00, 0x00, 0x00, 0x00, 0x00, 0x00, 0x00, 0x00, 
	0x00, 0x00, 0x00, 0x00, 0x00, 0x00, 0x00, 0x00, 0x00, 0x00, 0x00, 0x00, 0x00, 0x00, 0x00, 0x00, 
	0x00, 0x00, 0x00, 0x00, 0x00, 0x00, 0x00, 0x00, 0x00, 0x00, 0x00, 0x00, 0x00, 0x00, 0x00, 0x00, 
	0x00, 0x00, 0x00, 0x00, 0x00, 0x00, 0x00, 0x00, 0x00, 0x00, 0x00, 0x00, 0x00, 0x00, 0x00, 0x00, 
	0x00, 0x00, 0x00, 0x00, 0x00, 0x00, 0x00, 0x00, 0x00, 0x00, 0x00, 0x00, 0x00, 0x00, 0x00, 0x00, 
	0x00, 0x00, 0x00, 0x00, 0x00, 0x00, 0x00, 0x00, 0x00, 0x00, 0x00, 0x00, 0x00, 0x00, 0x00, 0x00, 
	0x00, 0x00, 0x00, 0x00, 0x00, 0x00, 0x00, 0x00, 0x00, 0x00, 0x00, 0x00, 0x00, 0x00, 0x00, 0x00, 
	0x00, 0x00, 0x00, 0x00, 0x00, 0x00, 0x00, 0x00, 0x00, 0x00, 0x00, 0x00, 0x00, 0x00, 0x00, 0x00, 
	0x00, 0x00, 0x00, 0x00, 0x00, 0x00, 0x00, 0x00, 0x00, 0x00, 0x00, 0x00, 0x00, 0x00, 0x00, 0x00, 
	0x00, 0x00, 0x00, 0x00, 0x00, 0x00, 0x00, 0x00, 0x00, 0x00, 0x00, 0x00, 0x00, 0x00, 0x00, 0x00, 
	0x00, 0x00, 0x00, 0x00, 0x00, 0x00, 0x00, 0x00, 0x00, 0x00, 0x00, 0x00, 0x00, 0x00, 0x00, 0x00, 
	0x00, 0x00, 0x00, 0x00, 0x00, 0x00, 0x00, 0x00, 0x00, 0x00, 0x00, 0x00, 0x00, 0x00, 0x00, 0x00, 
	0x00, 0x00, 0x00, 0x00, 0x00, 0x00, 0x00, 0x00, 0x00, 0x00, 0x00, 0x00, 0x00, 0x00, 0x00, 0x00, 
	0x00, 0x00, 0x00, 0x00, 0x00, 0x00, 0x00, 0x00, 0x00, 0x00, 0x00, 0x00, 0x00, 0x00, 0x00, 0x00, 
	0x00, 0x00, 0x00, 0x00, 0x00, 0x00, 0x00, 0x00, 0x00, 0x00, 0x00, 0x00, 0x00, 0x00, 0x00, 0x00, 
	0x00, 0x00, 0x00, 0x00, 0x00, 0x00, 0x00, 0x00, 0x00, 0x00, 0x00, 0x00, 0x00, 0x00, 0x00, 0x00, 
	0x00, 0x00, 0x00, 0x00, 0x00, 0x00, 0x00, 0x00, 0x00, 0x00, 0x00, 0x00, 0x00, 0x00, 0x00, 0x00, 
	0x00, 0x00, 0x00, 0x00, 0x00, 0x00, 0x00, 0x00, 0x00, 0x00, 0x00, 0x00, 0x00, 0x00, 0x00, 0x00, 
	0x00, 0x00, 0x00, 0x00, 0x00, 0x00, 0x00, 0x00, 0x00, 0x00, 0x00, 0x00, 0x00, 0x00, 0x00, 0x00, 
	0x00, 0x00, 0x00, 0x00, 0x00, 0x00, 0x00, 0x00, 0x00, 0x00, 0x00, 0x00, 0x00, 0x00, 0x00, 0x00, 
	0x00, 0x00, 0x00, 0x00, 0x00, 0x00, 0x00, 0x00, 0x00, 0x00, 0x00, 0x00, 0x00, 0x00, 0x00, 0x00, 
	0x00, 0x00, 0x00, 0x00, 0x00, 0x00, 0x00, 0x00, 0x00, 0x00, 0x00, 0x00, 0x00, 0x00, 0x00, 0x00, 
	0x00, 0x00, 0x00, 0x00, 0x00, 0x00, 0x00, 0x00, 0x00, 0x00, 0x00, 0x00, 0x00, 0x00, 0x00, 0x00, 
	0x00, 0x00, 0x00, 0x00, 0x00, 0x00, 0x00, 0x00, 0x00, 0x00, 0x00, 0x00, 0x00, 0x00, 0x00, 0x00, 
	0x00, 0x00, 0x00, 0x00, 0x00, 0x00, 0x00, 0x00, 0x00, 0x00, 0x00, 0x00, 0x00, 0x00, 0x00, 0x00, 
	0x00, 0x00, 0x00, 0x00, 0x00, 0x00, 0x00, 0x00, 0x00, 0x00, 0x00, 0x00, 0x00, 0x00, 0x00, 0x00, 
	0x00, 0x00, 0x00, 0x00, 0x00, 0x00, 0x00, 0x00, 0x00, 0x00, 0x00, 0x00, 0x00, 0x00, 0x00, 0x00, 
	0x00, 0x00, 0x00, 0x00, 0x00, 0x00, 0x00, 0x00, 0x00, 0x00, 0x00, 0x00, 0x00, 0x00, 0x00, 0x00, 
	0x00, 0x00, 0x00, 0x00, 0x00, 0x00, 0x00, 0x00, 0x00, 0x00, 0x00, 0x00, 0x00, 0x00, 0x00, 0x00, 
	0x00, 0x00, 0x00, 0x00, 0x00, 0x00, 0x00, 0x00, 0x00, 0x00, 0x00, 0x00, 0x00, 0x00, 0x00, 0x00, 
	0x00, 0x00, 0x00, 0x00, 0x00, 0x00, 0x00, 0x00, 0x00, 0x00, 0x00, 0x00, 0x00, 0x00, 0x00, 0x00, 
	0x00, 0x00, 0x00, 0x00, 0x00, 0x00, 0x00, 0x00, 0x00, 0x00, 0x00, 0x00, 0x00, 0x00, 0x00, 0x00, 
	0x00, 0x00, 0x00, 0x00, 0x00, 0x00, 0x00, 0x00, 0x00, 0x00, 0x00, 0x00, 0x00, 0x00, 0x00, 0x00, 
	0x00, 0x00, 0x00, 0x00, 0x00, 0x00, 0x00, 0x00, 0x00, 0x00, 0x00, 0x00, 0x00, 0x00, 0x00, 0x00, 
	0x00, 0x00, 0x00, 0x00, 0x00, 0x00, 0x00, 0x00, 0x00, 0x00, 0x07, 0xff, 0xff, 0xff, 0xff, 0xff, 
	0xff, 0xff, 0xff, 0xff, 0xff, 0xff, 0xff, 0xff, 0xff, 0xff, 0xff, 0xff, 0xff, 0xff, 0xff, 0xff, 
	0xff, 0xff, 0xff, 0xff, 0xff, 0xff, 0xff, 0xff, 0xff, 0xff, 0xff, 0xff, 0xff, 0xe0, 0x00, 0x00, 
	0x00, 0x00, 0x1f, 0xff, 0xff, 0xff, 0xff, 0xff, 0xff, 0xff, 0xff, 0xff, 0xff, 0xff, 0xff, 0xff, 
	0xff, 0xff, 0xff, 0xff, 0xff, 0xff, 0xff, 0xff, 0xff, 0xff, 0xff, 0xff, 0xff, 0xff, 0xff, 0xff, 
	0xff, 0xff, 0xff, 0xff, 0xff, 0xf8, 0x00, 0x00, 0x00, 0x00, 0x7f, 0xff, 0xff, 0xff, 0xff, 0xff, 
	0xff, 0xff, 0xff, 0xff, 0xff, 0xff, 0xff, 0xff, 0xff, 0xff, 0xff, 0xff, 0xff, 0xff, 0xff, 0xff, 
	0xff, 0xff, 0xff, 0xff, 0xff, 0xff, 0xff, 0xff, 0xff, 0xff, 0xff, 0xff, 0xff, 0xfe, 0x00, 0x00, 
	0x00, 0x00, 0x7f, 0xff, 0xff, 0xff, 0xff, 0xff, 0xff, 0xff, 0xff, 0xff, 0xff, 0xff, 0xff, 0xff, 
	0xff, 0xff, 0xff, 0xff, 0xff, 0xff, 0xff, 0xff, 0xff, 0xff, 0xff, 0xff, 0xff, 0xff, 0xff, 0xff, 
	0xff, 0xff, 0xff, 0xff, 0xff, 0xfe, 0x00, 0x00, 0x00, 0x00, 0xff, 0xff, 0xff, 0xff, 0xff, 0xff, 
	0xff, 0xff, 0xff, 0xff, 0xff, 0xff, 0xff, 0xff, 0xff, 0xff, 0xff, 0xff, 0xff, 0xff, 0xff, 0xff, 
	0xff, 0xff, 0xff, 0xff, 0xff, 0xff, 0xff, 0xff, 0xff, 0xff, 0xff, 0xff, 0xff, 0xff, 0x00, 0x00, 
	0x00, 0x00, 0xff, 0xff, 0xff, 0xff, 0xff, 0xff, 0xff, 0xff, 0xff, 0xff, 0xff, 0xff, 0xff, 0xff, 
	0xff, 0xff, 0xff, 0xff, 0xff, 0xff, 0xff, 0xff, 0xff, 0xff, 0xff, 0xff, 0xff, 0xff, 0xff, 0xff, 
	0xff, 0xff, 0xff, 0xff, 0xff, 0xff, 0x00, 0x00, 0x00, 0x01, 0xff, 0xff, 0xff, 0xff, 0xff, 0xff, 
	0xff, 0xff, 0xff, 0xff, 0xff, 0xff, 0xff, 0xff, 0xff, 0xff, 0xff, 0xff, 0xff, 0xff, 0xff, 0xff, 
	0xff, 0xff, 0xff, 0xff, 0xff, 0xff, 0xff, 0xff, 0xff, 0xff, 0xff, 0xff, 0xff, 0xff, 0x80, 0x00, 
	0x00, 0x01, 0xff, 0xff, 0xff, 0xff, 0xff, 0xff, 0xff, 0xff, 0xff, 0xff, 0xff, 0xff, 0xff, 0xff, 
	0xff, 0xff, 0xff, 0xff, 0xff, 0xff, 0xff, 0xff, 0xff, 0xff, 0xff, 0xff, 0xff, 0xff, 0xff, 0xff, 
	0xff, 0xff, 0xff, 0xff, 0xff, 0xff, 0x80, 0x00, 0x00, 0x01, 0xff, 0xff, 0xff, 0xff, 0xff, 0xff, 
	0xff, 0xff, 0xff, 0xff, 0xff, 0xff, 0xff, 0xff, 0xff, 0xff, 0xff, 0xff, 0xff, 0xff, 0xff, 0xff, 
	0xff, 0xff, 0xff, 0xff, 0xff, 0xff, 0xff, 0xff, 0xff, 0xff, 0xff, 0xff, 0xff, 0xff, 0x80, 0x00, 
	0x00, 0x01, 0xff, 0xff, 0xff, 0xff, 0xff, 0xff, 0xff, 0xff, 0xff, 0xff, 0xff, 0xff, 0xff, 0xff, 
	0xff, 0xff, 0xff, 0xff, 0xff, 0xff, 0xff, 0xff, 0xff, 0xff, 0xff, 0xff, 0xff, 0xff, 0xff, 0xff, 
	0xff, 0xff, 0xff, 0xff, 0xff, 0xff, 0x80, 0x00, 0x00, 0x01, 0xff, 0xff, 0xff, 0xff, 0xff, 0xff, 
	0xff, 0xff, 0xff, 0xff, 0xff, 0xff, 0xff, 0xff, 0xff, 0xff, 0xff, 0xff, 0xff, 0xff, 0xff, 0xff, 
	0xff, 0xff, 0xff, 0xff, 0xff, 0xff, 0xff, 0xff, 0xff, 0xff, 0xff, 0xff, 0xff, 0xff, 0x80, 0x00, 
	0x00, 0x01, 0xff, 0xff, 0xff, 0xff, 0xff, 0xff, 0xff, 0xff, 0xff, 0xff, 0xff, 0xff, 0xff, 0xff, 
	0xff, 0xff, 0xff, 0xff, 0xff, 0xff, 0xff, 0xff, 0xff, 0xff, 0xff, 0xff, 0xff, 0xff, 0xff, 0xff, 
	0xff, 0xff, 0xff, 0xff, 0xff, 0xff, 0x80, 0x00, 0x00, 0x01, 0xff, 0xff, 0xff, 0xff, 0xff, 0xff, 
	0xff, 0xff, 0xff, 0xff, 0xff, 0xff, 0xff, 0xff, 0xff, 0xff, 0xff, 0xff, 0xff, 0xff, 0xff, 0xff, 
	0xff, 0xff, 0xff, 0xff, 0xff, 0xff, 0xff, 0xff, 0xff, 0xff, 0xff, 0xff, 0xff, 0xff, 0x80, 0x00, 
	0x00, 0x01, 0xff, 0xff, 0xff, 0xff, 0xff, 0xff, 0xff, 0xff, 0xff, 0xff, 0xff, 0xff, 0xff, 0xff, 
	0xff, 0xff, 0xff, 0xff, 0xff, 0xff, 0xff, 0xff, 0xff, 0xff, 0xff, 0xff, 0xff, 0xff, 0xff, 0xff, 
	0xff, 0xff, 0xff, 0xff, 0xff, 0xff, 0x80, 0x00, 0x00, 0x01, 0xff, 0xff, 0xff, 0xff, 0xff, 0xff, 
	0xff, 0xff, 0xff, 0xff, 0xff, 0xff, 0xff, 0xff, 0xff, 0xff, 0xff, 0xff, 0xff, 0xff, 0xff, 0xff, 
	0xff, 0xff, 0xff, 0xff, 0xff, 0xff, 0xff, 0xff, 0xff, 0xff, 0xff, 0xff, 0xff, 0xff, 0x80, 0x00, 
	0x00, 0x01, 0xff, 0xff, 0xff, 0xff, 0xff, 0xff, 0xff, 0xff, 0xff, 0xff, 0xff, 0xff, 0xff, 0xff, 
	0xff, 0xff, 0xff, 0xff, 0xff, 0xff, 0xff, 0xff, 0xff, 0xff, 0xff, 0xff, 0xff, 0xff, 0xff, 0xff, 
	0xff, 0xff, 0xff, 0xff, 0xff, 0xff, 0x80, 0x00, 0x00, 0x01, 0xff, 0xff, 0xff, 0xff, 0xff, 0xff, 
	0xff, 0xff, 0xff, 0xff, 0xff, 0xff, 0xff, 0xff, 0xff, 0xff, 0xff, 0xff, 0xff, 0xff, 0xff, 0xff, 
	0xff, 0xff, 0xff, 0xff, 0xff, 0xff, 0xff, 0xff, 0xff, 0xff, 0xff, 0xff, 0xff, 0xff, 0x80, 0x00, 
	0x00, 0x01, 0xff, 0xff, 0xff, 0xff, 0xff, 0xff, 0xff, 0xff, 0xff, 0xff, 0xff, 0xff, 0xff, 0xff, 
	0xff, 0xff, 0xff, 0xff, 0xff, 0xff, 0xff, 0xff, 0xff, 0xff, 0xff, 0xff, 0xff, 0xff, 0xff, 0xff, 
	0xff, 0xff, 0xff, 0xff, 0xff, 0xff, 0x80, 0x00, 0x00, 0x01, 0xff, 0xff, 0xff, 0xff, 0xff, 0xff, 
	0xff, 0xff, 0xff, 0xff, 0xff, 0xff, 0xff, 0xff, 0xff, 0xff, 0xff, 0xff, 0xff, 0xff, 0xff, 0xff, 
	0xff, 0xff, 0xff, 0xff, 0xff, 0xff, 0xff, 0xff, 0xff, 0xff, 0xff, 0xff, 0xff, 0xff, 0x80, 0x00, 
	0x00, 0x01, 0xff, 0xff, 0xff, 0xff, 0xff, 0xff, 0xff, 0xff, 0xff, 0xff, 0xff, 0xff, 0xff, 0xff, 
	0xff, 0xff, 0xff, 0xff, 0xff, 0xff, 0xff, 0xff, 0xff, 0xff, 0xff, 0xff, 0xff, 0xff, 0xff, 0xff, 
	0xff, 0xff, 0xff, 0xff, 0xff, 0xff, 0x80, 0x00, 0x00, 0x01, 0xff, 0xff, 0xff, 0xff, 0xff, 0xff, 
	0xff, 0xff, 0xff, 0xff, 0xff, 0xff, 0xff, 0xff, 0xff, 0xff, 0xff, 0xff, 0xff, 0xff, 0xff, 0xff, 
	0xff, 0xff, 0xff, 0xff, 0xff, 0xff, 0xff, 0xff, 0xff, 0xff, 0xff, 0xff, 0xff, 0xff, 0x80, 0x00, 
	0x00, 0x01, 0xff, 0xff, 0xff, 0xff, 0xff, 0xff, 0xff, 0xff, 0xff, 0xff, 0xff, 0xff, 0xff, 0xff, 
	0xff, 0xff, 0xff, 0xff, 0xff, 0xff, 0xff, 0xff, 0xff, 0xff, 0xff, 0xff, 0xff, 0xff, 0xff, 0xff, 
	0xff, 0xff, 0xff, 0xff, 0xff, 0xff, 0x80, 0x00, 0x00, 0x01, 0xff, 0xff, 0xff, 0xff, 0xff, 0xff, 
	0xff, 0xff, 0xff, 0xff, 0xff, 0xff, 0xff, 0xff, 0xff, 0xff, 0xff, 0xff, 0xff, 0xff, 0xff, 0xff, 
	0xff, 0xff, 0xff, 0xff, 0xff, 0xff, 0xff, 0xff, 0xff, 0xff, 0xff, 0xff, 0xff, 0xff, 0x80, 0x00, 
	0x00, 0x01, 0xff, 0xff, 0xff, 0xff, 0xff, 0xff, 0xff, 0xff, 0xff, 0xff, 0xff, 0xff, 0xff, 0xff, 
	0xff, 0xff, 0xff, 0xff, 0xff, 0xff, 0xff, 0xff, 0xff, 0xff, 0xff, 0xff, 0xff, 0xff, 0xff, 0xff, 
	0xff, 0xff, 0xff, 0xff, 0xff, 0xff, 0x80, 0x00, 0x00, 0x01, 0xff, 0xff, 0xff, 0xff, 0xff, 0xff, 
	0xff, 0xff, 0xff, 0xff, 0xff, 0xff, 0xff, 0xff, 0xff, 0xff, 0xff, 0xff, 0xff, 0xff, 0xff, 0xff, 
	0xff, 0xff, 0xff, 0xff, 0xff, 0xff, 0xff, 0xff, 0xff, 0xff, 0xff, 0xff, 0xff, 0xff, 0x80, 0x00, 
	0x00, 0x01, 0xff, 0xff, 0xff, 0xff, 0xff, 0xff, 0xff, 0xff, 0xff, 0xff, 0xff, 0xff, 0xff, 0xff, 
	0xff, 0xff, 0xff, 0xff, 0xff, 0xff, 0xff, 0xff, 0xff, 0xff, 0xff, 0xff, 0xff, 0xff, 0xff, 0xff, 
	0xff, 0xff, 0xff, 0xff, 0xff, 0xff, 0x80, 0x00, 0x00, 0x01, 0xff, 0xff, 0xff, 0xff, 0xff, 0xff, 
	0xff, 0xff, 0xff, 0xff, 0xff, 0xff, 0xff, 0xff, 0xff, 0xff, 0xff, 0xff, 0xff, 0xff, 0xff, 0xff, 
	0xff, 0xff, 0xff, 0xff, 0xff, 0xff, 0xff, 0xff, 0xff, 0xff, 0xff, 0xff, 0xff, 0xff, 0x80, 0x00, 
	0x00, 0x01, 0xff, 0xff, 0xff, 0xff, 0xff, 0xff, 0xff, 0xff, 0xff, 0xff, 0xff, 0xff, 0xff, 0xff, 
	0xff, 0xff, 0xff, 0xff, 0xff, 0xff, 0xff, 0xff, 0xff, 0xff, 0xff, 0xff, 0xff, 0xff, 0xff, 0xff, 
	0xff, 0xff, 0xff, 0xff, 0xff, 0xff, 0x80, 0x00, 0x00, 0x01, 0xff, 0xff, 0xff, 0xff, 0xff, 0xff, 
	0xff, 0xff, 0xff, 0xff, 0xff, 0xff, 0xff, 0xff, 0xff, 0xff, 0xff, 0xff, 0xff, 0xff, 0xff, 0xff, 
	0xff, 0xff, 0xff, 0xff, 0xff, 0xff, 0xff, 0xff, 0xff, 0xff, 0xff, 0xff, 0xff, 0xff, 0x80, 0x00, 
	0x00, 0x01, 0xff, 0xff, 0xff, 0xff, 0xff, 0xff, 0xff, 0xff, 0xff, 0xff, 0xff, 0xff, 0xff, 0xff, 
	0xff, 0xff, 0xff, 0xff, 0xff, 0xff, 0xff, 0xff, 0xff, 0xff, 0xff, 0xff, 0xff, 0xff, 0xff, 0xff, 
	0xff, 0xff, 0xff, 0xff, 0xff, 0xff, 0x80, 0x00, 0x00, 0x01, 0xff, 0xff, 0xff, 0xff, 0xff, 0xff, 
	0xff, 0xff, 0xff, 0xff, 0xff, 0xff, 0xff, 0xff, 0xff, 0xff, 0xff, 0xff, 0xff, 0xff, 0xff, 0xff, 
	0xff, 0xff, 0xff, 0xff, 0xff, 0xff, 0xff, 0xff, 0xff, 0xff, 0xff, 0xff, 0xff, 0xff, 0x80, 0x00, 
	0x00, 0x01, 0xff, 0xff, 0xff, 0xff, 0xff, 0xff, 0xff, 0xff, 0xff, 0xff, 0xff, 0xff, 0xff, 0xff, 
	0xff, 0xff, 0xff, 0xff, 0xff, 0xff, 0xff, 0xff, 0xff, 0xff, 0xff, 0xff, 0xff, 0xff, 0xff, 0xff, 
	0xff, 0xff, 0xff, 0xff, 0xff, 0xff, 0x80, 0x00, 0x00, 0x01, 0xff, 0xff, 0xff, 0xff, 0xff, 0xff, 
	0xff, 0xff, 0xff, 0xff, 0xff, 0xff, 0xff, 0xff, 0xff, 0xff, 0xff, 0xff, 0xff, 0xff, 0xff, 0xff, 
	0xff, 0xff, 0xff, 0xff, 0xff, 0xff, 0xff, 0xff, 0xff, 0xff, 0xff, 0xff, 0xff, 0xff, 0x80, 0x00, 
	0x00, 0x01, 0xff, 0xff, 0xff, 0xff, 0xff, 0xff, 0xff, 0xff, 0xff, 0xff, 0xff, 0xff, 0xff, 0xff, 
	0xff, 0xff, 0xff, 0xff, 0xff, 0xff, 0xff, 0xff, 0xff, 0xff, 0xff, 0xff, 0xff, 0xff, 0xff, 0xff, 
	0xff, 0xff, 0xff, 0xff, 0xff, 0xff, 0x80, 0x00, 0x00, 0x01, 0xff, 0xff, 0xff, 0xff, 0xff, 0xff, 
	0xff, 0xff, 0xff, 0xff, 0xff, 0xff, 0xff, 0xff, 0xff, 0xff, 0xff, 0xff, 0xff, 0xff, 0xff, 0xff, 
	0xff, 0xff, 0xff, 0xff, 0xff, 0xff, 0xff, 0xff, 0xff, 0xff, 0xff, 0xff, 0xff, 0xff, 0x80, 0x00, 
	0x00, 0x01, 0xff, 0xff, 0xff, 0xff, 0xff, 0xff, 0xff, 0xff, 0xff, 0xff, 0xff, 0xff, 0xff, 0xff, 
	0xff, 0xff, 0xff, 0xff, 0xff, 0xff, 0xff, 0xff, 0xff, 0xff, 0xff, 0xff, 0xff, 0xff, 0xff, 0xff, 
	0xff, 0xff, 0xff, 0xff, 0xff, 0xff, 0x80, 0x00, 0x00, 0x01, 0xff, 0xff, 0xff, 0xff, 0xff, 0xff, 
	0xff, 0xff, 0xff, 0xff, 0xff, 0xff, 0xff, 0xff, 0xff, 0xff, 0xff, 0xff, 0xff, 0xff, 0xff, 0xff, 
	0xff, 0xff, 0xff, 0xff, 0xff, 0xff, 0xff, 0xff, 0xff, 0xff, 0xff, 0xff, 0xff, 0xff, 0x80, 0x00, 
	0x00, 0x01, 0xff, 0xff, 0xff, 0xff, 0xff, 0xff, 0xff, 0xff, 0xff, 0xff, 0xff, 0xff, 0xff, 0xff, 
	0xff, 0xff, 0xff, 0xff, 0xff, 0xff, 0xff, 0xff, 0xff, 0xff, 0xff, 0xff, 0xff, 0xff, 0xff, 0xff, 
	0xff, 0xff, 0xff, 0xff, 0xff, 0xff, 0x80, 0x00, 0x00, 0x01, 0xff, 0xff, 0xff, 0xff, 0xff, 0xff, 
	0xff, 0xff, 0xff, 0xff, 0xff, 0xff, 0xff, 0xff, 0xff, 0xff, 0xff, 0xff, 0xff, 0xff, 0xff, 0xff, 
	0xff, 0xff, 0xff, 0xff, 0xff, 0xff, 0xff, 0xff, 0xff, 0xff, 0xff, 0xff, 0xff, 0xff, 0x80, 0x00, 
	0x00, 0x01, 0xff, 0xff, 0xff, 0xff, 0xff, 0xff, 0xff, 0xff, 0xff, 0xff, 0xff, 0xff, 0xff, 0xff, 
	0xff, 0xff, 0xff, 0xff, 0xff, 0xff, 0xff, 0xff, 0xff, 0xff, 0xff, 0xff, 0xff, 0xff, 0xff, 0xff, 
	0xff, 0xff, 0xff, 0xff, 0xff, 0xff, 0x80, 0x00, 0x00, 0x01, 0xff, 0xff, 0xff, 0xff, 0xff, 0xff, 
	0xff, 0xff, 0xff, 0xff, 0xff, 0xff, 0xff, 0xff, 0xff, 0xff, 0xff, 0xff, 0xff, 0xff, 0xff, 0xff, 
	0xff, 0xff, 0xff, 0xff, 0xff, 0xff, 0xff, 0xff, 0xff, 0xff, 0xff, 0xff, 0xff, 0xff, 0x80, 0x00, 
	0x00, 0x01, 0xff, 0xff, 0xff, 0xff, 0xff, 0xff, 0xff, 0xff, 0xff, 0xff, 0xff, 0xff, 0xff, 0xff, 
	0xff, 0xff, 0xff, 0xff, 0xff, 0xff, 0xff, 0xff, 0xff, 0xff, 0xff, 0xff, 0xff, 0xff, 0xff, 0xff, 
	0xff, 0xff, 0xff, 0xff, 0xff, 0xff, 0x80, 0x00, 0x00, 0x01, 0xff, 0xff, 0xff, 0xff, 0xff, 0xff, 
	0xff, 0xff, 0xff, 0xff, 0xff, 0xff, 0xff, 0xff, 0xff, 0xff, 0xff, 0xff, 0xff, 0xff, 0xff, 0xff, 
	0xff, 0xff, 0xff, 0xff, 0xff, 0xff, 0xff, 0xff, 0xff, 0xff, 0xff, 0xff, 0xff, 0xff, 0x80, 0x00, 
	0x00, 0x01, 0xff, 0xff, 0xff, 0xff, 0xff, 0xff, 0xff, 0xff, 0xff, 0xff, 0xff, 0xff, 0xff, 0xff, 
	0xff, 0xff, 0xff, 0xff, 0xff, 0xff, 0xff, 0xff, 0xff, 0xff, 0xff, 0xff, 0xff, 0xff, 0xff, 0xff, 
	0xff, 0xff, 0xff, 0xff, 0xff, 0xff, 0x80, 0x00, 0x00, 0x01, 0xff, 0xff, 0xff, 0xff, 0xff, 0xff, 
	0xff, 0xff, 0xff, 0xff, 0xff, 0xff, 0xff, 0xff, 0xff, 0xff, 0xff, 0xff, 0xff, 0xff, 0xff, 0xff, 
	0xff, 0xff, 0xff, 0xff, 0xff, 0xff, 0xff, 0xff, 0xff, 0xff, 0xff, 0xff, 0xff, 0xff, 0x80, 0x00, 
	0x00, 0x01, 0xff, 0xff, 0xff, 0xff, 0xff, 0xff, 0xff, 0xff, 0xff, 0xff, 0xff, 0xff, 0xff, 0xff, 
	0xff, 0xff, 0xff, 0xff, 0xff, 0xff, 0xff, 0xff, 0xff, 0xff, 0xff, 0xff, 0xff, 0xff, 0xff, 0xff, 
	0xff, 0xff, 0xff, 0xff, 0xff, 0xff, 0x80, 0x00, 0x00, 0x01, 0xff, 0xff, 0xff, 0xff, 0xff, 0xff, 
	0xff, 0xff, 0xff, 0xff, 0xff, 0xff, 0xff, 0xff, 0xff, 0xff, 0xff, 0xff, 0xff, 0xff, 0xff, 0xff, 
	0xff, 0xff, 0xff, 0xff, 0xff, 0xff, 0xff, 0xff, 0xff, 0xff, 0xff, 0xff, 0xff, 0xff, 0x80, 0x00, 
	0x00, 0x01, 0xff, 0xff, 0xff, 0xff, 0xff, 0xff, 0xff, 0xff, 0xff, 0xff, 0xff, 0xff, 0xff, 0xff, 
	0xff, 0xff, 0xff, 0xff, 0xff, 0xff, 0xff, 0xff, 0xff, 0xff, 0xff, 0xff, 0xff, 0xff, 0xff, 0xff, 
	0xff, 0xff, 0xff, 0xff, 0xff, 0xff, 0x80, 0x00, 0x00, 0x01, 0xff, 0xff, 0xff, 0xff, 0xff, 0xff, 
	0xff, 0xff, 0xff, 0xff, 0xff, 0xff, 0xff, 0xff, 0xff, 0xff, 0xff, 0xff, 0xff, 0xff, 0xff, 0xff, 
	0xff, 0xff, 0xff, 0xff, 0xff, 0xff, 0xff, 0xff, 0xff, 0xff, 0xff, 0xff, 0xff, 0xff, 0x80, 0x00, 
	0x00, 0x01, 0xff, 0xff, 0xff, 0xff, 0xff, 0xff, 0xff, 0xff, 0xff, 0xff, 0xff, 0xff, 0xff, 0xff, 
	0xff, 0xff, 0xff, 0xff, 0xff, 0xff, 0xff, 0xff, 0xff, 0xff, 0xff, 0xff, 0xff, 0xff, 0xff, 0xff, 
	0xff, 0xff, 0xff, 0xff, 0xff, 0xff, 0x80, 0x00, 0x00, 0x01, 0xff, 0xff, 0xff, 0xff, 0xff, 0xff, 
	0xff, 0xff, 0xff, 0xff, 0xff, 0xff, 0xff, 0xff, 0xff, 0xff, 0xff, 0xff, 0xff, 0xff, 0xff, 0xff, 
	0xff, 0xff, 0xff, 0xff, 0xff, 0xff, 0xff, 0xff, 0xff, 0xff, 0xff, 0xff, 0xff, 0xff, 0x80, 0x00, 
	0x00, 0x01, 0xff, 0xff, 0xff, 0xff, 0xff, 0xff, 0xff, 0xff, 0xff, 0xff, 0xff, 0xff, 0xff, 0xff, 
	0xff, 0xff, 0xff, 0xff, 0xff, 0xff, 0xff, 0xff, 0xff, 0xff, 0xff, 0xff, 0xff, 0xff, 0xff, 0xff, 
	0xff, 0xff, 0xff, 0xff, 0xff, 0xff, 0x80, 0x00, 0x00, 0x01, 0xff, 0xff, 0xff, 0xff, 0xff, 0xff, 
	0xff, 0xff, 0xff, 0xff, 0xff, 0xff, 0xff, 0xff, 0xff, 0xff, 0xff, 0xff, 0xff, 0xff, 0xff, 0xff, 
	0xff, 0xff, 0xff, 0xff, 0xff, 0xff, 0xff, 0xff, 0xff, 0xff, 0xff, 0xff, 0xff, 0xff, 0x80, 0x00, 
	0x00, 0x01, 0xff, 0xff, 0xff, 0xff, 0xff, 0xff, 0xff, 0xff, 0xff, 0xff, 0xff, 0xff, 0xff, 0xff, 
	0xff, 0xff, 0xff, 0xff, 0xff, 0xff, 0xff, 0xff, 0xff, 0xff, 0xff, 0xff, 0xff, 0xff, 0xff, 0xff, 
	0xff, 0xff, 0xff, 0xff, 0xff, 0xff, 0x80, 0x00, 0x00, 0x01, 0xff, 0xff, 0xff, 0xff, 0xff, 0xff, 
	0xff, 0xff, 0xff, 0xff, 0xff, 0xff, 0xff, 0xff, 0xff, 0xff, 0xff, 0xff, 0xff, 0xff, 0xff, 0xff, 
	0xff, 0xff, 0xff, 0xff, 0xff, 0xff, 0xff, 0xff, 0xff, 0xff, 0xff, 0xff, 0xff, 0xff, 0x80, 0x00, 
	0x00, 0x01, 0xff, 0xff, 0xff, 0xff, 0xff, 0xff, 0xff, 0xff, 0xff, 0xff, 0xff, 0xff, 0xff, 0xff, 
	0xff, 0xff, 0xff, 0xff, 0xff, 0xff, 0xff, 0xff, 0xff, 0xff, 0xff, 0xff, 0xff, 0xff, 0xff, 0xff, 
	0xff, 0xff, 0xff, 0xff, 0xff, 0xff, 0x80, 0x00, 0x00, 0x01, 0xff, 0xff, 0xff, 0xff, 0xff, 0xff, 
	0xff, 0xff, 0xff, 0xff, 0xff, 0xff, 0xff, 0xff, 0xff, 0xff, 0xff, 0xff, 0xff, 0xff, 0xff, 0xff, 
	0xff, 0xff, 0xff, 0xff, 0xff, 0xff, 0xff, 0xff, 0xff, 0xff, 0xff, 0xff, 0xff, 0xff, 0x80, 0x00, 
	0x00, 0x01, 0xff, 0xff, 0xff, 0xff, 0xff, 0xff, 0xff, 0xff, 0xff, 0xff, 0xff, 0xff, 0xff, 0xff, 
	0xff, 0xff, 0xff, 0xff, 0xff, 0xff, 0xff, 0xff, 0xff, 0xff, 0xff, 0xff, 0xff, 0xff, 0xff, 0xff, 
	0xff, 0xff, 0xff, 0xff, 0xff, 0xff, 0x80, 0x00, 0x00, 0x01, 0xff, 0xff, 0xff, 0xff, 0xff, 0xff, 
	0xff, 0xff, 0xff, 0xff, 0xff, 0xff, 0xff, 0xff, 0xff, 0xff, 0xff, 0xff, 0xff, 0xff, 0xff, 0xff, 
	0xff, 0xff, 0xff, 0xff, 0xff, 0xff, 0xff, 0xff, 0xff, 0xff, 0xff, 0xff, 0xff, 0xff, 0x80, 0x00, 
	0x00, 0x01, 0xff, 0xff, 0xff, 0xff, 0xff, 0xff, 0xff, 0xff, 0xff, 0xff, 0xff, 0xff, 0xff, 0xff, 
	0xff, 0xff, 0xff, 0xff, 0xff, 0xff, 0xff, 0xff, 0xff, 0xff, 0xff, 0xff, 0xff, 0xff, 0xff, 0xff, 
	0xff, 0xff, 0xff, 0xff, 0xff, 0xff, 0x80, 0x00, 0x00, 0x01, 0xff, 0xff, 0xff, 0xff, 0xff, 0xff, 
	0xff, 0xff, 0xff, 0xff, 0xff, 0xff, 0xff, 0xff, 0xff, 0xff, 0xff, 0xff, 0xff, 0xff, 0xff, 0xff, 
	0xff, 0xff, 0xff, 0xff, 0xff, 0xff, 0xff, 0xff, 0xff, 0xff, 0xff, 0xff, 0xff, 0xff, 0x80, 0x00, 
	0x00, 0x01, 0xff, 0xff, 0xff, 0xff, 0xff, 0xff, 0xff, 0xff, 0xff, 0xff, 0xff, 0xff, 0xff, 0xff, 
	0xff, 0xff, 0xff, 0xff, 0xff, 0xff, 0xff, 0xff, 0xff, 0xff, 0xff, 0xff, 0xff, 0xff, 0xff, 0xff, 
	0xff, 0xff, 0xff, 0xff, 0xff, 0xff, 0x80, 0x00, 0x00, 0x01, 0xff, 0xff, 0xff, 0xff, 0xff, 0xff, 
	0xff, 0xff, 0xff, 0xff, 0xff, 0xff, 0xff, 0xff, 0xff, 0xff, 0xff, 0xff, 0xff, 0xff, 0xff, 0xff, 
	0xff, 0xff, 0xff, 0xff, 0xff, 0xff, 0xff, 0xff, 0xff, 0xff, 0xff, 0xff, 0xff, 0xff, 0x80, 0x00, 
	0x00, 0x01, 0xff, 0xff, 0xff, 0xff, 0xff, 0xff, 0xff, 0xff, 0xff, 0xff, 0xff, 0xff, 0xff, 0xff, 
	0xff, 0xff, 0xff, 0xff, 0xff, 0xff, 0xff, 0xff, 0xff, 0xff, 0xff, 0xff, 0xff, 0xff, 0xff, 0xff, 
	0xff, 0xff, 0xff, 0xff, 0xff, 0xff, 0x80, 0x00, 0x00, 0x01, 0xff, 0xff, 0xff, 0xff, 0xff, 0xff, 
	0xff, 0xff, 0xff, 0xff, 0xff, 0xff, 0xff, 0xff, 0xff, 0xff, 0xff, 0xff, 0xff, 0xff, 0xff, 0xff, 
	0xff, 0xff, 0xff, 0xff, 0xff, 0xff, 0xff, 0xff, 0xff, 0xff, 0xff, 0xff, 0xff, 0xff, 0x80, 0x00, 
	0x00, 0x01, 0xff, 0xff, 0xff, 0xff, 0xff, 0xff, 0xff, 0xff, 0xff, 0xff, 0xff, 0xff, 0xff, 0xff, 
	0xff, 0xff, 0xff, 0xff, 0xff, 0xff, 0xff, 0xff, 0xff, 0xff, 0xff, 0xff, 0xff, 0xff, 0xff, 0xff, 
	0xff, 0xff, 0xff, 0xff, 0xff, 0xff, 0x80, 0x00, 0x00, 0x01, 0xff, 0xff, 0xff, 0xff, 0xff, 0xff, 
	0xff, 0xff, 0xff, 0xff, 0xff, 0xff, 0xff, 0xff, 0xff, 0xff, 0xff, 0xff, 0xff, 0xff, 0xff, 0xff, 
	0xff, 0xff, 0xff, 0xff, 0xff, 0xff, 0xff, 0xff, 0xff, 0xff, 0xff, 0xff, 0xff, 0xff, 0x80, 0x00, 
	0x00, 0x01, 0xff, 0xff, 0xff, 0xff, 0xff, 0xff, 0xff, 0xff, 0xff, 0xff, 0xff, 0xff, 0xff, 0xff, 
	0xff, 0xff, 0xff, 0xff, 0xff, 0xff, 0xff, 0xff, 0xff, 0xff, 0xff, 0xff, 0xff, 0xff, 0xff, 0xff, 
	0xff, 0xff, 0xff, 0xff, 0xff, 0xff, 0x80, 0x00, 0x00, 0x01, 0xff, 0xff, 0xff, 0xff, 0xff, 0xff, 
	0xff, 0xff, 0xff, 0xff, 0xff, 0xff, 0xff, 0xff, 0xff, 0xff, 0xff, 0xff, 0xff, 0xff, 0xff, 0xff, 
	0xff, 0xff, 0xff, 0xff, 0xff, 0xff, 0xff, 0xff, 0xff, 0xff, 0xff, 0xff, 0xff, 0xff, 0x80, 0x00, 
	0x00, 0x01, 0xff, 0xff, 0xff, 0xff, 0xff, 0xff, 0xff, 0xff, 0xff, 0xff, 0xff, 0xff, 0xff, 0xff, 
	0xff, 0xff, 0xff, 0xff, 0xff, 0xff, 0xff, 0xff, 0xff, 0xff, 0xff, 0xff, 0xff, 0xff, 0xff, 0xff, 
	0xff, 0xff, 0xff, 0xff, 0xff, 0xff, 0x80, 0x00, 0x00, 0x01, 0xff, 0xff, 0xff, 0xff, 0xff, 0xff, 
	0xff, 0xff, 0xff, 0xff, 0xff, 0xff, 0xff, 0xff, 0xff, 0xff, 0xff, 0xff, 0xff, 0xff, 0xff, 0xff, 
	0xff, 0xff, 0xff, 0xff, 0xff, 0xff, 0xff, 0xff, 0xff, 0xff, 0xff, 0xff, 0xff, 0xff, 0x80, 0x00, 
	0x00, 0x01, 0xff, 0xff, 0xff, 0xff, 0xff, 0xff, 0xff, 0xff, 0xff, 0xff, 0xff, 0xff, 0xff, 0xff, 
	0xff, 0xff, 0xff, 0xff, 0xff, 0xff, 0xff, 0xff, 0xff, 0xff, 0xff, 0xff, 0xff, 0xff, 0xff, 0xff, 
	0xff, 0xff, 0xff, 0xff, 0xff, 0xff, 0x80, 0x00, 0x00, 0x00, 0xff, 0xff, 0xff, 0xff, 0xff, 0xff, 
	0xff, 0xff, 0xff, 0xff, 0xff, 0xff, 0xff, 0xff, 0xff, 0xff, 0xff, 0xff, 0xff, 0xff, 0xff, 0xff, 
	0xff, 0xff, 0xff, 0xff, 0xff, 0xff, 0xff, 0xff, 0xff, 0xff, 0xff, 0xff, 0xff, 0xff, 0x00, 0x00, 
	0x00, 0x00, 0xff, 0xff, 0xff, 0xff, 0xff, 0xff, 0xff, 0xff, 0xff, 0xff, 0xff, 0xff, 0xff, 0xff, 
	0xff, 0xff, 0xff, 0xff, 0xff, 0xff, 0xff, 0xff, 0xff, 0xff, 0xff, 0xff, 0xff, 0xff, 0xff, 0xff, 
	0xff, 0xff, 0xff, 0xff, 0xff, 0xff, 0x00, 0x00, 0x00, 0x00, 0x7f, 0xff, 0xff, 0xff, 0xff, 0xff, 
	0xff, 0xff, 0xff, 0xff, 0xff, 0xff, 0xff, 0xff, 0xff, 0xff, 0xff, 0xff, 0xff, 0xff, 0xff, 0xff, 
	0xff, 0xff, 0xff, 0xff, 0xff, 0xff, 0xff, 0xff, 0xff, 0xff, 0xff, 0xff, 0xff, 0xfe, 0x00, 0x00, 
	0x00, 0x00, 0x7f, 0xff, 0xff, 0xff, 0xff, 0xff, 0xff, 0xff, 0xff, 0xff, 0xff, 0xff, 0xff, 0xff, 
	0xff, 0xff, 0xff, 0xff, 0xff, 0xff, 0xff, 0xff, 0xff, 0xff, 0xff, 0xff, 0xff, 0xff, 0xff, 0xff, 
	0xff, 0xff, 0xff, 0xff, 0xff, 0xfe, 0x00, 0x00, 0x00, 0x00, 0x1f, 0xff, 0xff, 0xff, 0xff, 0xff, 
	0xff, 0xff, 0xff, 0xff, 0xff, 0xff, 0xff, 0xff, 0xff, 0xff, 0xff, 0xff, 0xff, 0xff, 0xff, 0xff, 
	0xff, 0xff, 0xff, 0xff, 0xff, 0xff, 0xff, 0xff, 0xff, 0xff, 0xff, 0xff, 0xff, 0xf8, 0x00, 0x00, 
	0x00, 0x00, 0x07, 0xff, 0xff, 0xff, 0xff, 0xff, 0xff, 0xff, 0xff, 0xff, 0xff, 0xff, 0xff, 0xff, 
	0xff, 0xff, 0xff, 0xff, 0xff, 0xff, 0xff, 0xff, 0xff, 0xff, 0xff, 0xff, 0xff, 0xff, 0xff, 0xff, 
	0xff, 0xff, 0xff, 0xff, 0xff, 0xe0, 0x00, 0x00, 0x00, 0x00, 0x00, 0x00, 0x00, 0x00, 0x00, 0x00, 
	0x00, 0x00, 0x00, 0x00, 0x00, 0x00, 0x00, 0x00, 0x00, 0x00, 0x00, 0x00, 0x00, 0x00, 0x00, 0x00, 
	0x00, 0x00, 0x00, 0x00, 0x00, 0x00, 0x00, 0x00, 0x00, 0x00, 0x00, 0x00, 0x00, 0x00, 0x00, 0x00, 
	0x00, 0x00, 0x00, 0x00, 0x00, 0x00, 0x00, 0x00, 0x00, 0x00, 0x00, 0x00, 0x00, 0x00, 0x00, 0x00, 
	0x00, 0x00, 0x00, 0x00, 0x00, 0x00, 0x00, 0x00, 0x00, 0x00, 0x00, 0x00, 0x00, 0x00, 0x00, 0x00, 
	0x00, 0x00, 0x00, 0x00, 0x00, 0x00, 0x00, 0x00, 0x00, 0x00, 0x00, 0x00, 0x00, 0x00, 0x00, 0x00, 
	0x00, 0x00, 0x00, 0x00, 0x00, 0x00, 0x00, 0x00, 0x00, 0x00, 0x00, 0x00, 0x00, 0x00, 0x00, 0x00, 
	0x00, 0x00, 0x00, 0x00, 0x00, 0x00, 0x00, 0x00, 0x00, 0x00, 0x00, 0x00, 0x00, 0x00, 0x00, 0x00, 
	0x00, 0x00, 0x00, 0x00, 0x00, 0x00, 0x00, 0x00, 0x00, 0x00, 0x00, 0x00, 0x00, 0x00, 0x00, 0x00, 
	0x00, 0x00, 0x00, 0x00, 0x00, 0x00, 0x00, 0x00, 0x00, 0x00, 0x00, 0x00, 0x00, 0x00, 0x00, 0x00, 
	0x00, 0x00, 0x00, 0x00, 0x00, 0x00, 0x00, 0x00, 0x00, 0x00, 0x00, 0x00, 0x00, 0x00, 0x00, 0x00, 
	0x00, 0x00, 0x00, 0x00, 0x00, 0x00, 0x00, 0x00, 0x00, 0x00, 0x00, 0x00, 0x00, 0x00, 0x00, 0x00, 
	0x00, 0x00, 0x00, 0x00, 0x00, 0x00, 0x00, 0x00, 0x00, 0x00, 0x00, 0x00, 0x00, 0x00, 0x00, 0x00, 
	0x00, 0x00, 0x00, 0x00, 0x00, 0x00, 0x00, 0x00, 0x00, 0x00, 0x00, 0x00, 0x00, 0x00, 0x00, 0x00, 
	0x00, 0x00, 0x00, 0x00, 0x00, 0x00, 0x00, 0x00, 0x00, 0x00, 0x00, 0x00, 0x00, 0x00, 0x00, 0x00, 
	0x00, 0x00, 0x00, 0x00, 0x00, 0x00, 0x00, 0x00, 0x00, 0x00, 0x00, 0x00, 0x00, 0x00, 0x00, 0x00, 
	0x00, 0x00, 0x00, 0x00, 0x00, 0x00, 0x00, 0x00, 0x00, 0x00, 0x00, 0x00, 0x00, 0x00, 0x00, 0x00, 
	0x00, 0x00, 0x00, 0x00, 0x00, 0x00, 0x00, 0x00, 0x00, 0x00, 0x00, 0x00, 0x00, 0x00, 0x00, 0x00, 
	0x00, 0x00, 0x00, 0x00, 0x00, 0x00, 0x00, 0x00, 0x00, 0x00, 0x00, 0x00, 0x00, 0x00, 0x00, 0x00, 
	0x00, 0x00, 0x00, 0x00, 0x00, 0x00, 0x00, 0x00, 0x00, 0x00, 0x00, 0x00, 0x00, 0x00, 0x00, 0x00, 
	0x00, 0x00, 0x00, 0x00, 0x00, 0x00, 0x00, 0x00, 0x00, 0x00, 0x00, 0x00, 0x00, 0x00, 0x00, 0x00, 
	0x00, 0x00, 0x00, 0x00, 0x00, 0x00, 0x00, 0x00, 0x00, 0x00, 0x00, 0x00, 0x00, 0x00, 0x00, 0x00, 
	0x00, 0x00, 0x00, 0x00, 0x00, 0x00, 0x00, 0x00, 0x00, 0x00, 0x00, 0x00, 0x00, 0x00, 0x00, 0x00, 
	0x00, 0x00, 0x00, 0x00, 0x00, 0x00, 0x00, 0x00, 0x00, 0x00, 0x00, 0x00, 0x00, 0x00, 0x00, 0x00, 
	0x00, 0x00, 0x00, 0x00, 0x00, 0x00, 0x00, 0x00, 0x00, 0x00, 0x00, 0x00, 0x00, 0x00, 0x00, 0x00, 
	0x00, 0x00, 0x00, 0x00, 0x00, 0x00, 0x00, 0x00, 0x00, 0x00, 0x00, 0x00, 0x00, 0x00, 0x00, 0x00, 
	0x00, 0x00, 0x00, 0x00, 0x00, 0x00, 0x00, 0x00, 0x00, 0x00, 0x00, 0x00, 0x00, 0x00, 0x00, 0x00, 
	0x00, 0x00, 0x00, 0x00, 0x00, 0x00, 0x00, 0x00, 0x00, 0x00, 0x00, 0x00, 0x00, 0x00, 0x00, 0x00, 
	0x00, 0x00, 0x00, 0x00, 0x00, 0x00, 0x00, 0x00, 0x00, 0x00, 0x00, 0x00, 0x00, 0x00, 0x00, 0x00, 
	0x00, 0x00, 0x00, 0x00, 0x00, 0x00, 0x00, 0x00, 0x00, 0x00, 0x00, 0x00, 0x00, 0x00, 0x00, 0x00, 
	0x00, 0x00, 0x00, 0x00, 0x00, 0x00, 0x00, 0x00, 0x00, 0x00, 0x00, 0x00, 0x00, 0x00, 0x00, 0x00, 
	0x00, 0x00, 0x00, 0x00, 0x00, 0x00, 0x00, 0x00, 0x00, 0x00, 0x00, 0x00, 0x00, 0x00, 0x00, 0x00, 
	0x00, 0x00, 0x00, 0x00, 0x00, 0x00, 0x00, 0x00, 0x00, 0x00, 0x00, 0x00, 0x00, 0x00, 0x00, 0x00, 
	0x00, 0x00, 0x00, 0x00, 0x00, 0x00, 0x00, 0x00, 0x00, 0x00, 0x00, 0x00, 0x00, 0x00, 0x00, 0x00, 
	0x00, 0x00, 0x00, 0x00, 0x00, 0x00, 0x00, 0x00, 0x00, 0x00, 0x00, 0x00, 0x00, 0x00, 0x00, 0x00, 
	0x00, 0x00, 0x00, 0x00, 0x00, 0x00, 0x00, 0x00, 0x00, 0x00, 0x00, 0x00, 0x00, 0x00, 0x00, 0x00, 
	0x00, 0x00, 0x00, 0x00, 0x00, 0x00, 0x00, 0x00, 0x00, 0x00, 0x00, 0x00, 0x00, 0x00, 0x00, 0x00, 
	0x00, 0x00, 0x00, 0x00, 0x00, 0x00, 0x00, 0x00, 0x00, 0x00, 0x00, 0x00, 0x00, 0x00, 0x00, 0x00, 
	0x00, 0x00, 0x00, 0x00, 0x00, 0x00, 0x00, 0x00, 0x00, 0x00, 0x00, 0x00, 0x00, 0x00, 0x00, 0x00, 
	0x00, 0x00, 0x00, 0x00, 0x00, 0x00, 0x00, 0x00, 0x00, 0x00, 0x00, 0x00, 0x00, 0x00, 0x00, 0x00, 
	0x00, 0x00, 0x00, 0x00, 0x00, 0x00, 0x00, 0x00, 0x00, 0x00, 0x00, 0x00, 0x00, 0x00, 0x00, 0x00, 
	0x00, 0x00, 0x00, 0x00, 0x00, 0x00, 0x00, 0x00, 0x00, 0x00, 0x00, 0x00, 0x00, 0x00, 0x00, 0x00, 
	0x00, 0x00, 0x00, 0x00, 0x00, 0x00, 0x00, 0x00, 0x00, 0x00, 0x00, 0x00, 0x00, 0x00, 0x00, 0x00, 
	0x00, 0x00, 0x00, 0x00, 0x00, 0x00, 0x00, 0x00, 0x00, 0x00, 0x00, 0x00, 0x00, 0x00, 0x00, 0x00, 
	0x00, 0x00, 0x00, 0x00, 0x00, 0x00, 0x00, 0x00, 0x00, 0x00, 0x00, 0x00, 0x00, 0x00, 0x00, 0x00, 
	0x00, 0x00, 0x00, 0x00, 0x00, 0x00, 0x00, 0x00, 0x00, 0x00, 0x00, 0x00, 0x00, 0x00, 0x00, 0x00, 
	0x00, 0x00, 0x00, 0x00, 0x00, 0x00, 0x00, 0x00, 0x00, 0x00, 0x00, 0x00, 0x00, 0x00, 0x00, 0x00, 
	0x00, 0x00, 0x00, 0x00, 0x00, 0x00, 0x00, 0x00, 0x00, 0x00, 0x00, 0x00, 0x00, 0x00, 0x00, 0x00, 
	0x00, 0x00, 0x07, 0xff, 0xff, 0xff, 0xff, 0xff, 0xff, 0xff, 0xff, 0xff, 0xff, 0xff, 0xff, 0x80, 
	0x00, 0x00, 0x00, 0x00, 0x00, 0x00, 0x00, 0x00, 0x01, 0xff, 0xff, 0xff, 0xff, 0xff, 0xff, 0xff, 
	0xff, 0xff, 0xff, 0xff, 0xff, 0xe0, 0x00, 0x00, 0x00, 0x00, 0x1f, 0xff, 0xff, 0xff, 0xff, 0xff, 
	0xff, 0xff, 0xff, 0xff, 0xff, 0xff, 0xff, 0xe0, 0x00, 0x00, 0x00, 0x00, 0x00, 0x00, 0x00, 0x00, 
	0x07, 0xff, 0xff, 0xff, 0xff, 0xff, 0xff, 0xff, 0xff, 0xff, 0xff, 0xff, 0xff, 0xf8, 0x00, 0x00, 
	0x00, 0x00, 0x7f, 0xff, 0xff, 0xff, 0xff, 0xff, 0xff, 0xff, 0xff, 0xff, 0xff, 0xff, 0xff, 0xf8, 
	0x00, 0x00, 0x00, 0x00, 0x00, 0x00, 0x00, 0x00, 0x1f, 0xff, 0xff, 0xff, 0xff, 0xff, 0xff, 0xff, 
	0xff, 0xff, 0xff, 0xff, 0xff, 0xfe, 0x00, 0x00, 0x00, 0x00, 0x7f, 0xff, 0xff, 0xff, 0xff, 0xff, 
	0xff, 0xff, 0xff, 0xff, 0xff, 0xff, 0xff, 0xf8, 0x00, 0x00, 0x00, 0x00, 0x00, 0x00, 0x00, 0x00, 
	0x1f, 0xff, 0xff, 0xff, 0xff, 0xff, 0xff, 0xff, 0xff, 0xff, 0xff, 0xff, 0xff, 0xfe, 0x00, 0x00, 
	0x00, 0x00, 0xff, 0xff, 0xff, 0xff, 0xff, 0xff, 0xff, 0xff, 0xff, 0xff, 0xff, 0xff, 0xff, 0xfc, 
	0x00, 0x00, 0x00, 0x00, 0x00, 0x00, 0x00, 0x00, 0x3f, 0xff, 0xff, 0xff, 0xff, 0xff, 0xff, 0xff, 
	0xff, 0xff, 0xff, 0xff, 0xff, 0xff, 0x00, 0x00, 0x00, 0x00, 0xff, 0xff, 0xff, 0xff, 0xff, 0xff, 
	0xff, 0xff, 0xff, 0xff, 0xff, 0xff, 0xff, 0xfc, 0x00, 0x00, 0x00, 0x00, 0x00, 0x00, 0x00, 0x00, 
	0x3f, 0xff, 0xff, 0xff, 0xff, 0xff, 0xff, 0xff, 0xff, 0xff, 0xff, 0xff, 0xff, 0xff, 0x00, 0x00, 
	0x00, 0x01, 0xff, 0xff, 0xff, 0xff, 0xff, 0xff, 0xff, 0xff, 0xff, 0xff, 0xff, 0xff, 0xff, 0xfe, 
	0x00, 0x00, 0x00, 0x00, 0x00, 0x00, 0x00, 0x00, 0x7f, 0xff, 0xff, 0xff, 0xff, 0xff, 0xff, 0xff, 
	0xff, 0xff, 0xff, 0xff, 0xff, 0xff, 0x80, 0x00, 0x00, 0x01, 0xff, 0xff, 0xff, 0xff, 0xff, 0xff, 
	0xff, 0xff, 0xff, 0xff, 0xff, 0xff, 0xff, 0xfe, 0x00, 0x00, 0x00, 0x00, 0x00, 0x00, 0x00, 0x00, 
	0x7f, 0xff, 0xff, 0xff, 0xff, 0xff, 0xff, 0xff, 0xff, 0xff, 0xff, 0xff, 0xff, 0xff, 0x80, 0x00, 
	0x00, 0x01, 0xff, 0xff, 0xff, 0xff, 0xff, 0xff, 0xff, 0xff, 0xff, 0xff, 0xff, 0xff, 0xff, 0xfe, 
	0x00, 0x00, 0x00, 0x00, 0x00, 0x00, 0x00, 0x00, 0x7f, 0xff, 0xff, 0xff, 0xff, 0xff, 0xff, 0xff, 
	0xff, 0xff, 0xff, 0xff, 0xff, 0xff, 0x80, 0x00, 0x00, 0x01, 0xff, 0xff, 0xff, 0xff, 0xff, 0xff, 
	0xff, 0xff, 0xff, 0xff, 0xff, 0xff, 0xff, 0xfe, 0x00, 0x00, 0x00, 0x00, 0x00, 0x00, 0x00, 0x00, 
	0x7f, 0xff, 0xff, 0xff, 0xff, 0xff, 0xff, 0xff, 0xff, 0xff, 0xff, 0xff, 0xff, 0xff, 0x80, 0x00, 
	0x00, 0x01, 0xff, 0xff, 0xff, 0xff, 0xff, 0xff, 0xff, 0xff, 0xff, 0xff, 0xff, 0xff, 0xff, 0xfe, 
	0x00, 0x00, 0x00, 0x00, 0x00, 0x00, 0x00, 0x00, 0x7f, 0xff, 0xff, 0xff, 0xff, 0xff, 0xff, 0xff, 
	0xff, 0xff, 0xff, 0xff, 0xff, 0xff, 0x80, 0x00, 0x00, 0x01, 0xff, 0xff, 0xff, 0xff, 0xff, 0xff, 
	0xff, 0xff, 0xff, 0xff, 0xff, 0xff, 0xff, 0xfe, 0x00, 0x00, 0x00, 0x00, 0x00, 0x00, 0x00, 0x00, 
	0x7f, 0xff, 0xff, 0xff, 0xff, 0xff, 0xff, 0xff, 0xff, 0xff, 0xff, 0xff, 0xff, 0xff, 0x80, 0x00, 
	0x00, 0x01, 0xff, 0xff, 0xff, 0xff, 0xff, 0xff, 0xff, 0xff, 0xff, 0xff, 0xff, 0xff, 0xff, 0xfe, 
	0x00, 0x00, 0x00, 0x00, 0x00, 0x00, 0x00, 0x00, 0x7f, 0xff, 0xff, 0xff, 0xff, 0xff, 0xff, 0xff, 
	0xff, 0xff, 0xff, 0xff, 0xff, 0xff, 0x80, 0x00, 0x00, 0x01, 0xff, 0xff, 0xff, 0xff, 0xff, 0xff, 
	0xff, 0xff, 0xff, 0xff, 0xff, 0xff, 0xff, 0xfe, 0x00, 0x00, 0x00, 0x00, 0x00, 0x00, 0x00, 0x00, 
	0x7f, 0xff, 0xff, 0xff, 0xff, 0xff, 0xff, 0xff, 0xff, 0xff, 0xff, 0xff, 0xff, 0xff, 0x80, 0x00, 
	0x00, 0x01, 0xff, 0xff, 0xff, 0xff, 0xff, 0xff, 0xff, 0xff, 0xff, 0xff, 0xff, 0xff, 0xff, 0xfe, 
	0x00, 0x00, 0x00, 0x00, 0x00, 0x00, 0x00, 0x00, 0x7f, 0xff, 0xff, 0xff, 0xff, 0xff, 0xff, 0xff, 
	0xff, 0xff, 0xff, 0xff, 0xff, 0xff, 0x80, 0x00, 0x00, 0x01, 0xff, 0xff, 0xff, 0xff, 0xff, 0xff, 
	0xff, 0xff, 0xff, 0xff, 0xff, 0xff, 0xff, 0xfe, 0x00, 0x00, 0x00, 0x00, 0x00, 0x00, 0x00, 0x00, 
	0x7f, 0xff, 0xff, 0xff, 0xff, 0xff, 0xff, 0xff, 0xff, 0xff, 0xff, 0xff, 0xff, 0xff, 0x80, 0x00, 
	0x00, 0x01, 0xff, 0xff, 0xff, 0xff, 0xff, 0xff, 0xff, 0xff, 0xff, 0xff, 0xff, 0xff, 0xff, 0xfe, 
	0x00, 0x00, 0x00, 0x00, 0x00, 0x00, 0x00, 0x00, 0x7f, 0xff, 0xff, 0xff, 0xff, 0xff, 0xff, 0xff, 
	0xff, 0xff, 0xff, 0xff, 0xff, 0xff, 0x80, 0x00, 0x00, 0x01, 0xff, 0xff, 0xff, 0xff, 0xff, 0xff, 
	0xff, 0xff, 0xff, 0xff, 0xff, 0xff, 0xff, 0xfe, 0x00, 0x00, 0x00, 0x00, 0x00, 0x00, 0x00, 0x00, 
	0x7f, 0xff, 0xff, 0xff, 0xff, 0xff, 0xff, 0xff, 0xff, 0xff, 0xff, 0xff, 0xff, 0xff, 0x80, 0x00, 
	0x00, 0x01, 0xff, 0xff, 0xff, 0xff, 0xff, 0xff, 0xff, 0xff, 0xff, 0xff, 0xff, 0xff, 0xff, 0xfe, 
	0x00, 0x00, 0x00, 0x00, 0x00, 0x00, 0x00, 0x00, 0x7f, 0xff, 0xff, 0xff, 0xff, 0xff, 0xff, 0xff, 
	0xff, 0xff, 0xff, 0xff, 0xff, 0xff, 0x80, 0x00, 0x00, 0x01, 0xff, 0xff, 0xff, 0xff, 0xff, 0xff, 
	0xff, 0xff, 0xff, 0xff, 0xff, 0xff, 0xff, 0xfe, 0x00, 0x00, 0x00, 0x00, 0x00, 0x00, 0x00, 0x00, 
	0x7f, 0xff, 0xff, 0xff, 0xff, 0xff, 0xff, 0xff, 0xff, 0xff, 0xff, 0xff, 0xff, 0xff, 0x80, 0x00, 
	0x00, 0x01, 0xff, 0xff, 0xff, 0xff, 0xff, 0xff, 0xff, 0xff, 0xff, 0xff, 0xff, 0xff, 0xff, 0xfe, 
	0x00, 0x00, 0x00, 0x00, 0x00, 0x00, 0x00, 0x00, 0x7f, 0xff, 0xff, 0xff, 0xff, 0xff, 0xff, 0xff, 
	0xff, 0xff, 0xff, 0xff, 0xff, 0xff, 0x80, 0x00, 0x00, 0x01, 0xff, 0xff, 0xff, 0xff, 0xff, 0xff, 
	0xff, 0xff, 0xff, 0xff, 0xff, 0xff, 0xff, 0xfe, 0x00, 0x00, 0x00, 0x00, 0x00, 0x00, 0x00, 0x00, 
	0x7f, 0xff, 0xff, 0xff, 0xff, 0xff, 0xff, 0xff, 0xff, 0xff, 0xff, 0xff, 0xff, 0xff, 0x80, 0x00, 
	0x00, 0x01, 0xff, 0xff, 0xff, 0xff, 0xff, 0xff, 0xff, 0xff, 0xff, 0xff, 0xff, 0xff, 0xff, 0xfe, 
	0x00, 0x00, 0x00, 0x00, 0x00, 0x00, 0x00, 0x00, 0x7f, 0xff, 0xff, 0xff, 0xff, 0xff, 0xff, 0xff, 
	0xff, 0xff, 0xff, 0xff, 0xff, 0xff, 0x80, 0x00, 0x00, 0x01, 0xff, 0xff, 0xff, 0xff, 0xff, 0xff, 
	0xff, 0xff, 0xff, 0xff, 0xff, 0xff, 0xff, 0xfe, 0x00, 0x00, 0x00, 0x00, 0x00, 0x00, 0x00, 0x00, 
	0x7f, 0xff, 0xff, 0xff, 0xff, 0xff, 0xff, 0xff, 0xff, 0xff, 0xff, 0xff, 0xff, 0xff, 0x80, 0x00, 
	0x00, 0x01, 0xff, 0xff, 0xff, 0xff, 0xff, 0xff, 0xff, 0xff, 0xff, 0xff, 0xff, 0xff, 0xff, 0xfe, 
	0x00, 0x00, 0x00, 0x00, 0x00, 0x00, 0x00, 0x00, 0x7f, 0xff, 0xff, 0xff, 0xff, 0xff, 0xff, 0xff, 
	0xff, 0xff, 0xff, 0xff, 0xff, 0xff, 0x80, 0x00, 0x00, 0x01, 0xff, 0xff, 0xff, 0xff, 0xff, 0xff, 
	0xff, 0xff, 0xff, 0xff, 0xff, 0xff, 0xff, 0xfe, 0x00, 0x00, 0x00, 0x00, 0x00, 0x00, 0x00, 0x00, 
	0x7f, 0xff, 0xff, 0xff, 0xff, 0xff, 0xff, 0xff, 0xff, 0xff, 0xff, 0xff, 0xff, 0xff, 0x80, 0x00, 
	0x00, 0x01, 0xff, 0xff, 0xff, 0xff, 0xff, 0xff, 0xff, 0xff, 0xff, 0xff, 0xff, 0xff, 0xff, 0xfe, 
	0x00, 0x00, 0x00, 0x00, 0x00, 0x00, 0x00, 0x00, 0x7f, 0xff, 0xff, 0xff, 0xff, 0xff, 0xff, 0xff, 
	0xff, 0xff, 0xff, 0xff, 0xff, 0xff, 0x80, 0x00, 0x00, 0x01, 0xff, 0xff, 0xff, 0xff, 0xff, 0xff, 
	0xff, 0xff, 0xff, 0xff, 0xff, 0xff, 0xff, 0xfe, 0x00, 0x00, 0x00, 0x00, 0x00, 0x00, 0x00, 0x00, 
	0x7f, 0xff, 0xff, 0xff, 0xff, 0xff, 0xff, 0xff, 0xff, 0xff, 0xff, 0xff, 0xff, 0xff, 0x80, 0x00, 
	0x00, 0x01, 0xff, 0xff, 0xff, 0xff, 0xff, 0xff, 0xff, 0xff, 0xff, 0xff, 0xff, 0xff, 0xff, 0xfe, 
	0x00, 0x00, 0x00, 0x00, 0x00, 0x00, 0x00, 0x00, 0x7f, 0xff, 0xff, 0xff, 0xff, 0xff, 0xff, 0xff, 
	0xff, 0xff, 0xff, 0xff, 0xff, 0xff, 0x80, 0x00, 0x00, 0x01, 0xff, 0xff, 0xff, 0xff, 0xff, 0xff, 
	0xff, 0xff, 0xff, 0xff, 0xff, 0xff, 0xff, 0xfe, 0x00, 0x00, 0x00, 0x00, 0x00, 0x00, 0x00, 0x00, 
	0x7f, 0xff, 0xff, 0xff, 0xff, 0xff, 0xff, 0xff, 0xff, 0xff, 0xff, 0xff, 0xff, 0xff, 0x80, 0x00, 
	0x00, 0x01, 0xff, 0xff, 0xff, 0xff, 0xff, 0xff, 0xff, 0xff, 0xff, 0xff, 0xff, 0xff, 0xff, 0xfe, 
	0x00, 0x00, 0x00, 0x00, 0x00, 0x00, 0x00, 0x00, 0x7f, 0xff, 0xff, 0xff, 0xff, 0xff, 0xff, 0xff, 
	0xff, 0xff, 0xff, 0xff, 0xff, 0xff, 0x80, 0x00, 0x00, 0x01, 0xff, 0xff, 0xff, 0xff, 0xff, 0xff, 
	0xff, 0xff, 0xff, 0xff, 0xff, 0xff, 0xff, 0xfe, 0x00, 0x00, 0x00, 0x00, 0x00, 0x00, 0x00, 0x00, 
	0x7f, 0xff, 0xff, 0xff, 0xff, 0xff, 0xff, 0xff, 0xff, 0xff, 0xff, 0xff, 0xff, 0xff, 0x80, 0x00, 
	0x00, 0x01, 0xff, 0xff, 0xff, 0xff, 0xff, 0xff, 0xff, 0xff, 0xff, 0xff, 0xff, 0xff, 0xff, 0xfe, 
	0x00, 0x00, 0x00, 0x00, 0x00, 0x00, 0x00, 0x00, 0x7f, 0xff, 0xff, 0xff, 0xff, 0xff, 0xff, 0xff, 
	0xff, 0xff, 0xff, 0xff, 0xff, 0xff, 0x80, 0x00, 0x00, 0x01, 0xff, 0xff, 0xff, 0xff, 0xff, 0xff, 
	0xff, 0xff, 0xff, 0xff, 0xff, 0xff, 0xff, 0xfe, 0x00, 0x00, 0x00, 0x00, 0x00, 0x00, 0x00, 0x00, 
	0x7f, 0xff, 0xff, 0xff, 0xff, 0xff, 0xff, 0xff, 0xff, 0xff, 0xff, 0xff, 0xff, 0xff, 0x80, 0x00, 
	0x00, 0x01, 0xff, 0xff, 0xff, 0xff, 0xff, 0xff, 0xff, 0xff, 0xff, 0xff, 0xff, 0xff, 0xff, 0xfe, 
	0x00, 0x00, 0x00, 0x00, 0x00, 0x00, 0x00, 0x00, 0x7f, 0xff, 0xff, 0xff, 0xff, 0xff, 0xff, 0xff, 
	0xff, 0xff, 0xff, 0xff, 0xff, 0xff, 0x80, 0x00, 0x00, 0x01, 0xff, 0xff, 0xff, 0xff, 0xff, 0xff, 
	0xff, 0xff, 0xff, 0xff, 0xff, 0xff, 0xff, 0xfe, 0x00, 0x00, 0x00, 0x00, 0x00, 0x00, 0x00, 0x00, 
	0x7f, 0xff, 0xff, 0xff, 0xff, 0xff, 0xff, 0xff, 0xff, 0xff, 0xff, 0xff, 0xff, 0xff, 0x80, 0x00, 
	0x00, 0x01, 0xff, 0xff, 0xff, 0xff, 0xff, 0xff, 0xff, 0xff, 0xff, 0xff, 0xff, 0xff, 0xff, 0xfe, 
	0x00, 0x00, 0x00, 0x00, 0x00, 0x00, 0x00, 0x00, 0x7f, 0xff, 0xff, 0xff, 0xff, 0xff, 0xff, 0xff, 
	0xff, 0xff, 0xff, 0xff, 0xff, 0xff, 0x80, 0x00, 0x00, 0x01, 0xff, 0xff, 0xff, 0xff, 0xff, 0xff, 
	0xff, 0xff, 0xff, 0xff, 0xff, 0xff, 0xff, 0xfe, 0x00, 0x00, 0x00, 0x00, 0x00, 0x00, 0x00, 0x00, 
	0x7f, 0xff, 0xff, 0xff, 0xff, 0xff, 0xff, 0xff, 0xff, 0xff, 0xff, 0xff, 0xff, 0xff, 0x80, 0x00, 
	0x00, 0x01, 0xff, 0xff, 0xff, 0xff, 0xff, 0xff, 0xff, 0xff, 0xff, 0xff, 0xff, 0xff, 0xff, 0xfe, 
	0x00, 0x00, 0x00, 0x00, 0x00, 0x00, 0x00, 0x00, 0x7f, 0xff, 0xff, 0xff, 0xff, 0xff, 0xff, 0xff, 
	0xff, 0xff, 0xff, 0xff, 0xff, 0xff, 0x80, 0x00, 0x00, 0x01, 0xff, 0xff, 0xff, 0xff, 0xff, 0xff, 
	0xff, 0xff, 0xff, 0xff, 0xff, 0xff, 0xff, 0xfe, 0x00, 0x00, 0x00, 0x00, 0x00, 0x00, 0x00, 0x00, 
	0x7f, 0xff, 0xff, 0xff, 0xff, 0xff, 0xff, 0xff, 0xff, 0xff, 0xff, 0xff, 0xff, 0xff, 0x80, 0x00, 
	0x00, 0x01, 0xff, 0xff, 0xff, 0xff, 0xff, 0xff, 0xff, 0xff, 0xff, 0xff, 0xff, 0xff, 0xff, 0xfe, 
	0x00, 0x00, 0x00, 0x00, 0x00, 0x00, 0x00, 0x00, 0x7f, 0xff, 0xff, 0xff, 0xff, 0xff, 0xff, 0xff, 
	0xff, 0xff, 0xff, 0xff, 0xff, 0xff, 0x80, 0x00, 0x00, 0x01, 0xff, 0xff, 0xff, 0xff, 0xff, 0xff, 
	0xff, 0xff, 0xff, 0xff, 0xff, 0xff, 0xff, 0xfe, 0x00, 0x00, 0x00, 0x00, 0x00, 0x00, 0x00, 0x00, 
	0x7f, 0xff, 0xff, 0xff, 0xff, 0xff, 0xff, 0xff, 0xff, 0xff, 0xff, 0xff, 0xff, 0xff, 0x80, 0x00, 
	0x00, 0x01, 0xff, 0xff, 0xff, 0xff, 0xff, 0xff, 0xff, 0xff, 0xff, 0xff, 0xff, 0xff, 0xff, 0xfe, 
	0x00, 0x00, 0x00, 0x00, 0x00, 0x00, 0x00, 0x00, 0x7f, 0xff, 0xff, 0xff, 0xff, 0xff, 0xff, 0xff, 
	0xff, 0xff, 0xff, 0xff, 0xff, 0xff, 0x80, 0x00, 0x00, 0x01, 0xff, 0xff, 0xff, 0xff, 0xff, 0xff, 
	0xff, 0xff, 0xff, 0xff, 0xff, 0xff, 0xff, 0xfe, 0x00, 0x00, 0x00, 0x00, 0x00, 0x00, 0x00, 0x00, 
	0x7f, 0xff, 0xff, 0xff, 0xff, 0xff, 0xff, 0xff, 0xff, 0xff, 0xff, 0xff, 0xff, 0xff, 0x80, 0x00, 
	0x00, 0x01, 0xff, 0xff, 0xff, 0xff, 0xff, 0xff, 0xff, 0xff, 0xff, 0xff, 0xff, 0xff, 0xff, 0xfe, 
	0x00, 0x00, 0x00, 0x00, 0x00, 0x00, 0x00, 0x00, 0x7f, 0xff, 0xff, 0xff, 0xff, 0xff, 0xff, 0xff, 
	0xff, 0xff, 0xff, 0xff, 0xff, 0xff, 0x80, 0x00, 0x00, 0x01, 0xff, 0xff, 0xff, 0xff, 0xff, 0xff, 
	0xff, 0xff, 0xff, 0xff, 0xff, 0xff, 0xff, 0xfe, 0x00, 0x00, 0x00, 0x00, 0x00, 0x00, 0x00, 0x00, 
	0x7f, 0xff, 0xff, 0xff, 0xff, 0xff, 0xff, 0xff, 0xff, 0xff, 0xff, 0xff, 0xff, 0xff, 0x80, 0x00, 
	0x00, 0x01, 0xff, 0xff, 0xff, 0xff, 0xff, 0xff, 0xff, 0xff, 0xff, 0xff, 0xff, 0xff, 0xff, 0xfe, 
	0x00, 0x00, 0x00, 0x00, 0x00, 0x00, 0x00, 0x00, 0x7f, 0xff, 0xff, 0xff, 0xff, 0xff, 0xff, 0xff, 
	0xff, 0xff, 0xff, 0xff, 0xff, 0xff, 0x80, 0x00, 0x00, 0x01, 0xff, 0xff, 0xff, 0xff, 0xff, 0xff, 
	0xff, 0xff, 0xff, 0xff, 0xff, 0xff, 0xff, 0xfe, 0x00, 0x00, 0x00, 0x00, 0x00, 0x00, 0x00, 0x00, 
	0x7f, 0xff, 0xff, 0xff, 0xff, 0xff, 0xff, 0xff, 0xff, 0xff, 0xff, 0xff, 0xff, 0xff, 0x80, 0x00, 
	0x00, 0x01, 0xff, 0xff, 0xff, 0xff, 0xff, 0xff, 0xff, 0xff, 0xff, 0xff, 0xff, 0xff, 0xff, 0xfe, 
	0x00, 0x00, 0x00, 0x00, 0x00, 0x00, 0x00, 0x00, 0x7f, 0xff, 0xff, 0xff, 0xff, 0xff, 0xff, 0xff, 
	0xff, 0xff, 0xff, 0xff, 0xff, 0xff, 0x80, 0x00, 0x00, 0x01, 0xff, 0xff, 0xff, 0xff, 0xff, 0xff, 
	0xff, 0xff, 0xff, 0xff, 0xff, 0xff, 0xff, 0xfe, 0x00, 0x00, 0x00, 0x00, 0x00, 0x00, 0x00, 0x00, 
	0x7f, 0xff, 0xff, 0xff, 0xff, 0xff, 0xff, 0xff, 0xff, 0xff, 0xff, 0xff, 0xff, 0xff, 0x80, 0x00, 
	0x00, 0x01, 0xff, 0xff, 0xff, 0xff, 0xff, 0xff, 0xff, 0xff, 0xff, 0xff, 0xff, 0xff, 0xff, 0xfe, 
	0x00, 0x00, 0x00, 0x00, 0x00, 0x00, 0x00, 0x00, 0x7f, 0xff, 0xff, 0xff, 0xff, 0xff, 0xff, 0xff, 
	0xff, 0xff, 0xff, 0xff, 0xff, 0xff, 0x80, 0x00, 0x00, 0x01, 0xff, 0xff, 0xff, 0xff, 0xff, 0xff, 
	0xff, 0xff, 0xff, 0xff, 0xff, 0xff, 0xff, 0xfe, 0x00, 0x00, 0x00, 0x00, 0x00, 0x00, 0x00, 0x00, 
	0x7f, 0xff, 0xff, 0xff, 0xff, 0xff, 0xff, 0xff, 0xff, 0xff, 0xff, 0xff, 0xff, 0xff, 0x80, 0x00, 
	0x00, 0x01, 0xff, 0xff, 0xff, 0xff, 0xff, 0xff, 0xff, 0xff, 0xff, 0xff, 0xff, 0xff, 0xff, 0xfe, 
	0x00, 0x00, 0x00, 0x00, 0x00, 0x00, 0x00, 0x00, 0x7f, 0xff, 0xff, 0xff, 0xff, 0xff, 0xff, 0xff, 
	0xff, 0xff, 0xff, 0xff, 0xff, 0xff, 0x80, 0x00, 0x00, 0x01, 0xff, 0xff, 0xff, 0xff, 0xff, 0xff, 
	0xff, 0xff, 0xff, 0xff, 0xff, 0xff, 0xff, 0xfe, 0x00, 0x00, 0x00, 0x00, 0x00, 0x00, 0x00, 0x00, 
	0x7f, 0xff, 0xff, 0xff, 0xff, 0xff, 0xff, 0xff, 0xff, 0xff, 0xff, 0xff, 0xff, 0xff, 0x80, 0x00, 
	0x00, 0x01, 0xff, 0xff, 0xff, 0xff, 0xff, 0xff, 0xff, 0xff, 0xff, 0xff, 0xff, 0xff, 0xff, 0xfe, 
	0x00, 0x00, 0x00, 0x00, 0x00, 0x00, 0x00, 0x00, 0x7f, 0xff, 0xff, 0xff, 0xff, 0xff, 0xff, 0xff, 
	0xff, 0xff, 0xff, 0xff, 0xff, 0xff, 0x80, 0x00, 0x00, 0x01, 0xff, 0xff, 0xff, 0xff, 0xff, 0xff, 
	0xff, 0xff, 0xff, 0xff, 0xff, 0xff, 0xff, 0xfe, 0x00, 0x00, 0x00, 0x00, 0x00, 0x00, 0x00, 0x00, 
	0x7f, 0xff, 0xff, 0xff, 0xff, 0xff, 0xff, 0xff, 0xff, 0xff, 0xff, 0xff, 0xff, 0xff, 0x80, 0x00, 
	0x00, 0x01, 0xff, 0xff, 0xff, 0xff, 0xff, 0xff, 0xff, 0xff, 0xff, 0xff, 0xff, 0xff, 0xff, 0xfe, 
	0x00, 0x00, 0x00, 0x00, 0x00, 0x00, 0x00, 0x00, 0x7f, 0xff, 0xff, 0xff, 0xff, 0xff, 0xff, 0xff, 
	0xff, 0xff, 0xff, 0xff, 0xff, 0xff, 0x80, 0x00, 0x00, 0x01, 0xff, 0xff, 0xff, 0xff, 0xff, 0xff, 
	0xff, 0xff, 0xff, 0xff, 0xff, 0xff, 0xff, 0xfe, 0x00, 0x00, 0x00, 0x00, 0x00, 0x00, 0x00, 0x00, 
	0x7f, 0xff, 0xff, 0xff, 0xff, 0xff, 0xff, 0xff, 0xff, 0xff, 0xff, 0xff, 0xff, 0xff, 0x80, 0x00, 
	0x00, 0x01, 0xff, 0xff, 0xff, 0xff, 0xff, 0xff, 0xff, 0xff, 0xff, 0xff, 0xff, 0xff, 0xff, 0xfe, 
	0x00, 0x00, 0x00, 0x00, 0x00, 0x00, 0x00, 0x00, 0x7f, 0xff, 0xff, 0xff, 0xff, 0xff, 0xff, 0xff, 
	0xff, 0xff, 0xff, 0xff, 0xff, 0xff, 0x80, 0x00, 0x00, 0x01, 0xff, 0xff, 0xff, 0xff, 0xff, 0xff, 
	0xff, 0xff, 0xff, 0xff, 0xff, 0xff, 0xff, 0xfe, 0x00, 0x00, 0x00, 0x00, 0x00, 0x00, 0x00, 0x00, 
	0x7f, 0xff, 0xff, 0xff, 0xff, 0xff, 0xff, 0xff, 0xff, 0xff, 0xff, 0xff, 0xff, 0xff, 0x80, 0x00, 
	0x00, 0x01, 0xff, 0xff, 0xff, 0xff, 0xff, 0xff, 0xff, 0xff, 0xff, 0xff, 0xff, 0xff, 0xff, 0xfe, 
	0x00, 0x00, 0x00, 0x00, 0x00, 0x00, 0x00, 0x00, 0x7f, 0xff, 0xff, 0xff, 0xff, 0xff, 0xff, 0xff, 
	0xff, 0xff, 0xff, 0xff, 0xff, 0xff, 0x80, 0x00, 0x00, 0x01, 0xff, 0xff, 0xff, 0xff, 0xff, 0xff, 
	0xff, 0xff, 0xff, 0xff, 0xff, 0xff, 0xff, 0xfe, 0x00, 0x00, 0x00, 0x00, 0x00, 0x00, 0x00, 0x00, 
	0x7f, 0xff, 0xff, 0xff, 0xff, 0xff, 0xff, 0xff, 0xff, 0xff, 0xff, 0xff, 0xff, 0xff, 0x80, 0x00, 
	0x00, 0x01, 0xff, 0xff, 0xff, 0xff, 0xff, 0xff, 0xff, 0xff, 0xff, 0xff, 0xff, 0xff, 0xff, 0xfe, 
	0x00, 0x00, 0x00, 0x00, 0x00, 0x00, 0x00, 0x00, 0x7f, 0xff, 0xff, 0xff, 0xff, 0xff, 0xff, 0xff, 
	0xff, 0xff, 0xff, 0xff, 0xff, 0xff, 0x80, 0x00, 0x00, 0x01, 0xff, 0xff, 0xff, 0xff, 0xff, 0xff, 
	0xff, 0xff, 0xff, 0xff, 0xff, 0xff, 0xff, 0xfe, 0x00, 0x00, 0x00, 0x00, 0x00, 0x00, 0x00, 0x00, 
	0x7f, 0xff, 0xff, 0xff, 0xff, 0xff, 0xff, 0xff, 0xff, 0xff, 0xff, 0xff, 0xff, 0xff, 0x80, 0x00, 
	0x00, 0x01, 0xff, 0xff, 0xff, 0xff, 0xff, 0xff, 0xff, 0xff, 0xff, 0xff, 0xff, 0xff, 0xff, 0xfe, 
	0x00, 0x00, 0x00, 0x00, 0x00, 0x00, 0x00, 0x00, 0x7f, 0xff, 0xff, 0xff, 0xff, 0xff, 0xff, 0xff, 
	0xff, 0xff, 0xff, 0xff, 0xff, 0xff, 0x80, 0x00, 0x00, 0x01, 0xff, 0xff, 0xff, 0xff, 0xff, 0xff, 
	0xff, 0xff, 0xff, 0xff, 0xff, 0xff, 0xff, 0xfe, 0x00, 0x00, 0x00, 0x00, 0x00, 0x00, 0x00, 0x00, 
	0x7f, 0xff, 0xff, 0xff, 0xff, 0xff, 0xff, 0xff, 0xff, 0xff, 0xff, 0xff, 0xff, 0xff, 0x80, 0x00, 
	0x00, 0x01, 0xff, 0xff, 0xff, 0xff, 0xff, 0xff, 0xff, 0xff, 0xff, 0xff, 0xff, 0xff, 0xff, 0xfe, 
	0x00, 0x00, 0x00, 0x00, 0x00, 0x00, 0x00, 0x00, 0x7f, 0xff, 0xff, 0xff, 0xff, 0xff, 0xff, 0xff, 
	0xff, 0xff, 0xff, 0xff, 0xff, 0xff, 0x80, 0x00, 0x00, 0x01, 0xff, 0xff, 0xff, 0xff, 0xff, 0xff, 
	0xff, 0xff, 0xff, 0xff, 0xff, 0xff, 0xff, 0xfe, 0x00, 0x00, 0x00, 0x00, 0x00, 0x00, 0x00, 0x00, 
	0x7f, 0xff, 0xff, 0xff, 0xff, 0xff, 0xff, 0xff, 0xff, 0xff, 0xff, 0xff, 0xff, 0xff, 0x80, 0x00, 
	0x00, 0x01, 0xff, 0xff, 0xff, 0xff, 0xff, 0xff, 0xff, 0xff, 0xff, 0xff, 0xff, 0xff, 0xff, 0xfe, 
	0x00, 0x00, 0x00, 0x00, 0x00, 0x00, 0x00, 0x00, 0x7f, 0xff, 0xff, 0xff, 0xff, 0xff, 0xff, 0xff, 
	0xff, 0xff, 0xff, 0xff, 0xff, 0xff, 0x80, 0x00, 0x00, 0x01, 0xff, 0xff, 0xff, 0xff, 0xff, 0xff, 
	0xff, 0xff, 0xff, 0xff, 0xff, 0xff, 0xff, 0xfe, 0x00, 0x00, 0x00, 0x00, 0x00, 0x00, 0x00, 0x00, 
	0x7f, 0xff, 0xff, 0xff, 0xff, 0xff, 0xff, 0xff, 0xff, 0xff, 0xff, 0xff, 0xff, 0xff, 0x80, 0x00, 
	0x00, 0x01, 0xff, 0xff, 0xff, 0xff, 0xff, 0xff, 0xff, 0xff, 0xff, 0xff, 0xff, 0xff, 0xff, 0xfe, 
	0x00, 0x00, 0x00, 0x00, 0x00, 0x00, 0x00, 0x00, 0x7f, 0xff, 0xff, 0xff, 0xff, 0xff, 0xff, 0xff, 
	0xff, 0xff, 0xff, 0xff, 0xff, 0xff, 0x80, 0x00, 0x00, 0x01, 0xff, 0xff, 0xff, 0xff, 0xff, 0xff, 
	0xff, 0xff, 0xff, 0xff, 0xff, 0xff, 0xff, 0xfe, 0x00, 0x00, 0x00, 0x00, 0x00, 0x00, 0x00, 0x00, 
	0x7f, 0xff, 0xff, 0xff, 0xff, 0xff, 0xff, 0xff, 0xff, 0xff, 0xff, 0xff, 0xff, 0xff, 0x80, 0x00, 
	0x00, 0x01, 0xff, 0xff, 0xff, 0xff, 0xff, 0xff, 0xff, 0xff, 0xff, 0xff, 0xff, 0xff, 0xff, 0xfe, 
	0x00, 0x00, 0x00, 0x00, 0x00, 0x00, 0x00, 0x00, 0x7f, 0xff, 0xff, 0xff, 0xff, 0xff, 0xff, 0xff, 
	0xff, 0xff, 0xff, 0xff, 0xff, 0xff, 0x80, 0x00, 0x00, 0x01, 0xff, 0xff, 0xff, 0xff, 0xff, 0xff, 
	0xff, 0xff, 0xff, 0xff, 0xff, 0xff, 0xff, 0xfe, 0x00, 0x00, 0x00, 0x00, 0x00, 0x00, 0x00, 0x00, 
	0x7f, 0xff, 0xff, 0xff, 0xff, 0xff, 0xff, 0xff, 0xff, 0xff, 0xff, 0xff, 0xff, 0xff, 0x80, 0x00, 
	0x00, 0x01, 0xff, 0xff, 0xff, 0xff, 0xff, 0xff, 0xff, 0xff, 0xff, 0xff, 0xff, 0xff, 0xff, 0xfe, 
	0x00, 0x00, 0x00, 0x00, 0x00, 0x00, 0x00, 0x00, 0x7f, 0xff, 0xff, 0xff, 0xff, 0xff, 0xff, 0xff, 
	0xff, 0xff, 0xff, 0xff, 0xff, 0xff, 0x80, 0x00, 0x00, 0x01, 0xff, 0xff, 0xff, 0xff, 0xff, 0xff, 
	0xff, 0xff, 0xff, 0xff, 0xff, 0xff, 0xff, 0xfe, 0x00, 0x00, 0x00, 0x00, 0x00, 0x00, 0x00, 0x00, 
	0x7f, 0xff, 0xff, 0xff, 0xff, 0xff, 0xff, 0xff, 0xff, 0xff, 0xff, 0xff, 0xff, 0xff, 0x80, 0x00, 
	0x00, 0x01, 0xff, 0xff, 0xff, 0xff, 0xff, 0xff, 0xff, 0xff, 0xff, 0xff, 0xff, 0xff, 0xff, 0xfe, 
	0x00, 0x00, 0x00, 0x00, 0x00, 0x00, 0x00, 0x00, 0x7f, 0xff, 0xff, 0xff, 0xff, 0xff, 0xff, 0xff, 
	0xff, 0xff, 0xff, 0xff, 0xff, 0xff, 0x80, 0x00, 0x00, 0x01, 0xff, 0xff, 0xff, 0xff, 0xff, 0xff, 
	0xff, 0xff, 0xff, 0xff, 0xff, 0xff, 0xff, 0xfe, 0x00, 0x00, 0x00, 0x00, 0x00, 0x00, 0x00, 0x00, 
	0x7f, 0xff, 0xff, 0xff, 0xff, 0xff, 0xff, 0xff, 0xff, 0xff, 0xff, 0xff, 0xff, 0xff, 0x80, 0x00, 
	0x00, 0x01, 0xff, 0xff, 0xff, 0xff, 0xff, 0xff, 0xff, 0xff, 0xff, 0xff, 0xff, 0xff, 0xff, 0xfe, 
	0x00, 0x00, 0x00, 0x00, 0x00, 0x00, 0x00, 0x00, 0x7f, 0xff, 0xff, 0xff, 0xff, 0xff, 0xff, 0xff, 
	0xff, 0xff, 0xff, 0xff, 0xff, 0xff, 0x80, 0x00, 0x00, 0x01, 0xff, 0xff, 0xff, 0xff, 0xff, 0xff, 
	0xff, 0xff, 0xff, 0xff, 0xff, 0xff, 0xff, 0xfe, 0x00, 0x00, 0x00, 0x00, 0x00, 0x00, 0x00, 0x00, 
	0x7f, 0xff, 0xff, 0xff, 0xff, 0xff, 0xff, 0xff, 0xff, 0xff, 0xff, 0xff, 0xff, 0xff, 0x80, 0x00, 
	0x00, 0x01, 0xff, 0xff, 0xff, 0xff, 0xff, 0xff, 0xff, 0xff, 0xff, 0xff, 0xff, 0xff, 0xff, 0xfe, 
	0x00, 0x00, 0x00, 0x00, 0x00, 0x00, 0x00, 0x00, 0x7f, 0xff, 0xff, 0xff, 0xff, 0xff, 0xff, 0xff, 
	0xff, 0xff, 0xff, 0xff, 0xff, 0xff, 0x80, 0x00, 0x00, 0x01, 0xff, 0xff, 0xff, 0xff, 0xff, 0xff, 
	0xff, 0xff, 0xff, 0xff, 0xff, 0xff, 0xff, 0xfe, 0x00, 0x00, 0x00, 0x00, 0x00, 0x00, 0x00, 0x00, 
	0x7f, 0xff, 0xff, 0xff, 0xff, 0xff, 0xff, 0xff, 0xff, 0xff, 0xff, 0xff, 0xff, 0xff, 0x80, 0x00, 
	0x00, 0x01, 0xff, 0xff, 0xff, 0xff, 0xff, 0xff, 0xff, 0xff, 0xff, 0xff, 0xff, 0xff, 0xff, 0xfe, 
	0x00, 0x00, 0x00, 0x00, 0x00, 0x00, 0x00, 0x00, 0x7f, 0xff, 0xff, 0xff, 0xff, 0xff, 0xff, 0xff, 
	0xff, 0xff, 0xff, 0xff, 0xff, 0xff, 0x80, 0x00, 0x00, 0x01, 0xff, 0xff, 0xff, 0xff, 0xff, 0xff, 
	0xff, 0xff, 0xff, 0xff, 0xff, 0xff, 0xff, 0xfe, 0x00, 0x00, 0x00, 0x00, 0x00, 0x00, 0x00, 0x00, 
	0x7f, 0xff, 0xff, 0xff, 0xff, 0xff, 0xff, 0xff, 0xff, 0xff, 0xff, 0xff, 0xff, 0xff, 0x80, 0x00, 
	0x00, 0x01, 0xff, 0xff, 0xff, 0xff, 0xff, 0xff, 0xff, 0xff, 0xff, 0xff, 0xff, 0xff, 0xff, 0xfe, 
	0x00, 0x00, 0x00, 0x00, 0x00, 0x00, 0x00, 0x00, 0x7f, 0xff, 0xff, 0xff, 0xff, 0xff, 0xff, 0xff, 
	0xff, 0xff, 0xff, 0xff, 0xff, 0xff, 0x80, 0x00, 0x00, 0x01, 0xff, 0xff, 0xff, 0xff, 0xff, 0xff, 
	0xff, 0xff, 0xff, 0xff, 0xff, 0xff, 0xff, 0xfe, 0x00, 0x00, 0x00, 0x00, 0x00, 0x00, 0x00, 0x00, 
	0x7f, 0xff, 0xff, 0xff, 0xff, 0xff, 0xff, 0xff, 0xff, 0xff, 0xff, 0xff, 0xff, 0xff, 0x80, 0x00, 
	0x00, 0x01, 0xff, 0xff, 0xff, 0xff, 0xff, 0xff, 0xff, 0xff, 0xff, 0xff, 0xff, 0xff, 0xff, 0xfe, 
	0x00, 0x00, 0x00, 0x00, 0x00, 0x00, 0x00, 0x00, 0x7f, 0xff, 0xff, 0xff, 0xff, 0xff, 0xff, 0xff, 
	0xff, 0xff, 0xff, 0xff, 0xff, 0xff, 0x80, 0x00, 0x00, 0x00, 0xff, 0xff, 0xff, 0xff, 0xff, 0xff, 
	0xff, 0xff, 0xff, 0xff, 0xff, 0xff, 0xff, 0xfc, 0x00, 0x00, 0x00, 0x00, 0x00, 0x00, 0x00, 0x00, 
	0x3f, 0xff, 0xff, 0xff, 0xff, 0xff, 0xff, 0xff, 0xff, 0xff, 0xff, 0xff, 0xff, 0xff, 0x00, 0x00, 
	0x00, 0x00, 0xff, 0xff, 0xff, 0xff, 0xff, 0xff, 0xff, 0xff, 0xff, 0xff, 0xff, 0xff, 0xff, 0xfc, 
	0x00, 0x00, 0x00, 0x00, 0x00, 0x00, 0x00, 0x00, 0x3f, 0xff, 0xff, 0xff, 0xff, 0xff, 0xff, 0xff, 
	0xff, 0xff, 0xff, 0xff, 0xff, 0xff, 0x00, 0x00, 0x00, 0x00, 0x7f, 0xff, 0xff, 0xff, 0xff, 0xff, 
	0xff, 0xff, 0xff, 0xff, 0xff, 0xff, 0xff, 0xf8, 0x00, 0x00, 0x00, 0x00, 0x00, 0x00, 0x00, 0x00, 
	0x1f, 0xff, 0xff, 0xff, 0xff, 0xff, 0xff, 0xff, 0xff, 0xff, 0xff, 0xff, 0xff, 0xfe, 0x00, 0x00, 
	0x00, 0x00, 0x7f, 0xff, 0xff, 0xff, 0xff, 0xff, 0xff, 0xff, 0xff, 0xff, 0xff, 0xff, 0xff, 0xf8, 
	0x00, 0x00, 0x00, 0x00, 0x00, 0x00, 0x00, 0x00, 0x1f, 0xff, 0xff, 0xff, 0xff, 0xff, 0xff, 0xff, 
	0xff, 0xff, 0xff, 0xff, 0xff, 0xfe, 0x00, 0x00, 0x00, 0x00, 0x1f, 0xff, 0xff, 0xff, 0xff, 0xff, 
	0xff, 0xff, 0xff, 0xff, 0xff, 0xff, 0xff, 0xe0, 0x00, 0x00, 0x00, 0x00, 0x00, 0x00, 0x00, 0x00, 
	0x07, 0xff, 0xff, 0xff, 0xff, 0xff, 0xff, 0xff, 0xff, 0xff, 0xff, 0xff, 0xff, 0xf8, 0x00, 0x00, 
	0x00, 0x00, 0x07, 0xff, 0xff, 0xff, 0xff, 0xff, 0xff, 0xff, 0xff, 0xff, 0xff, 0xff, 0xff, 0x80, 
	0x00, 0x00, 0x00, 0x00, 0x00, 0x00, 0x00, 0x00, 0x01, 0xff, 0xff, 0xff, 0xff, 0xff, 0xff, 0xff, 
	0xff, 0xff, 0xff, 0xff, 0xff, 0xe0, 0x00, 0x00, 0x00, 0x00, 0x00, 0x00, 0x00, 0x00, 0x00, 0x00, 
	0x00, 0x00, 0x00, 0x00, 0x00, 0x00, 0x00, 0x00, 0x00, 0x00, 0x00, 0x00, 0x00, 0x00, 0x00, 0x00, 
	0x00, 0x00, 0x00, 0x00, 0x00, 0x00, 0x00, 0x00, 0x00, 0x00, 0x00, 0x00, 0x00, 0x00, 0x00, 0x00, 
	0x00, 0x00, 0x00, 0x00, 0x00, 0x00, 0x00, 0x00, 0x00, 0x00, 0x00, 0x00, 0x00, 0x00, 0x00, 0x00, 
	0x00, 0x00, 0x00, 0x00, 0x00, 0x00, 0x00, 0x00, 0x00, 0x00, 0x00, 0x00, 0x00, 0x00, 0x00, 0x00, 
	0x00, 0x00, 0x00, 0x00, 0x00, 0x00, 0x00, 0x00, 0x00, 0x00, 0x00, 0x00, 0x00, 0x00, 0x00, 0x00, 
	0x00, 0x00, 0x00, 0x00, 0x00, 0x00, 0x00, 0x00, 0x00, 0x00, 0x00, 0x00, 0x00, 0x00, 0x00, 0x00, 
	0x00, 0x00, 0x00, 0x00, 0x00, 0x00, 0x00, 0x00, 0x00, 0x00, 0x00, 0x00, 0x00, 0x00, 0x00, 0x00, 
	0x00, 0x00, 0x00, 0x00, 0x00, 0x00, 0x00, 0x00, 0x00, 0x00, 0x00, 0x00, 0x00, 0x00, 0x00, 0x00, 
	0x00, 0x00, 0x00, 0x00, 0x00, 0x00, 0x00, 0x00, 0x00, 0x00, 0x00, 0x00, 0x00, 0x00, 0x00, 0x00, 
	0x00, 0x00, 0x00, 0x00, 0x00, 0x00, 0x00, 0x00, 0x00, 0x00, 0x00, 0x00, 0x00, 0x00, 0x00, 0x00, 
	0x00, 0x00, 0x00, 0x00, 0x00, 0x00, 0x00, 0x00, 0x00, 0x00, 0x00, 0x00, 0x00, 0x00, 0x00, 0x00, 
	0x00, 0x00, 0x00, 0x00, 0x00, 0x00, 0x00, 0x00, 0x00, 0x00, 0x00, 0x00, 0x00, 0x00, 0x00, 0x00, 
	0x00, 0x00, 0x00, 0x00, 0x00, 0x00, 0x00, 0x00, 0x00, 0x00, 0x00, 0x00, 0x00, 0x00, 0x00, 0x00, 
	0x00, 0x00, 0x00, 0x00, 0x00, 0x00, 0x00, 0x00, 0x00, 0x00, 0x00, 0x00, 0x00, 0x00, 0x00, 0x00, 
	0x00, 0x00, 0x00, 0x00, 0x00, 0x00, 0x00, 0x00, 0x00, 0x00, 0x00, 0x00, 0x00, 0x00, 0x00, 0x00, 
	0x00, 0x00, 0x00, 0x00, 0x00, 0x00, 0x00, 0x00, 0x00, 0x00, 0x00, 0x00, 0x00, 0x00, 0x00, 0x00, 
	0x00, 0x00, 0x00, 0x00, 0x00, 0x00, 0x00, 0x00, 0x00, 0x00, 0x00, 0x00, 0x00, 0x00, 0x00, 0x00, 
	0x00, 0x00, 0x00, 0x00, 0x00, 0x00, 0x00, 0x00, 0x00, 0x00, 0x00, 0x00, 0x00, 0x00, 0x00, 0x00, 
	0x00, 0x00, 0x00, 0x00, 0x00, 0x00, 0x00, 0x00, 0x00, 0x00, 0x00, 0x00, 0x00, 0x00, 0x00, 0x00, 
	0x00, 0x00, 0x00, 0x00, 0x00, 0x00, 0x00, 0x00, 0x00, 0x00, 0x00, 0x00, 0x00, 0x00, 0x00, 0x00, 
	0x00, 0x00, 0x00, 0x00, 0x00, 0x00, 0x00, 0x00, 0x00, 0x00, 0x00, 0x00, 0x00, 0x00, 0x00, 0x00, 
	0x00, 0x00, 0x00, 0x00, 0x00, 0x00, 0x00, 0x00, 0x00, 0x00, 0x00, 0x00, 0x00, 0x00, 0x00, 0x00, 
	0x00, 0x00, 0x00, 0x00, 0x00, 0x00, 0x00, 0x00, 0x00, 0x00, 0x00, 0x00, 0x00, 0x00, 0x00, 0x00, 
	0x00, 0x00, 0x00, 0x00, 0x00, 0x00, 0x00, 0x00, 0x00, 0x00, 0x00, 0x00, 0x00, 0x00, 0x00, 0x00, 
	0x00, 0x00, 0x00, 0x00, 0x00, 0x00, 0x00, 0x00, 0x00, 0x00, 0x00, 0x00, 0x00, 0x00, 0x00, 0x00, 
	0x00, 0x00, 0x00, 0x00, 0x00, 0x00, 0x00, 0x00, 0x00, 0x00, 0x00, 0x00, 0x00, 0x00, 0x00, 0x00, 
	0x00, 0x00, 0x00, 0x00, 0x00, 0x00, 0x00, 0x00, 0x00, 0x00, 0x00, 0x00, 0x00, 0x00, 0x00, 0x00, 
	0x00, 0x00, 0x00, 0x00, 0x00, 0x00, 0x00, 0x00, 0x00, 0x00, 0x00, 0x00, 0x00, 0x00, 0x00, 0x00, 
	0x00, 0x00, 0x00, 0x00, 0x00, 0x00, 0x00, 0x00, 0x00, 0x00, 0x00, 0x00, 0x00, 0x00, 0x00, 0x00, 
	0x00, 0x00, 0x00, 0x00, 0x00, 0x00, 0x00, 0x00, 0x00, 0x00, 0x00, 0x00, 0x00, 0x00, 0x00, 0x00, 
	0x00, 0x00, 0x00, 0x00, 0x00, 0x00, 0x00, 0x00, 0x00, 0x00, 0x00, 0x00, 0x00, 0x00, 0x00, 0x00, 
	0x00, 0x00, 0x00, 0x00, 0x00, 0x00, 0x00, 0x00, 0x00, 0x00, 0x00, 0x00, 0x00, 0x00, 0x00, 0x00, 
	0x00, 0x00, 0x00, 0x00, 0x00, 0x00, 0x00, 0x00, 0x00, 0x00, 0x00, 0x00, 0x00, 0x00, 0x00, 0x00, 
	0x00, 0x00, 0x00, 0x00, 0x00, 0x00, 0x00, 0x00, 0x00, 0x00, 0x00, 0x00, 0x00, 0x00, 0x00, 0x00, 
	0x00, 0x00, 0x00, 0x00, 0x00, 0x00, 0x00, 0x00, 0x00, 0x00, 0x00, 0x00, 0x00, 0x00, 0x00, 0x00, 
	0x00, 0x00, 0x00, 0x00, 0x00, 0x00, 0x00, 0x00, 0x00, 0x00, 0x00, 0x00, 0x00, 0x00, 0x00, 0x00, 
	0x00, 0x00, 0x00, 0x00, 0x00, 0x00, 0x00, 0x00, 0x00, 0x00, 0x00, 0x00, 0x00, 0x00, 0x00, 0x00, 
	0x00, 0x00, 0x00, 0x00, 0x00, 0x00, 0x00, 0x00, 0x00, 0x00, 0x00, 0x00, 0x00, 0x00, 0x00, 0x00, 
	0x00, 0x00, 0x00, 0x00, 0x00, 0x00, 0x00, 0x00, 0x00, 0x00, 0x00, 0x00, 0x00, 0x00, 0x00, 0x00, 
	0x00, 0x00, 0x00, 0x00, 0x00, 0x00, 0x00, 0x00, 0x00, 0x00, 0x00, 0x00, 0x00, 0x00, 0x00, 0x00, 
	0x00, 0x00, 0x00, 0x00, 0x00, 0x00, 0x00, 0x00, 0x00, 0x00, 0x00, 0x00, 0x00, 0x00, 0x00, 0x00, 
	0x00, 0x00, 0x00, 0x00, 0x00, 0x00, 0x00, 0x00, 0x00, 0x00, 0x00, 0x00, 0x00, 0x00, 0x00, 0x00, 
	0x00, 0x00, 0x00, 0x00, 0x00, 0x00, 0x00, 0x00, 0x00, 0x00, 0x00, 0x00, 0x00, 0x00, 0x00, 0x00, 
	0x00, 0x00, 0x00, 0x00, 0x00, 0x00, 0x00, 0x00, 0x00, 0x00, 0x00, 0x00, 0x00, 0x00, 0x00, 0x00, 
	0x00, 0x00, 0x00, 0x00, 0x00, 0x00, 0x00, 0x00, 0x00, 0x00, 0x00, 0x00, 0x00, 0x00, 0x00, 0x00, 
	0x00, 0x00, 0x00, 0x00, 0x00, 0x00, 0x00, 0x00, 0x00, 0x00, 0x00, 0x00, 0x00, 0x00, 0x00, 0x00, 
	0x00, 0x00, 0x00, 0x00, 0x00, 0x00, 0x00, 0x00, 0x00, 0x00, 0x00, 0x00, 0x00, 0x00, 0x00, 0x00, 
	0x00, 0x00, 0x00, 0x00, 0x00, 0x00, 0x00, 0x00, 0x00, 0x00, 0x00, 0x00, 0x00, 0x00, 0x00, 0x00, 
	0x00, 0x00, 0x00, 0x00, 0x00, 0x00, 0x00, 0x00, 0x00, 0x00, 0x00, 0x00, 0x00, 0x00, 0x00, 0x00, 
	0x00, 0x00, 0x00, 0x00, 0x00, 0x00, 0x00, 0x00, 0x00, 0x00, 0x00, 0x00, 0x00, 0x00, 0x00, 0x00, 
	0x00, 0x00, 0x00, 0x00, 0x00, 0x00, 0x00, 0x00, 0x00, 0x00, 0x00, 0x00, 0x00, 0x00, 0x00, 0x00, 
	0x00, 0x00, 0x00, 0x00, 0x00, 0x00, 0x00, 0x00, 0x00, 0x00, 0x00, 0x00, 0x00, 0x00, 0x00, 0x00, 
	0x00, 0x00, 0x00, 0x00, 0x00, 0x00, 0x00, 0x00, 0x00, 0x00, 0x00, 0x00, 0x00, 0x00, 0x00, 0x00, 
	0x00, 0x00, 0x00, 0x00, 0x00, 0x00, 0x00, 0x00, 0x00, 0x00, 0x00, 0x00, 0x00, 0x00, 0x00, 0x00, 
	0x00, 0x00, 0x00, 0x00, 0x00, 0x00, 0x00, 0x00, 0x00, 0x00, 0x00, 0x00, 0x00, 0x00, 0x00, 0x00, 
	0x00, 0x00, 0x00, 0x00, 0x00, 0x00, 0x00, 0x00, 0x00, 0x00, 0x00, 0x00, 0x00, 0x00, 0x00, 0x00, 
	0x00, 0x00, 0x00, 0x00, 0x00, 0x00, 0x00, 0x00, 0x00, 0x00, 0x00, 0x00, 0x00, 0x00, 0x00, 0x00, 
	0x00, 0x00, 0x00, 0x00, 0x00, 0x00, 0x00, 0x00, 0x00, 0x00, 0x00, 0x00, 0x00, 0x00, 0x00, 0x00, 
	0x00, 0x00, 0x00, 0x00, 0x00, 0x00, 0x00, 0x00, 0x00, 0x00, 0x00, 0x00, 0x00, 0x00, 0x00, 0x00, 
	0x00, 0x00, 0x00, 0x00, 0x00, 0x00, 0x00, 0x00, 0x00, 0x00, 0x00, 0x00, 0x00, 0x00, 0x00, 0x00, 
	0x00, 0x00, 0x00, 0x00, 0x00, 0x00, 0x00, 0x00, 0x00, 0x00, 0x00, 0x00, 0x00, 0x00, 0x00, 0x00, 
	0x00, 0x00, 0x00, 0x00, 0x00, 0x00, 0x00, 0x00, 0x00, 0x00, 0x00, 0x00, 0x00, 0x00, 0x00, 0x00, 
	0x00, 0x00, 0x00, 0x00, 0x00, 0x00, 0x00, 0x00, 0x00, 0x00, 0x00, 0x00, 0x00, 0x00, 0x00, 0x00, 
	0x00, 0x00, 0x00, 0x00, 0x00, 0x00, 0x00, 0x00, 0x00, 0x00, 0x00, 0x00, 0x00, 0x00, 0x00, 0x00, 
	0x00, 0x00, 0x00, 0x00, 0x00, 0x00, 0x00, 0x00, 0x00, 0x00, 0x00, 0x00, 0x00, 0x00, 0x00, 0x00, 
	0x00, 0x00, 0x00, 0x00, 0x00, 0x00, 0x00, 0x00, 0x00, 0x00, 0x00, 0x00, 0x00, 0x00, 0x00, 0x00, 
	0x00, 0x00, 0x00, 0x00, 0x00, 0x00, 0x00, 0x00, 0x00, 0x00, 0x00, 0x00, 0x00, 0x00, 0x00, 0x00, 
	0x00, 0x00, 0x00, 0x00, 0x00, 0x00, 0x00, 0x00, 0x00, 0x00, 0x00, 0x00, 0x00, 0x00, 0x00, 0x00, 
	0x00, 0x00, 0x00, 0x00, 0x00, 0x00, 0x00, 0x00, 0x00, 0x00, 0x00, 0x00, 0x00, 0x00, 0x00, 0x00, 
	0x00, 0x00, 0x00, 0x00, 0x00, 0x00, 0x00, 0x00, 0x00, 0x00, 0x00, 0x00, 0x00, 0x00, 0x00, 0x00, 
	0x00, 0x00, 0x00, 0x00, 0x00, 0x00, 0x00, 0x00, 0x00, 0x00, 0x00, 0x00, 0x00, 0x00, 0x00, 0x00, 
	0x00, 0x00, 0x00, 0x00, 0x00, 0x00, 0x00, 0x00, 0x00, 0x00, 0x00, 0x00, 0x00, 0x00, 0x00, 0x00, 
	0x00, 0x00, 0x00, 0x00, 0x00, 0x00, 0x00, 0x00, 0x00, 0x00, 0x00, 0x00, 0x00, 0x00, 0x00, 0x00, 
	0x00, 0x00, 0x00, 0x00, 0x00, 0x00, 0x00, 0x00, 0x00, 0x00, 0x00, 0x00, 0x00, 0x00, 0x00, 0x00, 
	0x00, 0x00, 0x00, 0x00, 0x00, 0x00, 0x00, 0x00, 0x00, 0x00, 0x00, 0x00, 0x00, 0x00, 0x00, 0x00, 
	0x00, 0x00, 0x00, 0x00, 0x00, 0x00, 0x00, 0x00, 0x00, 0x00, 0x00, 0x00, 0x00, 0x00, 0x00, 0x00, 
	0x00, 0x00, 0x00, 0x00, 0x00, 0x00, 0x00, 0x00, 0x00, 0x00, 0x00, 0x00, 0x00, 0x00, 0x00, 0x00, 
	0x00, 0x00, 0x00, 0x00, 0x00, 0x00, 0x00, 0x00, 0x00, 0x00, 0x00, 0x00, 0x00, 0x00, 0x00, 0x00, 
	0x00, 0x00, 0x00, 0x00, 0x00, 0x00, 0x00, 0x00, 0x00, 0x00, 0x00, 0x00, 0x00, 0x00, 0x00, 0x00, 
	0x00, 0x00, 0x00, 0x00, 0x00, 0x00, 0x00, 0x00, 0x00, 0x00, 0x00, 0x00, 0x00, 0x00, 0x00, 0x00, 
	0x00, 0x00, 0x00, 0x00, 0x00, 0x00, 0x00, 0x00, 0x00, 0x00, 0x00, 0x00, 0x00, 0x00, 0x00, 0x00, 
	0x00, 0x00, 0x00, 0x00, 0x00, 0x00, 0x00, 0x00, 0x00, 0x00, 0x00, 0x00, 0x00, 0x00, 0x00, 0x00, 
	0x00, 0x00, 0x00, 0x00, 0x00, 0x00, 0x00, 0x00, 0x00, 0x00, 0x00, 0x00, 0x00, 0x00, 0x00, 0x00, 
	0x00, 0x00, 0x00, 0x00, 0x00, 0x00, 0x00, 0x00, 0x00, 0x00, 0x00, 0x00, 0x00, 0x00, 0x00, 0x00, 
	0x00, 0x00, 0x00, 0x00, 0x00, 0x00, 0x00, 0x00, 0x00, 0x00, 0x00, 0x00, 0x00, 0x00, 0x00, 0x00, 
	0x00, 0x00, 0x00, 0x00, 0x00, 0x00, 0x00, 0x00, 0x00, 0x00, 0x00, 0x00, 0x00, 0x00, 0x00, 0x00, 
	0x00, 0x00, 0x00, 0x00, 0x00, 0x00, 0x00, 0x00, 0x00, 0x00, 0x00, 0x00, 0x00, 0x00, 0x00, 0x00
};

const unsigned char KHUNG_bitmap[] PROGMEM = {
	0x00, 0x00, 0x00, 0x00, 0x00, 0x00, 0x00, 0x00, 0x00, 0x00, 0x00, 0x00, 0x00, 0x00, 0x00, 0x00, 
	0x00, 0x00, 0x00, 0x00, 0x00, 0x00, 0x00, 0x00, 0x00, 0x00, 0x00, 0x00, 0x00, 0x00, 0x00, 0x00, 
	0x00, 0x00, 0x00, 0x00, 0x00, 0x00, 0x00, 0x00, 0x00, 0x00, 0x00, 0x00, 0x00, 0x00, 0x00, 0x00, 
	0x00, 0x00, 0x00, 0x00, 0x00, 0x00, 0x00, 0x00, 0x00, 0x00, 0x00, 0x00, 0x00, 0x00, 0x00, 0x00, 
	0x00, 0x00, 0x00, 0x00, 0x00, 0x00, 0x00, 0x00, 0x00, 0x00, 0x00, 0x00, 0x00, 0x00, 0x00, 0x00, 
	0x00, 0x00, 0x00, 0x00, 0x00, 0x00, 0x00, 0x00, 0x00, 0x00, 0x00, 0x00, 0x00, 0x00, 0x00, 0x00, 
	0x00, 0x00, 0x00, 0x00, 0x00, 0x00, 0x00, 0x00, 0x00, 0x00, 0x00, 0x00, 0x00, 0x00, 0x00, 0x00, 
	0x00, 0x00, 0x00, 0x00, 0x00, 0x00, 0x00, 0x00, 0x00, 0x00, 0x00, 0x00, 0x00, 0x00, 0x00, 0x00, 
	0x00, 0x00, 0x00, 0x00, 0x00, 0x00, 0x00, 0x00, 0x00, 0x00, 0x00, 0x00, 0x00, 0x00, 0x00, 0x00, 
	0x00, 0x00, 0x00, 0x00, 0x00, 0x00, 0x00, 0x00, 0x00, 0x00, 0x00, 0x00, 0x00, 0x00, 0x00, 0x00, 
	0x00, 0x00, 0x00, 0x00, 0x00, 0x00, 0x00, 0x00, 0x00, 0x00, 0x00, 0x00, 0x00, 0x00, 0x00, 0x00, 
	0x00, 0x00, 0x00, 0x00, 0x00, 0x00, 0x00, 0x00, 0x00, 0x00, 0x00, 0x00, 0x00, 0x00, 0x00, 0x00, 
	0x00, 0x00, 0x00, 0x00, 0x00, 0x00, 0x00, 0x00, 0x00, 0x00, 0x00, 0x00, 0x00, 0x00, 0x00, 0x00, 
	0x00, 0x00, 0x00, 0x00, 0x00, 0x00, 0x00, 0x00, 0x00, 0x00, 0x00, 0x00, 0x00, 0x00, 0x00, 0x00, 
	0x00, 0x00, 0x00, 0x00, 0x00, 0x00, 0x00, 0x00, 0x00, 0x00, 0x00, 0x00, 0x00, 0x00, 0x00, 0x00, 
	0x00, 0x00, 0x00, 0x00, 0x00, 0x00, 0x00, 0x00, 0x00, 0x00, 0x00, 0x00, 0x00, 0x00, 0x00, 0x00, 
	0x00, 0x00, 0x00, 0x00, 0x00, 0x00, 0x00, 0x00, 0x00, 0x00, 0x00, 0x00, 0x00, 0x00, 0x00, 0x00, 
	0x00, 0x00, 0x00, 0x00, 0x00, 0x00, 0x00, 0x00, 0x00, 0x00, 0x00, 0x00, 0x00, 0x00, 0x00, 0x00, 
	0x00, 0x00, 0x00, 0x00, 0x00, 0x00, 0x00, 0x00, 0x00, 0x00, 0x00, 0x00, 0x00, 0x00, 0x00, 0x00, 
	0x00, 0x00, 0x00, 0x00, 0x00, 0x00, 0x00, 0x00, 0x00, 0x00, 0x00, 0x00, 0x00, 0x00, 0x00, 0x00, 
	0x00, 0x00, 0x00, 0x00, 0x00, 0x00, 0x00, 0x00, 0x00, 0x00, 0x00, 0x00, 0x00, 0x00, 0x00, 0x00, 
	0x00, 0x00, 0x00, 0x00, 0x00, 0x00, 0x00, 0x00, 0x00, 0x00, 0x00, 0x00, 0x00, 0x00, 0x00, 0x00, 
	0x00, 0x00, 0x00, 0x00, 0x00, 0x00, 0x00, 0x00, 0x00, 0x00, 0x00, 0x00, 0x00, 0x00, 0x00, 0x00, 
	0x00, 0x00, 0x00, 0x00, 0x00, 0x00, 0x00, 0x00, 0x00, 0x00, 0x00, 0x00, 0x00, 0x00, 0x00, 0x00, 
	0x00, 0x00, 0x00, 0x00, 0x00, 0x00, 0x00, 0x00, 0x00, 0x00, 0x00, 0x00, 0x00, 0x00, 0x00, 0x00, 
	0x00, 0x00, 0x00, 0x00, 0x00, 0x00, 0x00, 0x00, 0x00, 0x00, 0x00, 0x00, 0x00, 0x00, 0x00, 0x00, 
	0x00, 0x00, 0x00, 0x00, 0x00, 0x00, 0x00, 0x00, 0x00, 0x00, 0x00, 0x00, 0x00, 0x00, 0x00, 0x00, 
	0x00, 0x00, 0x00, 0x00, 0x00, 0x00, 0x00, 0x00, 0x00, 0x00, 0x00, 0x00, 0x00, 0x00, 0x00, 0x00, 
	0x00, 0x00, 0x00, 0x00, 0x00, 0x00, 0x00, 0x00, 0x00, 0x00, 0x00, 0x00, 0x00, 0x00, 0x00, 0x00, 
	0x00, 0x00, 0x00, 0x00, 0x00, 0x00, 0x00, 0x00, 0x00, 0x00, 0x00, 0x00, 0x00, 0x00, 0x00, 0x00, 
	0x00, 0x00, 0x00, 0x00, 0x00, 0x00, 0x00, 0x00, 0x00, 0x00, 0x00, 0x00, 0x00, 0x00, 0x00, 0x00, 
	0x00, 0x00, 0x00, 0x00, 0x00, 0x00, 0x00, 0x00, 0x00, 0x00, 0x00, 0x00, 0x00, 0x00, 0x00, 0x00, 
	0x00, 0x00, 0x00, 0x00, 0x00, 0x00, 0x00, 0x00, 0x00, 0x00, 0x00, 0x00, 0x00, 0x00, 0x00, 0x00, 
	0x00, 0x00, 0x00, 0x00, 0x00, 0x00, 0x00, 0x00, 0x00, 0x00, 0x00, 0x00, 0x00, 0x00, 0x00, 0x00, 
	0x00, 0x00, 0x00, 0x00, 0x00, 0x00, 0x00, 0x00, 0x00, 0x00, 0x00, 0x00, 0x00, 0x00, 0x00, 0x00, 
	0x00, 0x00, 0x07, 0xff, 0xff, 0xff, 0xff, 0xff, 0xff, 0xff, 0xff, 0xff, 0xff, 0xff, 0xff, 0xff, 
	0xff, 0xff, 0xff, 0xff, 0xff, 0xff, 0xff, 0xff, 0xff, 0xff, 0xff, 0xff, 0xff, 0xff, 0xff, 0xff, 
	0xff, 0xff, 0xff, 0xff, 0xff, 0xe0, 0x00, 0x00, 0x00, 0x00, 0x18, 0x00, 0x00, 0x00, 0x00, 0x00, 
	0x00, 0x00, 0x00, 0x00, 0x00, 0x00, 0x00, 0x00, 0x00, 0x00, 0x00, 0x00, 0x00, 0x00, 0x00, 0x00, 
	0x00, 0x00, 0x00, 0x00, 0x00, 0x00, 0x00, 0x00, 0x00, 0x00, 0x00, 0x00, 0x00, 0x18, 0x00, 0x00, 
	0x00, 0x00, 0x60, 0x00, 0x00, 0x00, 0x00, 0x00, 0x00, 0x00, 0x00, 0x00, 0x00, 0x00, 0x00, 0x00, 
	0x00, 0x00, 0x00, 0x00, 0x00, 0x00, 0x00, 0x00, 0x00, 0x00, 0x00, 0x00, 0x00, 0x00, 0x00, 0x00, 
	0x00, 0x00, 0x00, 0x00, 0x00, 0x06, 0x00, 0x00, 0x00, 0x00, 0x80, 0x00, 0x00, 0x00, 0x00, 0x00, 
	0x00, 0x00, 0x00, 0x00, 0x00, 0x00, 0x00, 0x00, 0x00, 0x00, 0x00, 0x00, 0x00, 0x00, 0x00, 0x00, 
	0x00, 0x00, 0x00, 0x00, 0x00, 0x00, 0x00, 0x00, 0x00, 0x00, 0x00, 0x00, 0x00, 0x01, 0x00, 0x00, 
	0x00, 0x00, 0x80, 0x00, 0x00, 0x00, 0x00, 0x00, 0x00, 0x00, 0x00, 0x00, 0x00, 0x00, 0x00, 0x00, 
	0x00, 0x00, 0x00, 0x00, 0x00, 0x00, 0x00, 0x00, 0x00, 0x00, 0x00, 0x00, 0x00, 0x00, 0x00, 0x00, 
	0x00, 0x00, 0x00, 0x00, 0x00, 0x01, 0x00, 0x00, 0x00, 0x01, 0x00, 0x00, 0x00, 0x00, 0x00, 0x00, 
	0x00, 0x00, 0x00, 0x00, 0x00, 0x00, 0x00, 0x00, 0x00, 0x00, 0x00, 0x00, 0x00, 0x00, 0x00, 0x00, 
	0x00, 0x00, 0x00, 0x00, 0x00, 0x00, 0x00, 0x00, 0x00, 0x00, 0x00, 0x00, 0x00, 0x00, 0x80, 0x00, 
	0x00, 0x01, 0x00, 0x00, 0x00, 0x00, 0x00, 0x00, 0x00, 0x00, 0x00, 0x00, 0x00, 0x00, 0x00, 0x00, 
	0x00, 0x00, 0x00, 0x00, 0x00, 0x00, 0x00, 0x00, 0x00, 0x00, 0x00, 0x00, 0x00, 0x00, 0x00, 0x00, 
	0x00, 0x00, 0x00, 0x00, 0x00, 0x00, 0x80, 0x00, 0x00, 0x02, 0x00, 0x00, 0x00, 0x00, 0x00, 0x00, 
	0x00, 0x00, 0x00, 0x00, 0x00, 0x00, 0x00, 0x00, 0x00, 0x00, 0x00, 0x00, 0x00, 0x00, 0x00, 0x00, 
	0x00, 0x00, 0x00, 0x00, 0x00, 0x00, 0x00, 0x00, 0x00, 0x00, 0x00, 0x00, 0x00, 0x00, 0x40, 0x00, 
	0x00, 0x02, 0x00, 0x00, 0x00, 0x00, 0x00, 0x00, 0x00, 0x00, 0x00, 0x00, 0x00, 0x00, 0x00, 0x00, 
	0x00, 0x00, 0x00, 0x00, 0x00, 0x00, 0x00, 0x00, 0x00, 0x00, 0x00, 0x00, 0x00, 0x00, 0x00, 0x00, 
	0x00, 0x00, 0x00, 0x00, 0x00, 0x00, 0x40, 0x00, 0x00, 0x02, 0x00, 0x00, 0x00, 0x00, 0x00, 0x00, 
	0x00, 0x00, 0x00, 0x00, 0x00, 0x00, 0x00, 0x00, 0x00, 0x00, 0x00, 0x00, 0x00, 0x00, 0x00, 0x00, 
	0x00, 0x00, 0x00, 0x00, 0x00, 0x00, 0x00, 0x00, 0x00, 0x00, 0x00, 0x00, 0x00, 0x00, 0x40, 0x00, 
	0x00, 0x02, 0x00, 0x00, 0x00, 0x00, 0x00, 0x00, 0x00, 0x00, 0x00, 0x00, 0x00, 0x00, 0x00, 0x00, 
	0x00, 0x00, 0x00, 0x00, 0x00, 0x00, 0x00, 0x00, 0x00, 0x00, 0x00, 0x00, 0x00, 0x00, 0x00, 0x00, 
	0x00, 0x00, 0x00, 0x00, 0x00, 0x00, 0x40, 0x00, 0x00, 0x02, 0x00, 0x00, 0x00, 0x00, 0x00, 0x00, 
	0x00, 0x00, 0x00, 0x00, 0x00, 0x00, 0x00, 0x00, 0x00, 0x00, 0x00, 0x00, 0x00, 0x00, 0x00, 0x00, 
	0x00, 0x00, 0x00, 0x00, 0x00, 0x00, 0x00, 0x00, 0x00, 0x00, 0x00, 0x00, 0x00, 0x00, 0x40, 0x00, 
	0x00, 0x02, 0x00, 0x00, 0x00, 0x00, 0x00, 0x00, 0x00, 0x00, 0x00, 0x00, 0x00, 0x00, 0x00, 0x00, 
	0x00, 0x00, 0x00, 0x00, 0x00, 0x00, 0x00, 0x00, 0x00, 0x00, 0x00, 0x00, 0x00, 0x00, 0x00, 0x00, 
	0x00, 0x00, 0x00, 0x00, 0x00, 0x00, 0x40, 0x00, 0x00, 0x02, 0x00, 0x00, 0x00, 0x00, 0x00, 0x00, 
	0x00, 0x00, 0x00, 0x00, 0x00, 0x00, 0x00, 0x00, 0x00, 0x00, 0x00, 0x00, 0x00, 0x00, 0x00, 0x00, 
	0x00, 0x00, 0x00, 0x00, 0x00, 0x00, 0x00, 0x00, 0x00, 0x00, 0x00, 0x00, 0x00, 0x00, 0x40, 0x00, 
	0x00, 0x02, 0x00, 0x00, 0x00, 0x00, 0x00, 0x00, 0x00, 0x00, 0x00, 0x00, 0x00, 0x00, 0x00, 0x00, 
	0x00, 0x00, 0x00, 0x00, 0x00, 0x00, 0x00, 0x00, 0x00, 0x00, 0x00, 0x00, 0x00, 0x00, 0x00, 0x00, 
	0x00, 0x00, 0x00, 0x00, 0x00, 0x00, 0x40, 0x00, 0x00, 0x02, 0x00, 0x00, 0x00, 0x00, 0x00, 0x00, 
	0x00, 0x00, 0x00, 0x00, 0x00, 0x00, 0x00, 0x00, 0x00, 0x00, 0x00, 0x00, 0x00, 0x00, 0x00, 0x00, 
	0x00, 0x00, 0x00, 0x00, 0x00, 0x00, 0x00, 0x00, 0x00, 0x00, 0x00, 0x00, 0x00, 0x00, 0x40, 0x00, 
	0x00, 0x02, 0x00, 0x00, 0x00, 0x00, 0x00, 0x00, 0x00, 0x00, 0x00, 0x00, 0x00, 0x00, 0x00, 0x00, 
	0x00, 0x00, 0x00, 0x00, 0x00, 0x00, 0x00, 0x00, 0x00, 0x00, 0x00, 0x00, 0x00, 0x00, 0x00, 0x00, 
	0x00, 0x00, 0x00, 0x00, 0x00, 0x00, 0x40, 0x00, 0x00, 0x02, 0x00, 0x00, 0x00, 0x00, 0x00, 0x00, 
	0x00, 0x00, 0x00, 0x00, 0x00, 0x00, 0x00, 0x00, 0x00, 0x00, 0x00, 0x00, 0x00, 0x00, 0x00, 0x00, 
	0x00, 0x00, 0x00, 0x00, 0x00, 0x00, 0x00, 0x00, 0x00, 0x00, 0x00, 0x00, 0x00, 0x00, 0x40, 0x00, 
	0x00, 0x02, 0x00, 0x00, 0x00, 0x00, 0x00, 0x00, 0x00, 0x00, 0x00, 0x00, 0x00, 0x00, 0x00, 0x00, 
	0x00, 0x00, 0x00, 0x00, 0x00, 0x00, 0x00, 0x00, 0x00, 0x00, 0x00, 0x00, 0x00, 0x00, 0x00, 0x00, 
	0x00, 0x00, 0x00, 0x00, 0x00, 0x00, 0x40, 0x00, 0x00, 0x02, 0x00, 0x00, 0x00, 0x00, 0x00, 0x00, 
	0x00, 0x00, 0x00, 0x00, 0x00, 0x00, 0x00, 0x00, 0x00, 0x00, 0x00, 0x00, 0x00, 0x00, 0x00, 0x00, 
	0x00, 0x00, 0x00, 0x00, 0x00, 0x00, 0x00, 0x00, 0x00, 0x00, 0x00, 0x00, 0x00, 0x00, 0x40, 0x00, 
	0x00, 0x02, 0x00, 0x00, 0x00, 0x00, 0x00, 0x00, 0x00, 0x00, 0x00, 0x00, 0x00, 0x00, 0x00, 0x00, 
	0x00, 0x00, 0x00, 0x00, 0x00, 0x00, 0x00, 0x00, 0x00, 0x00, 0x00, 0x00, 0x00, 0x00, 0x00, 0x00, 
	0x00, 0x00, 0x00, 0x00, 0x00, 0x00, 0x40, 0x00, 0x00, 0x02, 0x00, 0x00, 0x00, 0x00, 0x00, 0x00, 
	0x00, 0x00, 0x00, 0x00, 0x00, 0x00, 0x00, 0x00, 0x00, 0x00, 0x00, 0x00, 0x00, 0x00, 0x00, 0x00, 
	0x00, 0x00, 0x00, 0x00, 0x00, 0x00, 0x00, 0x00, 0x00, 0x00, 0x00, 0x00, 0x00, 0x00, 0x40, 0x00, 
	0x00, 0x02, 0x00, 0x00, 0x00, 0x00, 0x00, 0x00, 0x00, 0x00, 0x00, 0x00, 0x00, 0x00, 0x00, 0x00, 
	0x00, 0x00, 0x00, 0x00, 0x00, 0x00, 0x00, 0x00, 0x00, 0x00, 0x00, 0x00, 0x00, 0x00, 0x00, 0x00, 
	0x00, 0x00, 0x00, 0x00, 0x00, 0x00, 0x40, 0x00, 0x00, 0x02, 0x00, 0x00, 0x00, 0x00, 0x00, 0x00, 
	0x00, 0x00, 0x00, 0x00, 0x00, 0x00, 0x00, 0x00, 0x00, 0x00, 0x00, 0x00, 0x00, 0x00, 0x00, 0x00, 
	0x00, 0x00, 0x00, 0x00, 0x00, 0x00, 0x00, 0x00, 0x00, 0x00, 0x00, 0x00, 0x00, 0x00, 0x40, 0x00, 
	0x00, 0x02, 0x00, 0x00, 0x00, 0x00, 0x00, 0x00, 0x00, 0x00, 0x00, 0x00, 0x00, 0x00, 0x00, 0x00, 
	0x00, 0x00, 0x00, 0x00, 0x00, 0x00, 0x00, 0x00, 0x00, 0x00, 0x00, 0x00, 0x00, 0x00, 0x00, 0x00, 
	0x00, 0x00, 0x00, 0x00, 0x00, 0x00, 0x40, 0x00, 0x00, 0x02, 0x00, 0x00, 0x00, 0x00, 0x00, 0x00, 
	0x00, 0x00, 0x00, 0x00, 0x00, 0x00, 0x00, 0x00, 0x00, 0x00, 0x00, 0x00, 0x00, 0x00, 0x00, 0x00, 
	0x00, 0x00, 0x00, 0x00, 0x00, 0x00, 0x00, 0x00, 0x00, 0x00, 0x00, 0x00, 0x00, 0x00, 0x40, 0x00, 
	0x00, 0x02, 0x00, 0x00, 0x00, 0x00, 0x00, 0x00, 0x00, 0x00, 0x00, 0x00, 0x00, 0x00, 0x00, 0x00, 
	0x00, 0x00, 0x00, 0x00, 0x00, 0x00, 0x00, 0x00, 0x00, 0x00, 0x00, 0x00, 0x00, 0x00, 0x00, 0x00, 
	0x00, 0x00, 0x00, 0x00, 0x00, 0x00, 0x40, 0x00, 0x00, 0x02, 0x00, 0x00, 0x00, 0x00, 0x00, 0x00, 
	0x00, 0x00, 0x00, 0x00, 0x00, 0x00, 0x00, 0x00, 0x00, 0x00, 0x00, 0x00, 0x00, 0x00, 0x00, 0x00, 
	0x00, 0x00, 0x00, 0x00, 0x00, 0x00, 0x00, 0x00, 0x00, 0x00, 0x00, 0x00, 0x00, 0x00, 0x40, 0x00, 
	0x00, 0x02, 0x00, 0x00, 0x00, 0x00, 0x00, 0x00, 0x00, 0x00, 0x00, 0x00, 0x00, 0x00, 0x00, 0x00, 
	0x00, 0x00, 0x00, 0x00, 0x00, 0x00, 0x00, 0x00, 0x00, 0x00, 0x00, 0x00, 0x00, 0x00, 0x00, 0x00, 
	0x00, 0x00, 0x00, 0x00, 0x00, 0x00, 0x40, 0x00, 0x00, 0x02, 0x00, 0x00, 0x00, 0x00, 0x00, 0x00, 
	0x00, 0x00, 0x00, 0x00, 0x00, 0x00, 0x00, 0x00, 0x00, 0x00, 0x00, 0x00, 0x00, 0x00, 0x00, 0x00, 
	0x00, 0x00, 0x00, 0x00, 0x00, 0x00, 0x00, 0x00, 0x00, 0x00, 0x00, 0x00, 0x00, 0x00, 0x40, 0x00, 
	0x00, 0x02, 0x00, 0x00, 0x00, 0x00, 0x00, 0x00, 0x00, 0x00, 0x00, 0x00, 0x00, 0x00, 0x00, 0x00, 
	0x00, 0x00, 0x00, 0x00, 0x00, 0x00, 0x00, 0x00, 0x00, 0x00, 0x00, 0x00, 0x00, 0x00, 0x00, 0x00, 
	0x00, 0x00, 0x00, 0x00, 0x00, 0x00, 0x40, 0x00, 0x00, 0x02, 0x00, 0x00, 0x00, 0x00, 0x00, 0x00, 
	0x00, 0x00, 0x00, 0x00, 0x00, 0x00, 0x00, 0x00, 0x00, 0x00, 0x00, 0x00, 0x00, 0x00, 0x00, 0x00, 
	0x00, 0x00, 0x00, 0x00, 0x00, 0x00, 0x00, 0x00, 0x00, 0x00, 0x00, 0x00, 0x00, 0x00, 0x40, 0x00, 
	0x00, 0x02, 0x00, 0x00, 0x00, 0x00, 0x00, 0x00, 0x00, 0x00, 0x00, 0x00, 0x00, 0x00, 0x00, 0x00, 
	0x00, 0x00, 0x00, 0x00, 0x00, 0x00, 0x00, 0x00, 0x00, 0x00, 0x00, 0x00, 0x00, 0x00, 0x00, 0x00, 
	0x00, 0x00, 0x00, 0x00, 0x00, 0x00, 0x40, 0x00, 0x00, 0x02, 0x00, 0x00, 0x00, 0x00, 0x00, 0x00, 
	0x00, 0x00, 0x00, 0x00, 0x00, 0x00, 0x00, 0x00, 0x00, 0x00, 0x00, 0x00, 0x00, 0x00, 0x00, 0x00, 
	0x00, 0x00, 0x00, 0x00, 0x00, 0x00, 0x00, 0x00, 0x00, 0x00, 0x00, 0x00, 0x00, 0x00, 0x40, 0x00, 
	0x00, 0x02, 0x00, 0x00, 0x00, 0x00, 0x00, 0x00, 0x00, 0x00, 0x00, 0x00, 0x00, 0x00, 0x00, 0x00, 
	0x00, 0x00, 0x00, 0x00, 0x00, 0x00, 0x00, 0x00, 0x00, 0x00, 0x00, 0x00, 0x00, 0x00, 0x00, 0x00, 
	0x00, 0x00, 0x00, 0x00, 0x00, 0x00, 0x40, 0x00, 0x00, 0x02, 0x00, 0x00, 0x00, 0x00, 0x00, 0x00, 
	0x00, 0x00, 0x00, 0x00, 0x00, 0x00, 0x00, 0x00, 0x00, 0x00, 0x00, 0x00, 0x00, 0x00, 0x00, 0x00, 
	0x00, 0x00, 0x00, 0x00, 0x00, 0x00, 0x00, 0x00, 0x00, 0x00, 0x00, 0x00, 0x00, 0x00, 0x40, 0x00, 
	0x00, 0x02, 0x00, 0x00, 0x00, 0x00, 0x00, 0x00, 0x00, 0x00, 0x00, 0x00, 0x00, 0x00, 0x00, 0x00, 
	0x00, 0x00, 0x00, 0x00, 0x00, 0x00, 0x00, 0x00, 0x00, 0x00, 0x00, 0x00, 0x00, 0x00, 0x00, 0x00, 
	0x00, 0x00, 0x00, 0x00, 0x00, 0x00, 0x40, 0x00, 0x00, 0x02, 0x00, 0x00, 0x00, 0x00, 0x00, 0x00, 
	0x00, 0x00, 0x00, 0x00, 0x00, 0x00, 0x00, 0x00, 0x00, 0x00, 0x00, 0x00, 0x00, 0x00, 0x00, 0x00, 
	0x00, 0x00, 0x00, 0x00, 0x00, 0x00, 0x00, 0x00, 0x00, 0x00, 0x00, 0x00, 0x00, 0x00, 0x40, 0x00, 
	0x00, 0x02, 0x00, 0x00, 0x00, 0x00, 0x00, 0x00, 0x00, 0x00, 0x00, 0x00, 0x00, 0x00, 0x00, 0x00, 
	0x00, 0x00, 0x00, 0x00, 0x00, 0x00, 0x00, 0x00, 0x00, 0x00, 0x00, 0x00, 0x00, 0x00, 0x00, 0x00, 
	0x00, 0x00, 0x00, 0x00, 0x00, 0x00, 0x40, 0x00, 0x00, 0x02, 0x00, 0x00, 0x00, 0x00, 0x00, 0x00, 
	0x00, 0x00, 0x00, 0x00, 0x00, 0x00, 0x00, 0x00, 0x00, 0x00, 0x00, 0x00, 0x00, 0x00, 0x00, 0x00, 
	0x00, 0x00, 0x00, 0x00, 0x00, 0x00, 0x00, 0x00, 0x00, 0x00, 0x00, 0x00, 0x00, 0x00, 0x40, 0x00, 
	0x00, 0x02, 0x00, 0x00, 0x00, 0x00, 0x00, 0x00, 0x00, 0x00, 0x00, 0x00, 0x00, 0x00, 0x00, 0x00, 
	0x00, 0x00, 0x00, 0x00, 0x00, 0x00, 0x00, 0x00, 0x00, 0x00, 0x00, 0x00, 0x00, 0x00, 0x00, 0x00, 
	0x00, 0x00, 0x00, 0x00, 0x00, 0x00, 0x40, 0x00, 0x00, 0x02, 0x00, 0x00, 0x00, 0x00, 0x00, 0x00, 
	0x00, 0x00, 0x00, 0x00, 0x00, 0x00, 0x00, 0x00, 0x00, 0x00, 0x00, 0x00, 0x00, 0x00, 0x00, 0x00, 
	0x00, 0x00, 0x00, 0x00, 0x00, 0x00, 0x00, 0x00, 0x00, 0x00, 0x00, 0x00, 0x00, 0x00, 0x40, 0x00, 
	0x00, 0x02, 0x00, 0x00, 0x00, 0x00, 0x00, 0x00, 0x00, 0x00, 0x00, 0x00, 0x00, 0x00, 0x00, 0x00, 
	0x00, 0x00, 0x00, 0x00, 0x00, 0x00, 0x00, 0x00, 0x00, 0x00, 0x00, 0x00, 0x00, 0x00, 0x00, 0x00, 
	0x00, 0x00, 0x00, 0x00, 0x00, 0x00, 0x40, 0x00, 0x00, 0x02, 0x00, 0x00, 0x00, 0x00, 0x00, 0x00, 
	0x00, 0x00, 0x00, 0x00, 0x00, 0x00, 0x00, 0x00, 0x00, 0x00, 0x00, 0x00, 0x00, 0x00, 0x00, 0x00, 
	0x00, 0x00, 0x00, 0x00, 0x00, 0x00, 0x00, 0x00, 0x00, 0x00, 0x00, 0x00, 0x00, 0x00, 0x40, 0x00, 
	0x00, 0x02, 0x00, 0x00, 0x00, 0x00, 0x00, 0x00, 0x00, 0x00, 0x00, 0x00, 0x00, 0x00, 0x00, 0x00, 
	0x00, 0x00, 0x00, 0x00, 0x00, 0x00, 0x00, 0x00, 0x00, 0x00, 0x00, 0x00, 0x00, 0x00, 0x00, 0x00, 
	0x00, 0x00, 0x00, 0x00, 0x00, 0x00, 0x40, 0x00, 0x00, 0x02, 0x00, 0x00, 0x00, 0x00, 0x00, 0x00, 
	0x00, 0x00, 0x00, 0x00, 0x00, 0x00, 0x00, 0x00, 0x00, 0x00, 0x00, 0x00, 0x00, 0x00, 0x00, 0x00, 
	0x00, 0x00, 0x00, 0x00, 0x00, 0x00, 0x00, 0x00, 0x00, 0x00, 0x00, 0x00, 0x00, 0x00, 0x40, 0x00, 
	0x00, 0x02, 0x00, 0x00, 0x00, 0x00, 0x00, 0x00, 0x00, 0x00, 0x00, 0x00, 0x00, 0x00, 0x00, 0x00, 
	0x00, 0x00, 0x00, 0x00, 0x00, 0x00, 0x00, 0x00, 0x00, 0x00, 0x00, 0x00, 0x00, 0x00, 0x00, 0x00, 
	0x00, 0x00, 0x00, 0x00, 0x00, 0x00, 0x40, 0x00, 0x00, 0x02, 0x00, 0x00, 0x00, 0x00, 0x00, 0x00, 
	0x00, 0x00, 0x00, 0x00, 0x00, 0x00, 0x00, 0x00, 0x00, 0x00, 0x00, 0x00, 0x00, 0x00, 0x00, 0x00, 
	0x00, 0x00, 0x00, 0x00, 0x00, 0x00, 0x00, 0x00, 0x00, 0x00, 0x00, 0x00, 0x00, 0x00, 0x40, 0x00, 
	0x00, 0x02, 0x00, 0x00, 0x00, 0x00, 0x00, 0x00, 0x00, 0x00, 0x00, 0x00, 0x00, 0x00, 0x00, 0x00, 
	0x00, 0x00, 0x00, 0x00, 0x00, 0x00, 0x00, 0x00, 0x00, 0x00, 0x00, 0x00, 0x00, 0x00, 0x00, 0x00, 
	0x00, 0x00, 0x00, 0x00, 0x00, 0x00, 0x40, 0x00, 0x00, 0x02, 0x00, 0x00, 0x00, 0x00, 0x00, 0x00, 
	0x00, 0x00, 0x00, 0x00, 0x00, 0x00, 0x00, 0x00, 0x00, 0x00, 0x00, 0x00, 0x00, 0x00, 0x00, 0x00, 
	0x00, 0x00, 0x00, 0x00, 0x00, 0x00, 0x00, 0x00, 0x00, 0x00, 0x00, 0x00, 0x00, 0x00, 0x40, 0x00, 
	0x00, 0x02, 0x00, 0x00, 0x00, 0x00, 0x00, 0x00, 0x00, 0x00, 0x00, 0x00, 0x00, 0x00, 0x00, 0x00, 
	0x00, 0x00, 0x00, 0x00, 0x00, 0x00, 0x00, 0x00, 0x00, 0x00, 0x00, 0x00, 0x00, 0x00, 0x00, 0x00, 
	0x00, 0x00, 0x00, 0x00, 0x00, 0x00, 0x40, 0x00, 0x00, 0x02, 0x00, 0x00, 0x00, 0x00, 0x00, 0x00, 
	0x00, 0x00, 0x00, 0x00, 0x00, 0x00, 0x00, 0x00, 0x00, 0x00, 0x00, 0x00, 0x00, 0x00, 0x00, 0x00, 
	0x00, 0x00, 0x00, 0x00, 0x00, 0x00, 0x00, 0x00, 0x00, 0x00, 0x00, 0x00, 0x00, 0x00, 0x40, 0x00, 
	0x00, 0x02, 0x00, 0x00, 0x00, 0x00, 0x00, 0x00, 0x00, 0x00, 0x00, 0x00, 0x00, 0x00, 0x00, 0x00, 
	0x00, 0x00, 0x00, 0x00, 0x00, 0x00, 0x00, 0x00, 0x00, 0x00, 0x00, 0x00, 0x00, 0x00, 0x00, 0x00, 
	0x00, 0x00, 0x00, 0x00, 0x00, 0x00, 0x40, 0x00, 0x00, 0x02, 0x00, 0x00, 0x00, 0x00, 0x00, 0x00, 
	0x00, 0x00, 0x00, 0x00, 0x00, 0x00, 0x00, 0x00, 0x00, 0x00, 0x00, 0x00, 0x00, 0x00, 0x00, 0x00, 
	0x00, 0x00, 0x00, 0x00, 0x00, 0x00, 0x00, 0x00, 0x00, 0x00, 0x00, 0x00, 0x00, 0x00, 0x40, 0x00, 
	0x00, 0x02, 0x00, 0x00, 0x00, 0x00, 0x00, 0x00, 0x00, 0x00, 0x00, 0x00, 0x00, 0x00, 0x00, 0x00, 
	0x00, 0x00, 0x00, 0x00, 0x00, 0x00, 0x00, 0x00, 0x00, 0x00, 0x00, 0x00, 0x00, 0x00, 0x00, 0x00, 
	0x00, 0x00, 0x00, 0x00, 0x00, 0x00, 0x40, 0x00, 0x00, 0x02, 0x00, 0x00, 0x00, 0x00, 0x00, 0x00, 
	0x00, 0x00, 0x00, 0x00, 0x00, 0x00, 0x00, 0x00, 0x00, 0x00, 0x00, 0x00, 0x00, 0x00, 0x00, 0x00, 
	0x00, 0x00, 0x00, 0x00, 0x00, 0x00, 0x00, 0x00, 0x00, 0x00, 0x00, 0x00, 0x00, 0x00, 0x40, 0x00, 
	0x00, 0x02, 0x00, 0x00, 0x00, 0x00, 0x00, 0x00, 0x00, 0x00, 0x00, 0x00, 0x00, 0x00, 0x00, 0x00, 
	0x00, 0x00, 0x00, 0x00, 0x00, 0x00, 0x00, 0x00, 0x00, 0x00, 0x00, 0x00, 0x00, 0x00, 0x00, 0x00, 
	0x00, 0x00, 0x00, 0x00, 0x00, 0x00, 0x40, 0x00, 0x00, 0x02, 0x00, 0x00, 0x00, 0x00, 0x00, 0x00, 
	0x00, 0x00, 0x00, 0x00, 0x00, 0x00, 0x00, 0x00, 0x00, 0x00, 0x00, 0x00, 0x00, 0x00, 0x00, 0x00, 
	0x00, 0x00, 0x00, 0x00, 0x00, 0x00, 0x00, 0x00, 0x00, 0x00, 0x00, 0x00, 0x00, 0x00, 0x40, 0x00, 
	0x00, 0x02, 0x00, 0x00, 0x00, 0x00, 0x00, 0x00, 0x00, 0x00, 0x00, 0x00, 0x00, 0x00, 0x00, 0x00, 
	0x00, 0x00, 0x00, 0x00, 0x00, 0x00, 0x00, 0x00, 0x00, 0x00, 0x00, 0x00, 0x00, 0x00, 0x00, 0x00, 
	0x00, 0x00, 0x00, 0x00, 0x00, 0x00, 0x40, 0x00, 0x00, 0x02, 0x00, 0x00, 0x00, 0x00, 0x00, 0x00, 
	0x00, 0x00, 0x00, 0x00, 0x00, 0x00, 0x00, 0x00, 0x00, 0x00, 0x00, 0x00, 0x00, 0x00, 0x00, 0x00, 
	0x00, 0x00, 0x00, 0x00, 0x00, 0x00, 0x00, 0x00, 0x00, 0x00, 0x00, 0x00, 0x00, 0x00, 0x40, 0x00, 
	0x00, 0x02, 0x00, 0x00, 0x00, 0x00, 0x00, 0x00, 0x00, 0x00, 0x00, 0x00, 0x00, 0x00, 0x00, 0x00, 
	0x00, 0x00, 0x00, 0x00, 0x00, 0x00, 0x00, 0x00, 0x00, 0x00, 0x00, 0x00, 0x00, 0x00, 0x00, 0x00, 
	0x00, 0x00, 0x00, 0x00, 0x00, 0x00, 0x40, 0x00, 0x00, 0x02, 0x00, 0x00, 0x00, 0x00, 0x00, 0x00, 
	0x00, 0x00, 0x00, 0x00, 0x00, 0x00, 0x00, 0x00, 0x00, 0x00, 0x00, 0x00, 0x00, 0x00, 0x00, 0x00, 
	0x00, 0x00, 0x00, 0x00, 0x00, 0x00, 0x00, 0x00, 0x00, 0x00, 0x00, 0x00, 0x00, 0x00, 0x40, 0x00, 
	0x00, 0x02, 0x00, 0x00, 0x00, 0x00, 0x00, 0x00, 0x00, 0x00, 0x00, 0x00, 0x00, 0x00, 0x00, 0x00, 
	0x00, 0x00, 0x00, 0x00, 0x00, 0x00, 0x00, 0x00, 0x00, 0x00, 0x00, 0x00, 0x00, 0x00, 0x00, 0x00, 
	0x00, 0x00, 0x00, 0x00, 0x00, 0x00, 0x40, 0x00, 0x00, 0x02, 0x00, 0x00, 0x00, 0x00, 0x00, 0x00, 
	0x00, 0x00, 0x00, 0x00, 0x00, 0x00, 0x00, 0x00, 0x00, 0x00, 0x00, 0x00, 0x00, 0x00, 0x00, 0x00, 
	0x00, 0x00, 0x00, 0x00, 0x00, 0x00, 0x00, 0x00, 0x00, 0x00, 0x00, 0x00, 0x00, 0x00, 0x40, 0x00, 
	0x00, 0x02, 0x00, 0x00, 0x00, 0x00, 0x00, 0x00, 0x00, 0x00, 0x00, 0x00, 0x00, 0x00, 0x00, 0x00, 
	0x00, 0x00, 0x00, 0x00, 0x00, 0x00, 0x00, 0x00, 0x00, 0x00, 0x00, 0x00, 0x00, 0x00, 0x00, 0x00, 
	0x00, 0x00, 0x00, 0x00, 0x00, 0x00, 0x40, 0x00, 0x00, 0x02, 0x00, 0x00, 0x00, 0x00, 0x00, 0x00, 
	0x00, 0x00, 0x00, 0x00, 0x00, 0x00, 0x00, 0x00, 0x00, 0x00, 0x00, 0x00, 0x00, 0x00, 0x00, 0x00, 
	0x00, 0x00, 0x00, 0x00, 0x00, 0x00, 0x00, 0x00, 0x00, 0x00, 0x00, 0x00, 0x00, 0x00, 0x40, 0x00, 
	0x00, 0x02, 0x00, 0x00, 0x00, 0x00, 0x00, 0x00, 0x00, 0x00, 0x00, 0x00, 0x00, 0x00, 0x00, 0x00, 
	0x00, 0x00, 0x00, 0x00, 0x00, 0x00, 0x00, 0x00, 0x00, 0x00, 0x00, 0x00, 0x00, 0x00, 0x00, 0x00, 
	0x00, 0x00, 0x00, 0x00, 0x00, 0x00, 0x40, 0x00, 0x00, 0x02, 0x00, 0x00, 0x00, 0x00, 0x00, 0x00, 
	0x00, 0x00, 0x00, 0x00, 0x00, 0x00, 0x00, 0x00, 0x00, 0x00, 0x00, 0x00, 0x00, 0x00, 0x00, 0x00, 
	0x00, 0x00, 0x00, 0x00, 0x00, 0x00, 0x00, 0x00, 0x00, 0x00, 0x00, 0x00, 0x00, 0x00, 0x40, 0x00, 
	0x00, 0x02, 0x00, 0x00, 0x00, 0x00, 0x00, 0x00, 0x00, 0x00, 0x00, 0x00, 0x00, 0x00, 0x00, 0x00, 
	0x00, 0x00, 0x00, 0x00, 0x00, 0x00, 0x00, 0x00, 0x00, 0x00, 0x00, 0x00, 0x00, 0x00, 0x00, 0x00, 
	0x00, 0x00, 0x00, 0x00, 0x00, 0x00, 0x40, 0x00, 0x00, 0x02, 0x00, 0x00, 0x00, 0x00, 0x00, 0x00, 
	0x00, 0x00, 0x00, 0x00, 0x00, 0x00, 0x00, 0x00, 0x00, 0x00, 0x00, 0x00, 0x00, 0x00, 0x00, 0x00, 
	0x00, 0x00, 0x00, 0x00, 0x00, 0x00, 0x00, 0x00, 0x00, 0x00, 0x00, 0x00, 0x00, 0x00, 0x40, 0x00, 
	0x00, 0x02, 0x00, 0x00, 0x00, 0x00, 0x00, 0x00, 0x00, 0x00, 0x00, 0x00, 0x00, 0x00, 0x00, 0x00, 
	0x00, 0x00, 0x00, 0x00, 0x00, 0x00, 0x00, 0x00, 0x00, 0x00, 0x00, 0x00, 0x00, 0x00, 0x00, 0x00, 
	0x00, 0x00, 0x00, 0x00, 0x00, 0x00, 0x40, 0x00, 0x00, 0x02, 0x00, 0x00, 0x00, 0x00, 0x00, 0x00, 
	0x00, 0x00, 0x00, 0x00, 0x00, 0x00, 0x00, 0x00, 0x00, 0x00, 0x00, 0x00, 0x00, 0x00, 0x00, 0x00, 
	0x00, 0x00, 0x00, 0x00, 0x00, 0x00, 0x00, 0x00, 0x00, 0x00, 0x00, 0x00, 0x00, 0x00, 0x40, 0x00, 
	0x00, 0x02, 0x00, 0x00, 0x00, 0x00, 0x00, 0x00, 0x00, 0x00, 0x00, 0x00, 0x00, 0x00, 0x00, 0x00, 
	0x00, 0x00, 0x00, 0x00, 0x00, 0x00, 0x00, 0x00, 0x00, 0x00, 0x00, 0x00, 0x00, 0x00, 0x00, 0x00, 
	0x00, 0x00, 0x00, 0x00, 0x00, 0x00, 0x40, 0x00, 0x00, 0x01, 0x00, 0x00, 0x00, 0x00, 0x00, 0x00, 
	0x00, 0x00, 0x00, 0x00, 0x00, 0x00, 0x00, 0x00, 0x00, 0x00, 0x00, 0x00, 0x00, 0x00, 0x00, 0x00, 
	0x00, 0x00, 0x00, 0x00, 0x00, 0x00, 0x00, 0x00, 0x00, 0x00, 0x00, 0x00, 0x00, 0x00, 0x80, 0x00, 
	0x00, 0x01, 0x00, 0x00, 0x00, 0x00, 0x00, 0x00, 0x00, 0x00, 0x00, 0x00, 0x00, 0x00, 0x00, 0x00, 
	0x00, 0x00, 0x00, 0x00, 0x00, 0x00, 0x00, 0x00, 0x00, 0x00, 0x00, 0x00, 0x00, 0x00, 0x00, 0x00, 
	0x00, 0x00, 0x00, 0x00, 0x00, 0x00, 0x80, 0x00, 0x00, 0x00, 0x80, 0x00, 0x00, 0x00, 0x00, 0x00, 
	0x00, 0x00, 0x00, 0x00, 0x00, 0x00, 0x00, 0x00, 0x00, 0x00, 0x00, 0x00, 0x00, 0x00, 0x00, 0x00, 
	0x00, 0x00, 0x00, 0x00, 0x00, 0x00, 0x00, 0x00, 0x00, 0x00, 0x00, 0x00, 0x00, 0x01, 0x00, 0x00, 
	0x00, 0x00, 0x80, 0x00, 0x00, 0x00, 0x00, 0x00, 0x00, 0x00, 0x00, 0x00, 0x00, 0x00, 0x00, 0x00, 
	0x00, 0x00, 0x00, 0x00, 0x00, 0x00, 0x00, 0x00, 0x00, 0x00, 0x00, 0x00, 0x00, 0x00, 0x00, 0x00, 
	0x00, 0x00, 0x00, 0x00, 0x00, 0x01, 0x00, 0x00, 0x00, 0x00, 0x60, 0x00, 0x00, 0x00, 0x00, 0x00, 
	0x00, 0x00, 0x00, 0x00, 0x00, 0x00, 0x00, 0x00, 0x00, 0x00, 0x00, 0x00, 0x00, 0x00, 0x00, 0x00, 
	0x00, 0x00, 0x00, 0x00, 0x00, 0x00, 0x00, 0x00, 0x00, 0x00, 0x00, 0x00, 0x00, 0x06, 0x00, 0x00, 
	0x00, 0x00, 0x18, 0x00, 0x00, 0x00, 0x00, 0x00, 0x00, 0x00, 0x00, 0x00, 0x00, 0x00, 0x00, 0x00, 
	0x00, 0x00, 0x00, 0x00, 0x00, 0x00, 0x00, 0x00, 0x00, 0x00, 0x00, 0x00, 0x00, 0x00, 0x00, 0x00, 
	0x00, 0x00, 0x00, 0x00, 0x00, 0x18, 0x00, 0x00, 0x00, 0x00, 0x07, 0xff, 0xff, 0xff, 0xff, 0xff, 
	0xff, 0xff, 0xff, 0xff, 0xff, 0xff, 0xff, 0xff, 0xff, 0xff, 0xff, 0xff, 0xff, 0xff, 0xff, 0xff, 
	0xff, 0xff, 0xff, 0xff, 0xff, 0xff, 0xff, 0xff, 0xff, 0xff, 0xff, 0xff, 0xff, 0xe0, 0x00, 0x00, 
	0x00, 0x00, 0x00, 0x00, 0x00, 0x00, 0x00, 0x00, 0x00, 0x00, 0x00, 0x00, 0x00, 0x00, 0x00, 0x00, 
	0x00, 0x00, 0x00, 0x00, 0x00, 0x00, 0x00, 0x00, 0x00, 0x00, 0x00, 0x00, 0x00, 0x00, 0x00, 0x00, 
	0x00, 0x00, 0x00, 0x00, 0x00, 0x00, 0x00, 0x00, 0x00, 0x00, 0x00, 0x00, 0x00, 0x00, 0x00, 0x00, 
	0x00, 0x00, 0x00, 0x00, 0x00, 0x00, 0x00, 0x00, 0x00, 0x00, 0x00, 0x00, 0x00, 0x00, 0x00, 0x00, 
	0x00, 0x00, 0x00, 0x00, 0x00, 0x00, 0x00, 0x00, 0x00, 0x00, 0x00, 0x00, 0x00, 0x00, 0x00, 0x00, 
	0x00, 0x00, 0x00, 0x00, 0x00, 0x00, 0x00, 0x00, 0x00, 0x00, 0x00, 0x00, 0x00, 0x00, 0x00, 0x00, 
	0x00, 0x00, 0x00, 0x00, 0x00, 0x00, 0x00, 0x00, 0x00, 0x00, 0x00, 0x00, 0x00, 0x00, 0x00, 0x00, 
	0x00, 0x00, 0x00, 0x00, 0x00, 0x00, 0x00, 0x00, 0x00, 0x00, 0x00, 0x00, 0x00, 0x00, 0x00, 0x00, 
	0x00, 0x00, 0x00, 0x00, 0x00, 0x00, 0x00, 0x00, 0x00, 0x00, 0x00, 0x00, 0x00, 0x00, 0x00, 0x00, 
	0x00, 0x00, 0x00, 0x00, 0x00, 0x00, 0x00, 0x00, 0x00, 0x00, 0x00, 0x00, 0x00, 0x00, 0x00, 0x00, 
	0x00, 0x00, 0x00, 0x00, 0x00, 0x00, 0x00, 0x00, 0x00, 0x00, 0x00, 0x00, 0x00, 0x00, 0x00, 0x00, 
	0x00, 0x00, 0x00, 0x00, 0x00, 0x00, 0x00, 0x00, 0x00, 0x00, 0x00, 0x00, 0x00, 0x00, 0x00, 0x00, 
	0x00, 0x00, 0x00, 0x00, 0x00, 0x00, 0x00, 0x00, 0x00, 0x00, 0x00, 0x00, 0x00, 0x00, 0x00, 0x00, 
	0x00, 0x00, 0x00, 0x00, 0x00, 0x00, 0x00, 0x00, 0x00, 0x00, 0x00, 0x00, 0x00, 0x00, 0x00, 0x00, 
	0x00, 0x00, 0x00, 0x00, 0x00, 0x00, 0x00, 0x00, 0x00, 0x00, 0x00, 0x00, 0x00, 0x00, 0x00, 0x00, 
	0x00, 0x00, 0x00, 0x00, 0x00, 0x00, 0x00, 0x00, 0x00, 0x00, 0x00, 0x00, 0x00, 0x00, 0x00, 0x00, 
	0x00, 0x00, 0x00, 0x00, 0x00, 0x00, 0x00, 0x00, 0x00, 0x00, 0x00, 0x00, 0x00, 0x00, 0x00, 0x00, 
	0x00, 0x00, 0x00, 0x00, 0x00, 0x00, 0x00, 0x00, 0x00, 0x00, 0x00, 0x00, 0x00, 0x00, 0x00, 0x00, 
	0x00, 0x00, 0x00, 0x00, 0x00, 0x00, 0x00, 0x00, 0x00, 0x00, 0x00, 0x00, 0x00, 0x00, 0x00, 0x00, 
	0x00, 0x00, 0x00, 0x00, 0x00, 0x00, 0x00, 0x00, 0x00, 0x00, 0x00, 0x00, 0x00, 0x00, 0x00, 0x00, 
	0x00, 0x00, 0x00, 0x00, 0x00, 0x00, 0x00, 0x00, 0x00, 0x00, 0x00, 0x00, 0x00, 0x00, 0x00, 0x00, 
	0x00, 0x00, 0x00, 0x00, 0x00, 0x00, 0x00, 0x00, 0x00, 0x00, 0x00, 0x00, 0x00, 0x00, 0x00, 0x00, 
	0x00, 0x00, 0x00, 0x00, 0x00, 0x00, 0x00, 0x00, 0x00, 0x00, 0x00, 0x00, 0x00, 0x00, 0x00, 0x00, 
	0x00, 0x00, 0x00, 0x00, 0x00, 0x00, 0x00, 0x00, 0x00, 0x00, 0x00, 0x00, 0x00, 0x00, 0x00, 0x00, 
	0x00, 0x00, 0x00, 0x00, 0x00, 0x00, 0x00, 0x00, 0x00, 0x00, 0x00, 0x00, 0x00, 0x00, 0x00, 0x00, 
	0x00, 0x00, 0x00, 0x00, 0x00, 0x00, 0x00, 0x00, 0x00, 0x00, 0x00, 0x00, 0x00, 0x00, 0x00, 0x00, 
	0x00, 0x00, 0x00, 0x00, 0x00, 0x00, 0x00, 0x00, 0x00, 0x00, 0x00, 0x00, 0x00, 0x00, 0x00, 0x00, 
	0x00, 0x00, 0x00, 0x00, 0x00, 0x00, 0x00, 0x00, 0x00, 0x00, 0x00, 0x00, 0x00, 0x00, 0x00, 0x00, 
	0x00, 0x00, 0x00, 0x00, 0x00, 0x00, 0x00, 0x00, 0x00, 0x00, 0x00, 0x00, 0x00, 0x00, 0x00, 0x00, 
	0x00, 0x00, 0x00, 0x00, 0x00, 0x00, 0x00, 0x00, 0x00, 0x00, 0x00, 0x00, 0x00, 0x00, 0x00, 0x00, 
	0x00, 0x00, 0x00, 0x00, 0x00, 0x00, 0x00, 0x00, 0x00, 0x00, 0x00, 0x00, 0x00, 0x00, 0x00, 0x00, 
	0x00, 0x00, 0x00, 0x00, 0x00, 0x00, 0x00, 0x00, 0x00, 0x00, 0x00, 0x00, 0x00, 0x00, 0x00, 0x00, 
	0x00, 0x00, 0x00, 0x00, 0x00, 0x00, 0x00, 0x00, 0x00, 0x00, 0x00, 0x00, 0x00, 0x00, 0x00, 0x00, 
	0x00, 0x00, 0x00, 0x00, 0x00, 0x00, 0x00, 0x00, 0x00, 0x00, 0x00, 0x00, 0x00, 0x00, 0x00, 0x00, 
	0x00, 0x00, 0x00, 0x00, 0x00, 0x00, 0x00, 0x00, 0x00, 0x00, 0x00, 0x00, 0x00, 0x00, 0x00, 0x00, 
	0x00, 0x00, 0x00, 0x00, 0x00, 0x00, 0x00, 0x00, 0x00, 0x00, 0x00, 0x00, 0x00, 0x00, 0x00, 0x00, 
	0x00, 0x00, 0x00, 0x00, 0x00, 0x00, 0x00, 0x00, 0x00, 0x00, 0x00, 0x00, 0x00, 0x00, 0x00, 0x00, 
	0x00, 0x00, 0x00, 0x00, 0x00, 0x00, 0x00, 0x00, 0x00, 0x00, 0x00, 0x00, 0x00, 0x00, 0x00, 0x00, 
	0x00, 0x00, 0x00, 0x00, 0x00, 0x00, 0x00, 0x00, 0x00, 0x00, 0x00, 0x00, 0x00, 0x00, 0x00, 0x00, 
	0x00, 0x00, 0x00, 0x00, 0x00, 0x00, 0x00, 0x00, 0x00, 0x00, 0x00, 0x00, 0x00, 0x00, 0x00, 0x00, 
	0x00, 0x00, 0x00, 0x00, 0x00, 0x00, 0x00, 0x00, 0x00, 0x00, 0x00, 0x00, 0x00, 0x00, 0x00, 0x00, 
	0x00, 0x00, 0x00, 0x00, 0x00, 0x00, 0x00, 0x00, 0x00, 0x00, 0x00, 0x00, 0x00, 0x00, 0x00, 0x00, 
	0x00, 0x00, 0x00, 0x00, 0x00, 0x00, 0x00, 0x00, 0x00, 0x00, 0x07, 0xff, 0xff, 0xff, 0xff, 0xff, 
	0xff, 0xff, 0xff, 0xff, 0xff, 0xff, 0xff, 0x80, 0x00, 0x00, 0x00, 0x00, 0x00, 0x00, 0x00, 0x00, 
	0x01, 0xff, 0xff, 0xff, 0xff, 0xff, 0xff, 0xff, 0xff, 0xff, 0xff, 0xff, 0xff, 0xe0, 0x00, 0x00, 
	0x00, 0x00, 0x18, 0x00, 0x00, 0x00, 0x00, 0x00, 0x00, 0x00, 0x00, 0x00, 0x00, 0x00, 0x00, 0x60, 
	0x00, 0x00, 0x00, 0x00, 0x00, 0x00, 0x00, 0x00, 0x06, 0x00, 0x00, 0x00, 0x00, 0x00, 0x00, 0x00, 
	0x00, 0x00, 0x00, 0x00, 0x00, 0x18, 0x00, 0x00, 0x00, 0x00, 0x60, 0x00, 0x00, 0x00, 0x00, 0x00, 
	0x00, 0x00, 0x00, 0x00, 0x00, 0x00, 0x00, 0x18, 0x00, 0x00, 0x00, 0x00, 0x00, 0x00, 0x00, 0x00, 
	0x18, 0x00, 0x00, 0x00, 0x00, 0x00, 0x00, 0x00, 0x00, 0x00, 0x00, 0x00, 0x00, 0x06, 0x00, 0x00, 
	0x00, 0x00, 0x80, 0x00, 0x00, 0x00, 0x00, 0x00, 0x00, 0x00, 0x00, 0x00, 0x00, 0x00, 0x00, 0x04, 
	0x00, 0x00, 0x00, 0x00, 0x00, 0x00, 0x00, 0x00, 0x20, 0x00, 0x00, 0x00, 0x00, 0x00, 0x00, 0x00, 
	0x00, 0x00, 0x00, 0x00, 0x00, 0x01, 0x00, 0x00, 0x00, 0x00, 0x80, 0x00, 0x00, 0x00, 0x00, 0x00, 
	0x00, 0x00, 0x00, 0x00, 0x00, 0x00, 0x00, 0x04, 0x00, 0x00, 0x00, 0x00, 0x00, 0x00, 0x00, 0x00, 
	0x20, 0x00, 0x00, 0x00, 0x00, 0x00, 0x00, 0x00, 0x00, 0x00, 0x00, 0x00, 0x00, 0x01, 0x00, 0x00, 
	0x00, 0x01, 0x00, 0x00, 0x00, 0x00, 0x00, 0x00, 0x00, 0x00, 0x00, 0x00, 0x00, 0x00, 0x00, 0x02, 
	0x00, 0x00, 0x00, 0x00, 0x00, 0x00, 0x00, 0x00, 0x40, 0x00, 0x00, 0x00, 0x00, 0x00, 0x00, 0x00, 
	0x00, 0x00, 0x00, 0x00, 0x00, 0x00, 0x80, 0x00, 0x00, 0x01, 0x00, 0x00, 0x00, 0x00, 0x00, 0x00, 
	0x00, 0x00, 0x00, 0x00, 0x00, 0x00, 0x00, 0x02, 0x00, 0x00, 0x00, 0x00, 0x00, 0x00, 0x00, 0x00, 
	0x40, 0x00, 0x00, 0x00, 0x00, 0x00, 0x00, 0x00, 0x00, 0x00, 0x00, 0x00, 0x00, 0x00, 0x80, 0x00, 
	0x00, 0x02, 0x00, 0x00, 0x00, 0x00, 0x00, 0x00, 0x00, 0x00, 0x00, 0x00, 0x00, 0x00, 0x00, 0x01, 
	0x00, 0x00, 0x00, 0x00, 0x00, 0x00, 0x00, 0x00, 0x80, 0x00, 0x00, 0x00, 0x00, 0x00, 0x00, 0x00, 
	0x00, 0x00, 0x00, 0x00, 0x00, 0x00, 0x40, 0x00, 0x00, 0x02, 0x00, 0x00, 0x00, 0x00, 0x00, 0x00, 
	0x00, 0x00, 0x00, 0x00, 0x00, 0x00, 0x00, 0x01, 0x00, 0x00, 0x00, 0x00, 0x00, 0x00, 0x00, 0x00, 
	0x80, 0x00, 0x00, 0x00, 0x00, 0x00, 0x00, 0x00, 0x00, 0x00, 0x00, 0x00, 0x00, 0x00, 0x40, 0x00, 
	0x00, 0x02, 0x00, 0x00, 0x00, 0x00, 0x00, 0x00, 0x00, 0x00, 0x00, 0x00, 0x00, 0x00, 0x00, 0x01, 
	0x00, 0x00, 0x00, 0x00, 0x00, 0x00, 0x00, 0x00, 0x80, 0x00, 0x00, 0x00, 0x00, 0x00, 0x00, 0x00, 
	0x00, 0x00, 0x00, 0x00, 0x00, 0x00, 0x40, 0x00, 0x00, 0x02, 0x00, 0x00, 0x00, 0x00, 0x00, 0x00, 
	0x00, 0x00, 0x00, 0x00, 0x00, 0x00, 0x00, 0x01, 0x00, 0x00, 0x00, 0x00, 0x00, 0x00, 0x00, 0x00, 
	0x80, 0x00, 0x00, 0x00, 0x00, 0x00, 0x00, 0x00, 0x00, 0x00, 0x00, 0x00, 0x00, 0x00, 0x40, 0x00, 
	0x00, 0x02, 0x00, 0x00, 0x00, 0x00, 0x00, 0x00, 0x00, 0x00, 0x00, 0x00, 0x00, 0x00, 0x00, 0x01, 
	0x00, 0x00, 0x00, 0x00, 0x00, 0x00, 0x00, 0x00, 0x80, 0x00, 0x00, 0x00, 0x00, 0x00, 0x00, 0x00, 
	0x00, 0x00, 0x00, 0x00, 0x00, 0x00, 0x40, 0x00, 0x00, 0x02, 0x00, 0x00, 0x00, 0x00, 0x00, 0x00, 
	0x00, 0x00, 0x00, 0x00, 0x00, 0x00, 0x00, 0x01, 0x00, 0x00, 0x00, 0x00, 0x00, 0x00, 0x00, 0x00, 
	0x80, 0x00, 0x00, 0x00, 0x00, 0x00, 0x00, 0x00, 0x00, 0x00, 0x00, 0x00, 0x00, 0x00, 0x40, 0x00, 
	0x00, 0x02, 0x00, 0x00, 0x00, 0x00, 0x00, 0x00, 0x00, 0x00, 0x00, 0x00, 0x00, 0x00, 0x00, 0x01, 
	0x00, 0x00, 0x00, 0x00, 0x00, 0x00, 0x00, 0x00, 0x80, 0x00, 0x00, 0x00, 0x00, 0x00, 0x00, 0x00, 
	0x00, 0x00, 0x00, 0x00, 0x00, 0x00, 0x40, 0x00, 0x00, 0x02, 0x00, 0x00, 0x00, 0x00, 0x00, 0x00, 
	0x00, 0x00, 0x00, 0x00, 0x00, 0x00, 0x00, 0x01, 0x00, 0x00, 0x00, 0x00, 0x00, 0x00, 0x00, 0x00, 
	0x80, 0x00, 0x00, 0x00, 0x00, 0x00, 0x00, 0x00, 0x00, 0x00, 0x00, 0x00, 0x00, 0x00, 0x40, 0x00, 
	0x00, 0x02, 0x00, 0x00, 0x00, 0x00, 0x00, 0x00, 0x00, 0x00, 0x00, 0x00, 0x00, 0x00, 0x00, 0x01, 
	0x00, 0x00, 0x00, 0x00, 0x00, 0x00, 0x00, 0x00, 0x80, 0x00, 0x00, 0x00, 0x00, 0x00, 0x00, 0x00, 
	0x00, 0x00, 0x00, 0x00, 0x00, 0x00, 0x40, 0x00, 0x00, 0x02, 0x00, 0x00, 0x00, 0x00, 0x00, 0x00, 
	0x00, 0x00, 0x00, 0x00, 0x00, 0x00, 0x00, 0x01, 0x00, 0x00, 0x00, 0x00, 0x00, 0x00, 0x00, 0x00, 
	0x80, 0x00, 0x00, 0x00, 0x00, 0x00, 0x00, 0x00, 0x00, 0x00, 0x00, 0x00, 0x00, 0x00, 0x40, 0x00, 
	0x00, 0x02, 0x00, 0x00, 0x00, 0x00, 0x00, 0x00, 0x00, 0x00, 0x00, 0x00, 0x00, 0x00, 0x00, 0x01, 
	0x00, 0x00, 0x00, 0x00, 0x00, 0x00, 0x00, 0x00, 0x80, 0x00, 0x00, 0x00, 0x00, 0x00, 0x00, 0x00, 
	0x00, 0x00, 0x00, 0x00, 0x00, 0x00, 0x40, 0x00, 0x00, 0x02, 0x00, 0x00, 0x00, 0x00, 0x00, 0x00, 
	0x00, 0x00, 0x00, 0x00, 0x00, 0x00, 0x00, 0x01, 0x00, 0x00, 0x00, 0x00, 0x00, 0x00, 0x00, 0x00, 
	0x80, 0x00, 0x00, 0x00, 0x00, 0x00, 0x00, 0x00, 0x00, 0x00, 0x00, 0x00, 0x00, 0x00, 0x40, 0x00, 
	0x00, 0x02, 0x00, 0x00, 0x00, 0x00, 0x00, 0x00, 0x00, 0x00, 0x00, 0x00, 0x00, 0x00, 0x00, 0x01, 
	0x00, 0x00, 0x00, 0x00, 0x00, 0x00, 0x00, 0x00, 0x80, 0x00, 0x00, 0x00, 0x00, 0x00, 0x00, 0x00, 
	0x00, 0x00, 0x00, 0x00, 0x00, 0x00, 0x40, 0x00, 0x00, 0x02, 0x00, 0x00, 0x00, 0x00, 0x00, 0x00, 
	0x00, 0x00, 0x00, 0x00, 0x00, 0x00, 0x00, 0x01, 0x00, 0x00, 0x00, 0x00, 0x00, 0x00, 0x00, 0x00, 
	0x80, 0x00, 0x00, 0x00, 0x00, 0x00, 0x00, 0x00, 0x00, 0x00, 0x00, 0x00, 0x00, 0x00, 0x40, 0x00, 
	0x00, 0x02, 0x00, 0x00, 0x00, 0x00, 0x00, 0x00, 0x00, 0x00, 0x00, 0x00, 0x00, 0x00, 0x00, 0x01, 
	0x00, 0x00, 0x00, 0x00, 0x00, 0x00, 0x00, 0x00, 0x80, 0x00, 0x00, 0x00, 0x00, 0x00, 0x00, 0x00, 
	0x00, 0x00, 0x00, 0x00, 0x00, 0x00, 0x40, 0x00, 0x00, 0x02, 0x00, 0x00, 0x00, 0x00, 0x00, 0x00, 
	0x00, 0x00, 0x00, 0x00, 0x00, 0x00, 0x00, 0x01, 0x00, 0x00, 0x00, 0x00, 0x00, 0x00, 0x00, 0x00, 
	0x80, 0x00, 0x00, 0x00, 0x00, 0x00, 0x00, 0x00, 0x00, 0x00, 0x00, 0x00, 0x00, 0x00, 0x40, 0x00, 
	0x00, 0x02, 0x00, 0x00, 0x00, 0x00, 0x00, 0x00, 0x00, 0x00, 0x00, 0x00, 0x00, 0x00, 0x00, 0x01, 
	0x00, 0x00, 0x00, 0x00, 0x00, 0x00, 0x00, 0x00, 0x80, 0x00, 0x00, 0x00, 0x00, 0x00, 0x00, 0x00, 
	0x00, 0x00, 0x00, 0x00, 0x00, 0x00, 0x40, 0x00, 0x00, 0x02, 0x00, 0x00, 0x00, 0x00, 0x00, 0x00, 
	0x00, 0x00, 0x00, 0x00, 0x00, 0x00, 0x00, 0x01, 0x00, 0x00, 0x00, 0x00, 0x00, 0x00, 0x00, 0x00, 
	0x80, 0x00, 0x00, 0x00, 0x00, 0x00, 0x00, 0x00, 0x00, 0x00, 0x00, 0x00, 0x00, 0x00, 0x40, 0x00, 
	0x00, 0x02, 0x00, 0x00, 0x00, 0x00, 0x00, 0x00, 0x00, 0x00, 0x00, 0x00, 0x00, 0x00, 0x00, 0x01, 
	0x00, 0x00, 0x00, 0x00, 0x00, 0x00, 0x00, 0x00, 0x80, 0x00, 0x00, 0x00, 0x00, 0x00, 0x00, 0x00, 
	0x00, 0x00, 0x00, 0x00, 0x00, 0x00, 0x40, 0x00, 0x00, 0x02, 0x00, 0x00, 0x00, 0x00, 0x00, 0x00, 
	0x00, 0x00, 0x00, 0x00, 0x00, 0x00, 0x00, 0x01, 0x00, 0x00, 0x00, 0x00, 0x00, 0x00, 0x00, 0x00, 
	0x80, 0x00, 0x00, 0x00, 0x00, 0x00, 0x00, 0x00, 0x00, 0x00, 0x00, 0x00, 0x00, 0x00, 0x40, 0x00, 
	0x00, 0x02, 0x00, 0x00, 0x00, 0x00, 0x00, 0x00, 0x00, 0x00, 0x00, 0x00, 0x00, 0x00, 0x00, 0x01, 
	0x00, 0x00, 0x00, 0x00, 0x00, 0x00, 0x00, 0x00, 0x80, 0x00, 0x00, 0x00, 0x00, 0x00, 0x00, 0x00, 
	0x00, 0x00, 0x00, 0x00, 0x00, 0x00, 0x40, 0x00, 0x00, 0x02, 0x00, 0x00, 0x00, 0x00, 0x00, 0x00, 
	0x00, 0x00, 0x00, 0x00, 0x00, 0x00, 0x00, 0x01, 0x00, 0x00, 0x00, 0x00, 0x00, 0x00, 0x00, 0x00, 
	0x80, 0x00, 0x00, 0x00, 0x00, 0x00, 0x00, 0x00, 0x00, 0x00, 0x00, 0x00, 0x00, 0x00, 0x40, 0x00, 
	0x00, 0x02, 0x00, 0x00, 0x00, 0x00, 0x00, 0x00, 0x00, 0x00, 0x00, 0x00, 0x00, 0x00, 0x00, 0x01, 
	0x00, 0x00, 0x00, 0x00, 0x00, 0x00, 0x00, 0x00, 0x80, 0x00, 0x00, 0x00, 0x00, 0x00, 0x00, 0x00, 
	0x00, 0x00, 0x00, 0x00, 0x00, 0x00, 0x40, 0x00, 0x00, 0x02, 0x00, 0x00, 0x00, 0x00, 0x00, 0x00, 
	0x00, 0x00, 0x00, 0x00, 0x00, 0x00, 0x00, 0x01, 0x00, 0x00, 0x00, 0x00, 0x00, 0x00, 0x00, 0x00, 
	0x80, 0x00, 0x00, 0x00, 0x00, 0x00, 0x00, 0x00, 0x00, 0x00, 0x00, 0x00, 0x00, 0x00, 0x40, 0x00, 
	0x00, 0x02, 0x00, 0x00, 0x00, 0x00, 0x00, 0x00, 0x00, 0x00, 0x00, 0x00, 0x00, 0x00, 0x00, 0x01, 
	0x00, 0x00, 0x00, 0x00, 0x00, 0x00, 0x00, 0x00, 0x80, 0x00, 0x00, 0x00, 0x00, 0x00, 0x00, 0x00, 
	0x00, 0x00, 0x00, 0x00, 0x00, 0x00, 0x40, 0x00, 0x00, 0x02, 0x00, 0x00, 0x00, 0x00, 0x00, 0x00, 
	0x00, 0x00, 0x00, 0x00, 0x00, 0x00, 0x00, 0x01, 0x00, 0x00, 0x00, 0x00, 0x00, 0x00, 0x00, 0x00, 
	0x80, 0x00, 0x00, 0x00, 0x00, 0x00, 0x00, 0x00, 0x00, 0x00, 0x00, 0x00, 0x00, 0x00, 0x40, 0x00, 
	0x00, 0x02, 0x00, 0x00, 0x00, 0x00, 0x00, 0x00, 0x00, 0x00, 0x00, 0x00, 0x00, 0x00, 0x00, 0x01, 
	0x00, 0x00, 0x00, 0x00, 0x00, 0x00, 0x00, 0x00, 0x80, 0x00, 0x00, 0x00, 0x00, 0x00, 0x00, 0x00, 
	0x00, 0x00, 0x00, 0x00, 0x00, 0x00, 0x40, 0x00, 0x00, 0x02, 0x00, 0x00, 0x00, 0x00, 0x00, 0x00, 
	0x00, 0x00, 0x00, 0x00, 0x00, 0x00, 0x00, 0x01, 0x00, 0x00, 0x00, 0x00, 0x00, 0x00, 0x00, 0x00, 
	0x80, 0x00, 0x00, 0x00, 0x00, 0x00, 0x00, 0x00, 0x00, 0x00, 0x00, 0x00, 0x00, 0x00, 0x40, 0x00, 
	0x00, 0x02, 0x00, 0x00, 0x00, 0x00, 0x00, 0x00, 0x00, 0x00, 0x00, 0x00, 0x00, 0x00, 0x00, 0x01, 
	0x00, 0x00, 0x00, 0x00, 0x00, 0x00, 0x00, 0x00, 0x80, 0x00, 0x00, 0x00, 0x00, 0x00, 0x00, 0x00, 
	0x00, 0x00, 0x00, 0x00, 0x00, 0x00, 0x40, 0x00, 0x00, 0x02, 0x00, 0x00, 0x00, 0x00, 0x00, 0x00, 
	0x00, 0x00, 0x00, 0x00, 0x00, 0x00, 0x00, 0x01, 0x00, 0x00, 0x00, 0x00, 0x00, 0x00, 0x00, 0x00, 
	0x80, 0x00, 0x00, 0x00, 0x00, 0x00, 0x00, 0x00, 0x00, 0x00, 0x00, 0x00, 0x00, 0x00, 0x40, 0x00, 
	0x00, 0x02, 0x00, 0x00, 0x00, 0x00, 0x00, 0x00, 0x00, 0x00, 0x00, 0x00, 0x00, 0x00, 0x00, 0x01, 
	0x00, 0x00, 0x00, 0x00, 0x00, 0x00, 0x00, 0x00, 0x80, 0x00, 0x00, 0x00, 0x00, 0x00, 0x00, 0x00, 
	0x00, 0x00, 0x00, 0x00, 0x00, 0x00, 0x40, 0x00, 0x00, 0x02, 0x00, 0x00, 0x00, 0x00, 0x00, 0x00, 
	0x00, 0x00, 0x00, 0x00, 0x00, 0x00, 0x00, 0x01, 0x00, 0x00, 0x00, 0x00, 0x00, 0x00, 0x00, 0x00, 
	0x80, 0x00, 0x00, 0x00, 0x00, 0x00, 0x00, 0x00, 0x00, 0x00, 0x00, 0x00, 0x00, 0x00, 0x40, 0x00, 
	0x00, 0x02, 0x00, 0x00, 0x00, 0x00, 0x00, 0x00, 0x00, 0x00, 0x00, 0x00, 0x00, 0x00, 0x00, 0x01, 
	0x00, 0x00, 0x00, 0x00, 0x00, 0x00, 0x00, 0x00, 0x80, 0x00, 0x00, 0x00, 0x00, 0x00, 0x00, 0x00, 
	0x00, 0x00, 0x00, 0x00, 0x00, 0x00, 0x40, 0x00, 0x00, 0x02, 0x00, 0x00, 0x00, 0x00, 0x00, 0x00, 
	0x00, 0x00, 0x00, 0x00, 0x00, 0x00, 0x00, 0x01, 0x00, 0x00, 0x00, 0x00, 0x00, 0x00, 0x00, 0x00, 
	0x80, 0x00, 0x00, 0x00, 0x00, 0x00, 0x00, 0x00, 0x00, 0x00, 0x00, 0x00, 0x00, 0x00, 0x40, 0x00, 
	0x00, 0x02, 0x00, 0x00, 0x00, 0x00, 0x00, 0x00, 0x00, 0x00, 0x00, 0x00, 0x00, 0x00, 0x00, 0x01, 
	0x00, 0x00, 0x00, 0x00, 0x00, 0x00, 0x00, 0x00, 0x80, 0x00, 0x00, 0x00, 0x00, 0x00, 0x00, 0x00, 
	0x00, 0x00, 0x00, 0x00, 0x00, 0x00, 0x40, 0x00, 0x00, 0x02, 0x00, 0x00, 0x00, 0x00, 0x00, 0x00, 
	0x00, 0x00, 0x00, 0x00, 0x00, 0x00, 0x00, 0x01, 0x00, 0x00, 0x00, 0x00, 0x00, 0x00, 0x00, 0x00, 
	0x80, 0x00, 0x00, 0x00, 0x00, 0x00, 0x00, 0x00, 0x00, 0x00, 0x00, 0x00, 0x00, 0x00, 0x40, 0x00, 
	0x00, 0x02, 0x00, 0x00, 0x00, 0x00, 0x00, 0x00, 0x00, 0x00, 0x00, 0x00, 0x00, 0x00, 0x00, 0x01, 
	0x00, 0x00, 0x00, 0x00, 0x00, 0x00, 0x00, 0x00, 0x80, 0x00, 0x00, 0x00, 0x00, 0x00, 0x00, 0x00, 
	0x00, 0x00, 0x00, 0x00, 0x00, 0x00, 0x40, 0x00, 0x00, 0x02, 0x00, 0x00, 0x00, 0x00, 0x00, 0x00, 
	0x00, 0x00, 0x00, 0x00, 0x00, 0x00, 0x00, 0x01, 0x00, 0x00, 0x00, 0x00, 0x00, 0x00, 0x00, 0x00, 
	0x80, 0x00, 0x00, 0x00, 0x00, 0x00, 0x00, 0x00, 0x00, 0x00, 0x00, 0x00, 0x00, 0x00, 0x40, 0x00, 
	0x00, 0x02, 0x00, 0x00, 0x00, 0x00, 0x00, 0x00, 0x00, 0x00, 0x00, 0x00, 0x00, 0x00, 0x00, 0x01, 
	0x00, 0x00, 0x00, 0x00, 0x00, 0x00, 0x00, 0x00, 0x80, 0x00, 0x00, 0x00, 0x00, 0x00, 0x00, 0x00, 
	0x00, 0x00, 0x00, 0x00, 0x00, 0x00, 0x40, 0x00, 0x00, 0x02, 0x00, 0x00, 0x00, 0x00, 0x00, 0x00, 
	0x00, 0x00, 0x00, 0x00, 0x00, 0x00, 0x00, 0x01, 0x00, 0x00, 0x00, 0x00, 0x00, 0x00, 0x00, 0x00, 
	0x80, 0x00, 0x00, 0x00, 0x00, 0x00, 0x00, 0x00, 0x00, 0x00, 0x00, 0x00, 0x00, 0x00, 0x40, 0x00, 
	0x00, 0x02, 0x00, 0x00, 0x00, 0x00, 0x00, 0x00, 0x00, 0x00, 0x00, 0x00, 0x00, 0x00, 0x00, 0x01, 
	0x00, 0x00, 0x00, 0x00, 0x00, 0x00, 0x00, 0x00, 0x80, 0x00, 0x00, 0x00, 0x00, 0x00, 0x00, 0x00, 
	0x00, 0x00, 0x00, 0x00, 0x00, 0x00, 0x40, 0x00, 0x00, 0x02, 0x00, 0x00, 0x00, 0x00, 0x00, 0x00, 
	0x00, 0x00, 0x00, 0x00, 0x00, 0x00, 0x00, 0x01, 0x00, 0x00, 0x00, 0x00, 0x00, 0x00, 0x00, 0x00, 
	0x80, 0x00, 0x00, 0x00, 0x00, 0x00, 0x00, 0x00, 0x00, 0x00, 0x00, 0x00, 0x00, 0x00, 0x40, 0x00, 
	0x00, 0x02, 0x00, 0x00, 0x00, 0x00, 0x00, 0x00, 0x00, 0x00, 0x00, 0x00, 0x00, 0x00, 0x00, 0x01, 
	0x00, 0x00, 0x00, 0x00, 0x00, 0x00, 0x00, 0x00, 0x80, 0x00, 0x00, 0x00, 0x00, 0x00, 0x00, 0x00, 
	0x00, 0x00, 0x00, 0x00, 0x00, 0x00, 0x40, 0x00, 0x00, 0x02, 0x00, 0x00, 0x00, 0x00, 0x00, 0x00, 
	0x00, 0x00, 0x00, 0x00, 0x00, 0x00, 0x00, 0x01, 0x00, 0x00, 0x00, 0x00, 0x00, 0x00, 0x00, 0x00, 
	0x80, 0x00, 0x00, 0x00, 0x00, 0x00, 0x00, 0x00, 0x00, 0x00, 0x00, 0x00, 0x00, 0x00, 0x40, 0x00, 
	0x00, 0x02, 0x00, 0x00, 0x00, 0x00, 0x00, 0x00, 0x00, 0x00, 0x00, 0x00, 0x00, 0x00, 0x00, 0x01, 
	0x00, 0x00, 0x00, 0x00, 0x00, 0x00, 0x00, 0x00, 0x80, 0x00, 0x00, 0x00, 0x00, 0x00, 0x00, 0x00, 
	0x00, 0x00, 0x00, 0x00, 0x00, 0x00, 0x40, 0x00, 0x00, 0x02, 0x00, 0x00, 0x00, 0x00, 0x00, 0x00, 
	0x00, 0x00, 0x00, 0x00, 0x00, 0x00, 0x00, 0x01, 0x00, 0x00, 0x00, 0x00, 0x00, 0x00, 0x00, 0x00, 
	0x80, 0x00, 0x00, 0x00, 0x00, 0x00, 0x00, 0x00, 0x00, 0x00, 0x00, 0x00, 0x00, 0x00, 0x40, 0x00, 
	0x00, 0x02, 0x00, 0x00, 0x00, 0x00, 0x00, 0x00, 0x00, 0x00, 0x00, 0x00, 0x00, 0x00, 0x00, 0x01, 
	0x00, 0x00, 0x00, 0x00, 0x00, 0x00, 0x00, 0x00, 0x80, 0x00, 0x00, 0x00, 0x00, 0x00, 0x00, 0x00, 
	0x00, 0x00, 0x00, 0x00, 0x00, 0x00, 0x40, 0x00, 0x00, 0x02, 0x00, 0x00, 0x00, 0x00, 0x00, 0x00, 
	0x00, 0x00, 0x00, 0x00, 0x00, 0x00, 0x00, 0x01, 0x00, 0x00, 0x00, 0x00, 0x00, 0x00, 0x00, 0x00, 
	0x80, 0x00, 0x00, 0x00, 0x00, 0x00, 0x00, 0x00, 0x00, 0x00, 0x00, 0x00, 0x00, 0x00, 0x40, 0x00, 
	0x00, 0x02, 0x00, 0x00, 0x00, 0x00, 0x00, 0x00, 0x00, 0x00, 0x00, 0x00, 0x00, 0x00, 0x00, 0x01, 
	0x00, 0x00, 0x00, 0x00, 0x00, 0x00, 0x00, 0x00, 0x80, 0x00, 0x00, 0x00, 0x00, 0x00, 0x00, 0x00, 
	0x00, 0x00, 0x00, 0x00, 0x00, 0x00, 0x40, 0x00, 0x00, 0x02, 0x00, 0x00, 0x00, 0x00, 0x00, 0x00, 
	0x00, 0x00, 0x00, 0x00, 0x00, 0x00, 0x00, 0x01, 0x00, 0x00, 0x00, 0x00, 0x00, 0x00, 0x00, 0x00, 
	0x80, 0x00, 0x00, 0x00, 0x00, 0x00, 0x00, 0x00, 0x00, 0x00, 0x00, 0x00, 0x00, 0x00, 0x40, 0x00, 
	0x00, 0x02, 0x00, 0x00, 0x00, 0x00, 0x00, 0x00, 0x00, 0x00, 0x00, 0x00, 0x00, 0x00, 0x00, 0x01, 
	0x00, 0x00, 0x00, 0x00, 0x00, 0x00, 0x00, 0x00, 0x80, 0x00, 0x00, 0x00, 0x00, 0x00, 0x00, 0x00, 
	0x00, 0x00, 0x00, 0x00, 0x00, 0x00, 0x40, 0x00, 0x00, 0x02, 0x00, 0x00, 0x00, 0x00, 0x00, 0x00, 
	0x00, 0x00, 0x00, 0x00, 0x00, 0x00, 0x00, 0x01, 0x00, 0x00, 0x00, 0x00, 0x00, 0x00, 0x00, 0x00, 
	0x80, 0x00, 0x00, 0x00, 0x00, 0x00, 0x00, 0x00, 0x00, 0x00, 0x00, 0x00, 0x00, 0x00, 0x40, 0x00, 
	0x00, 0x02, 0x00, 0x00, 0x00, 0x00, 0x00, 0x00, 0x00, 0x00, 0x00, 0x00, 0x00, 0x00, 0x00, 0x01, 
	0x00, 0x00, 0x00, 0x00, 0x00, 0x00, 0x00, 0x00, 0x80, 0x00, 0x00, 0x00, 0x00, 0x00, 0x00, 0x00, 
	0x00, 0x00, 0x00, 0x00, 0x00, 0x00, 0x40, 0x00, 0x00, 0x02, 0x00, 0x00, 0x00, 0x00, 0x00, 0x00, 
	0x00, 0x00, 0x00, 0x00, 0x00, 0x00, 0x00, 0x01, 0x00, 0x00, 0x00, 0x00, 0x00, 0x00, 0x00, 0x00, 
	0x80, 0x00, 0x00, 0x00, 0x00, 0x00, 0x00, 0x00, 0x00, 0x00, 0x00, 0x00, 0x00, 0x00, 0x40, 0x00, 
	0x00, 0x02, 0x00, 0x00, 0x00, 0x00, 0x00, 0x00, 0x00, 0x00, 0x00, 0x00, 0x00, 0x00, 0x00, 0x01, 
	0x00, 0x00, 0x00, 0x00, 0x00, 0x00, 0x00, 0x00, 0x80, 0x00, 0x00, 0x00, 0x00, 0x00, 0x00, 0x00, 
	0x00, 0x00, 0x00, 0x00, 0x00, 0x00, 0x40, 0x00, 0x00, 0x02, 0x00, 0x00, 0x00, 0x00, 0x00, 0x00, 
	0x00, 0x00, 0x00, 0x00, 0x00, 0x00, 0x00, 0x01, 0x00, 0x00, 0x00, 0x00, 0x00, 0x00, 0x00, 0x00, 
	0x80, 0x00, 0x00, 0x00, 0x00, 0x00, 0x00, 0x00, 0x00, 0x00, 0x00, 0x00, 0x00, 0x00, 0x40, 0x00, 
	0x00, 0x02, 0x00, 0x00, 0x00, 0x00, 0x00, 0x00, 0x00, 0x00, 0x00, 0x00, 0x00, 0x00, 0x00, 0x01, 
	0x00, 0x00, 0x00, 0x00, 0x00, 0x00, 0x00, 0x00, 0x80, 0x00, 0x00, 0x00, 0x00, 0x00, 0x00, 0x00, 
	0x00, 0x00, 0x00, 0x00, 0x00, 0x00, 0x40, 0x00, 0x00, 0x02, 0x00, 0x00, 0x00, 0x00, 0x00, 0x00, 
	0x00, 0x00, 0x00, 0x00, 0x00, 0x00, 0x00, 0x01, 0x00, 0x00, 0x00, 0x00, 0x00, 0x00, 0x00, 0x00, 
	0x80, 0x00, 0x00, 0x00, 0x00, 0x00, 0x00, 0x00, 0x00, 0x00, 0x00, 0x00, 0x00, 0x00, 0x40, 0x00, 
	0x00, 0x02, 0x00, 0x00, 0x00, 0x00, 0x00, 0x00, 0x00, 0x00, 0x00, 0x00, 0x00, 0x00, 0x00, 0x01, 
	0x00, 0x00, 0x00, 0x00, 0x00, 0x00, 0x00, 0x00, 0x80, 0x00, 0x00, 0x00, 0x00, 0x00, 0x00, 0x00, 
	0x00, 0x00, 0x00, 0x00, 0x00, 0x00, 0x40, 0x00, 0x00, 0x02, 0x00, 0x00, 0x00, 0x00, 0x00, 0x00, 
	0x00, 0x00, 0x00, 0x00, 0x00, 0x00, 0x00, 0x01, 0x00, 0x00, 0x00, 0x00, 0x00, 0x00, 0x00, 0x00, 
	0x80, 0x00, 0x00, 0x00, 0x00, 0x00, 0x00, 0x00, 0x00, 0x00, 0x00, 0x00, 0x00, 0x00, 0x40, 0x00, 
	0x00, 0x02, 0x00, 0x00, 0x00, 0x00, 0x00, 0x00, 0x00, 0x00, 0x00, 0x00, 0x00, 0x00, 0x00, 0x01, 
	0x00, 0x00, 0x00, 0x00, 0x00, 0x00, 0x00, 0x00, 0x80, 0x00, 0x00, 0x00, 0x00, 0x00, 0x00, 0x00, 
	0x00, 0x00, 0x00, 0x00, 0x00, 0x00, 0x40, 0x00, 0x00, 0x02, 0x00, 0x00, 0x00, 0x00, 0x00, 0x00, 
	0x00, 0x00, 0x00, 0x00, 0x00, 0x00, 0x00, 0x01, 0x00, 0x00, 0x00, 0x00, 0x00, 0x00, 0x00, 0x00, 
	0x80, 0x00, 0x00, 0x00, 0x00, 0x00, 0x00, 0x00, 0x00, 0x00, 0x00, 0x00, 0x00, 0x00, 0x40, 0x00, 
	0x00, 0x02, 0x00, 0x00, 0x00, 0x00, 0x00, 0x00, 0x00, 0x00, 0x00, 0x00, 0x00, 0x00, 0x00, 0x01, 
	0x00, 0x00, 0x00, 0x00, 0x00, 0x00, 0x00, 0x00, 0x80, 0x00, 0x00, 0x00, 0x00, 0x00, 0x00, 0x00, 
	0x00, 0x00, 0x00, 0x00, 0x00, 0x00, 0x40, 0x00, 0x00, 0x02, 0x00, 0x00, 0x00, 0x00, 0x00, 0x00, 
	0x00, 0x00, 0x00, 0x00, 0x00, 0x00, 0x00, 0x01, 0x00, 0x00, 0x00, 0x00, 0x00, 0x00, 0x00, 0x00, 
	0x80, 0x00, 0x00, 0x00, 0x00, 0x00, 0x00, 0x00, 0x00, 0x00, 0x00, 0x00, 0x00, 0x00, 0x40, 0x00, 
	0x00, 0x02, 0x00, 0x00, 0x00, 0x00, 0x00, 0x00, 0x00, 0x00, 0x00, 0x00, 0x00, 0x00, 0x00, 0x01, 
	0x00, 0x00, 0x00, 0x00, 0x00, 0x00, 0x00, 0x00, 0x80, 0x00, 0x00, 0x00, 0x00, 0x00, 0x00, 0x00, 
	0x00, 0x00, 0x00, 0x00, 0x00, 0x00, 0x40, 0x00, 0x00, 0x02, 0x00, 0x00, 0x00, 0x00, 0x00, 0x00, 
	0x00, 0x00, 0x00, 0x00, 0x00, 0x00, 0x00, 0x01, 0x00, 0x00, 0x00, 0x00, 0x00, 0x00, 0x00, 0x00, 
	0x80, 0x00, 0x00, 0x00, 0x00, 0x00, 0x00, 0x00, 0x00, 0x00, 0x00, 0x00, 0x00, 0x00, 0x40, 0x00, 
	0x00, 0x02, 0x00, 0x00, 0x00, 0x00, 0x00, 0x00, 0x00, 0x00, 0x00, 0x00, 0x00, 0x00, 0x00, 0x01, 
	0x00, 0x00, 0x00, 0x00, 0x00, 0x00, 0x00, 0x00, 0x80, 0x00, 0x00, 0x00, 0x00, 0x00, 0x00, 0x00, 
	0x00, 0x00, 0x00, 0x00, 0x00, 0x00, 0x40, 0x00, 0x00, 0x02, 0x00, 0x00, 0x00, 0x00, 0x00, 0x00, 
	0x00, 0x00, 0x00, 0x00, 0x00, 0x00, 0x00, 0x01, 0x00, 0x00, 0x00, 0x00, 0x00, 0x00, 0x00, 0x00, 
	0x80, 0x00, 0x00, 0x00, 0x00, 0x00, 0x00, 0x00, 0x00, 0x00, 0x00, 0x00, 0x00, 0x00, 0x40, 0x00, 
	0x00, 0x02, 0x00, 0x00, 0x00, 0x00, 0x00, 0x00, 0x00, 0x00, 0x00, 0x00, 0x00, 0x00, 0x00, 0x01, 
	0x00, 0x00, 0x00, 0x00, 0x00, 0x00, 0x00, 0x00, 0x80, 0x00, 0x00, 0x00, 0x00, 0x00, 0x00, 0x00, 
	0x00, 0x00, 0x00, 0x00, 0x00, 0x00, 0x40, 0x00, 0x00, 0x02, 0x00, 0x00, 0x00, 0x00, 0x00, 0x00, 
	0x00, 0x00, 0x00, 0x00, 0x00, 0x00, 0x00, 0x01, 0x00, 0x00, 0x00, 0x00, 0x00, 0x00, 0x00, 0x00, 
	0x80, 0x00, 0x00, 0x00, 0x00, 0x00, 0x00, 0x00, 0x00, 0x00, 0x00, 0x00, 0x00, 0x00, 0x40, 0x00, 
	0x00, 0x02, 0x00, 0x00, 0x00, 0x00, 0x00, 0x00, 0x00, 0x00, 0x00, 0x00, 0x00, 0x00, 0x00, 0x01, 
	0x00, 0x00, 0x00, 0x00, 0x00, 0x00, 0x00, 0x00, 0x80, 0x00, 0x00, 0x00, 0x00, 0x00, 0x00, 0x00, 
	0x00, 0x00, 0x00, 0x00, 0x00, 0x00, 0x40, 0x00, 0x00, 0x02, 0x00, 0x00, 0x00, 0x00, 0x00, 0x00, 
	0x00, 0x00, 0x00, 0x00, 0x00, 0x00, 0x00, 0x01, 0x00, 0x00, 0x00, 0x00, 0x00, 0x00, 0x00, 0x00, 
	0x80, 0x00, 0x00, 0x00, 0x00, 0x00, 0x00, 0x00, 0x00, 0x00, 0x00, 0x00, 0x00, 0x00, 0x40, 0x00, 
	0x00, 0x02, 0x00, 0x00, 0x00, 0x00, 0x00, 0x00, 0x00, 0x00, 0x00, 0x00, 0x00, 0x00, 0x00, 0x01, 
	0x00, 0x00, 0x00, 0x00, 0x00, 0x00, 0x00, 0x00, 0x80, 0x00, 0x00, 0x00, 0x00, 0x00, 0x00, 0x00, 
	0x00, 0x00, 0x00, 0x00, 0x00, 0x00, 0x40, 0x00, 0x00, 0x02, 0x00, 0x00, 0x00, 0x00, 0x00, 0x00, 
	0x00, 0x00, 0x00, 0x00, 0x00, 0x00, 0x00, 0x01, 0x00, 0x00, 0x00, 0x00, 0x00, 0x00, 0x00, 0x00, 
	0x80, 0x00, 0x00, 0x00, 0x00, 0x00, 0x00, 0x00, 0x00, 0x00, 0x00, 0x00, 0x00, 0x00, 0x40, 0x00, 
	0x00, 0x02, 0x00, 0x00, 0x00, 0x00, 0x00, 0x00, 0x00, 0x00, 0x00, 0x00, 0x00, 0x00, 0x00, 0x01, 
	0x00, 0x00, 0x00, 0x00, 0x00, 0x00, 0x00, 0x00, 0x80, 0x00, 0x00, 0x00, 0x00, 0x00, 0x00, 0x00, 
	0x00, 0x00, 0x00, 0x00, 0x00, 0x00, 0x40, 0x00, 0x00, 0x02, 0x00, 0x00, 0x00, 0x00, 0x00, 0x00, 
	0x00, 0x00, 0x00, 0x00, 0x00, 0x00, 0x00, 0x01, 0x00, 0x00, 0x00, 0x00, 0x00, 0x00, 0x00, 0x00, 
	0x80, 0x00, 0x00, 0x00, 0x00, 0x00, 0x00, 0x00, 0x00, 0x00, 0x00, 0x00, 0x00, 0x00, 0x40, 0x00, 
	0x00, 0x02, 0x00, 0x00, 0x00, 0x00, 0x00, 0x00, 0x00, 0x00, 0x00, 0x00, 0x00, 0x00, 0x00, 0x01, 
	0x00, 0x00, 0x00, 0x00, 0x00, 0x00, 0x00, 0x00, 0x80, 0x00, 0x00, 0x00, 0x00, 0x00, 0x00, 0x00, 
	0x00, 0x00, 0x00, 0x00, 0x00, 0x00, 0x40, 0x00, 0x00, 0x02, 0x00, 0x00, 0x00, 0x00, 0x00, 0x00, 
	0x00, 0x00, 0x00, 0x00, 0x00, 0x00, 0x00, 0x01, 0x00, 0x00, 0x00, 0x00, 0x00, 0x00, 0x00, 0x00, 
	0x80, 0x00, 0x00, 0x00, 0x00, 0x00, 0x00, 0x00, 0x00, 0x00, 0x00, 0x00, 0x00, 0x00, 0x40, 0x00, 
	0x00, 0x02, 0x00, 0x00, 0x00, 0x00, 0x00, 0x00, 0x00, 0x00, 0x00, 0x00, 0x00, 0x00, 0x00, 0x01, 
	0x00, 0x00, 0x00, 0x00, 0x00, 0x00, 0x00, 0x00, 0x80, 0x00, 0x00, 0x00, 0x00, 0x00, 0x00, 0x00, 
	0x00, 0x00, 0x00, 0x00, 0x00, 0x00, 0x40, 0x00, 0x00, 0x02, 0x00, 0x00, 0x00, 0x00, 0x00, 0x00, 
	0x00, 0x00, 0x00, 0x00, 0x00, 0x00, 0x00, 0x01, 0x00, 0x00, 0x00, 0x00, 0x00, 0x00, 0x00, 0x00, 
	0x80, 0x00, 0x00, 0x00, 0x00, 0x00, 0x00, 0x00, 0x00, 0x00, 0x00, 0x00, 0x00, 0x00, 0x40, 0x00, 
	0x00, 0x02, 0x00, 0x00, 0x00, 0x00, 0x00, 0x00, 0x00, 0x00, 0x00, 0x00, 0x00, 0x00, 0x00, 0x01, 
	0x00, 0x00, 0x00, 0x00, 0x00, 0x00, 0x00, 0x00, 0x80, 0x00, 0x00, 0x00, 0x00, 0x00, 0x00, 0x00, 
	0x00, 0x00, 0x00, 0x00, 0x00, 0x00, 0x40, 0x00, 0x00, 0x01, 0x00, 0x00, 0x00, 0x00, 0x00, 0x00, 
	0x00, 0x00, 0x00, 0x00, 0x00, 0x00, 0x00, 0x02, 0x00, 0x00, 0x00, 0x00, 0x00, 0x00, 0x00, 0x00, 
	0x40, 0x00, 0x00, 0x00, 0x00, 0x00, 0x00, 0x00, 0x00, 0x00, 0x00, 0x00, 0x00, 0x00, 0x80, 0x00, 
	0x00, 0x01, 0x00, 0x00, 0x00, 0x00, 0x00, 0x00, 0x00, 0x00, 0x00, 0x00, 0x00, 0x00, 0x00, 0x02, 
	0x00, 0x00, 0x00, 0x00, 0x00, 0x00, 0x00, 0x00, 0x40, 0x00, 0x00, 0x00, 0x00, 0x00, 0x00, 0x00, 
	0x00, 0x00, 0x00, 0x00, 0x00, 0x00, 0x80, 0x00, 0x00, 0x00, 0x80, 0x00, 0x00, 0x00, 0x00, 0x00, 
	0x00, 0x00, 0x00, 0x00, 0x00, 0x00, 0x00, 0x04, 0x00, 0x00, 0x00, 0x00, 0x00, 0x00, 0x00, 0x00, 
	0x20, 0x00, 0x00, 0x00, 0x00, 0x00, 0x00, 0x00, 0x00, 0x00, 0x00, 0x00, 0x00, 0x01, 0x00, 0x00, 
	0x00, 0x00, 0x80, 0x00, 0x00, 0x00, 0x00, 0x00, 0x00, 0x00, 0x00, 0x00, 0x00, 0x00, 0x00, 0x04, 
	0x00, 0x00, 0x00, 0x00, 0x00, 0x00, 0x00, 0x00, 0x20, 0x00, 0x00, 0x00, 0x00, 0x00, 0x00, 0x00, 
	0x00, 0x00, 0x00, 0x00, 0x00, 0x01, 0x00, 0x00, 0x00, 0x00, 0x60, 0x00, 0x00, 0x00, 0x00, 0x00, 
	0x00, 0x00, 0x00, 0x00, 0x00, 0x00, 0x00, 0x18, 0x00, 0x00, 0x00, 0x00, 0x00, 0x00, 0x00, 0x00, 
	0x18, 0x00, 0x00, 0x00, 0x00, 0x00, 0x00, 0x00, 0x00, 0x00, 0x00, 0x00, 0x00, 0x06, 0x00, 0x00, 
	0x00, 0x00, 0x18, 0x00, 0x00, 0x00, 0x00, 0x00, 0x00, 0x00, 0x00, 0x00, 0x00, 0x00, 0x00, 0x60, 
	0x00, 0x00, 0x00, 0x00, 0x00, 0x00, 0x00, 0x00, 0x06, 0x00, 0x00, 0x00, 0x00, 0x00, 0x00, 0x00, 
	0x00, 0x00, 0x00, 0x00, 0x00, 0x18, 0x00, 0x00, 0x00, 0x00, 0x07, 0xff, 0xff, 0xff, 0xff, 0xff, 
	0xff, 0xff, 0xff, 0xff, 0xff, 0xff, 0xff, 0x80, 0x00, 0x00, 0x00, 0x00, 0x00, 0x00, 0x00, 0x00, 
	0x01, 0xff, 0xff, 0xff, 0xff, 0xff, 0xff, 0xff, 0xff, 0xff, 0xff, 0xff, 0xff, 0xe0, 0x00, 0x00, 
	0x00, 0x00, 0x00, 0x00, 0x00, 0x00, 0x00, 0x00, 0x00, 0x00, 0x00, 0x00, 0x00, 0x00, 0x00, 0x00, 
	0x00, 0x00, 0x00, 0x00, 0x00, 0x00, 0x00, 0x00, 0x00, 0x00, 0x00, 0x00, 0x00, 0x00, 0x00, 0x00, 
	0x00, 0x00, 0x00, 0x00, 0x00, 0x00, 0x00, 0x00, 0x00, 0x00, 0x00, 0x00, 0x00, 0x00, 0x00, 0x00, 
	0x00, 0x00, 0x00, 0x00, 0x00, 0x00, 0x00, 0x00, 0x00, 0x00, 0x00, 0x00, 0x00, 0x00, 0x00, 0x00, 
	0x00, 0x00, 0x00, 0x00, 0x00, 0x00, 0x00, 0x00, 0x00, 0x00, 0x00, 0x00, 0x00, 0x00, 0x00, 0x00, 
	0x00, 0x00, 0x00, 0x00, 0x00, 0x00, 0x00, 0x00, 0x00, 0x00, 0x00, 0x00, 0x00, 0x00, 0x00, 0x00, 
	0x00, 0x00, 0x00, 0x00, 0x00, 0x00, 0x00, 0x00, 0x00, 0x00, 0x00, 0x00, 0x00, 0x00, 0x00, 0x00, 
	0x00, 0x00, 0x00, 0x00, 0x00, 0x00, 0x00, 0x00, 0x00, 0x00, 0x00, 0x00, 0x00, 0x00, 0x00, 0x00, 
	0x00, 0x00, 0x00, 0x00, 0x00, 0x00, 0x00, 0x00, 0x00, 0x00, 0x00, 0x00, 0x00, 0x00, 0x00, 0x00, 
	0x00, 0x00, 0x00, 0x00, 0x00, 0x00, 0x00, 0x00, 0x00, 0x00, 0x00, 0x00, 0x00, 0x00, 0x00, 0x00, 
	0x00, 0x00, 0x00, 0x00, 0x00, 0x00, 0x00, 0x00, 0x00, 0x00, 0x00, 0x00, 0x00, 0x00, 0x00, 0x00, 
	0x00, 0x00, 0x00, 0x00, 0x00, 0x00, 0x00, 0x00, 0x00, 0x00, 0x00, 0x00, 0x00, 0x00, 0x00, 0x00, 
	0x00, 0x00, 0x00, 0x00, 0x00, 0x00, 0x00, 0x00, 0x00, 0x00, 0x00, 0x00, 0x00, 0x00, 0x00, 0x00, 
	0x00, 0x00, 0x00, 0x00, 0x00, 0x00, 0x00, 0x00, 0x00, 0x00, 0x00, 0x00, 0x00, 0x00, 0x00, 0x00, 
	0x00, 0x00, 0x00, 0x00, 0x00, 0x00, 0x00, 0x00, 0x00, 0x00, 0x00, 0x00, 0x00, 0x00, 0x00, 0x00, 
	0x00, 0x00, 0x00, 0x00, 0x00, 0x00, 0x00, 0x00, 0x00, 0x00, 0x00, 0x00, 0x00, 0x00, 0x00, 0x00, 
	0x00, 0x00, 0x00, 0x00, 0x00, 0x00, 0x00, 0x00, 0x00, 0x00, 0x00, 0x00, 0x00, 0x00, 0x00, 0x00, 
	0x00, 0x00, 0x00, 0x00, 0x00, 0x00, 0x00, 0x00, 0x00, 0x00, 0x00, 0x00, 0x00, 0x00, 0x00, 0x00, 
	0x00, 0x00, 0x00, 0x00, 0x00, 0x00, 0x00, 0x00, 0x00, 0x00, 0x00, 0x00, 0x00, 0x00, 0x00, 0x00, 
	0x00, 0x00, 0x00, 0x00, 0x00, 0x00, 0x00, 0x00, 0x00, 0x00, 0x00, 0x00, 0x00, 0x00, 0x00, 0x00, 
	0x00, 0x00, 0x00, 0x00, 0x00, 0x00, 0x00, 0x00, 0x00, 0x00, 0x00, 0x00, 0x00, 0x00, 0x00, 0x00, 
	0x00, 0x00, 0x00, 0x00, 0x00, 0x00, 0x00, 0x00, 0x00, 0x00, 0x00, 0x00, 0x00, 0x00, 0x00, 0x00, 
	0x00, 0x00, 0x00, 0x00, 0x00, 0x00, 0x00, 0x00, 0x00, 0x00, 0x00, 0x00, 0x00, 0x00, 0x00, 0x00, 
	0x00, 0x00, 0x00, 0x00, 0x00, 0x00, 0x00, 0x00, 0x00, 0x00, 0x00, 0x00, 0x00, 0x00, 0x00, 0x00, 
	0x00, 0x00, 0x00, 0x00, 0x00, 0x00, 0x00, 0x00, 0x00, 0x00, 0x00, 0x00, 0x00, 0x00, 0x00, 0x00, 
	0x00, 0x00, 0x00, 0x00, 0x00, 0x00, 0x00, 0x00, 0x00, 0x00, 0x00, 0x00, 0x00, 0x00, 0x00, 0x00, 
	0x00, 0x00, 0x00, 0x00, 0x00, 0x00, 0x00, 0x00, 0x00, 0x00, 0x00, 0x00, 0x00, 0x00, 0x00, 0x00, 
	0x00, 0x00, 0x00, 0x00, 0x00, 0x00, 0x00, 0x00, 0x00, 0x00, 0x00, 0x00, 0x00, 0x00, 0x00, 0x00, 
	0x00, 0x00, 0x00, 0x00, 0x00, 0x00, 0x00, 0x00, 0x00, 0x00, 0x00, 0x00, 0x00, 0x00, 0x00, 0x00, 
	0x00, 0x00, 0x00, 0x00, 0x00, 0x00, 0x00, 0x00, 0x00, 0x00, 0x00, 0x00, 0x00, 0x00, 0x00, 0x00, 
	0x00, 0x00, 0x00, 0x00, 0x00, 0x00, 0x00, 0x00, 0x00, 0x00, 0x00, 0x00, 0x00, 0x00, 0x00, 0x00, 
	0x00, 0x00, 0x00, 0x00, 0x00, 0x00, 0x00, 0x00, 0x00, 0x00, 0x00, 0x00, 0x00, 0x00, 0x00, 0x00, 
	0x00, 0x00, 0x00, 0x00, 0x00, 0x00, 0x00, 0x00, 0x00, 0x00, 0x00, 0x00, 0x00, 0x00, 0x00, 0x00, 
	0x00, 0x00, 0x00, 0x00, 0x00, 0x00, 0x00, 0x00, 0x00, 0x00, 0x00, 0x00, 0x00, 0x00, 0x00, 0x00, 
	0x00, 0x00, 0x00, 0x00, 0x00, 0x00, 0x00, 0x00, 0x00, 0x00, 0x00, 0x00, 0x00, 0x00, 0x00, 0x00, 
	0x00, 0x00, 0x00, 0x00, 0x00, 0x00, 0x00, 0x00, 0x00, 0x00, 0x00, 0x00, 0x00, 0x00, 0x00, 0x00, 
	0x00, 0x00, 0x00, 0x00, 0x00, 0x00, 0x00, 0x00, 0x00, 0x00, 0x00, 0x00, 0x00, 0x00, 0x00, 0x00, 
	0x00, 0x00, 0x00, 0x00, 0x00, 0x00, 0x00, 0x00, 0x00, 0x00, 0x00, 0x00, 0x00, 0x00, 0x00, 0x00, 
	0x00, 0x00, 0x00, 0x00, 0x00, 0x00, 0x00, 0x00, 0x00, 0x00, 0x00, 0x00, 0x00, 0x00, 0x00, 0x00, 
	0x00, 0x00, 0x00, 0x00, 0x00, 0x00, 0x00, 0x00, 0x00, 0x00, 0x00, 0x00, 0x00, 0x00, 0x00, 0x00, 
	0x00, 0x00, 0x00, 0x00, 0x00, 0x00, 0x00, 0x00, 0x00, 0x00, 0x00, 0x00, 0x00, 0x00, 0x00, 0x00, 
	0x00, 0x00, 0x00, 0x00, 0x00, 0x00, 0x00, 0x00, 0x00, 0x00, 0x00, 0x00, 0x00, 0x00, 0x00, 0x00, 
	0x00, 0x00, 0x00, 0x00, 0x00, 0x00, 0x00, 0x00, 0x00, 0x00, 0x00, 0x00, 0x00, 0x00, 0x00, 0x00, 
	0x00, 0x00, 0x00, 0x00, 0x00, 0x00, 0x00, 0x00, 0x00, 0x00, 0x00, 0x00, 0x00, 0x00, 0x00, 0x00, 
	0x00, 0x00, 0x00, 0x00, 0x00, 0x00, 0x00, 0x00, 0x00, 0x00, 0x00, 0x00, 0x00, 0x00, 0x00, 0x00, 
	0x00, 0x00, 0x00, 0x00, 0x00, 0x00, 0x00, 0x00, 0x00, 0x00, 0x00, 0x00, 0x00, 0x00, 0x00, 0x00, 
	0x00, 0x00, 0x00, 0x00, 0x00, 0x00, 0x00, 0x00, 0x00, 0x00, 0x00, 0x00, 0x00, 0x00, 0x00, 0x00, 
	0x00, 0x00, 0x00, 0x00, 0x00, 0x00, 0x00, 0x00, 0x00, 0x00, 0x00, 0x00, 0x00, 0x00, 0x00, 0x00, 
	0x00, 0x00, 0x00, 0x00, 0x00, 0x00, 0x00, 0x00, 0x00, 0x00, 0x00, 0x00, 0x00, 0x00, 0x00, 0x00, 
	0x00, 0x00, 0x00, 0x00, 0x00, 0x00, 0x00, 0x00, 0x00, 0x00, 0x00, 0x00, 0x00, 0x00, 0x00, 0x00, 
	0x00, 0x00, 0x00, 0x00, 0x00, 0x00, 0x00, 0x00, 0x00, 0x00, 0x00, 0x00, 0x00, 0x00, 0x00, 0x00, 
	0x00, 0x00, 0x00, 0x00, 0x00, 0x00, 0x00, 0x00, 0x00, 0x00, 0x00, 0x00, 0x00, 0x00, 0x00, 0x00, 
	0x00, 0x00, 0x00, 0x00, 0x00, 0x00, 0x00, 0x00, 0x00, 0x00, 0x00, 0x00, 0x00, 0x00, 0x00, 0x00, 
	0x00, 0x00, 0x00, 0x00, 0x00, 0x00, 0x00, 0x00, 0x00, 0x00, 0x00, 0x00, 0x00, 0x00, 0x00, 0x00, 
	0x00, 0x00, 0x00, 0x00, 0x00, 0x00, 0x00, 0x00, 0x00, 0x00, 0x00, 0x00, 0x00, 0x00, 0x00, 0x00, 
	0x00, 0x00, 0x00, 0x00, 0x00, 0x00, 0x00, 0x00, 0x00, 0x00, 0x00, 0x00, 0x00, 0x00, 0x00, 0x00, 
	0x00, 0x00, 0x00, 0x00, 0x00, 0x00, 0x00, 0x00, 0x00, 0x00, 0x00, 0x00, 0x00, 0x00, 0x00, 0x00, 
	0x00, 0x00, 0x00, 0x00, 0x00, 0x00, 0x00, 0x00, 0x00, 0x00, 0x00, 0x00, 0x00, 0x00, 0x00, 0x00, 
	0x00, 0x00, 0x00, 0x00, 0x00, 0x00, 0x00, 0x00, 0x00, 0x00, 0x00, 0x00, 0x00, 0x00, 0x00, 0x00, 
	0x00, 0x00, 0x00, 0x00, 0x00, 0x00, 0x00, 0x00, 0x00, 0x00, 0x00, 0x00, 0x00, 0x00, 0x00, 0x00, 
	0x00, 0x00, 0x00, 0x00, 0x00, 0x00, 0x00, 0x00, 0x00, 0x00, 0x00, 0x00, 0x00, 0x00, 0x00, 0x00, 
	0x00, 0x00, 0x00, 0x00, 0x00, 0x00, 0x00, 0x00, 0x00, 0x00, 0x00, 0x00, 0x00, 0x00, 0x00, 0x00, 
	0x00, 0x00, 0x00, 0x00, 0x00, 0x00, 0x00, 0x00, 0x00, 0x00, 0x00, 0x00, 0x00, 0x00, 0x00, 0x00, 
	0x00, 0x00, 0x00, 0x00, 0x00, 0x00, 0x00, 0x00, 0x00, 0x00, 0x00, 0x00, 0x00, 0x00, 0x00, 0x00, 
	0x00, 0x00, 0x00, 0x00, 0x00, 0x00, 0x00, 0x00, 0x00, 0x00, 0x00, 0x00, 0x00, 0x00, 0x00, 0x00, 
	0x00, 0x00, 0x00, 0x00, 0x00, 0x00, 0x00, 0x00, 0x00, 0x00, 0x00, 0x00, 0x00, 0x00, 0x00, 0x00, 
	0x00, 0x00, 0x00, 0x00, 0x00, 0x00, 0x00, 0x00, 0x00, 0x00, 0x00, 0x00, 0x00, 0x00, 0x00, 0x00, 
	0x00, 0x00, 0x00, 0x00, 0x00, 0x00, 0x00, 0x00, 0x00, 0x00, 0x00, 0x00, 0x00, 0x00, 0x00, 0x00, 
	0x00, 0x00, 0x00, 0x00, 0x00, 0x00, 0x00, 0x00, 0x00, 0x00, 0x00, 0x00, 0x00, 0x00, 0x00, 0x00, 
	0x00, 0x00, 0x00, 0x00, 0x00, 0x00, 0x00, 0x00, 0x00, 0x00, 0x00, 0x00, 0x00, 0x00, 0x00, 0x00, 
	0x00, 0x00, 0x00, 0x00, 0x00, 0x00, 0x00, 0x00, 0x00, 0x00, 0x00, 0x00, 0x00, 0x00, 0x00, 0x00, 
	0x00, 0x00, 0x00, 0x00, 0x00, 0x00, 0x00, 0x00, 0x00, 0x00, 0x00, 0x00, 0x00, 0x00, 0x00, 0x00, 
	0x00, 0x00, 0x00, 0x00, 0x00, 0x00, 0x00, 0x00, 0x00, 0x00, 0x00, 0x00, 0x00, 0x00, 0x00, 0x00, 
	0x00, 0x00, 0x00, 0x00, 0x00, 0x00, 0x00, 0x00, 0x00, 0x00, 0x00, 0x00, 0x00, 0x00, 0x00, 0x00, 
	0x00, 0x00, 0x00, 0x00, 0x00, 0x00, 0x00, 0x00, 0x00, 0x00, 0x00, 0x00, 0x00, 0x00, 0x00, 0x00, 
	0x00, 0x00, 0x00, 0x00, 0x00, 0x00, 0x00, 0x00, 0x00, 0x00, 0x00, 0x00, 0x00, 0x00, 0x00, 0x00, 
	0x00, 0x00, 0x00, 0x00, 0x00, 0x00, 0x00, 0x00, 0x00, 0x00, 0x00, 0x00, 0x00, 0x00, 0x00, 0x00, 
	0x00, 0x00, 0x00, 0x00, 0x00, 0x00, 0x00, 0x00, 0x00, 0x00, 0x00, 0x00, 0x00, 0x00, 0x00, 0x00, 
	0x00, 0x00, 0x00, 0x00, 0x00, 0x00, 0x00, 0x00, 0x00, 0x00, 0x00, 0x00, 0x00, 0x00, 0x00, 0x00, 
	0x00, 0x00, 0x00, 0x00, 0x00, 0x00, 0x00, 0x00, 0x00, 0x00, 0x00, 0x00, 0x00, 0x00, 0x00, 0x00, 
	0x00, 0x00, 0x00, 0x00, 0x00, 0x00, 0x00, 0x00, 0x00, 0x00, 0x00, 0x00, 0x00, 0x00, 0x00, 0x00, 
	0x00, 0x00, 0x00, 0x00, 0x00, 0x00, 0x00, 0x00, 0x00, 0x00, 0x00, 0x00, 0x00, 0x00, 0x00, 0x00, 
	0x00, 0x00, 0x00, 0x00, 0x00, 0x00, 0x00, 0x00, 0x00, 0x00, 0x00, 0x00, 0x00, 0x00, 0x00, 0x00, 
	0x00, 0x00, 0x00, 0x00, 0x00, 0x00, 0x00, 0x00, 0x00, 0x00, 0x00, 0x00, 0x00, 0x00, 0x00, 0x00, 
	0x00, 0x00, 0x00, 0x00, 0x00, 0x00, 0x00, 0x00, 0x00, 0x00, 0x00, 0x00, 0x00, 0x00, 0x00, 0x00
};

const unsigned short NEN_bitmap[] PROGMEM = {
  	0x1250, 0x1251, 0x1ab2, 0x22f4, 0x2314, 0x22f4, 0x1ab3, 0x1ad3, 0x1271, 0x1230, 0x1231, 0x1231, 0x1251, 0x1251, 0x1252, 0x1272, 
	0x1272, 0x1272, 0x1252, 0x1251, 0x1251, 0x1271, 0x1292, 0x1272, 0x12d4, 0x1b14, 0x1b14, 0x1af4, 0x2314, 0x2314, 0x1ad3, 0x1ad3, 
	0x22f4, 0x22f4, 0x1af4, 0x2315, 0x2315, 0x1b15, 0x2335, 0x2335, 0x2335, 0x1b15, 0x1b35, 0x1b35, 0x1b15, 0x1b15, 0x1af4, 0x12d4, 
	0x1b15, 0x12f4, 0x12d4, 0x1af4, 0x1b15, 0x1b15, 0x1b15, 0x2335, 0x1b15, 0x1b15, 0x2335, 0x1b15, 0x2335, 0x2335, 0x2335, 0x1b15, 
	0x1af4, 0x2355, 0x3418, 0x0ad3, 0x12f4, 0x12f4, 0x12d4, 0x12f5, 0x1315, 0x12f5, 0x12f5, 0x1315, 0x1315, 0x0b15, 0x0b15, 0x0b15, 
	0x0b16, 0x1336, 0x1336, 0x1336, 0x0b16, 0x0b37, 0x0b57, 0x0b58, 0x0b58, 0x0b58, 0x1378, 0x1379, 0x1398, 0x1398, 0x1399, 0x13ba, 
	0x13ba, 0x243c, 0x243c, 0x13b9, 0x13ba, 0x139a, 0x1378, 0x1358, 0x0b37, 0x1337, 0x1337, 0x1337, 0x1337, 0x1337, 0x1337, 0x1337, 
	0x1337, 0x1357, 0x1337, 0x1357, 0x1358, 0x1358, 0x1358, 0x1398, 0x1b98, 0x23fa, 0x2c1a, 0x1b98, 0x1378, 0x1379, 0x137a, 0x139a, 
	0x13bb, 0x13fc, 0x2cfe, 0x4dff, 0x24df, 0x143e, 0x1c3e, 0x243e, 0x343e, 0x449f, 0x54de, 0x653f, 0x863f, 0x553d, 0x3cde, 0x2c9e, 
	0x249e, 0x249e, 0x247e, 0x1c7d, 0x1c7d, 0x1c5d, 0x1c5c, 0x1c5d, 0x1c5d, 0x145c, 0x145c, 0x145d, 0x147d, 0x1c9d, 0x1c9e, 0x1cde, 
	0x1cde, 0x1cde, 0x24ff, 0x1c9d, 0x145d, 0x143c, 0x13fa, 0x13b9, 0x13b8, 0x1bd9, 0x13b8, 0x1bd9, 0x1bd9, 0x13d9, 0x13da, 0x1bfa, 
	0x1bfa, 0x3d3f, 0x351f, 0x141b, 0x1bfa, 0x1bd9, 0x1bd9, 0x1398, 0x1356, 0x1335, 0x1335, 0x1314, 0x0af4, 0x0af4, 0x0af4, 0x0af4, 
	0x1315, 0x1356, 0x1335, 0x1356, 0x1335, 0x1335, 0x1314, 0x12f4, 0x12f4, 0x12f4, 0x12f4, 0x12f3, 0x12d3, 0x12b3, 0x12b3, 0x12b3, 
	0x12b2, 0x12b3, 0x12b3, 0x12b2, 0x1af3, 0x2b75, 0x12b3, 0x12b3, 0x12b3, 0x12b3, 0x12d4, 0x12d4, 0x12f4, 0x1315, 0x1315, 0x1336, 
	0x1b98, 0x0b16, 0x0b16, 0x1336, 0x1336, 0x0b16, 0x0b37, 0x1358, 0x1399, 0x13b9, 0x13d9, 0x13b9, 0x13d9, 0x13da, 0x13da, 0x13da, 
	0x0b78, 0x0b78, 0x1398, 0x1398, 0x0b57, 0x1357, 0x1315, 0x0ad4, 0x12f4, 0x0ab3, 0x1292, 0x12b3, 0x1272, 0x1292, 0x1272, 0x1251, 
	0x1251, 0x1230, 0x1251, 0x1251, 0x1230, 0x1251, 0x1251, 0x1251, 0x1271, 0x1231, 0x1251, 0x1230, 0x1230, 0x1230, 0x1230, 0x1230, 
	0x1230, 0x1230, 0x1231, 0x1231, 0x1251, 0x1231, 0x1251, 0x1251, 0x1251, 0x1292, 0x1293, 0x0a72, 0x1292, 0x1272, 0x1293, 0x1293, 
	0x1272, 0x1272, 0x1271, 0x1251, 0x1271, 0x1231, 0x1a72, 0x1251, 0x1251, 0x1231, 0x1230, 0x1230, 0x1250, 0x1a71, 0x1250, 0x1230, 
	0x1a92, 0x1251, 0x22b2, 0x1230, 0x1230, 0x1230, 0x1230, 0x1210, 0x0a10, 0x1230, 0x0a10, 0x1210, 0x1210, 0x120f, 0x0a0f, 0x120f, 
	0x1a72, 0x22f3, 0x1ab3, 0x12b2, 0x1af3, 0x1b14, 0x1ad3, 0x1272, 0x1251, 0x1251, 0x1272, 0x1252, 0x1272, 0x1273, 0x1293, 0x1293, 
	0x12b3, 0x1293, 0x1293, 0x1273, 0x1252, 0x1272, 0x1293, 0x1293, 0x1293, 0x1ab4, 0x1af4, 0x1ad3, 0x1292, 0x1272, 0x0a30, 0x0a10, 
	0x0a30, 0x0a31, 0x0a31, 0x1292, 0x22f4, 0x2335, 0x1b15, 0x1b15, 0x1b15, 0x2335, 0x1b35, 0x1b35, 0x1b35, 0x1b15, 0x2335, 0x2335, 
	0x1b35, 0x1b35, 0x0a92, 0x1292, 0x1ad4, 0x2315, 0x2335, 0x2335, 0x2335, 0x1b15, 0x1b15, 0x1b15, 0x1b14, 0x1b15, 0x1b15, 0x1b15, 
	0x1af4, 0x12f4, 0x12f4, 0x1315, 0x12f5, 0x1315, 0x12f5, 0x1315, 0x12f5, 0x12f5, 0x1315, 0x1315, 0x0b15, 0x0b15, 0x0b15, 0x0af5, 
	0x0b16, 0x0b16, 0x0b16, 0x0b16, 0x0b16, 0x0b16, 0x1337, 0x1357, 0x1358, 0x0b58, 0x1358, 0x1358, 0x0b58, 0x1378, 0x1399, 0x13ba, 
	0x1399, 0x241b, 0x243c, 0x1399, 0x1399, 0x1378, 0x1378, 0x1358, 0x0b58, 0x1337, 0x1337, 0x1337, 0x1337, 0x1337, 0x1337, 0x1337, 
	0x1337, 0x1337, 0x1337, 0x1337, 0x1337, 0x1338, 0x1358, 0x1358, 0x1378, 0x1378, 0x1398, 0x1378, 0x1378, 0x1379, 0x1379, 0x139a, 
	0x13bb, 0x13db, 0x2cdd, 0x563f, 0x353f, 0x1c5d, 0x1c5e, 0x243e, 0x345f, 0x447f, 0x54df, 0x653f, 0x861f, 0x659e, 0x451e, 0x34df, 
	0x2cbe, 0x249e, 0x247d, 0x1c5d, 0x1c7d, 0x1c5d, 0x1c7d, 0x1c5d, 0x145c, 0x1c9d, 0x1c7d, 0x1c9d, 0x147d, 0x1c9d, 0x149e, 0x149e, 
	0x1c9e, 0x1c9e, 0x1c9d, 0x1c5d, 0x1c5d, 0x1c3c, 0x13d9, 0x13b9, 0x13b8, 0x1398, 0x13b8, 0x13b9, 0x13b9, 0x1bd9, 0x13da, 0x1bfb, 
	0x13fa, 0x3d3f, 0x34ff, 0x13fb, 0x1bfa, 0x1bd9, 0x1bb9, 0x1b98, 0x1356, 0x1335, 0x1335, 0x0b14, 0x0af4, 0x0af4, 0x0af4, 0x0af4, 
	0x0b14, 0x1335, 0x1335, 0x0b15, 0x0b15, 0x0b15, 0x1315, 0x1314, 0x0ad4, 0x1314, 0x1314, 0x12d3, 0x12d3, 0x12b3, 0x12b3, 0x12b3, 
	0x12b2, 0x12b3, 0x12b2, 0x12b2, 0x12b2, 0x0a92, 0x1292, 0x12b3, 0x12b3, 0x12b3, 0x12b3, 0x12b3, 0x12d4, 0x12f4, 0x1315, 0x1316, 
	0x1b77, 0x0af5, 0x0ad4, 0x12f5, 0x0b15, 0x1337, 0x1357, 0x1378, 0x1399, 0x0b78, 0x13b9, 0x1399, 0x1bda, 0x13b9, 0x13da, 0x13b9, 
	0x1378, 0x1378, 0x0b37, 0x1337, 0x0b16, 0x1316, 0x0ad4, 0x0ab3, 0x0ab3, 0x1293, 0x1272, 0x1272, 0x1272, 0x1251, 0x1271, 0x1272, 
	0x1251, 0x1251, 0x1230, 0x1230, 0x1250, 0x1251, 0x1251, 0x1251, 0x0a30, 0x0a30, 0x1231, 0x1230, 0x1230, 0x1230, 0x1230, 0x1250, 
	0x1230, 0x0a30, 0x1230, 0x1230, 0x1230, 0x1231, 0x1251, 0x1251, 0x1251, 0x1272, 0x1272, 0x1272, 0x1293, 0x1292, 0x1272, 0x1272, 
	0x1272, 0x1271, 0x1251, 0x1251, 0x1231, 0x1230, 0x1230, 0x1231, 0x1231, 0x1230, 0x1230, 0x1210, 0x1a92, 0x3b75, 0x1251, 0x1a51, 
	0x3334, 0x1a51, 0x1231, 0x1251, 0x1251, 0x1231, 0x1230, 0x1210, 0x1210, 0x0a10, 0x0a10, 0x0a10, 0x0a10, 0x120f, 0x120f, 0x120f, 
	0x0a10, 0x1251, 0x1271, 0x1272, 0x1ad3, 0x1af4, 0x2314, 0x1ab3, 0x1252, 0x1272, 0x1272, 0x1272, 0x1273, 0x1293, 0x1294, 0x12b4, 
	0x12b4, 0x12b4, 0x12b4, 0x12b4, 0x1293, 0x0a72, 0x1273, 0x1273, 0x0a52, 0x1273, 0x1293, 0x1272, 0x1251, 0x1230, 0x0a10, 0x0a10, 
	0x0a10, 0x0a10, 0x0a30, 0x0a30, 0x1272, 0x1af4, 0x2314, 0x2314, 0x2315, 0x1b15, 0x1b35, 0x1b35, 0x1b15, 0x1b14, 0x1b14, 0x1b15, 
	0x1b35, 0x1b15, 0x1ad4, 0x12b3, 0x1272, 0x1ad3, 0x1af4, 0x1ad3, 0x12b3, 0x1ad4, 0x1ad4, 0x1ad3, 0x12d4, 0x1af4, 0x1b15, 0x1b15, 
	0x1b14, 0x12f4, 0x12f4, 0x12f5, 0x12f5, 0x0ad4, 0x0af4, 0x1315, 0x1315, 0x1315, 0x1315, 0x1315, 0x1315, 0x0af4, 0x1315, 0x1336, 
	0x1315, 0x1315, 0x1316, 0x1315, 0x1316, 0x0af5, 0x0b16, 0x1337, 0x1357, 0x1358, 0x0b38, 0x0b58, 0x0b38, 0x0b58, 0x1399, 0x139a, 
	0x139a, 0x1399, 0x1399, 0x1bfb, 0x1379, 0x0b58, 0x1358, 0x0b58, 0x0b58, 0x0b38, 0x1337, 0x1337, 0x1337, 0x1337, 0x1337, 0x1337, 
	0x1337, 0x1337, 0x1358, 0x1338, 0x1338, 0x1338, 0x1358, 0x1358, 0x1358, 0x1358, 0x1358, 0x1358, 0x1358, 0x1358, 0x1379, 0x137a, 
	0x139b, 0x13db, 0x249c, 0x563f, 0x3d9f, 0x1c5d, 0x1c5e, 0x243e, 0x2c3e, 0x3c7f, 0x54bf, 0x5cfe, 0x759f, 0x863f, 0x4d1e, 0x3cde, 
	0x2c9e, 0x249e, 0x249e, 0x1c7d, 0x1c5d, 0x1c5d, 0x1c5d, 0x1c5d, 0x1c7d, 0x145c, 0x1c7d, 0x1c9d, 0x1c9d, 0x1c9d, 0x1cbe, 0x149e, 
	0x149d, 0x147d, 0x1c7d, 0x145c, 0x1c5c, 0x141b, 0x13da, 0x13b9, 0x13b9, 0x1bd9, 0x13b9, 0x13b9, 0x13d9, 0x13fa, 0x13fa, 0x13fb, 
	0x1c3b, 0x351f, 0x249e, 0x13fb, 0x1bfa, 0x13b9, 0x1398, 0x1377, 0x1356, 0x1335, 0x1315, 0x1315, 0x0b14, 0x0af4, 0x0af4, 0x0af4, 
	0x0af4, 0x0b15, 0x1335, 0x1336, 0x0b15, 0x1335, 0x1335, 0x0af4, 0x1314, 0x1314, 0x0ad3, 0x0ab3, 0x12d3, 0x12d3, 0x12b3, 0x1292, 
	0x12b3, 0x12b2, 0x1292, 0x1292, 0x1292, 0x0a72, 0x1272, 0x1272, 0x12b3, 0x1293, 0x12b3, 0x12b3, 0x12b3, 0x0ab3, 0x12f5, 0x1315, 
	0x0ad4, 0x0ab4, 0x0ab4, 0x12f5, 0x1315, 0x1357, 0x0b37, 0x1378, 0x1379, 0x1378, 0x0b57, 0x1378, 0x0b58, 0x0b57, 0x1358, 0x1378, 
	0x1337, 0x1336, 0x1316, 0x1316, 0x1315, 0x1315, 0x0ab4, 0x12b3, 0x1293, 0x1ad3, 0x1272, 0x1251, 0x1271, 0x1251, 0x1272, 0x1251, 
	0x1271, 0x1251, 0x1230, 0x1230, 0x1250, 0x1230, 0x0a30, 0x1251, 0x1251, 0x0a10, 0x0a10, 0x1251, 0x1251, 0x1230, 0x1230, 0x1251, 
	0x1251, 0x0a30, 0x1230, 0x1231, 0x1231, 0x1231, 0x1251, 0x1251, 0x1251, 0x1252, 0x1252, 0x1272, 0x1272, 0x1272, 0x1293, 0x1293, 
	0x1272, 0x1272, 0x1251, 0x1251, 0x1231, 0x1230, 0x1210, 0x1210, 0x1230, 0x1210, 0x1210, 0x1251, 0x1251, 0x1210, 0x1251, 0x1a51, 
	0x1230, 0x1230, 0x1230, 0x1230, 0x1251, 0x1251, 0x1230, 0x1230, 0x1230, 0x0a10, 0x0a10, 0x0a10, 0x0a10, 0x1210, 0x1210, 0x1210, 
	0x1210, 0x0a10, 0x0a10, 0x0a10, 0x0a30, 0x1251, 0x1292, 0x1272, 0x1252, 0x1272, 0x1272, 0x1272, 0x1293, 0x12b4, 0x1294, 0x1294, 
	0x12b4, 0x12b4, 0x12d5, 0x12d5, 0x12b4, 0x12b4, 0x1273, 0x0a52, 0x0a52, 0x1252, 0x1272, 0x1272, 0x1251, 0x1231, 0x0a10, 0x0a10, 
	0x0a30, 0x0a10, 0x0a30, 0x1250, 0x1251, 0x1271, 0x1a92, 0x1292, 0x1ab3, 0x1af4, 0x1b14, 0x1b35, 0x1b15, 0x1b14, 0x1b15, 0x2335, 
	0x1b15, 0x1b15, 0x2315, 0x1ad4, 0x1272, 0x1252, 0x1272, 0x1251, 0x0a51, 0x1272, 0x1292, 0x1293, 0x1292, 0x12d3, 0x1ad3, 0x12d3, 
	0x12d3, 0x12d3, 0x12d4, 0x12d4, 0x12d4, 0x12d4, 0x12f4, 0x12f4, 0x1314, 0x1314, 0x0af4, 0x0af4, 0x12f4, 0x12f4, 0x1b15, 0x2376, 
	0x2376, 0x2356, 0x1315, 0x12f5, 0x12f5, 0x12f5, 0x12f5, 0x0b16, 0x1337, 0x1357, 0x1338, 0x1358, 0x0b58, 0x0b58, 0x1379, 0x139a, 
	0x13ba, 0x1399, 0x139a, 0x1bda, 0x1379, 0x0b58, 0x1358, 0x0b58, 0x0b58, 0x0b38, 0x1358, 0x1358, 0x1337, 0x1337, 0x1337, 0x1337, 
	0x1337, 0x1358, 0x1337, 0x1338, 0x1338, 0x1338, 0x1358, 0x1358, 0x1358, 0x1358, 0x1358, 0x1358, 0x1358, 0x1378, 0x1b9a, 0x1379, 
	0x139b, 0x13db, 0x1c5c, 0x45df, 0x459f, 0x1c5d, 0x245e, 0x243e, 0x2c3e, 0x345e, 0x4c9f, 0x5cdf, 0x6d5e, 0x863f, 0x5d5f, 0x3cde, 
	0x34de, 0x24bf, 0x249e, 0x1c7e, 0x1c7d, 0x1c5d, 0x1c7d, 0x1c7d, 0x147d, 0x147d, 0x1cbe, 0x1c9d, 0x1c9c, 0x1cbd, 0x1cde, 0x1cde, 
	0x149e, 0x1cbe, 0x1c9e, 0x1c5d, 0x143c, 0x1c1b, 0x13da, 0x13d9, 0x13b9, 0x13d9, 0x1bda, 0x13d9, 0x13da, 0x13fa, 0x13fb, 0x13fb, 
	0x24bd, 0x351f, 0x1c3c, 0x141b, 0x13fa, 0x13b9, 0x1398, 0x1357, 0x1356, 0x0b15, 0x1315, 0x1315, 0x1315, 0x0b14, 0x0af4, 0x0af5, 
	0x0af5, 0x0af5, 0x1336, 0x0b36, 0x0b15, 0x1336, 0x1336, 0x0b15, 0x1335, 0x1314, 0x1b35, 0x2396, 0x1314, 0x12d3, 0x12b3, 0x12b3, 
	0x12b3, 0x12b3, 0x1292, 0x1292, 0x1292, 0x1272, 0x1292, 0x12b3, 0x1292, 0x1293, 0x12b3, 0x12d3, 0x12b3, 0x12b3, 0x12d4, 0x12d4, 
	0x12b4, 0x12d4, 0x12b4, 0x12d4, 0x0ad5, 0x1316, 0x1b78, 0x1337, 0x1378, 0x1357, 0x1337, 0x1336, 0x1336, 0x1316, 0x1316, 0x1316, 
	0x1315, 0x12d4, 0x12d4, 0x12d4, 0x12d4, 0x12d4, 0x12b4, 0x1293, 0x1293, 0x1292, 0x1293, 0x1251, 0x1251, 0x1251, 0x1272, 0x1251, 
	0x1251, 0x1230, 0x1230, 0x1230, 0x1230, 0x1230, 0x1251, 0x1251, 0x1231, 0x1230, 0x1231, 0x1230, 0x1230, 0x1230, 0x1230, 0x1230, 
	0x0a10, 0x0a30, 0x1230, 0x1251, 0x1a72, 0x1251, 0x1251, 0x1271, 0x1251, 0x1272, 0x1272, 0x1293, 0x1273, 0x1273, 0x1293, 0x1293, 
	0x1293, 0x1272, 0x1272, 0x1251, 0x1251, 0x1230, 0x0a10, 0x1230, 0x1230, 0x1230, 0x1231, 0x1231, 0x1251, 0x1a71, 0x1251, 0x1251, 
	0x1251, 0x1230, 0x1230, 0x1230, 0x1230, 0x1230, 0x1231, 0x1230, 0x1230, 0x0a10, 0x0a10, 0x0a10, 0x1210, 0x1210, 0x120f, 0x120f, 
	0x0a10, 0x1210, 0x0a10, 0x0a10, 0x0a10, 0x1a92, 0x1a92, 0x1231, 0x1251, 0x1251, 0x1252, 0x1a93, 0x1ad4, 0x1293, 0x1294, 0x1294, 
	0x0a94, 0x12d5, 0x12f6, 0x12f6, 0x12f6, 0x12d5, 0x12b4, 0x1273, 0x1252, 0x1252, 0x1252, 0x1252, 0x1251, 0x0a10, 0x0a10, 0x1251, 
	0x1251, 0x1251, 0x1230, 0x0a10, 0x1230, 0x1230, 0x1251, 0x1251, 0x1251, 0x1272, 0x1292, 0x1ad3, 0x1b14, 0x1b15, 0x2315, 0x2315, 
	0x1b15, 0x1b15, 0x1b15, 0x1ab3, 0x1252, 0x1251, 0x1251, 0x1251, 0x1251, 0x1251, 0x1251, 0x1272, 0x1272, 0x1272, 0x1272, 0x1292, 
	0x12b3, 0x12b3, 0x1293, 0x12b3, 0x12d4, 0x12d4, 0x12d4, 0x0ad4, 0x0ad3, 0x0ad3, 0x0ad4, 0x12f4, 0x1315, 0x1b35, 0x1b15, 0x2335, 
	0x2335, 0x1b15, 0x12f4, 0x0ad4, 0x0ad4, 0x12d4, 0x12f5, 0x12f5, 0x1316, 0x1337, 0x1337, 0x1358, 0x1358, 0x1358, 0x1359, 0x1379, 
	0x139a, 0x1399, 0x139a, 0x1379, 0x1358, 0x1358, 0x1378, 0x0b58, 0x0b58, 0x0b58, 0x0b58, 0x0b57, 0x1358, 0x0b37, 0x0b37, 0x0b38, 
	0x0b38, 0x1358, 0x1338, 0x1358, 0x1358, 0x1338, 0x1338, 0x1358, 0x1338, 0x1358, 0x1358, 0x1358, 0x1358, 0x1378, 0x1b99, 0x1379, 
	0x139a, 0x13db, 0x141c, 0x353f, 0x353f, 0x1c5d, 0x1c3e, 0x243e, 0x2c3e, 0x3c7f, 0x447f, 0x54bf, 0x6d1e, 0x7ddf, 0x75df, 0x44fe, 
	0x34be, 0x249e, 0x247e, 0x247e, 0x1c7d, 0x249d, 0x1c9e, 0x1c9e, 0x1c9d, 0x1cde, 0x1cbd, 0x2d3f, 0x45ff, 0x1cbd, 0x1cfe, 0x1cfe, 
	0x1cde, 0x1cbe, 0x1c7d, 0x1c5d, 0x1c3c, 0x1c3c, 0x13fb, 0x13fa, 0x1bfa, 0x13fa, 0x1bfb, 0x13da, 0x1c3b, 0x1c5c, 0x141c, 0x141c, 
	0x2cde, 0x3d5f, 0x141b, 0x13fb, 0x13da, 0x13b9, 0x1398, 0x1377, 0x1356, 0x1356, 0x0b15, 0x0b15, 0x0b15, 0x1335, 0x0b35, 0x0b35, 
	0x0b15, 0x1336, 0x1356, 0x1356, 0x1377, 0x0b56, 0x1336, 0x0b16, 0x1315, 0x0b15, 0x1b35, 0x2376, 0x1314, 0x0ad3, 0x12b3, 0x12b3, 
	0x12b3, 0x12b3, 0x12b3, 0x1293, 0x1292, 0x1292, 0x1292, 0x1293, 0x1293, 0x12b3, 0x1293, 0x12b3, 0x0a72, 0x12b3, 0x1292, 0x1293, 
	0x12b3, 0x12d4, 0x12d5, 0x12d5, 0x12d4, 0x12f5, 0x1316, 0x1357, 0x1337, 0x0b16, 0x0af6, 0x0af5, 0x12f5, 0x0ad4, 0x0ab4, 0x0ab4, 
	0x0ab3, 0x12b3, 0x1293, 0x0a93, 0x12b3, 0x12b3, 0x12b3, 0x1293, 0x1292, 0x1272, 0x1272, 0x1252, 0x1251, 0x1251, 0x1251, 0x1231, 
	0x1231, 0x1230, 0x1231, 0x1230, 0x1230, 0x1230, 0x1251, 0x1251, 0x1230, 0x1231, 0x1251, 0x1230, 0x1230, 0x0a10, 0x1230, 0x1210, 
	0x1230, 0x1251, 0x1231, 0x1251, 0x1252, 0x1251, 0x1251, 0x1272, 0x1251, 0x1272, 0x1293, 0x1293, 0x1ab3, 0x1293, 0x1293, 0x12b3, 
	0x12b3, 0x12b3, 0x1272, 0x1252, 0x1251, 0x1230, 0x1210, 0x1230, 0x1251, 0x1231, 0x1251, 0x1251, 0x1251, 0x1251, 0x1a51, 0x1251, 
	0x1a51, 0x1251, 0x1a71, 0x22d3, 0x1a71, 0x1251, 0x1251, 0x1230, 0x1230, 0x1210, 0x0a10, 0x0a10, 0x0a10, 0x0a10, 0x0a0f, 0x0a0f, 
	0x0a10, 0x0a10, 0x0a10, 0x1210, 0x0a10, 0x0a10, 0x1231, 0x1231, 0x1230, 0x1231, 0x0a10, 0x1ab3, 0x22d4, 0x0a52, 0x12b4, 0x12b4, 
	0x12b4, 0x12d5, 0x1b17, 0x1b17, 0x1316, 0x12f6, 0x12f6, 0x12b5, 0x1294, 0x1273, 0x1252, 0x1252, 0x1252, 0x0a31, 0x1251, 0x1271, 
	0x1251, 0x1251, 0x1251, 0x1231, 0x1230, 0x1251, 0x1251, 0x1271, 0x1251, 0x1271, 0x1272, 0x0a72, 0x1292, 0x2315, 0x2335, 0x1b15, 
	0x2335, 0x1b15, 0x2335, 0x1af4, 0x1272, 0x1251, 0x1251, 0x1251, 0x1251, 0x1251, 0x1272, 0x1272, 0x1272, 0x1272, 0x1272, 0x0a72, 
	0x0a72, 0x1292, 0x1293, 0x1293, 0x12b3, 0x12d3, 0x0ab3, 0x0ad3, 0x0ad4, 0x0ad4, 0x0ad4, 0x12f4, 0x12f4, 0x12f4, 0x1b15, 0x1b15, 
	0x1b15, 0x12f4, 0x0ad4, 0x0ad4, 0x0ad4, 0x12d4, 0x12d4, 0x12d5, 0x12f5, 0x0af5, 0x1337, 0x1358, 0x1379, 0x1358, 0x1359, 0x1379, 
	0x1379, 0x1379, 0x1379, 0x1379, 0x1358, 0x1358, 0x1358, 0x0b58, 0x0b58, 0x0b58, 0x0b38, 0x1358, 0x0b37, 0x0b37, 0x0b37, 0x1358, 
	0x1378, 0x1358, 0x1358, 0x1358, 0x1358, 0x1338, 0x1338, 0x1338, 0x1358, 0x1338, 0x1358, 0x1358, 0x1358, 0x1358, 0x1b59, 0x1379, 
	0x137a, 0x13bb, 0x13fc, 0x249e, 0x24bf, 0x1c5e, 0x1c3d, 0x243e, 0x2c3e, 0x3c5e, 0x447f, 0x54bf, 0x64de, 0x7dbf, 0x7dff, 0x4cdd, 
	0x34be, 0x2c9e, 0x249e, 0x249e, 0x2cbd, 0x249d, 0x1c7d, 0x24de, 0x1cbe, 0x24fe, 0x1cfe, 0x251f, 0x251f, 0x1cfe, 0x1d1e, 0x1cde, 
	0x1cde, 0x24fe, 0x1c9d, 0x145d, 0x145c, 0x1c5c, 0x143c, 0x1c3c, 0x141b, 0x141b, 0x13fb, 0x1c3c, 0x1c5c, 0x1c5c, 0x143d, 0x1c3d, 
	0x351f, 0x351f, 0x13fb, 0x1bfb, 0x13da, 0x1398, 0x1398, 0x1377, 0x0b56, 0x1356, 0x0b35, 0x0b15, 0x1336, 0x0b36, 0x1377, 0x1b98, 
	0x0b15, 0x1336, 0x0b36, 0x0b36, 0x0b36, 0x0b36, 0x0b36, 0x1357, 0x0b16, 0x0b15, 0x0b15, 0x12f5, 0x12f4, 0x12d4, 0x12b3, 0x12b3, 
	0x12b3, 0x12b2, 0x12b3, 0x1293, 0x1293, 0x1293, 0x1293, 0x12b3, 0x12b3, 0x12b3, 0x1293, 0x1292, 0x1272, 0x1292, 0x1272, 0x1293, 
	0x1293, 0x12b4, 0x12d4, 0x12b4, 0x0ab4, 0x12f5, 0x12d5, 0x12d5, 0x0ad5, 0x0af5, 0x12f6, 0x12f6, 0x12f5, 0x12d4, 0x12f5, 0x12b4, 
	0x12b4, 0x12d4, 0x12b4, 0x12b4, 0x1293, 0x1293, 0x1292, 0x1272, 0x1292, 0x1272, 0x1252, 0x1251, 0x1251, 0x1251, 0x1251, 0x1231, 
	0x1251, 0x1251, 0x1230, 0x1230, 0x1230, 0x1230, 0x1230, 0x1230, 0x1230, 0x1210, 0x1230, 0x1210, 0x1231, 0x1231, 0x1231, 0x1251, 
	0x1a92, 0x1251, 0x1231, 0x1251, 0x1a72, 0x1251, 0x1251, 0x1251, 0x1272, 0x1272, 0x1292, 0x1272, 0x1272, 0x1293, 0x1293, 0x1293, 
	0x12b3, 0x12b3, 0x1293, 0x1272, 0x1251, 0x1230, 0x1230, 0x1230, 0x1251, 0x1231, 0x1251, 0x1251, 0x1251, 0x1251, 0x1251, 0x1251, 
	0x1251, 0x1251, 0x1251, 0x1a71, 0x1251, 0x1251, 0x1251, 0x1230, 0x1230, 0x0a10, 0x0a10, 0x0a10, 0x0a10, 0x0a10, 0x0a10, 0x0a10, 
	0x0a10, 0x0a10, 0x0a10, 0x0a10, 0x0a10, 0x0a10, 0x0a10, 0x0a10, 0x0a10, 0x1210, 0x1210, 0x1230, 0x1231, 0x1272, 0x12b4, 0x12d5, 
	0x12d5, 0x12f6, 0x1317, 0x1337, 0x1337, 0x1316, 0x12f6, 0x12d5, 0x12b4, 0x1273, 0x1273, 0x1272, 0x1292, 0x1272, 0x1252, 0x1272, 
	0x1272, 0x1272, 0x1252, 0x1251, 0x1251, 0x1271, 0x1271, 0x1a92, 0x1292, 0x1272, 0x1272, 0x1272, 0x0a72, 0x1ad4, 0x2335, 0x2335, 
	0x2335, 0x1b15, 0x1b15, 0x1ad4, 0x1272, 0x1251, 0x1251, 0x1251, 0x1251, 0x1271, 0x1272, 0x1252, 0x1251, 0x1251, 0x1272, 0x1272, 
	0x1292, 0x12b3, 0x12b3, 0x1293, 0x12b3, 0x12b3, 0x12b3, 0x0ab3, 0x0ad4, 0x0af4, 0x12f4, 0x1315, 0x12f5, 0x12f5, 0x12f4, 0x12f4, 
	0x12f4, 0x12f4, 0x1315, 0x12f4, 0x12f5, 0x12f4, 0x12f5, 0x12f5, 0x12f5, 0x12f5, 0x1316, 0x1357, 0x1378, 0x1379, 0x1358, 0x1379, 
	0x1379, 0x1359, 0x0b38, 0x1358, 0x1358, 0x1358, 0x1378, 0x0b58, 0x0b58, 0x0b58, 0x0b38, 0x0b37, 0x0b37, 0x0b37, 0x1338, 0x0b38, 
	0x0b38, 0x1358, 0x1358, 0x1358, 0x1358, 0x1358, 0x1338, 0x1b58, 0x1358, 0x1338, 0x1358, 0x1b58, 0x1b58, 0x1b58, 0x1b79, 0x1b59, 
	0x139a, 0x13bb, 0x13dc, 0x1c1d, 0x1c3e, 0x1c3d, 0x1c3d, 0x2c3d, 0x345e, 0x3c5e, 0x445e, 0x4c9f, 0x5cde, 0x6d5f, 0x7ddf, 0x5d1e, 
	0x3cbe, 0x2cbe, 0x2c9e, 0x3d3f, 0x4ddf, 0x2cfe, 0x1cbe, 0x24de, 0x24fe, 0x24ff, 0x253f, 0x1d1f, 0x251f, 0x253f, 0x251e, 0x251e, 
	0x1cdd, 0x1cbd, 0x1c9d, 0x1c9d, 0x1c7d, 0x1c7d, 0x1c7d, 0x1c7d, 0x1c7d, 0x1c7d, 0x1c3c, 0x143c, 0x1c9d, 0x1c7d, 0x1c5d, 0x249e, 
	0x459f, 0x249d, 0x1c1c, 0x13fb, 0x13da, 0x1398, 0x1377, 0x0b77, 0x0b56, 0x1376, 0x0b35, 0x1336, 0x0b56, 0x1377, 0x1377, 0x0b77, 
	0x0b56, 0x0b36, 0x0b36, 0x0b36, 0x0b36, 0x1377, 0x1357, 0x0b36, 0x0b36, 0x0b15, 0x0af5, 0x1315, 0x12f4, 0x0ad3, 0x12b3, 0x12b3, 
	0x12b3, 0x12b3, 0x12b3, 0x1ab3, 0x1293, 0x1293, 0x1293, 0x12b3, 0x12b3, 0x12b3, 0x1293, 0x1272, 0x12b2, 0x22f4, 0x1272, 0x1ab3, 
	0x1293, 0x12b3, 0x12b3, 0x12d4, 0x12d5, 0x12f5, 0x12d5, 0x12d4, 0x12d4, 0x12d4, 0x1b16, 0x2357, 0x12d5, 0x1af5, 0x12b4, 0x12b4, 
	0x12b3, 0x0a93, 0x12b4, 0x12b4, 0x1293, 0x1272, 0x0a52, 0x1292, 0x1292, 0x1252, 0x1272, 0x1272, 0x1251, 0x1251, 0x1251, 0x1251, 
	0x1230, 0x1231, 0x1251, 0x1231, 0x1231, 0x1230, 0x1230, 0x1230, 0x1230, 0x1230, 0x1210, 0x1231, 0x1251, 0x1a72, 0x1251, 0x1251, 
	0x1251, 0x1251, 0x1251, 0x1252, 0x1251, 0x1251, 0x1251, 0x1251, 0x1251, 0x1252, 0x1252, 0x1251, 0x1252, 0x1292, 0x12b3, 0x12b3, 
	0x12b3, 0x1293, 0x1272, 0x1252, 0x1251, 0x1231, 0x1230, 0x1230, 0x1231, 0x1251, 0x1251, 0x1251, 0x1251, 0x1271, 0x1251, 0x1251, 
	0x1251, 0x1251, 0x1251, 0x1251, 0x1251, 0x1251, 0x1251, 0x1251, 0x1230, 0x1230, 0x1210, 0x0a10, 0x0a10, 0x0a10, 0x1210, 0x0a10, 
	0x0a10, 0x0a10, 0x1210, 0x0a10, 0x0a10, 0x0a10, 0x0a10, 0x0a10, 0x1210, 0x1210, 0x1210, 0x0a10, 0x1231, 0x1252, 0x12b4, 0x1af6, 
	0x1b16, 0x1316, 0x1337, 0x1358, 0x1337, 0x1337, 0x1316, 0x12d5, 0x12b4, 0x1273, 0x1273, 0x1252, 0x1273, 0x1272, 0x1272, 0x1293, 
	0x1293, 0x1293, 0x1ab3, 0x1ab3, 0x1ab3, 0x1ab3, 0x1ad3, 0x1ad3, 0x1292, 0x12b3, 0x1ad3, 0x1ad4, 0x12d3, 0x1af4, 0x1b15, 0x2335, 
	0x2335, 0x1b15, 0x1b15, 0x1ad4, 0x1ad3, 0x1ad3, 0x1293, 0x1ad3, 0x1292, 0x1271, 0x1251, 0x1251, 0x1272, 0x1251, 0x1272, 0x0a72, 
	0x1292, 0x12b3, 0x1292, 0x1292, 0x1293, 0x12b3, 0x12b3, 0x0ab3, 0x0ad4, 0x0af4, 0x0af4, 0x12f4, 0x12f5, 0x1315, 0x1315, 0x12f4, 
	0x12f4, 0x12f5, 0x1315, 0x1315, 0x1315, 0x12f4, 0x12f5, 0x1315, 0x1315, 0x1315, 0x1316, 0x1337, 0x1b78, 0x1379, 0x1379, 0x1379, 
	0x1379, 0x1358, 0x0b38, 0x1358, 0x1358, 0x1378, 0x1378, 0x0b58, 0x0b58, 0x0b58, 0x1358, 0x0b58, 0x0b57, 0x0b38, 0x0b37, 0x1338, 
	0x0b38, 0x1358, 0x1358, 0x1358, 0x1338, 0x1338, 0x1b38, 0x1b38, 0x1b37, 0x1338, 0x1338, 0x1b59, 0x1b59, 0x1b79, 0x1b58, 0x1b59, 
	0x1b9a, 0x13ba, 0x1bdb, 0x13db, 0x1bfc, 0x1bfc, 0x241c, 0x2c5d, 0x343d, 0x3c5e, 0x3c5e, 0x4c7e, 0x549f, 0x5cde, 0x7dbf, 0x6d7f, 
	0x44de, 0x3cdf, 0x34de, 0x455f, 0x561f, 0x351e, 0x24de, 0x1cfe, 0x1cde, 0x253f, 0x1d1f, 0x1d1e, 0x255f, 0x253e, 0x251e, 0x1cfe, 
	0x1cdd, 0x149c, 0x1cbd, 0x1c9d, 0x1c9d, 0x1c9d, 0x1c7d, 0x1c9d, 0x1c9d, 0x145d, 0x1c7d, 0x1c7d, 0x1c5c, 0x1c5c, 0x143c, 0x2cde, 
	0x4ddf, 0x143b, 0x1c1b, 0x13da, 0x13d9, 0x1398, 0x1398, 0x1377, 0x0b56, 0x0b35, 0x0b15, 0x1356, 0x1377, 0x1398, 0x1398, 0x0b78, 
	0x1378, 0x1378, 0x0b57, 0x0b57, 0x0b57, 0x1398, 0x1378, 0x1357, 0x0b36, 0x0b16, 0x1316, 0x1315, 0x12d4, 0x0ab3, 0x12b3, 0x12b3, 
	0x12b3, 0x12b3, 0x12b3, 0x1293, 0x1272, 0x1272, 0x1292, 0x1272, 0x12b3, 0x12b3, 0x1272, 0x1272, 0x1a92, 0x1272, 0x1293, 0x1293, 
	0x1293, 0x12b3, 0x12b4, 0x12f5, 0x12f5, 0x12d4, 0x12d4, 0x12b4, 0x12b3, 0x12b3, 0x12b3, 0x12d4, 0x12d4, 0x1af4, 0x12d4, 0x12b3, 
	0x12b3, 0x1293, 0x1293, 0x1293, 0x1293, 0x1293, 0x1292, 0x1272, 0x1ab3, 0x1292, 0x1251, 0x1271, 0x1251, 0x1251, 0x1251, 0x1251, 
	0x1251, 0x1251, 0x1251, 0x1251, 0x1251, 0x1251, 0x1251, 0x1251, 0x1251, 0x1231, 0x1252, 0x1a72, 0x1251, 0x1251, 0x1251, 0x1272, 
	0x1272, 0x1252, 0x1252, 0x1272, 0x1272, 0x1252, 0x1252, 0x1272, 0x1251, 0x1272, 0x1272, 0x1251, 0x1252, 0x1272, 0x1292, 0x1292, 
	0x1292, 0x1292, 0x1272, 0x1251, 0x1231, 0x1231, 0x1231, 0x1251, 0x1a92, 0x1251, 0x1251, 0x1251, 0x1251, 0x1251, 0x1271, 0x1251, 
	0x1251, 0x1251, 0x1251, 0x1251, 0x1251, 0x1251, 0x1251, 0x1231, 0x1230, 0x1230, 0x1230, 0x1210, 0x1210, 0x1230, 0x1210, 0x1210, 
	0x0a10, 0x0a10, 0x1210, 0x1210, 0x0a10, 0x0a0f, 0x0a10, 0x0a10, 0x0a10, 0x1210, 0x0a10, 0x1210, 0x1230, 0x1251, 0x1273, 0x1af5, 
	0x1b16, 0x1337, 0x1b57, 0x1358, 0x1337, 0x1316, 0x1b57, 0x1b16, 0x12b5, 0x1294, 0x1273, 0x1293, 0x1293, 0x1293, 0x1293, 0x1293, 
	0x1273, 0x12b3, 0x1af4, 0x1af4, 0x1ad3, 0x1ad3, 0x1af4, 0x1af4, 0x1ad3, 0x1af4, 0x2315, 0x1b15, 0x2335, 0x1b15, 0x2315, 0x2315, 
	0x1b15, 0x1b14, 0x1b14, 0x1b14, 0x2335, 0x2335, 0x2315, 0x2355, 0x1af4, 0x12b3, 0x1ab3, 0x1272, 0x1272, 0x1272, 0x1272, 0x1272, 
	0x1292, 0x1292, 0x1293, 0x1b14, 0x2315, 0x12d3, 0x1af4, 0x12d4, 0x0ad4, 0x0ad4, 0x1315, 0x1b35, 0x1b35, 0x1b35, 0x1315, 0x12f4, 
	0x12f4, 0x1b35, 0x1b35, 0x12f4, 0x12d4, 0x12f4, 0x12f5, 0x12f5, 0x1315, 0x1316, 0x0af6, 0x23b9, 0x343b, 0x1358, 0x1379, 0x1379, 
	0x1379, 0x1379, 0x1379, 0x1379, 0x1378, 0x1378, 0x1378, 0x0b58, 0x1358, 0x1358, 0x1358, 0x1358, 0x1358, 0x1358, 0x1358, 0x1338, 
	0x1358, 0x1358, 0x1338, 0x1358, 0x1338, 0x1337, 0x1337, 0x1b37, 0x1b37, 0x1b37, 0x1b58, 0x1b79, 0x1b79, 0x1b79, 0x1b79, 0x1b79, 
	0x1b9a, 0x1b9a, 0x1b9a, 0x1bdb, 0x1bdb, 0x1bdb, 0x23fb, 0x2c1c, 0x343c, 0x341d, 0x3c1d, 0x443d, 0x4c7f, 0x549e, 0x7d9f, 0x75bf, 
	0x4cff, 0x3cbe, 0x34de, 0x34fe, 0x3d1e, 0x34fe, 0x251e, 0x251f, 0x251f, 0x253f, 0x1cfe, 0x1d1e, 0x1d1e, 0x1cfe, 0x1cbd, 0x14bd, 
	0x1cde, 0x1cde, 0x1cbd, 0x1c9d, 0x1c9d, 0x1c9d, 0x1c7d, 0x1c7d, 0x1c9d, 0x1c9d, 0x1c9d, 0x249d, 0x1c5c, 0x1c7c, 0x1c5c, 0x351f, 
	0x4dbf, 0x1c5b, 0x1c3c, 0x13fa, 0x13d9, 0x13b8, 0x1398, 0x1357, 0x0b36, 0x0b15, 0x0b15, 0x0b36, 0x1377, 0x0b77, 0x1398, 0x1398, 
	0x0b78, 0x1378, 0x1398, 0x1377, 0x1357, 0x0b57, 0x0b16, 0x0b36, 0x0b16, 0x0b15, 0x1315, 0x0ad4, 0x0ab4, 0x12d4, 0x12b3, 0x12b3, 
	0x12b3, 0x1293, 0x1293, 0x1292, 0x1272, 0x1271, 0x1251, 0x1251, 0x1292, 0x1292, 0x1272, 0x1292, 0x1292, 0x1272, 0x1272, 0x1293, 
	0x12b3, 0x12b3, 0x1ad4, 0x12b4, 0x12d4, 0x12b4, 0x12b3, 0x1ad4, 0x1293, 0x12b3, 0x12b3, 0x1293, 0x12b3, 0x12b3, 0x12b4, 0x12d4, 
	0x12b3, 0x1293, 0x1293, 0x1273, 0x12b3, 0x1272, 0x1272, 0x1252, 0x1292, 0x1272, 0x1251, 0x1251, 0x1251, 0x1251, 0x1251, 0x1251, 
	0x1231, 0x1251, 0x1251, 0x1251, 0x1231, 0x1251, 0x1231, 0x1a71, 0x1251, 0x1251, 0x1272, 0x1272, 0x1251, 0x1251, 0x1251, 0x1272, 
	0x1272, 0x1252, 0x1272, 0x1272, 0x1292, 0x1272, 0x1272, 0x1292, 0x1292, 0x1292, 0x1272, 0x1272, 0x1272, 0x1272, 0x1272, 0x1292, 
	0x1292, 0x1292, 0x1272, 0x1251, 0x1231, 0x1230, 0x1230, 0x1271, 0x1ab2, 0x1251, 0x1251, 0x1271, 0x1a92, 0x1272, 0x1251, 0x1271, 
	0x1271, 0x1292, 0x1ab3, 0x1251, 0x1271, 0x1251, 0x1251, 0x1251, 0x1230, 0x1230, 0x1230, 0x0a30, 0x0a30, 0x0a30, 0x1230, 0x1210, 
	0x0a10, 0x0a10, 0x0a10, 0x0a10, 0x0a10, 0x0a10, 0x0a10, 0x0a10, 0x0a10, 0x1230, 0x0a10, 0x0a10, 0x1230, 0x1251, 0x1272, 0x12b4, 
	0x12f5, 0x12f5, 0x3c3a, 0x4cbc, 0x1336, 0x1b78, 0x1337, 0x12f6, 0x12d6, 0x12d5, 0x12b5, 0x1294, 0x12b4, 0x12b4, 0x12b4, 0x12b4, 
	0x1ab4, 0x1293, 0x1293, 0x1272, 0x1272, 0x1272, 0x12b3, 0x1ad3, 0x1ad4, 0x1af4, 0x2315, 0x1b15, 0x1b14, 0x1af4, 0x1ad4, 0x1af4, 
	0x1af4, 0x1af4, 0x1af4, 0x1b14, 0x1b14, 0x1af4, 0x2315, 0x2315, 0x2335, 0x2315, 0x2314, 0x1292, 0x0a72, 0x1272, 0x1292, 0x1292, 
	0x1293, 0x1ab3, 0x2315, 0x1b15, 0x2335, 0x2335, 0x1b15, 0x12f4, 0x0ad3, 0x1314, 0x2b97, 0x2b97, 0x2b76, 0x2376, 0x1b15, 0x1b35, 
	0x2356, 0x2335, 0x33b7, 0x2376, 0x12f4, 0x12f4, 0x12f4, 0x12f5, 0x1315, 0x1316, 0x1336, 0x1b78, 0x1b98, 0x1bb9, 0x1399, 0x1379, 
	0x1399, 0x1399, 0x13b9, 0x1399, 0x1378, 0x0b58, 0x1378, 0x0b58, 0x1358, 0x1378, 0x1358, 0x1378, 0x1378, 0x0b58, 0x0b58, 0x0b58, 
	0x1358, 0x1338, 0x1338, 0x1337, 0x1337, 0x1b37, 0x1b37, 0x1b37, 0x1b37, 0x1b37, 0x1b58, 0x1b58, 0x1b58, 0x1358, 0x1358, 0x1379, 
	0x1b99, 0x1b99, 0x1399, 0x1b99, 0x1bba, 0x1bda, 0x2c1b, 0x44bd, 0x2bfb, 0x2c1c, 0x33fc, 0x3c1d, 0x4c5e, 0x5cbe, 0x6cfd, 0x85ff, 
	0x5d1f, 0x44de, 0x44fe, 0x3d1e, 0x3d1d, 0x353e, 0x355f, 0x1cfe, 0x253e, 0x255f, 0x1d1e, 0x1cfe, 0x1cfe, 0x253f, 0x1cde, 0x1cbd, 
	0x1cde, 0x24de, 0x1cbd, 0x1c7d, 0x1cbd, 0x24de, 0x1c7c, 0x1c7d, 0x1c7d, 0x1c7d, 0x1c5c, 0x1c5c, 0x1c5c, 0x1c5c, 0x247b, 0x4d9f, 
	0x353f, 0x2cdd, 0x247c, 0x13da, 0x13d9, 0x1398, 0x1398, 0x0b56, 0x0b35, 0x1335, 0x1315, 0x0b15, 0x1357, 0x1377, 0x1378, 0x0b78, 
	0x0b57, 0x0b57, 0x0b57, 0x1357, 0x0b57, 0x1337, 0x1316, 0x0af5, 0x1336, 0x0b15, 0x12f4, 0x12d4, 0x12b3, 0x12b3, 0x12b3, 0x12b3, 
	0x12b3, 0x1293, 0x1293, 0x1292, 0x1272, 0x1251, 0x1251, 0x1251, 0x1251, 0x1271, 0x1272, 0x1292, 0x1292, 0x1272, 0x1272, 0x1272, 
	0x0a72, 0x12b3, 0x12b3, 0x12b3, 0x12b3, 0x12b3, 0x12b3, 0x1ad4, 0x12b3, 0x12b3, 0x1293, 0x1293, 0x12b3, 0x1293, 0x0a72, 0x12b3, 
	0x12b3, 0x12b3, 0x12b3, 0x1292, 0x1292, 0x1272, 0x1272, 0x1251, 0x1251, 0x1271, 0x1272, 0x1251, 0x1251, 0x1251, 0x1251, 0x1251, 
	0x1251, 0x1251, 0x1251, 0x1251, 0x1251, 0x1251, 0x1251, 0x1251, 0x1251, 0x1271, 0x1272, 0x1251, 0x1251, 0x1251, 0x1272, 0x1252, 
	0x1272, 0x1272, 0x1272, 0x1293, 0x1293, 0x1293, 0x1293, 0x1293, 0x12b3, 0x12b3, 0x1293, 0x1292, 0x1292, 0x1292, 0x1292, 0x1272, 
	0x1292, 0x1272, 0x1251, 0x1251, 0x1251, 0x1251, 0x1251, 0x1251, 0x1271, 0x1271, 0x1251, 0x1251, 0x1272, 0x1272, 0x1272, 0x1272, 
	0x1292, 0x1292, 0x1292, 0x1251, 0x1271, 0x1251, 0x1251, 0x1251, 0x1251, 0x1251, 0x1251, 0x1292, 0x1292, 0x1271, 0x1251, 0x1231, 
	0x0a10, 0x0a10, 0x0a10, 0x0a10, 0x0a10, 0x0a10, 0x0a10, 0x0a10, 0x0a10, 0x0a10, 0x0a10, 0x1210, 0x1230, 0x1231, 0x1252, 0x1293, 
	0x12d4, 0x12d5, 0x2356, 0x2bb7, 0x1b57, 0x1316, 0x1316, 0x1b37, 0x1b17, 0x1b16, 0x12d5, 0x12b5, 0x12b4, 0x1ad5, 0x12d5, 0x1ad5, 
	0x12b3, 0x1293, 0x1272, 0x1272, 0x1272, 0x1272, 0x1293, 0x1293, 0x12b3, 0x1ad3, 0x1ad3, 0x12b3, 0x12b3, 0x1ab3, 0x1ab3, 0x1ab3, 
	0x12b3, 0x1292, 0x12b3, 0x1ad4, 0x1af4, 0x1b14, 0x1b14, 0x1b15, 0x1af4, 0x1af4, 0x12b3, 0x1272, 0x1272, 0x1292, 0x12b3, 0x1293, 
	0x12b3, 0x12b3, 0x1ad4, 0x2315, 0x2315, 0x1b15, 0x1af4, 0x1b14, 0x12f4, 0x1315, 0x1b35, 0x2335, 0x2335, 0x2335, 0x2335, 0x2335, 
	0x2335, 0x1b15, 0x2335, 0x2b76, 0x2b96, 0x1b15, 0x12f5, 0x1b35, 0x1336, 0x0b16, 0x1357, 0x1336, 0x1336, 0x1378, 0x1379, 0x1399, 
	0x1399, 0x1399, 0x1399, 0x1379, 0x1378, 0x0b58, 0x1358, 0x1378, 0x1378, 0x1358, 0x1378, 0x1358, 0x1378, 0x1358, 0x0b58, 0x1358, 
	0x1358, 0x1358, 0x1337, 0x1337, 0x1b37, 0x1b37, 0x1b37, 0x1b37, 0x1b37, 0x1337, 0x1358, 0x1358, 0x1358, 0x1358, 0x1358, 0x1358, 
	0x1378, 0x1379, 0x1b99, 0x1b99, 0x1bba, 0x23da, 0x23da, 0x23da, 0x23da, 0x23db, 0x2bfb, 0x3c1c, 0x443d, 0x547e, 0x5c9d, 0x85df, 
	0x655f, 0x4cfe, 0x451e, 0x5dff, 0x665f, 0x459f, 0x2d3e, 0x2d5f, 0x2d7f, 0x255e, 0x253e, 0x1cfe, 0x251e, 0x1cfe, 0x24fe, 0x24fe, 
	0x24fe, 0x1c9d, 0x1c9d, 0x24bd, 0x1c9c, 0x1c7c, 0x1c5c, 0x1c5c, 0x1c5c, 0x1c3c, 0x143c, 0x1c5c, 0x247d, 0x1c5c, 0x34dc, 0x5e1f, 
	0x2cdd, 0x1c3b, 0x1c1b, 0x1bfa, 0x1bd9, 0x13b9, 0x1398, 0x1357, 0x0b36, 0x0b15, 0x1315, 0x0af5, 0x1357, 0x1378, 0x1377, 0x1357, 
	0x0b57, 0x1b98, 0x1336, 0x0b16, 0x1356, 0x1336, 0x12f5, 0x12f5, 0x12f5, 0x12d4, 0x12d4, 0x12b3, 0x12b3, 0x12b3, 0x12b3, 0x12b3, 
	0x12b3, 0x1293, 0x1292, 0x1272, 0x1271, 0x1251, 0x1251, 0x1251, 0x1272, 0x1251, 0x1252, 0x1272, 0x1293, 0x1292, 0x1252, 0x1272, 
	0x1272, 0x1293, 0x1293, 0x1273, 0x1293, 0x1273, 0x1293, 0x1af4, 0x1ad4, 0x12b3, 0x12b3, 0x12b3, 0x1293, 0x1293, 0x1293, 0x1af4, 
	0x12d3, 0x1293, 0x12b3, 0x12b3, 0x1292, 0x12b3, 0x1272, 0x1272, 0x1251, 0x1272, 0x1a92, 0x1252, 0x1272, 0x1251, 0x1251, 0x1251, 
	0x1a72, 0x1251, 0x1251, 0x1251, 0x1251, 0x1251, 0x1251, 0x1251, 0x1251, 0x1251, 0x1272, 0x1272, 0x1272, 0x1272, 0x1272, 0x1272, 
	0x1292, 0x1272, 0x1293, 0x1293, 0x1293, 0x12b3, 0x12d4, 0x12b3, 0x0ab3, 0x12d3, 0x12b3, 0x12b3, 0x12b3, 0x12b3, 0x1293, 0x12b3, 
	0x1293, 0x1292, 0x1272, 0x1251, 0x1251, 0x1251, 0x1251, 0x1251, 0x1271, 0x1271, 0x1ab2, 0x1a92, 0x1272, 0x1292, 0x1292, 0x1292, 
	0x1292, 0x1292, 0x1292, 0x1271, 0x1271, 0x1272, 0x1251, 0x1251, 0x1a51, 0x1a71, 0x3375, 0x4c79, 0x4c59, 0x4418, 0x2b34, 0x1272, 
	0x1210, 0x1210, 0x1210, 0x0a10, 0x0a10, 0x1210, 0x1210, 0x0a10, 0x1210, 0x1210, 0x1230, 0x1230, 0x1231, 0x1251, 0x1252, 0x1272, 
	0x12b4, 0x12d4, 0x12d4, 0x1b15, 0x2bb8, 0x12d5, 0x1316, 0x1b17, 0x1b17, 0x12f6, 0x12d6, 0x12d5, 0x12b4, 0x12d5, 0x12d5, 0x1ad5, 
	0x12b4, 0x12b3, 0x1293, 0x1a93, 0x1272, 0x1272, 0x1272, 0x1272, 0x1293, 0x1293, 0x1293, 0x1292, 0x1272, 0x1272, 0x1272, 0x1272, 
	0x1292, 0x1292, 0x1272, 0x1292, 0x1293, 0x1293, 0x1293, 0x12b3, 0x12b2, 0x1292, 0x1271, 0x1271, 0x1272, 0x1292, 0x1292, 0x12b3, 
	0x12b3, 0x12b3, 0x12b3, 0x1ad4, 0x1af4, 0x12b3, 0x0ab3, 0x12d4, 0x12f4, 0x12f4, 0x12f4, 0x1b35, 0x1b15, 0x1b35, 0x1b35, 0x1b35, 
	0x2335, 0x2335, 0x2335, 0x1b15, 0x1b35, 0x1b35, 0x1b35, 0x1b35, 0x1356, 0x1336, 0x0b16, 0x0b16, 0x1336, 0x1357, 0x1378, 0x1399, 
	0x1399, 0x1399, 0x1399, 0x1379, 0x1378, 0x1358, 0x1358, 0x1378, 0x1bb9, 0x1357, 0x1358, 0x1358, 0x1358, 0x1358, 0x1378, 0x1338, 
	0x1358, 0x1337, 0x1337, 0x1337, 0x1b37, 0x1b37, 0x1337, 0x1b37, 0x1b58, 0x1b58, 0x1338, 0x1358, 0x1337, 0x2399, 0x1b98, 0x1358, 
	0x1378, 0x1b99, 0x1b99, 0x1bb9, 0x1b99, 0x1b99, 0x1b99, 0x1bb9, 0x23da, 0x23da, 0x2bdb, 0x33fc, 0x4c5d, 0x5cbf, 0x5c9d, 0x753f, 
	0x6d7f, 0x5d1e, 0x4d1e, 0x663f, 0x667f, 0x459e, 0x357e, 0x359f, 0x2d7f, 0x255f, 0x253e, 0x251e, 0x24fe, 0x1cbd, 0x24fe, 0x24fe, 
	0x1cbd, 0x1cdd, 0x24bd, 0x147c, 0x147c, 0x1c9d, 0x1c7c, 0x1c3b, 0x1c1b, 0x141b, 0x1c3c, 0x1c3c, 0x1c3c, 0x245b, 0x453d, 0x665f, 
	0x249c, 0x1c3b, 0x1c1b, 0x1bfa, 0x1bfa, 0x1bd9, 0x1bb8, 0x1398, 0x1356, 0x1336, 0x1316, 0x1315, 0x0b16, 0x1357, 0x1336, 0x1356, 
	0x1336, 0x1316, 0x1315, 0x12f5, 0x12f5, 0x12f5, 0x12d4, 0x0ab4, 0x12b3, 0x12b3, 0x12b3, 0x12b3, 0x12b3, 0x12b3, 0x12b3, 0x12b3, 
	0x1293, 0x1292, 0x1272, 0x1271, 0x1251, 0x1251, 0x1251, 0x1251, 0x1271, 0x1251, 0x1252, 0x1252, 0x1252, 0x1252, 0x1252, 0x1272, 
	0x1272, 0x1293, 0x1293, 0x1273, 0x1293, 0x12b3, 0x1293, 0x3376, 0x2335, 0x1292, 0x12b3, 0x12b3, 0x1293, 0x12b3, 0x12b3, 0x12b3, 
	0x12b3, 0x12b3, 0x12b3, 0x12b3, 0x1293, 0x1af4, 0x1292, 0x1272, 0x1272, 0x1272, 0x1252, 0x1292, 0x1a93, 0x1251, 0x1251, 0x1251, 
	0x1251, 0x1271, 0x1a71, 0x1251, 0x1251, 0x1251, 0x1251, 0x1251, 0x1251, 0x1251, 0x1251, 0x1251, 0x1272, 0x1272, 0x1272, 0x1272, 
	0x1272, 0x1272, 0x1ab3, 0x12b3, 0x12b3, 0x1ad4, 0x12f4, 0x1b35, 0x3c18, 0x12f4, 0x12f4, 0x12d4, 0x12d4, 0x12b3, 0x12d3, 0x12b3, 
	0x12b3, 0x12b3, 0x1ab3, 0x1293, 0x1272, 0x1251, 0x1251, 0x1271, 0x1272, 0x1271, 0x2314, 0x2b34, 0x1292, 0x1292, 0x1292, 0x1292, 
	0x1292, 0x1292, 0x1292, 0x1292, 0x0a71, 0x2314, 0x1271, 0x1271, 0x1230, 0x0a30, 0x2b55, 0x2b76, 0x1b14, 0x2335, 0x2314, 0x1292, 
	0x1210, 0x1210, 0x1210, 0x1210, 0x0a10, 0x1210, 0x1230, 0x1210, 0x1230, 0x1230, 0x1210, 0x1231, 0x1251, 0x1251, 0x1252, 0x1252, 
	0x1293, 0x12b4, 0x12d5, 0x12d5, 0x0ad4, 0x12f5, 0x12f6, 0x1b17, 0x12f6, 0x12b5, 0x12d5, 0x12d5, 0x12b5, 0x12b4, 0x12b4, 0x12b4, 
	0x12b4, 0x12b3, 0x1a93, 0x1a93, 0x1a93, 0x1272, 0x1293, 0x1272, 0x1272, 0x1293, 0x1a93, 0x1272, 0x1272, 0x1251, 0x1251, 0x1251, 
	0x1271, 0x1272, 0x1272, 0x1272, 0x1292, 0x1293, 0x1292, 0x0a72, 0x0a71, 0x0a71, 0x1271, 0x1271, 0x1292, 0x1292, 0x12b3, 0x12b3, 
	0x12b3, 0x12b3, 0x12b3, 0x1293, 0x12b3, 0x12d4, 0x12d4, 0x0ad3, 0x0ad4, 0x1314, 0x1315, 0x12f5, 0x1315, 0x1315, 0x1315, 0x1b35, 
	0x1b15, 0x1b15, 0x1b15, 0x1b35, 0x1b15, 0x1b15, 0x1315, 0x1315, 0x1335, 0x0b15, 0x0b16, 0x0b16, 0x1336, 0x1357, 0x1358, 0x1379, 
	0x1379, 0x1379, 0x1379, 0x1378, 0x1378, 0x1358, 0x1358, 0x0b57, 0x0b57, 0x1357, 0x1357, 0x1358, 0x1337, 0x1357, 0x1358, 0x1358, 
	0x1338, 0x1337, 0x1b57, 0x1b57, 0x1b37, 0x1b37, 0x1337, 0x1337, 0x1358, 0x1b78, 0x1337, 0x1358, 0x1357, 0x2bda, 0x23b9, 0x1378, 
	0x1379, 0x1bb9, 0x1b99, 0x1b78, 0x1b98, 0x1b99, 0x1b99, 0x1b99, 0x1b99, 0x23da, 0x2bdb, 0x33fb, 0x445d, 0x549e, 0x5c9e, 0x6cfe, 
	0x8e1f, 0x5d1d, 0x551e, 0x4d3e, 0x453e, 0x457e, 0x357f, 0x357f, 0x2d3e, 0x2d5f, 0x251e, 0x251e, 0x24fe, 0x1cbd, 0x1cbd, 0x1cbd, 
	0x24fe, 0x24fe, 0x24bd, 0x1c9d, 0x1c9d, 0x249d, 0x1c5c, 0x1c5c, 0x1c5c, 0x1c5c, 0x1c5c, 0x1c5c, 0x1c5c, 0x2c9c, 0x5ddf, 0x663f, 
	0x249c, 0x1c3c, 0x1c1b, 0x1bfa, 0x1bfa, 0x1bfa, 0x1bd9, 0x1398, 0x1356, 0x1356, 0x1316, 0x1316, 0x1336, 0x0af5, 0x12f5, 0x0af5, 
	0x12f5, 0x12d4, 0x12d4, 0x12d4, 0x12d4, 0x12b4, 0x12b3, 0x12b3, 0x12b3, 0x12b3, 0x12b3, 0x12b3, 0x1292, 0x12b3, 0x1293, 0x1292, 
	0x1292, 0x1272, 0x1251, 0x1ab3, 0x3335, 0x1a92, 0x1251, 0x1251, 0x1271, 0x1251, 0x1272, 0x1272, 0x1251, 0x1272, 0x1ab3, 0x1293, 
	0x1272, 0x1293, 0x1293, 0x1293, 0x1273, 0x1ab3, 0x1293, 0x1272, 0x1293, 0x12b3, 0x1293, 0x12b3, 0x12b3, 0x1293, 0x1293, 0x12b3, 
	0x12d4, 0x12b3, 0x12b3, 0x1293, 0x1293, 0x1293, 0x12b3, 0x1272, 0x1272, 0x1292, 0x1292, 0x1272, 0x1272, 0x1272, 0x1251, 0x1251, 
	0x1271, 0x1251, 0x1251, 0x1251, 0x1251, 0x1271, 0x1251, 0x1251, 0x1251, 0x1251, 0x1272, 0x1251, 0x1271, 0x1272, 0x1272, 0x1292, 
	0x1293, 0x1293, 0x12b3, 0x12b3, 0x12b3, 0x0ab3, 0x12d4, 0x1b56, 0x449a, 0x12f4, 0x1315, 0x12f5, 0x12f5, 0x12f4, 0x12f4, 0x12f4, 
	0x1b15, 0x1af4, 0x12d4, 0x12b3, 0x1292, 0x1272, 0x1292, 0x1292, 0x1292, 0x1292, 0x1272, 0x1292, 0x12b3, 0x1292, 0x12b3, 0x12d3, 
	0x1af4, 0x2355, 0x1af4, 0x12b3, 0x1292, 0x1ad3, 0x1292, 0x0a51, 0x5458, 0x4c17, 0x2334, 0x2bb7, 0x2355, 0x2355, 0x2315, 0x12b3, 
	0x1230, 0x0a10, 0x1230, 0x1210, 0x1210, 0x1210, 0x1210, 0x1230, 0x1230, 0x1230, 0x1230, 0x1230, 0x1231, 0x1231, 0x1251, 0x1252, 
	0x1293, 0x12b4, 0x12d5, 0x12f5, 0x1b16, 0x12f6, 0x1b16, 0x12f6, 0x12d5, 0x1af5, 0x12d5, 0x12d5, 0x12b4, 0x12b4, 0x1293, 0x1293, 
	0x1293, 0x1293, 0x1293, 0x1a93, 0x1293, 0x1272, 0x1292, 0x1272, 0x1272, 0x1a93, 0x1a93, 0x1292, 0x1272, 0x1251, 0x1251, 0x1251, 
	0x1272, 0x1272, 0x1272, 0x1272, 0x1292, 0x12b2, 0x1292, 0x1292, 0x0a71, 0x1291, 0x1271, 0x0a71, 0x1292, 0x1ab3, 0x12b3, 0x12b3, 
	0x12b3, 0x12b3, 0x12b3, 0x12b3, 0x12b3, 0x12b3, 0x0ab3, 0x0ad3, 0x0ad4, 0x12f4, 0x1315, 0x1315, 0x1315, 0x0b15, 0x0b15, 0x0b15, 
	0x1315, 0x1315, 0x1315, 0x1315, 0x1315, 0x1315, 0x0b15, 0x0b15, 0x0b16, 0x0b16, 0x0b36, 0x1336, 0x1336, 0x1357, 0x1358, 0x1378, 
	0x1379, 0x1378, 0x1358, 0x0b38, 0x0b58, 0x0b57, 0x0b58, 0x1358, 0x1358, 0x1357, 0x1357, 0x1337, 0x1337, 0x1337, 0x1337, 0x1337, 
	0x1337, 0x1337, 0x1b57, 0x1b58, 0x1337, 0x1b37, 0x1337, 0x1337, 0x1358, 0x1358, 0x1358, 0x1358, 0x1357, 0x1358, 0x1378, 0x1378, 
	0x1b99, 0x1b98, 0x1b98, 0x1b98, 0x1b98, 0x1b98, 0x1b99, 0x1bb9, 0x23da, 0x23ba, 0x2bda, 0x341c, 0x3c1c, 0x443d, 0x64be, 0x6cde, 
	0x8dff, 0x64fd, 0x54fe, 0x4d1f, 0x451e, 0x4d7f, 0x3d5f, 0x357f, 0x2d1e, 0x2cfe, 0x2d1e, 0x24fe, 0x24de, 0x24fe, 0x24de, 0x353f, 
	0x2d1e, 0x249d, 0x1c7d, 0x249d, 0x1c7c, 0x247c, 0x1c5c, 0x1c5c, 0x247c, 0x1c5c, 0x1c3c, 0x1c5c, 0x247d, 0x34fd, 0x76bf, 0x559e, 
	0x247c, 0x1c5c, 0x1c1b, 0x1bfa, 0x1bfa, 0x1bfa, 0x1bd9, 0x1398, 0x1357, 0x1336, 0x1315, 0x12f5, 0x12f5, 0x12d4, 0x12b4, 0x12d3, 
	0x12b3, 0x12b3, 0x1293, 0x12b3, 0x12b3, 0x12b3, 0x12b3, 0x1293, 0x1293, 0x1292, 0x1292, 0x1292, 0x1272, 0x1272, 0x1272, 0x1252, 
	0x1251, 0x1251, 0x1251, 0x1a72, 0x2af3, 0x1a71, 0x1251, 0x1251, 0x1251, 0x1252, 0x1252, 0x1272, 0x0a51, 0x1292, 0x1ad4, 0x1293, 
	0x1292, 0x1293, 0x1273, 0x1273, 0x1292, 0x1272, 0x1293, 0x1293, 0x12b3, 0x1293, 0x1293, 0x1293, 0x1293, 0x1293, 0x1293, 0x1293, 
	0x1ad4, 0x1293, 0x1293, 0x1293, 0x1293, 0x12b3, 0x1293, 0x1272, 0x1272, 0x1272, 0x1272, 0x1292, 0x1272, 0x1272, 0x1272, 0x1272, 
	0x1251, 0x1251, 0x1271, 0x1251, 0x1251, 0x1251, 0x1251, 0x1251, 0x1251, 0x1252, 0x1272, 0x1252, 0x1272, 0x1272, 0x1272, 0x1293, 
	0x1293, 0x12b3, 0x12b4, 0x12d4, 0x12b4, 0x1b15, 0x1315, 0x12f5, 0x0ad4, 0x1315, 0x1315, 0x1315, 0x1315, 0x12f5, 0x12f4, 0x12f4, 
	0x12f4, 0x12d3, 0x12b3, 0x12b3, 0x1293, 0x1292, 0x1292, 0x1293, 0x12b3, 0x1293, 0x12b3, 0x12b3, 0x12b3, 0x12b3, 0x2355, 0x4c9a, 
	0x5d1c, 0x54db, 0x4c7a, 0x4439, 0x2b76, 0x2335, 0x2335, 0x1ad4, 0x549a, 0x5cdb, 0x3bd7, 0x33d8, 0x2b96, 0x2b76, 0x2335, 0x1af4, 
	0x1230, 0x1230, 0x1230, 0x1210, 0x1210, 0x1210, 0x1230, 0x1230, 0x1210, 0x1210, 0x1230, 0x1230, 0x1210, 0x1231, 0x1231, 0x1252, 
	0x1272, 0x1293, 0x1ad4, 0x12d5, 0x1af6, 0x1b16, 0x12f6, 0x12d5, 0x12b5, 0x12b5, 0x12b4, 0x12b4, 0x12b4, 0x12b4, 0x1293, 0x1293, 
	0x1293, 0x1292, 0x1293, 0x1272, 0x1272, 0x1272, 0x1252, 0x1252, 0x1252, 0x1272, 0x1272, 0x1251, 0x1251, 0x1251, 0x1251, 0x1251, 
	0x1271, 0x1271, 0x1272, 0x1272, 0x0a71, 0x1292, 0x1272, 0x1272, 0x1291, 0x1291, 0x1292, 0x1292, 0x1292, 0x1292, 0x12b3, 0x1293, 
	0x12b3, 0x12b3, 0x12b3, 0x12b3, 0x12b3, 0x12b3, 0x0ad3, 0x0ad4, 0x12f4, 0x1315, 0x1315, 0x1315, 0x0b15, 0x0b15, 0x0b15, 0x0b35, 
	0x1315, 0x1315, 0x1315, 0x0b15, 0x0b15, 0x0b15, 0x0b15, 0x0b36, 0x0b36, 0x0b36, 0x0b36, 0x0b36, 0x1337, 0x1337, 0x1358, 0x1378, 
	0x1378, 0x0b78, 0x1358, 0x0b57, 0x1378, 0x1378, 0x1378, 0x1358, 0x0b57, 0x1337, 0x1357, 0x1337, 0x1337, 0x1b57, 0x1337, 0x1337, 
	0x1337, 0x1337, 0x1337, 0x1337, 0x1337, 0x1358, 0x1358, 0x1358, 0x1358, 0x1358, 0x1358, 0x1357, 0x1358, 0x1378, 0x1b78, 0x1b99, 
	0x1b98, 0x1b98, 0x1b98, 0x1b78, 0x1b78, 0x1b99, 0x1b99, 0x1b99, 0x1bba, 0x23ba, 0x2bda, 0x33fb, 0x3c1c, 0x4c3d, 0x5c7d, 0x859f, 
	0x859f, 0x7d7f, 0x54de, 0x4cdf, 0x44de, 0x451f, 0x3d3f, 0x351e, 0x2cde, 0x2cde, 0x2cfe, 0x24fe, 0x24fe, 0x24de, 0x24bd, 0x249d, 
	0x247c, 0x1c7c, 0x249d, 0x1c7c, 0x1c3c, 0x1c3c, 0x247c, 0x1c3c, 0x1c5c, 0x1c5c, 0x1c3b, 0x1c5c, 0x247c, 0x3cfe, 0x7edf, 0x451c, 
	0x247c, 0x1c5c, 0x1c1b, 0x1bfa, 0x1bfa, 0x13b9, 0x1378, 0x0b57, 0x0b36, 0x0b15, 0x0ad4, 0x0ab4, 0x12d4, 0x12d4, 0x2335, 0x12b3, 
	0x12b3, 0x1293, 0x1ad4, 0x1293, 0x1293, 0x1293, 0x12b3, 0x1293, 0x1272, 0x1272, 0x1272, 0x1272, 0x1272, 0x1272, 0x1251, 0x1251, 
	0x1251, 0x1251, 0x1251, 0x1251, 0x1230, 0x1251, 0x1251, 0x1251, 0x1251, 0x1252, 0x1272, 0x1252, 0x1252, 0x1272, 0x1293, 0x1293, 
	0x1272, 0x1272, 0x1273, 0x1272, 0x1292, 0x1293, 0x1293, 0x12b3, 0x1ad4, 0x12b4, 0x1293, 0x1293, 0x1293, 0x12b3, 0x12b3, 0x1293, 
	0x12b3, 0x12b3, 0x12b4, 0x12b3, 0x12b3, 0x1293, 0x1293, 0x1272, 0x1272, 0x1292, 0x1ab3, 0x1293, 0x1272, 0x1272, 0x1272, 0x1272, 
	0x1272, 0x1272, 0x1271, 0x1271, 0x1251, 0x1251, 0x1251, 0x1252, 0x1252, 0x1272, 0x1272, 0x1272, 0x1272, 0x1293, 0x1293, 0x1293, 
	0x12b3, 0x12b3, 0x12d4, 0x1af5, 0x12f5, 0x1b36, 0x1315, 0x0ad4, 0x12f5, 0x1315, 0x0b15, 0x0b15, 0x1315, 0x12f5, 0x1b56, 0x2bb7, 
	0x12d4, 0x0ad3, 0x12d3, 0x12b3, 0x12b3, 0x12b3, 0x12b3, 0x12b3, 0x12b3, 0x12b3, 0x12b3, 0x12b3, 0x12b3, 0x12d3, 0x4459, 0x867f, 
	0x5cfc, 0x3bf8, 0x4439, 0x549b, 0x3bf8, 0x54bb, 0x445a, 0x2b76, 0x2b76, 0x2b76, 0x2b97, 0x2b97, 0x2b96, 0x2b56, 0x2335, 0x2335, 
	0x1230, 0x1230, 0x1230, 0x1210, 0x1230, 0x1210, 0x1210, 0x1210, 0x1230, 0x1210, 0x1210, 0x1210, 0x1230, 0x1231, 0x1231, 0x1251, 
	0x1252, 0x1273, 0x1293, 0x12b4, 0x12d5, 0x12d5, 0x12d5, 0x12d5, 0x12b4, 0x12b4, 0x12b4, 0x1294, 0x12b4, 0x12b4, 0x12b4, 0x1293, 
	0x1293, 0x1272, 0x1272, 0x1272, 0x1272, 0x1252, 0x1252, 0x1251, 0x1251, 0x1251, 0x1251, 0x1251, 0x1251, 0x1251, 0x1251, 0x1251, 
	0x1251, 0x1271, 0x1271, 0x1271, 0x0a71, 0x1272, 0x1272, 0x1272, 0x1292, 0x0a91, 0x0a71, 0x1292, 0x12b2, 0x1292, 0x1293, 0x12b3, 
	0x12b3, 0x12b3, 0x12b3, 0x12b3, 0x12d4, 0x0ad4, 0x1314, 0x0ad4, 0x1315, 0x1315, 0x1315, 0x0b35, 0x0b36, 0x0b36, 0x0b36, 0x0b35, 
	0x0b15, 0x1335, 0x1356, 0x1315, 0x0b15, 0x1336, 0x0b16, 0x0b16, 0x0b36, 0x0b36, 0x0b36, 0x1357, 0x1357, 0x1378, 0x1378, 0x0b58, 
	0x0b58, 0x0b58, 0x0b58, 0x0b58, 0x1398, 0x1378, 0x1378, 0x1b98, 0x1357, 0x1337, 0x1337, 0x1337, 0x1316, 0x2bfa, 0x1357, 0x1337, 
	0x1357, 0x1337, 0x1337, 0x1337, 0x1357, 0x1358, 0x1378, 0x1358, 0x1358, 0x1358, 0x1357, 0x1b98, 0x1b78, 0x1b98, 0x1b98, 0x1b99, 
	0x1b99, 0x1398, 0x1b98, 0x1378, 0x1b78, 0x1bb9, 0x1b99, 0x1b99, 0x1bba, 0x1bb9, 0x2bda, 0x2bfb, 0x33fb, 0x441c, 0x543d, 0x6cdf, 
	0x855f, 0x85bf, 0x5cde, 0x4cdf, 0x44de, 0x3cde, 0x34fe, 0x2cde, 0x249d, 0x2cde, 0x2cde, 0x24de, 0x24de, 0x249d, 0x249d, 0x1c7d, 
	0x1c7c, 0x2cde, 0x1c5c, 0x1c3b, 0x1c3b, 0x1c1b, 0x243b, 0x1bfa, 0x1c3b, 0x1c1b, 0x1c3b, 0x245c, 0x2c9c, 0x4d7f, 0x76bf, 0x3cfc, 
	0x247b, 0x1c3b, 0x1c1a, 0x1bd9, 0x1398, 0x1377, 0x1357, 0x0b16, 0x0b15, 0x0af4, 0x0ab4, 0x12b3, 0x12b3, 0x12b3, 0x1ad4, 0x12b3, 
	0x12b3, 0x1292, 0x1292, 0x1272, 0x1272, 0x1272, 0x1293, 0x1272, 0x1272, 0x1251, 0x1251, 0x1272, 0x1272, 0x1271, 0x1251, 0x1251, 
	0x1251, 0x1251, 0x1251, 0x1251, 0x1a51, 0x1251, 0x1251, 0x1251, 0x1252, 0x1272, 0x1272, 0x1272, 0x1252, 0x1272, 0x1272, 0x1272, 
	0x1272, 0x1272, 0x1293, 0x1293, 0x1293, 0x1293, 0x1293, 0x12b4, 0x12b4, 0x12b4, 0x1ab4, 0x1293, 0x1293, 0x12b3, 0x1ad4, 0x1af4, 
	0x12b3, 0x1293, 0x1293, 0x1293, 0x1ab3, 0x1293, 0x1272, 0x1272, 0x1292, 0x1ab3, 0x3396, 0x1ad4, 0x1272, 0x1293, 0x1293, 0x1272, 
	0x1292, 0x1292, 0x1292, 0x1292, 0x1272, 0x1272, 0x1272, 0x1272, 0x1272, 0x1272, 0x1272, 0x1272, 0x1272, 0x1293, 0x1293, 0x1a93, 
	0x1293, 0x12b3, 0x12d4, 0x1af5, 0x12f5, 0x12f5, 0x12d4, 0x0ab4, 0x12f4, 0x1315, 0x1315, 0x0b15, 0x1336, 0x0b15, 0x1b56, 0x2376, 
	0x0af4, 0x0ad4, 0x0af4, 0x0ad3, 0x12d3, 0x12b3, 0x12b3, 0x12b3, 0x12b3, 0x12b3, 0x12b3, 0x12b3, 0x12b3, 0x12b3, 0x33d7, 0x6d7d, 
	0x3c18, 0x33b7, 0x3397, 0x3397, 0x3397, 0x33b7, 0x2b97, 0x2b76, 0x2b76, 0x3bf8, 0x4c9a, 0x4439, 0x3c19, 0x2b97, 0x2335, 0x4419, 
	0x1230, 0x1230, 0x1230, 0x1230, 0x1230, 0x1230, 0x1210, 0x1210, 0x1230, 0x1230, 0x1230, 0x1210, 0x1230, 0x1230, 0x1231, 0x1251, 
	0x1251, 0x1252, 0x1252, 0x1293, 0x12b4, 0x1294, 0x12b4, 0x12b4, 0x12b4, 0x12b4, 0x12b4, 0x12b4, 0x1294, 0x1294, 0x1293, 0x1293, 
	0x1293, 0x1293, 0x1293, 0x1293, 0x1293, 0x1272, 0x1251, 0x1251, 0x1251, 0x1251, 0x1251, 0x1251, 0x1251, 0x1251, 0x1251, 0x1251, 
	0x1271, 0x1271, 0x1271, 0x1271, 0x1272, 0x0a71, 0x1271, 0x0a71, 0x1291, 0x1292, 0x1292, 0x1292, 0x1292, 0x1292, 0x12b3, 0x12b3, 
	0x12d3, 0x12b3, 0x12d3, 0x12d3, 0x12d4, 0x12d4, 0x0ad3, 0x0af4, 0x1315, 0x1315, 0x0b35, 0x0b36, 0x1356, 0x1356, 0x0b36, 0x0b36, 
	0x0b35, 0x1335, 0x1b77, 0x1356, 0x0b35, 0x0b36, 0x0b16, 0x0b36, 0x0b36, 0x0b36, 0x0b16, 0x1b98, 0x1bd9, 0x1358, 0x1378, 0x1378, 
	0x1378, 0x1378, 0x0b58, 0x1378, 0x0b78, 0x1378, 0x1358, 0x1337, 0x1357, 0x1357, 0x1337, 0x1337, 0x1337, 0x1337, 0x1357, 0x1357, 
	0x1357, 0x1357, 0x1357, 0x1358, 0x1358, 0x1358, 0x1358, 0x1358, 0x1378, 0x1398, 0x1357, 0x343b, 0x23d9, 0x1b98, 0x1bb9, 0x1b99, 
	0x1b99, 0x1398, 0x1b98, 0x1b98, 0x1b98, 0x1b98, 0x1b98, 0x1bb9, 0x1bb9, 0x1bb9, 0x23da, 0x2bfb, 0x33fb, 0x443c, 0x545e, 0x5c7e, 
	0x6cbe, 0x857f, 0x64ff, 0x54df, 0x44df, 0x44df, 0x34be, 0x2c9e, 0x2cbe, 0x34fe, 0x24be, 0x1c9d, 0x1c5c, 0x1c7d, 0x1c7d, 0x249d, 
	0x1c7c, 0x24bd, 0x247d, 0x1c3b, 0x1c1b, 0x1c1b, 0x1bfa, 0x13fa, 0x1bfa, 0x1c3b, 0x245c, 0x247c, 0x349c, 0x661f, 0x5dff, 0x34bc, 
	0x245b, 0x1bfa, 0x13d9, 0x1398, 0x1377, 0x1357, 0x1336, 0x1315, 0x12f4, 0x12d4, 0x12d4, 0x12d3, 0x12b3, 0x12b3, 0x12b3, 0x12b3, 
	0x12b3, 0x1292, 0x1292, 0x1292, 0x1272, 0x1272, 0x1292, 0x1272, 0x1251, 0x1271, 0x1271, 0x1272, 0x1272, 0x1251, 0x1251, 0x1251, 
	0x1251, 0x1251, 0x1251, 0x1251, 0x1251, 0x1251, 0x1251, 0x1251, 0x1251, 0x1252, 0x1252, 0x1272, 0x1272, 0x1273, 0x1272, 0x1252, 
	0x1252, 0x1252, 0x1293, 0x1ab3, 0x1272, 0x1293, 0x12d4, 0x12b4, 0x12b4, 0x12b4, 0x12b4, 0x12b4, 0x1293, 0x12b3, 0x1293, 0x12b3, 
	0x1293, 0x1272, 0x1292, 0x1272, 0x1272, 0x1292, 0x1293, 0x1293, 0x1292, 0x1292, 0x1292, 0x12b3, 0x12b3, 0x1293, 0x1293, 0x12b3, 
	0x1293, 0x1ab3, 0x1293, 0x1292, 0x1292, 0x1292, 0x1292, 0x1272, 0x1272, 0x1a93, 0x1272, 0x1272, 0x1272, 0x1272, 0x1273, 0x1a93, 
	0x1a93, 0x12b3, 0x12b4, 0x12d4, 0x12d4, 0x12d4, 0x12b3, 0x12b3, 0x12d4, 0x12f4, 0x1315, 0x1315, 0x1b56, 0x1315, 0x12f4, 0x1314, 
	0x12f4, 0x0af4, 0x0af4, 0x0ad3, 0x12d3, 0x12d3, 0x12b3, 0x12b3, 0x12b3, 0x12b3, 0x12b3, 0x12b3, 0x12d3, 0x12b3, 0x33d7, 0x549a, 
	0x33b7, 0x33b7, 0x33b7, 0x3397, 0x2b96, 0x2b96, 0x2356, 0x33b7, 0x33b7, 0x445a, 0x4419, 0x33b7, 0x445a, 0x2b76, 0x2335, 0x2335, 
	0x1230, 0x1230, 0x1210, 0x1230, 0x1230, 0x1230, 0x1230, 0x1230, 0x1210, 0x1230, 0x1230, 0x1230, 0x1230, 0x1230, 0x1231, 0x1251, 
	0x1251, 0x1251, 0x1252, 0x1293, 0x1294, 0x1294, 0x1294, 0x1294, 0x12b4, 0x12b4, 0x12b4, 0x12b4, 0x12b4, 0x1293, 0x12b4, 0x12b3, 
	0x1ab3, 0x1272, 0x1293, 0x12b3, 0x12b3, 0x1272, 0x1272, 0x1251, 0x1251, 0x1251, 0x1251, 0x1251, 0x1251, 0x1271, 0x1251, 0x1251, 
	0x1251, 0x1251, 0x1271, 0x1271, 0x1271, 0x1272, 0x1292, 0x1292, 0x1292, 0x1292, 0x0a91, 0x1292, 0x1292, 0x12b2, 0x12b2, 0x12b2, 
	0x12b3, 0x1292, 0x12d3, 0x12f4, 0x12b3, 0x12d3, 0x0ad4, 0x12f4, 0x1315, 0x1336, 0x1356, 0x1356, 0x1356, 0x1356, 0x0b56, 0x0b56, 
	0x1356, 0x1356, 0x1356, 0x1335, 0x0b36, 0x1336, 0x1336, 0x1357, 0x1357, 0x1336, 0x0b36, 0x1357, 0x1398, 0x1358, 0x0b58, 0x0b58, 
	0x0b58, 0x1378, 0x1378, 0x1378, 0x1378, 0x0b57, 0x1337, 0x1337, 0x1357, 0x1357, 0x1337, 0x1357, 0x1357, 0x1357, 0x1357, 0x1357, 
	0x1358, 0x1358, 0x1357, 0x1378, 0x1378, 0x1399, 0x1b99, 0x1b99, 0x1bb9, 0x1bb9, 0x1bb9, 0x1398, 0x1bb9, 0x1bb9, 0x23b9, 0x1b99, 
	0x1b99, 0x1bb9, 0x1b98, 0x1b99, 0x1b98, 0x1b98, 0x1b98, 0x1bb9, 0x1bb9, 0x1bba, 0x23da, 0x2bfb, 0x341c, 0x445d, 0x4c5e, 0x5c7e, 
	0x6cde, 0x7d5f, 0x757f, 0x54de, 0x4cff, 0x3cbe, 0x3cbe, 0x349d, 0x2c9d, 0x2cbe, 0x2cde, 0x1c9d, 0x249d, 0x1c7c, 0x249d, 0x24bd, 
	0x1c5c, 0x247d, 0x249d, 0x1c3c, 0x1c3b, 0x1c5c, 0x1c1b, 0x1c1b, 0x1c3b, 0x245c, 0x245c, 0x245b, 0x34bc, 0x6e5f, 0x4d7f, 0x245b, 
	0x243a, 0x1c1a, 0x1bd8, 0x1b98, 0x0b36, 0x1336, 0x1315, 0x12f4, 0x1b15, 0x12f4, 0x12d4, 0x12d4, 0x12b3, 0x12b3, 0x12b3, 0x1292, 
	0x1292, 0x1292, 0x1292, 0x1272, 0x1271, 0x1292, 0x1272, 0x1271, 0x1251, 0x1271, 0x1251, 0x1272, 0x1272, 0x1251, 0x1251, 0x1251, 
	0x1251, 0x1251, 0x1251, 0x1251, 0x1251, 0x1271, 0x1251, 0x1251, 0x1251, 0x1252, 0x1272, 0x1293, 0x1293, 0x1293, 0x1293, 0x1272, 
	0x1272, 0x1252, 0x1272, 0x1272, 0x1292, 0x1293, 0x12b3, 0x1293, 0x12b4, 0x12b4, 0x1ab4, 0x12b3, 0x1293, 0x12b3, 0x12b3, 0x12b3, 
	0x1293, 0x1292, 0x1272, 0x1272, 0x1292, 0x1292, 0x1293, 0x12b3, 0x1293, 0x1293, 0x1293, 0x1293, 0x12b3, 0x1ab3, 0x1293, 0x1293, 
	0x1293, 0x1ab3, 0x12b3, 0x12b3, 0x1293, 0x12b3, 0x1ab3, 0x1292, 0x1293, 0x1a93, 0x1293, 0x1293, 0x1293, 0x1293, 0x1293, 0x1293, 
	0x1ab3, 0x12b3, 0x12b3, 0x12b4, 0x12b3, 0x12b3, 0x12b3, 0x12b3, 0x0ab3, 0x0ad4, 0x12f4, 0x12f4, 0x0af5, 0x1315, 0x12f4, 0x12f4, 
	0x0ad3, 0x02b3, 0x0af3, 0x0af3, 0x0ad3, 0x12d3, 0x12b3, 0x12b3, 0x12b3, 0x12b3, 0x12b3, 0x12b3, 0x12d3, 0x12b3, 0x2355, 0x3bf8, 
	0x33b7, 0x3397, 0x2b76, 0x2b76, 0x2b76, 0x2355, 0x2335, 0x2355, 0x2355, 0x1b15, 0x1b15, 0x1b15, 0x1b14, 0x1af4, 0x12d4, 0x12d3, 
	0x1210, 0x1230, 0x1a71, 0x1230, 0x1230, 0x1230, 0x1230, 0x1230, 0x1230, 0x1231, 0x1230, 0x1230, 0x1230, 0x1230, 0x1231, 0x1251, 
	0x1a51, 0x1251, 0x1251, 0x1272, 0x1293, 0x1293, 0x1293, 0x1293, 0x1293, 0x1293, 0x1293, 0x12b4, 0x12b4, 0x12b4, 0x12b4, 0x12b3, 
	0x1293, 0x1293, 0x1293, 0x12b3, 0x12b3, 0x1293, 0x1292, 0x1251, 0x1271, 0x1251, 0x1251, 0x1251, 0x1251, 0x1251, 0x1251, 0x1251, 
	0x1272, 0x1271, 0x1271, 0x1271, 0x1272, 0x1271, 0x1292, 0x1272, 0x1292, 0x1292, 0x1292, 0x1292, 0x1292, 0x12b2, 0x12b2, 0x1af4, 
	0x12d3, 0x12b3, 0x12b3, 0x0ab3, 0x12d3, 0x0ad3, 0x0ad4, 0x1315, 0x1335, 0x1336, 0x1356, 0x1377, 0x1b97, 0x1356, 0x1376, 0x1397, 
	0x1377, 0x1377, 0x1376, 0x1356, 0x1336, 0x1357, 0x1377, 0x1357, 0x1357, 0x1357, 0x1357, 0x0b37, 0x0b57, 0x0b57, 0x1378, 0x1378, 
	0x1bb9, 0x0b57, 0x1378, 0x1378, 0x0b57, 0x1357, 0x1337, 0x1336, 0x1337, 0x1337, 0x1337, 0x1357, 0x1357, 0x1358, 0x0b57, 0x1357, 
	0x1358, 0x1358, 0x1358, 0x1378, 0x1399, 0x1b99, 0x1bb9, 0x1bba, 0x1bda, 0x1bda, 0x1bd9, 0x1bb9, 0x1bb9, 0x1bb9, 0x1bb9, 0x1b99, 
	0x1b98, 0x1bb9, 0x1398, 0x1b99, 0x1bb9, 0x1b99, 0x1b99, 0x1bb9, 0x1bba, 0x23fb, 0x2c1b, 0x2c1b, 0x3c5d, 0x447d, 0x4c7e, 0x549e, 
	0x64bf, 0x751f, 0x7d9f, 0x5cdd, 0x4cbe, 0x44be, 0x3c9e, 0x349d, 0x349d, 0x34de, 0x2cde, 0x351f, 0x2cde, 0x247d, 0x247d, 0x247c, 
	0x247c, 0x1c5c, 0x1c3c, 0x1c5c, 0x1c7c, 0x2cbd, 0x249d, 0x247c, 0x249c, 0x249c, 0x247c, 0x247b, 0x3cdc, 0x6e3f, 0x3d1e, 0x1c1a, 
	0x1c19, 0x1bd8, 0x1b98, 0x1b77, 0x1336, 0x1335, 0x1315, 0x12d4, 0x1314, 0x12d3, 0x12b3, 0x12d3, 0x12b3, 0x12b3, 0x12b3, 0x1292, 
	0x1292, 0x1292, 0x1272, 0x1272, 0x1272, 0x1271, 0x1271, 0x1271, 0x1271, 0x1271, 0x1272, 0x1272, 0x1272, 0x1251, 0x1251, 0x1251, 
	0x1251, 0x1251, 0x1271, 0x1251, 0x1272, 0x1272, 0x1251, 0x1272, 0x1272, 0x1272, 0x1293, 0x1a93, 0x1ad4, 0x12b3, 0x1293, 0x1293, 
	0x1272, 0x1272, 0x1ad3, 0x22d4, 0x1272, 0x12b3, 0x12b3, 0x1293, 0x1293, 0x1293, 0x12b3, 0x1ad4, 0x1ad4, 0x12b3, 0x1293, 0x1293, 
	0x1293, 0x1293, 0x1292, 0x1292, 0x1293, 0x1293, 0x1293, 0x12b3, 0x12b3, 0x12b3, 0x12b3, 0x12b3, 0x1293, 0x12b3, 0x1293, 0x1293, 
	0x12b3, 0x1293, 0x1293, 0x1293, 0x1292, 0x1293, 0x1293, 0x1a93, 0x1a93, 0x1293, 0x1293, 0x1ab3, 0x1293, 0x1ab3, 0x1293, 0x1293, 
	0x1293, 0x1293, 0x1293, 0x12b3, 0x12d4, 0x1b15, 0x1af4, 0x12d4, 0x12b3, 0x0ab3, 0x12d4, 0x0ad4, 0x0ad4, 0x0ad4, 0x0ad4, 0x1b15, 
	0x2b97, 0x2b96, 0x1314, 0x0ad3, 0x1314, 0x12f4, 0x12b3, 0x12b3, 0x12b3, 0x12b3, 0x12b3, 0x12b3, 0x12d3, 0x2315, 0x33d7, 0x33d7, 
	0x2b76, 0x2b76, 0x2b56, 0x2b76, 0x2b56, 0x4459, 0x445a, 0x2356, 0x2335, 0x2335, 0x2335, 0x2335, 0x2335, 0x1af4, 0x12b3, 0x1ad4, 
	0x1230, 0x0a10, 0x1230, 0x1230, 0x1210, 0x1210, 0x1210, 0x1230, 0x1230, 0x1230, 0x1230, 0x1230, 0x1230, 0x1230, 0x1231, 0x1251, 
	0x1251, 0x1251, 0x1251, 0x1252, 0x1252, 0x1272, 0x1272, 0x1273, 0x1273, 0x1273, 0x1293, 0x12b3, 0x12b4, 0x12d4, 0x12b4, 0x12b4, 
	0x12b3, 0x12b3, 0x12b3, 0x1293, 0x1272, 0x1272, 0x1251, 0x1251, 0x1251, 0x1251, 0x1251, 0x1271, 0x1251, 0x1251, 0x1251, 0x1251, 
	0x1251, 0x1271, 0x1271, 0x1271, 0x1272, 0x1272, 0x1271, 0x1271, 0x1271, 0x1271, 0x1292, 0x1292, 0x1292, 0x12b2, 0x12b3, 0x3396, 
	0x1af4, 0x1292, 0x12b3, 0x12d3, 0x12f4, 0x1314, 0x12f4, 0x1315, 0x0b15, 0x1336, 0x1377, 0x1377, 0x1397, 0x1377, 0x1377, 0x1397, 
	0x1397, 0x1377, 0x1377, 0x1377, 0x1377, 0x1357, 0x1357, 0x1377, 0x1357, 0x1357, 0x0b57, 0x1377, 0x1398, 0x0b57, 0x1378, 0x0b78, 
	0x1398, 0x0b58, 0x0b78, 0x0b78, 0x0b57, 0x0b57, 0x1357, 0x1337, 0x1357, 0x1357, 0x1357, 0x1358, 0x1358, 0x1357, 0x1378, 0x1378, 
	0x1378, 0x0b57, 0x1378, 0x1378, 0x1378, 0x1bb9, 0x1bd9, 0x1bda, 0x1bda, 0x1bda, 0x1bda, 0x23fa, 0x1bda, 0x1bb9, 0x1bb9, 0x1bb9, 
	0x1bb9, 0x1bb9, 0x1bb9, 0x23da, 0x23da, 0x1b99, 0x1b99, 0x1bb9, 0x23da, 0x2c3b, 0x345c, 0x343c, 0x343c, 0x3c5d, 0x4c7e, 0x547e, 
	0x5c9e, 0x6cff, 0x85bf, 0x6d3e, 0x54ff, 0x44bf, 0x3c9e, 0x3cbe, 0x34de, 0x34fe, 0x2cfe, 0x353f, 0x351f, 0x249d, 0x245c, 0x1c3c, 
	0x1c3c, 0x2cbd, 0x2cde, 0x1c9c, 0x249d, 0x2cde, 0x351f, 0x2cfe, 0x24bd, 0x24bd, 0x24bd, 0x2cbc, 0x557e, 0x65df, 0x2c9c, 0x241a, 
	0x1bd9, 0x1bb8, 0x1b97, 0x23b8, 0x1b97, 0x1335, 0x12f4, 0x12d4, 0x0ad3, 0x12b3, 0x12b3, 0x0a93, 0x12b3, 0x12b3, 0x1293, 0x1293, 
	0x1292, 0x1292, 0x1272, 0x1292, 0x1ad3, 0x1292, 0x1271, 0x1271, 0x1271, 0x1271, 0x1272, 0x1272, 0x1272, 0x1252, 0x1251, 0x1251, 
	0x1272, 0x1272, 0x1251, 0x1272, 0x1272, 0x1272, 0x1272, 0x1272, 0x1293, 0x1293, 0x1293, 0x1293, 0x1ab3, 0x1293, 0x1272, 0x1272, 
	0x1272, 0x1272, 0x1a93, 0x1a93, 0x1272, 0x1293, 0x1293, 0x12b3, 0x1293, 0x1293, 0x1293, 0x12b3, 0x1ad4, 0x12b3, 0x12b3, 0x1293, 
	0x1293, 0x1292, 0x1292, 0x12b3, 0x1293, 0x1293, 0x1293, 0x12b3, 0x12b3, 0x12b3, 0x12b3, 0x12b3, 0x12b3, 0x12b3, 0x1293, 0x12b3, 
	0x1293, 0x12b3, 0x12b3, 0x1293, 0x1293, 0x1293, 0x1293, 0x1a93, 0x1293, 0x1292, 0x1292, 0x1293, 0x1ab3, 0x1ab3, 0x1ab3, 0x1293, 
	0x1293, 0x1292, 0x1293, 0x1ad4, 0x33b7, 0x2356, 0x1b35, 0x12d4, 0x12d4, 0x1af4, 0x12d4, 0x12f4, 0x1b35, 0x1b35, 0x2b76, 0x2b97, 
	0x33f8, 0x4439, 0x2bb7, 0x2356, 0x2335, 0x1b15, 0x12d3, 0x12b3, 0x12b3, 0x12b3, 0x12d3, 0x2315, 0x33b7, 0x4459, 0x4439, 0x3bf8, 
	0x33b7, 0x3397, 0x33b7, 0x33d7, 0x4418, 0x75be, 0x4c7a, 0x2335, 0x2335, 0x2335, 0x2335, 0x2335, 0x2335, 0x2335, 0x2335, 0x1b15, 
	0x1230, 0x1230, 0x1210, 0x1230, 0x1230, 0x1210, 0x1230, 0x1210, 0x1230, 0x1230, 0x1230, 0x1230, 0x1231, 0x1231, 0x1231, 0x1231, 
	0x1251, 0x1251, 0x1251, 0x1251, 0x1252, 0x1272, 0x1272, 0x1272, 0x1273, 0x1293, 0x1a93, 0x1293, 0x12b4, 0x12b4, 0x12b4, 0x12b4, 
	0x12b4, 0x12b3, 0x1293, 0x1272, 0x1251, 0x1251, 0x1251, 0x1251, 0x1251, 0x1251, 0x1271, 0x1271, 0x1271, 0x1251, 0x1251, 0x1271, 
	0x1251, 0x1251, 0x1251, 0x1251, 0x1271, 0x1271, 0x1271, 0x1271, 0x1271, 0x1271, 0x1292, 0x1292, 0x1292, 0x12b2, 0x12b3, 0x1b14, 
	0x12b3, 0x12b3, 0x12d3, 0x12f4, 0x12f4, 0x0af4, 0x1315, 0x1356, 0x1336, 0x1336, 0x1b97, 0x1398, 0x1398, 0x1398, 0x1397, 0x1397, 
	0x1377, 0x1397, 0x1397, 0x1397, 0x1398, 0x1398, 0x1378, 0x1378, 0x1377, 0x0b57, 0x0b57, 0x0b57, 0x0b58, 0x0b78, 0x0b58, 0x0b78, 
	0x1378, 0x1378, 0x0b78, 0x1378, 0x0b57, 0x0b57, 0x1357, 0x1357, 0x1357, 0x1357, 0x1357, 0x1357, 0x1357, 0x1357, 0x1378, 0x1378, 
	0x0b58, 0x0b57, 0x1378, 0x1398, 0x1378, 0x1399, 0x1bb9, 0x1bd9, 0x1bda, 0x1bfa, 0x1bb9, 0x1bb9, 0x1bb9, 0x1bb9, 0x1b98, 0x1b98, 
	0x23fa, 0x2c3b, 0x1bb9, 0x23da, 0x2c1b, 0x1bb9, 0x1bb9, 0x23da, 0x23da, 0x347c, 0x347d, 0x2c1c, 0x2c3c, 0x3c5d, 0x445e, 0x4c5e, 
	0x5cbf, 0x6cff, 0x859f, 0x859f, 0x54be, 0x4cbe, 0x44be, 0x3cde, 0x34be, 0x2c9d, 0x2cde, 0x2cfe, 0x249d, 0x245c, 0x1c1b, 0x1c1b, 
	0x1c1b, 0x245c, 0x2cbd, 0x2cde, 0x24bd, 0x24be, 0x24bd, 0x2cde, 0x2cfe, 0x2cfe, 0x351f, 0x2cbd, 0x5ddf, 0x557e, 0x241a, 0x241a, 
	0x1bd9, 0x1bb7, 0x1b97, 0x1b56, 0x1335, 0x1315, 0x12f4, 0x12d4, 0x12d4, 0x12b3, 0x1b14, 0x2314, 0x1ad4, 0x12b3, 0x1293, 0x1293, 
	0x1292, 0x1293, 0x1293, 0x1272, 0x1272, 0x0a51, 0x1271, 0x1271, 0x1251, 0x1272, 0x1293, 0x1292, 0x1272, 0x1252, 0x1272, 0x1272, 
	0x1272, 0x1272, 0x1272, 0x1272, 0x1272, 0x1ab3, 0x1293, 0x1293, 0x1293, 0x1a93, 0x1a93, 0x1293, 0x1293, 0x1293, 0x1293, 0x1272, 
	0x1272, 0x1272, 0x1272, 0x1272, 0x1272, 0x1272, 0x1293, 0x1293, 0x1293, 0x12b3, 0x1293, 0x1293, 0x1293, 0x1293, 0x1293, 0x1af4, 
	0x1293, 0x1292, 0x1292, 0x1293, 0x1293, 0x1293, 0x12b3, 0x12b3, 0x12b3, 0x12b3, 0x12b3, 0x12b3, 0x12b3, 0x12b3, 0x1293, 0x1293, 
	0x1293, 0x1293, 0x1293, 0x1293, 0x1292, 0x1293, 0x1ab3, 0x1ab3, 0x1ab3, 0x1ab3, 0x1293, 0x1a93, 0x1293, 0x1293, 0x1ad3, 0x1293, 
	0x1292, 0x3397, 0x4418, 0x4439, 0x445a, 0x2356, 0x2356, 0x2335, 0x2335, 0x2356, 0x1b35, 0x1b15, 0x2356, 0x33d8, 0x3bd8, 0x2b76, 
	0x2315, 0x2335, 0x2335, 0x2335, 0x1b15, 0x1b15, 0x1af4, 0x12b3, 0x12b3, 0x12b3, 0x1af4, 0x2b96, 0x3bf8, 0x3bf8, 0x3bd8, 0x3396, 
	0x2b76, 0x33b7, 0x4439, 0x5cdc, 0x54db, 0x54ba, 0x2b76, 0x2335, 0x2335, 0x2335, 0x2335, 0x2335, 0x2355, 0x2355, 0x1b15, 0x12d4, 
	0x1230, 0x1230, 0x1230, 0x1230, 0x1230, 0x1230, 0x1230, 0x1230, 0x1230, 0x1230, 0x1230, 0x1231, 0x1251, 0x1251, 0x1231, 0x1a51, 
	0x1251, 0x1251, 0x1251, 0x1251, 0x1252, 0x1272, 0x1272, 0x1272, 0x1293, 0x1a93, 0x1a93, 0x1293, 0x12b4, 0x12b4, 0x12b4, 0x12b3, 
	0x12b3, 0x1293, 0x1293, 0x1272, 0x1271, 0x1251, 0x1251, 0x1251, 0x1251, 0x1251, 0x1271, 0x1271, 0x1251, 0x1251, 0x1271, 0x1251, 
	0x1251, 0x1251, 0x1251, 0x1271, 0x1271, 0x1271, 0x1271, 0x1271, 0x1291, 0x1292, 0x12b3, 0x1292, 0x1292, 0x12b3, 0x12b3, 0x12d3, 
	0x12d3, 0x12d3, 0x12f4, 0x0af4, 0x12f4, 0x1335, 0x1315, 0x1335, 0x1336, 0x1356, 0x1bb8, 0x241a, 0x2c5b, 0x1bd9, 0x1bd9, 0x1bb8, 
	0x1398, 0x1397, 0x1398, 0x1bb8, 0x1398, 0x1398, 0x1398, 0x1398, 0x0b57, 0x0b57, 0x0b78, 0x1378, 0x1399, 0x1398, 0x0b78, 0x1378, 
	0x1378, 0x1378, 0x1399, 0x1399, 0x1378, 0x1357, 0x1357, 0x1357, 0x1357, 0x1357, 0x1358, 0x1358, 0x1358, 0x1358, 0x0b58, 0x0b78, 
	0x0b78, 0x0b58, 0x1378, 0x1398, 0x1b99, 0x1398, 0x1bda, 0x23fa, 0x1bda, 0x1bb9, 0x345b, 0x2c19, 0x1b98, 0x1b98, 0x1b98, 0x1b98, 
	0x2c1a, 0x1bb9, 0x1378, 0x1b99, 0x23da, 0x23da, 0x23fb, 0x23da, 0x241b, 0x241b, 0x2c3c, 0x2c3d, 0x2c3c, 0x3c5d, 0x447e, 0x4c5e, 
	0x5c9e, 0x6cde, 0x857f, 0x8ddf, 0x64fe, 0x54de, 0x447d, 0x3c9d, 0x3c9e, 0x2c5d, 0x2c7d, 0x2c7d, 0x243c, 0x1bfb, 0x1bda, 0x1bda, 
	0x1bfb, 0x1bfb, 0x245c, 0x249d, 0x24be, 0x24bd, 0x249d, 0x1c5c, 0x2cfe, 0x3d5f, 0x3d3f, 0x2cbd, 0x65ff, 0x555d, 0x241a, 0x2c5b, 
	0x1bb8, 0x23d8, 0x23b7, 0x1b56, 0x1335, 0x1315, 0x12f4, 0x12d4, 0x12d4, 0x0a93, 0x2b76, 0x3bd7, 0x1293, 0x1ad4, 0x1293, 0x1293, 
	0x1292, 0x1292, 0x1272, 0x1272, 0x1272, 0x1271, 0x1272, 0x1271, 0x1271, 0x1251, 0x1272, 0x1273, 0x1272, 0x1272, 0x1273, 0x1252, 
	0x4c18, 0x3355, 0x1272, 0x1293, 0x1293, 0x1ab3, 0x1272, 0x1293, 0x1a93, 0x1a93, 0x1293, 0x1a93, 0x1293, 0x1293, 0x1293, 0x1273, 
	0x1272, 0x1272, 0x1252, 0x1252, 0x1252, 0x1252, 0x1251, 0x1272, 0x1293, 0x1293, 0x1272, 0x1272, 0x1292, 0x12b3, 0x1272, 0x1292, 
	0x1ab3, 0x1292, 0x1293, 0x12b3, 0x12b3, 0x1ab3, 0x1293, 0x12b3, 0x12b3, 0x12b3, 0x12b3, 0x12b3, 0x1293, 0x1292, 0x1293, 0x1293, 
	0x1292, 0x1292, 0x1292, 0x1292, 0x1292, 0x1292, 0x1ad3, 0x1ab3, 0x0a52, 0x1272, 0x1ad3, 0x1ab3, 0x1272, 0x1292, 0x12b3, 0x2314, 
	0x4459, 0x5d1c, 0x4c7a, 0x4c39, 0x4c59, 0x3397, 0x2b76, 0x33b7, 0x2b76, 0x2b56, 0x2b97, 0x2356, 0x2356, 0x2335, 0x2335, 0x2335, 
	0x2335, 0x2335, 0x1b15, 0x1b15, 0x1b15, 0x1b15, 0x1af4, 0x12d3, 0x12d3, 0x12b3, 0x12d3, 0x12d4, 0x2335, 0x2b76, 0x2b76, 0x2b96, 
	0x2355, 0x2b76, 0x3bf8, 0x2b76, 0x2b76, 0x2b76, 0x2355, 0x2355, 0x2335, 0x2335, 0x1b35, 0x2335, 0x2335, 0x2335, 0x1b14, 0x1b15, 
	0x1230, 0x1230, 0x1230, 0x1230, 0x1230, 0x1230, 0x1230, 0x1230, 0x1230, 0x1230, 0x1231, 0x1251, 0x1251, 0x1a51, 0x1231, 0x1251, 
	0x1251, 0x1251, 0x1251, 0x1251, 0x1251, 0x1272, 0x1272, 0x1252, 0x0a31, 0x1292, 0x1293, 0x1293, 0x12b3, 0x12b3, 0x12b3, 0x1293, 
	0x1ab3, 0x1292, 0x1272, 0x1272, 0x1271, 0x1251, 0x1251, 0x1251, 0x1251, 0x1251, 0x1251, 0x1271, 0x1271, 0x1251, 0x1251, 0x1251, 
	0x1251, 0x1251, 0x1251, 0x1251, 0x1271, 0x1271, 0x1271, 0x1271, 0x1292, 0x12b2, 0x1292, 0x1293, 0x1293, 0x12b3, 0x12b3, 0x12d3, 
	0x12d3, 0x12d4, 0x12f4, 0x12f4, 0x1335, 0x1335, 0x1315, 0x1335, 0x1336, 0x1b97, 0x1397, 0x349b, 0x3cdd, 0x1bd9, 0x1bd9, 0x1bb8, 
	0x1398, 0x1397, 0x1398, 0x13b8, 0x1398, 0x1398, 0x1398, 0x1378, 0x0b78, 0x1398, 0x1399, 0x1399, 0x1399, 0x1399, 0x1398, 0x1378, 
	0x0b58, 0x1378, 0x1399, 0x1399, 0x1398, 0x0b58, 0x1358, 0x1357, 0x0b57, 0x1357, 0x1357, 0x1357, 0x1358, 0x1358, 0x0b58, 0x1378, 
	0x1398, 0x0b78, 0x1378, 0x1378, 0x1399, 0x1b99, 0x23fa, 0x1bb9, 0x1bd9, 0x1bb9, 0x345a, 0x2bf9, 0x1b77, 0x1b98, 0x1b78, 0x1bb9, 
	0x1b98, 0x1b78, 0x1b98, 0x1b99, 0x1bb9, 0x23da, 0x23fb, 0x23da, 0x23fb, 0x241c, 0x2c5d, 0x2c5d, 0x345d, 0x3c9e, 0x447e, 0x4c7e, 
	0x547e, 0x6cde, 0x8d7f, 0x95df, 0x7d7f, 0x54bd, 0x447d, 0x3c5d, 0x3c7d, 0x349d, 0x347d, 0x2c3c, 0x2c3c, 0x1bda, 0x1bda, 0x1bba, 
	0x1bdb, 0x241b, 0x243c, 0x1c3c, 0x2cde, 0x2cfe, 0x2cbd, 0x247c, 0x24bd, 0x2cdd, 0x2cbd, 0x3d1e, 0x65ff, 0x3cbb, 0x2c3a, 0x2c3a, 
	0x1bb8, 0x2bf9, 0x2bf8, 0x1b56, 0x1315, 0x1315, 0x12f4, 0x12d4, 0x12b3, 0x12d4, 0x1ad3, 0x1272, 0x1ab3, 0x12b3, 0x1293, 0x1293, 
	0x1293, 0x1272, 0x1272, 0x1272, 0x1292, 0x1272, 0x1272, 0x1272, 0x1271, 0x1272, 0x1272, 0x1272, 0x1272, 0x1272, 0x1273, 0x0a51, 
	0x5439, 0x3375, 0x1272, 0x1293, 0x1272, 0x22f5, 0x1a93, 0x1272, 0x1293, 0x1a93, 0x1a93, 0x1a93, 0x1293, 0x1a93, 0x1a93, 0x1293, 
	0x1272, 0x1272, 0x1252, 0x1272, 0x1272, 0x1252, 0x1251, 0x1251, 0x1272, 0x1272, 0x1272, 0x1252, 0x1292, 0x1293, 0x1272, 0x1292, 
	0x1272, 0x1292, 0x12b3, 0x1293, 0x1293, 0x12b3, 0x1293, 0x1292, 0x1293, 0x1293, 0x12b3, 0x1293, 0x1293, 0x1292, 0x1292, 0x1293, 
	0x1292, 0x1292, 0x1272, 0x1292, 0x1272, 0x1292, 0x1292, 0x1292, 0x3bb7, 0x2b35, 0x0a72, 0x1293, 0x2315, 0x1ad3, 0x12b3, 0x4459, 
	0x6d9e, 0x3c18, 0x3bf8, 0x3bd8, 0x33b7, 0x33b7, 0x2b76, 0x2335, 0x2355, 0x2b76, 0x2b56, 0x2356, 0x2335, 0x2335, 0x2335, 0x2335, 
	0x2335, 0x2335, 0x2335, 0x2335, 0x1b15, 0x1b14, 0x1af4, 0x1af4, 0x1af4, 0x1af4, 0x1b14, 0x2335, 0x2335, 0x2335, 0x2315, 0x2b76, 
	0x2b76, 0x2b76, 0x2b56, 0x2335, 0x2335, 0x2335, 0x1b35, 0x2335, 0x2335, 0x2335, 0x2335, 0x1b35, 0x1b35, 0x2335, 0x2335, 0x2335, 
	0x1230, 0x1230, 0x1230, 0x1230, 0x1230, 0x1230, 0x1210, 0x1230, 0x1230, 0x1230, 0x1231, 0x1231, 0x1231, 0x1231, 0x1251, 0x1a51, 
	0x1251, 0x1a51, 0x1251, 0x1a51, 0x1251, 0x1271, 0x1251, 0x22d3, 0x3375, 0x1272, 0x1252, 0x1272, 0x1293, 0x12b3, 0x1293, 0x1ab3, 
	0x1a93, 0x1272, 0x1252, 0x1251, 0x1251, 0x1251, 0x1251, 0x1251, 0x1251, 0x1251, 0x1251, 0x1251, 0x1251, 0x1251, 0x1251, 0x1251, 
	0x1251, 0x1271, 0x1271, 0x1251, 0x1271, 0x1271, 0x1271, 0x1292, 0x1292, 0x1292, 0x12b2, 0x12b3, 0x12b3, 0x12b3, 0x12b3, 0x12d3, 
	0x0af4, 0x12f4, 0x1314, 0x1315, 0x1335, 0x1335, 0x1356, 0x1356, 0x1376, 0x1376, 0x1397, 0x23f9, 0x1bf9, 0x1bb8, 0x1bb8, 0x1397, 
	0x1397, 0x1398, 0x1398, 0x1398, 0x1398, 0x1bd9, 0x0b78, 0x13b9, 0x1bda, 0x1bda, 0x1bba, 0x13ba, 0x1399, 0x1399, 0x1399, 0x1398, 
	0x1398, 0x1399, 0x1399, 0x1378, 0x1378, 0x0b58, 0x1378, 0x1358, 0x0b57, 0x1357, 0x1337, 0x1357, 0x1358, 0x1357, 0x0b58, 0x1378, 
	0x1378, 0x0b78, 0x1378, 0x1399, 0x1399, 0x1bb9, 0x1bd9, 0x4d5f, 0x23f9, 0x1bb9, 0x1b98, 0x1b97, 0x23d8, 0x1b98, 0x1b98, 0x23da, 
	0x1bb9, 0x1bb9, 0x23da, 0x23da, 0x23fb, 0x23fb, 0x23fa, 0x23fb, 0x23fb, 0x241c, 0x2c3d, 0x347e, 0x349e, 0x3c9e, 0x3c9e, 0x445d, 
	0x4c7e, 0x64de, 0x7d3e, 0x9e1f, 0x8dff, 0x5cdd, 0x447d, 0x449e, 0x3c9e, 0x3c7d, 0x2c3c, 0x241b, 0x241b, 0x241b, 0x23fb, 0x23fb, 
	0x241b, 0x243c, 0x245d, 0x1c3c, 0x24bd, 0x353f, 0x2cfe, 0x2cde, 0x2cbd, 0x2cbd, 0x2c7c, 0x4d7f, 0x6e3f, 0x347a, 0x23f9, 0x1bb9, 
	0x23b8, 0x1b97, 0x1b76, 0x1336, 0x1315, 0x12f5, 0x1315, 0x12f4, 0x12b3, 0x12b3, 0x1ad4, 0x1ab3, 0x1293, 0x12b3, 0x1293, 0x1293, 
	0x1272, 0x1272, 0x1272, 0x1272, 0x1272, 0x22f4, 0x1ab3, 0x1252, 0x1272, 0x1272, 0x1272, 0x1273, 0x1272, 0x1272, 0x1272, 0x1272, 
	0x0a31, 0x1272, 0x1293, 0x1293, 0x1a93, 0x1ab3, 0x1293, 0x1293, 0x1293, 0x1293, 0x1a93, 0x1293, 0x1ab3, 0x1ab3, 0x1293, 0x1272, 
	0x1272, 0x1272, 0x1272, 0x1252, 0x1251, 0x1252, 0x1251, 0x1251, 0x1251, 0x1251, 0x1251, 0x1272, 0x1272, 0x1272, 0x1272, 0x1292, 
	0x1292, 0x1272, 0x12b3, 0x1292, 0x1272, 0x1292, 0x1292, 0x1272, 0x1293, 0x12b3, 0x1293, 0x1293, 0x1293, 0x1293, 0x1293, 0x1292, 
	0x1292, 0x1292, 0x1272, 0x1292, 0x1272, 0x1292, 0x1af4, 0x12b3, 0x549a, 0x33d7, 0x2335, 0x4418, 0x2355, 0x1af4, 0x1b14, 0x4439, 
	0x4c7a, 0x3397, 0x3bd7, 0x33b7, 0x33b7, 0x3bd8, 0x2b76, 0x2335, 0x2335, 0x2335, 0x2335, 0x2335, 0x2335, 0x2335, 0x2335, 0x1b35, 
	0x2335, 0x2335, 0x1b35, 0x1b35, 0x1b35, 0x1b15, 0x1b15, 0x1af4, 0x1b15, 0x2335, 0x2335, 0x2335, 0x2335, 0x2335, 0x2335, 0x1b15, 
	0x1b15, 0x2335, 0x2335, 0x1b15, 0x1b15, 0x1b15, 0x12d4, 0x1b15, 0x2335, 0x1b35, 0x2335, 0x2335, 0x1b35, 0x2335, 0x2335, 0x2335, 
	0x1230, 0x1230, 0x1230, 0x1230, 0x1230, 0x1230, 0x1230, 0x1230, 0x1230, 0x1231, 0x1231, 0x1251, 0x1231, 0x1230, 0x1231, 0x1251, 
	0x1251, 0x1a51, 0x1a51, 0x1251, 0x1251, 0x1251, 0x1251, 0x1a92, 0x22f3, 0x1251, 0x1251, 0x1272, 0x1272, 0x1a93, 0x1272, 0x1272, 
	0x1252, 0x1251, 0x1251, 0x1251, 0x1251, 0x1251, 0x1251, 0x1251, 0x1251, 0x1251, 0x1251, 0x1251, 0x1251, 0x1251, 0x1271, 0x1271, 
	0x1271, 0x1271, 0x1251, 0x1271, 0x1271, 0x1271, 0x1292, 0x1292, 0x1292, 0x12b2, 0x1292, 0x12d3, 0x12d3, 0x12d3, 0x12d3, 0x0af4, 
	0x1314, 0x1335, 0x1335, 0x1335, 0x1335, 0x1336, 0x23d8, 0x555e, 0x1bd8, 0x1397, 0x1398, 0x1bb8, 0x1397, 0x1398, 0x1377, 0x1377, 
	0x1397, 0x1397, 0x1398, 0x1398, 0x1bf9, 0x13b9, 0x1399, 0x13ba, 0x1bfa, 0x1bfb, 0x243c, 0x13ba, 0x1bda, 0x13ba, 0x1399, 0x13b9, 
	0x13b9, 0x13b9, 0x1399, 0x1bda, 0x1b99, 0x1358, 0x1358, 0x1358, 0x0b57, 0x1357, 0x1357, 0x1358, 0x0b57, 0x1378, 0x1378, 0x1378, 
	0x1378, 0x1378, 0x1398, 0x1bda, 0x1bb9, 0x1bd9, 0x23d9, 0x2c3b, 0x1bd9, 0x1bb8, 0x1bb8, 0x1b98, 0x1b97, 0x1357, 0x1bb9, 0x23fa, 
	0x23fb, 0x23fa, 0x23fb, 0x23fb, 0x241b, 0x241b, 0x23da, 0x23da, 0x241b, 0x2c3c, 0x2c3c, 0x2c7d, 0x2c7e, 0x349e, 0x345d, 0x5d1f, 
	0x54df, 0x5cbe, 0x6cdd, 0x95ff, 0x8ddf, 0x5cbd, 0x4c9d, 0x449e, 0x3c5d, 0x343c, 0x343c, 0x2c1c, 0x23fb, 0x23fb, 0x1bdb, 0x241b, 
	0x1c1b, 0x245c, 0x1c5c, 0x249d, 0x1c9d, 0x2d1e, 0x353f, 0x353f, 0x355f, 0x2cdd, 0x2c9c, 0x5ddf, 0x6e3f, 0x2c39, 0x2c3a, 0x23d9, 
	0x23b8, 0x1b77, 0x1356, 0x1336, 0x1315, 0x1315, 0x12f5, 0x12b3, 0x12b3, 0x12b3, 0x1ab3, 0x1a93, 0x1293, 0x1292, 0x1293, 0x1293, 
	0x1293, 0x12b3, 0x1273, 0x1293, 0x0a72, 0x1af4, 0x1a93, 0x1272, 0x1272, 0x1272, 0x1272, 0x1273, 0x1272, 0x1272, 0x1272, 0x1272, 
	0x1273, 0x1273, 0x1272, 0x1272, 0x1293, 0x1293, 0x1293, 0x1293, 0x1293, 0x1293, 0x1a93, 0x1273, 0x1272, 0x1272, 0x1272, 0x1272, 
	0x1272, 0x1272, 0x1272, 0x1251, 0x1251, 0x1251, 0x1251, 0x1251, 0x1251, 0x1271, 0x1251, 0x1272, 0x1272, 0x1272, 0x1292, 0x1272, 
	0x1292, 0x1272, 0x1292, 0x1272, 0x1292, 0x1292, 0x1292, 0x1292, 0x1293, 0x1293, 0x1293, 0x1293, 0x1293, 0x1ab3, 0x12b3, 0x12b3, 
	0x1ad3, 0x12b3, 0x12b3, 0x1293, 0x1292, 0x1293, 0x12b3, 0x12d4, 0x1b14, 0x3c18, 0x4c7a, 0x3c18, 0x1b15, 0x2335, 0x33b7, 0x33d7, 
	0x33b7, 0x2b96, 0x3396, 0x2b76, 0x2b56, 0x2b56, 0x2356, 0x2335, 0x2335, 0x2334, 0x2335, 0x2315, 0x1b35, 0x1b35, 0x2335, 0x1b35, 
	0x2335, 0x2335, 0x1b35, 0x1b35, 0x2335, 0x1b35, 0x2335, 0x1b35, 0x2335, 0x2335, 0x2335, 0x2335, 0x1b34, 0x1b14, 0x1b14, 0x2315, 
	0x2335, 0x2335, 0x2315, 0x1b15, 0x2335, 0x1b15, 0x1af4, 0x1b15, 0x2335, 0x1b35, 0x2335, 0x2335, 0x2335, 0x2335, 0x1b35, 0x1b35, 
	0x1230, 0x1230, 0x1230, 0x1230, 0x1230, 0x1230, 0x1230, 0x1230, 0x1231, 0x1231, 0x1231, 0x1231, 0x1231, 0x1231, 0x1231, 0x1251, 
	0x1a51, 0x1a51, 0x1a51, 0x1a51, 0x1251, 0x1251, 0x1251, 0x1251, 0x1251, 0x1272, 0x1252, 0x1251, 0x1252, 0x1251, 0x1251, 0x1251, 
	0x1251, 0x1251, 0x1251, 0x1251, 0x1251, 0x1251, 0x1251, 0x1251, 0x1251, 0x1251, 0x1251, 0x1251, 0x1251, 0x1251, 0x1251, 0x1251, 
	0x1251, 0x1271, 0x1271, 0x0a51, 0x22f3, 0x22f3, 0x1272, 0x1292, 0x1292, 0x12b3, 0x12b3, 0x12d4, 0x12f4, 0x12f4, 0x1315, 0x1335, 
	0x0b35, 0x1356, 0x1356, 0x1376, 0x1397, 0x1397, 0x1bd8, 0x2419, 0x13d8, 0x13b8, 0x1398, 0x13b8, 0x1398, 0x1397, 0x1377, 0x1377, 
	0x1377, 0x1377, 0x1398, 0x1398, 0x13b9, 0x13b9, 0x13b9, 0x13b9, 0x1bfa, 0x1bfb, 0x1bfb, 0x1bda, 0x1bda, 0x1bda, 0x1bba, 0x1bda, 
	0x1bfb, 0x1bfa, 0x13b9, 0x241a, 0x23da, 0x1378, 0x1378, 0x1398, 0x1358, 0x1357, 0x1378, 0x1378, 0x0b57, 0x23fa, 0x1378, 0x1378, 
	0x1399, 0x1399, 0x1398, 0x1b99, 0x1bb9, 0x1bb9, 0x1bb9, 0x1b98, 0x1bb9, 0x1b98, 0x1b98, 0x1b77, 0x1b77, 0x1b98, 0x1bb9, 0x2c1b, 
	0x2c3c, 0x2c3c, 0x243c, 0x241b, 0x241c, 0x23fb, 0x1b99, 0x23b9, 0x2c1a, 0x2c1b, 0x2c5c, 0x241c, 0x2c5d, 0x349e, 0x3cbe, 0x4cdf, 
	0x4c9e, 0x547e, 0x64be, 0x7d5f, 0x95ff, 0x6cfd, 0x4c9d, 0x3c7d, 0x3c5c, 0x343c, 0x3c5c, 0x345c, 0x23ba, 0x1bba, 0x1bda, 0x241b, 
	0x1c1b, 0x247d, 0x24be, 0x24bd, 0x353f, 0x353f, 0x355f, 0x3d5f, 0x3d7f, 0x351e, 0x34dc, 0x663f, 0x55bf, 0x241a, 0x241a, 0x23f9, 
	0x1b97, 0x1b56, 0x1336, 0x1315, 0x1315, 0x12f4, 0x12f4, 0x12b3, 0x12b3, 0x12b3, 0x1ab3, 0x1a93, 0x1293, 0x1293, 0x1293, 0x12b3, 
	0x12b3, 0x1ad4, 0x12b3, 0x1293, 0x12b3, 0x1293, 0x1293, 0x1293, 0x1292, 0x1272, 0x1272, 0x1272, 0x1272, 0x1272, 0x1272, 0x1272, 
	0x1272, 0x1293, 0x1273, 0x1ab3, 0x1a93, 0x1a93, 0x1293, 0x1273, 0x1293, 0x1273, 0x1273, 0x1273, 0x1272, 0x1272, 0x1252, 0x1252, 
	0x1251, 0x1271, 0x1251, 0x1251, 0x1251, 0x1251, 0x1251, 0x1271, 0x1272, 0x1251, 0x1271, 0x1251, 0x1251, 0x1272, 0x1272, 0x1272, 
	0x1272, 0x1292, 0x1293, 0x1293, 0x1af4, 0x12b3, 0x12b3, 0x12b3, 0x1293, 0x1ab3, 0x1293, 0x1ab3, 0x1293, 0x1293, 0x1293, 0x1293, 
	0x12b3, 0x1292, 0x1293, 0x1ab3, 0x12b3, 0x12b3, 0x12b3, 0x12d4, 0x1b15, 0x2376, 0x2356, 0x2b76, 0x2b76, 0x2b97, 0x3c18, 0x2356, 
	0x2355, 0x2356, 0x2b76, 0x2b76, 0x2335, 0x2335, 0x2335, 0x2335, 0x2335, 0x2314, 0x1b14, 0x1af4, 0x1af4, 0x1af4, 0x2335, 0x2335, 
	0x2335, 0x2335, 0x2335, 0x2335, 0x2335, 0x1b35, 0x2335, 0x1b15, 0x1b14, 0x2314, 0x2334, 0x2334, 0x2335, 0x2335, 0x2315, 0x1b14, 
	0x1b14, 0x1b14, 0x1af4, 0x1af4, 0x1af4, 0x1af4, 0x1ad4, 0x1b15, 0x2335, 0x2335, 0x1b15, 0x2335, 0x2335, 0x2335, 0x2335, 0x1b35, 
	0x1230, 0x1230, 0x1230, 0x1230, 0x1230, 0x1230, 0x1230, 0x1230, 0x1230, 0x1230, 0x1231, 0x1231, 0x1231, 0x1231, 0x1231, 0x1251, 
	0x1251, 0x1251, 0x1251, 0x1251, 0x1251, 0x1251, 0x1251, 0x1251, 0x1251, 0x1251, 0x1251, 0x1251, 0x1251, 0x1251, 0x1251, 0x1251, 
	0x1251, 0x1251, 0x1251, 0x1251, 0x1251, 0x1251, 0x1251, 0x1251, 0x1251, 0x1251, 0x1251, 0x1271, 0x1271, 0x1271, 0x1271, 0x1271, 
	0x1271, 0x1272, 0x1292, 0x0a71, 0x2b55, 0x2b55, 0x1292, 0x12b3, 0x12b3, 0x12d3, 0x12d4, 0x1315, 0x1335, 0x1335, 0x1356, 0x1377, 
	0x1356, 0x1377, 0x1377, 0x1397, 0x13b8, 0x13d8, 0x245a, 0x13d8, 0x13f9, 0x1bf9, 0x13b9, 0x1bd9, 0x1bd9, 0x1398, 0x1bb8, 0x1398, 
	0x1378, 0x13b8, 0x13b8, 0x1398, 0x13b9, 0x1bda, 0x1bda, 0x13b9, 0x13b9, 0x2c7c, 0x1bda, 0x1bdb, 0x1bfb, 0x1bfb, 0x1bfb, 0x1bda, 
	0x1bda, 0x1bda, 0x1bda, 0x1bb9, 0x1399, 0x1b99, 0x1378, 0x1378, 0x0b58, 0x0b57, 0x1358, 0x1378, 0x1378, 0x1399, 0x1399, 0x1399, 
	0x1bb9, 0x1bb9, 0x1b99, 0x1bb9, 0x1bb9, 0x1bb9, 0x1bb9, 0x23d9, 0x1bb9, 0x1b98, 0x1b98, 0x1b98, 0x1377, 0x23d9, 0x23d9, 0x23d9, 
	0x241b, 0x1bda, 0x23fb, 0x241b, 0x23fb, 0x23b9, 0x1b78, 0x1b78, 0x1b78, 0x23b9, 0x23fa, 0x241b, 0x2c5d, 0x349e, 0x3cbf, 0x44bf, 
	0x449f, 0x4c9e, 0x64bf, 0x6cde, 0x9e5f, 0x753d, 0x54dd, 0x449d, 0x3c5c, 0x3c3c, 0x341b, 0x2bfb, 0x23da, 0x23da, 0x23fb, 0x243c, 
	0x247d, 0x2cde, 0x353f, 0x2cfe, 0x353f, 0x351e, 0x351e, 0x2cfe, 0x353f, 0x351d, 0x3d1d, 0x6e5f, 0x453e, 0x241a, 0x23f9, 0x23d9, 
	0x2397, 0x1b56, 0x1335, 0x12f5, 0x1315, 0x12d4, 0x12b3, 0x12b3, 0x12b3, 0x1ab3, 0x1ab3, 0x1a93, 0x1a93, 0x1293, 0x1293, 0x12b3, 
	0x12b4, 0x12b4, 0x12b4, 0x12b3, 0x12b3, 0x1293, 0x1293, 0x1272, 0x1272, 0x1272, 0x1273, 0x1293, 0x1293, 0x1272, 0x1272, 0x1272, 
	0x1272, 0x1273, 0x1293, 0x1ab3, 0x1a93, 0x1273, 0x1293, 0x1273, 0x1272, 0x1272, 0x1252, 0x1252, 0x1252, 0x1252, 0x1252, 0x1251, 
	0x1271, 0x1251, 0x1251, 0x1251, 0x1272, 0x1251, 0x1251, 0x1272, 0x1251, 0x1251, 0x1271, 0x1272, 0x1272, 0x1292, 0x1292, 0x1292, 
	0x1292, 0x1293, 0x12b3, 0x12b3, 0x12b3, 0x12b3, 0x1292, 0x0a72, 0x1293, 0x1ad3, 0x12b3, 0x12b3, 0x12b3, 0x1293, 0x12b3, 0x1ad3, 
	0x12b3, 0x2315, 0x22f4, 0x1293, 0x12b3, 0x12d3, 0x12d4, 0x12f4, 0x1b15, 0x1b35, 0x2335, 0x2356, 0x2356, 0x2355, 0x1b15, 0x1b15, 
	0x2335, 0x1b15, 0x2315, 0x1b15, 0x2315, 0x1b14, 0x2314, 0x1af4, 0x1ad3, 0x12b3, 0x1292, 0x1ab3, 0x12d3, 0x1af4, 0x2335, 0x2335, 
	0x1b35, 0x2335, 0x2335, 0x2335, 0x1b15, 0x2335, 0x2335, 0x2335, 0x1af4, 0x12b2, 0x1ab2, 0x1ad3, 0x1af4, 0x1ab3, 0x1292, 0x1ad4, 
	0x1ad4, 0x1af4, 0x1ad4, 0x12d4, 0x12b3, 0x12b3, 0x12b3, 0x1af4, 0x2315, 0x1b15, 0x2335, 0x1b15, 0x1b15, 0x1b15, 0x1b15, 0x1b15, 
	0x1230, 0x1230, 0x1230, 0x1231, 0x1231, 0x1230, 0x1230, 0x1230, 0x1251, 0x1251, 0x1230, 0x1231, 0x1231, 0x1251, 0x1251, 0x1251, 
	0x1a51, 0x1251, 0x1230, 0x1251, 0x1251, 0x1251, 0x1251, 0x1251, 0x1271, 0x1251, 0x1251, 0x1251, 0x1251, 0x1251, 0x1251, 0x1251, 
	0x1251, 0x1251, 0x1251, 0x1251, 0x1251, 0x1251, 0x1251, 0x1251, 0x1271, 0x1251, 0x1251, 0x1251, 0x1271, 0x1271, 0x1251, 0x1271, 
	0x1271, 0x12b2, 0x12b3, 0x12b3, 0x12b3, 0x1293, 0x12b3, 0x12b3, 0x12f4, 0x1315, 0x1315, 0x1336, 0x1356, 0x1377, 0x1377, 0x1377, 
	0x13b8, 0x13b8, 0x13b8, 0x1bd8, 0x13d9, 0x1bf9, 0x245b, 0x1c1a, 0x1c1a, 0x1c1a, 0x13d9, 0x13d9, 0x1bb9, 0x1bb9, 0x1bb9, 0x13b9, 
	0x13b9, 0x1bd9, 0x13b9, 0x13b9, 0x1bda, 0x1bfa, 0x1bda, 0x13b9, 0x13b9, 0x34bd, 0x1bfa, 0x241b, 0x1bfb, 0x1bfb, 0x1bda, 0x1bfa, 
	0x1bda, 0x1399, 0x13b9, 0x1399, 0x1399, 0x1399, 0x1379, 0x1378, 0x1378, 0x1358, 0x1378, 0x1399, 0x1398, 0x1378, 0x1bb9, 0x1399, 
	0x1b99, 0x1bb9, 0x1b99, 0x1bb9, 0x1bb9, 0x1bb9, 0x1bb9, 0x1bd9, 0x1bb9, 0x1bb9, 0x1bb9, 0x23d9, 0x23d9, 0x1bb9, 0x1b98, 0x1b78, 
	0x1b77, 0x1357, 0x1b78, 0x1b98, 0x1b78, 0x1b78, 0x1b57, 0x1b57, 0x1b57, 0x1b98, 0x23da, 0x23fb, 0x2c3c, 0x345d, 0x345d, 0x3c9e, 
	0x44bf, 0x4c9f, 0x5cbf, 0x6cbe, 0xa65f, 0x85be, 0x5cbd, 0x4c9d, 0x447d, 0x3c7d, 0x343c, 0x343b, 0x345c, 0x2c3c, 0x2c3c, 0x243c, 
	0x245d, 0x249d, 0x34ff, 0x2cbe, 0x34fe, 0x2cde, 0x2cbe, 0x2cde, 0x2cfe, 0x2cdd, 0x4d7d, 0x769f, 0x34bc, 0x245b, 0x23fa, 0x1bb8, 
	0x1b97, 0x1b56, 0x1335, 0x12f5, 0x12f4, 0x12f4, 0x12b3, 0x12b3, 0x12b3, 0x12b3, 0x12b3, 0x1293, 0x1ab3, 0x1293, 0x1293, 0x12b3, 
	0x12b4, 0x12b4, 0x1293, 0x12b4, 0x12b3, 0x1ab4, 0x1293, 0x1272, 0x1273, 0x1293, 0x1a93, 0x1293, 0x1a93, 0x1293, 0x1272, 0x1252, 
	0x1272, 0x1273, 0x1293, 0x1293, 0x1a93, 0x1293, 0x1273, 0x1272, 0x1272, 0x1272, 0x1272, 0x1272, 0x1252, 0x1251, 0x1252, 0x1251, 
	0x1ab2, 0x1271, 0x1271, 0x1292, 0x1ad3, 0x22f4, 0x1ab3, 0x1292, 0x1ad3, 0x1ab3, 0x1272, 0x1272, 0x1292, 0x1ab3, 0x1293, 0x1293, 
	0x1293, 0x1ad3, 0x1ad3, 0x1ad4, 0x1b15, 0x1b15, 0x3bd7, 0x33b7, 0x2314, 0x12b3, 0x12b3, 0x12b3, 0x12b3, 0x12b3, 0x12b3, 0x1ad4, 
	0x1af4, 0x3bd8, 0x2b96, 0x2315, 0x2335, 0x1b35, 0x12f4, 0x1315, 0x12f5, 0x1b35, 0x2335, 0x2335, 0x1b15, 0x2335, 0x2335, 0x2335, 
	0x1b14, 0x1af4, 0x1ad4, 0x1ad3, 0x1ad4, 0x12b3, 0x1ab3, 0x1272, 0x1251, 0x1251, 0x1251, 0x1292, 0x12b3, 0x1b14, 0x2335, 0x2335, 
	0x2335, 0x1b35, 0x2335, 0x1b15, 0x2315, 0x2315, 0x1ad3, 0x1ab3, 0x1272, 0x1251, 0x1251, 0x1251, 0x1271, 0x1251, 0x1251, 0x1272, 
	0x1ab3, 0x1ad3, 0x1ad4, 0x12b3, 0x12b3, 0x12b3, 0x12b4, 0x12b3, 0x12b3, 0x1ad4, 0x1b15, 0x1af5, 0x1b15, 0x1af4, 0x1af4, 0x12d4, 
	0x1230, 0x1231, 0x1231, 0x1251, 0x1230, 0x1251, 0x1251, 0x1250, 0x1230, 0x1230, 0x1230, 0x1231, 0x1251, 0x1a51, 0x1a51, 0x1a51, 
	0x1251, 0x1a92, 0x3355, 0x1a92, 0x1251, 0x1271, 0x1251, 0x1251, 0x1251, 0x1251, 0x1251, 0x1251, 0x1251, 0x1251, 0x1251, 0x1251, 
	0x1251, 0x1251, 0x1251, 0x1251, 0x1251, 0x1251, 0x1251, 0x1251, 0x1251, 0x1271, 0x1271, 0x1271, 0x1271, 0x1271, 0x1251, 0x1271, 
	0x1292, 0x12b3, 0x12b3, 0x12b3, 0x1af4, 0x12d4, 0x12d3, 0x12d4, 0x12f4, 0x1315, 0x1356, 0x1377, 0x1377, 0x1397, 0x1377, 0x1397, 
	0x13b8, 0x13b8, 0x13b8, 0x13d9, 0x1bf9, 0x13d9, 0x13f9, 0x141a, 0x1c1a, 0x141a, 0x13fa, 0x13d9, 0x1bb9, 0x1399, 0x13b9, 0x13b9, 
	0x1bda, 0x1bfa, 0x1bfa, 0x1bfa, 0x1bda, 0x1bfa, 0x1bfa, 0x1bda, 0x1bd9, 0x13b9, 0x1bda, 0x1bda, 0x1bda, 0x1bba, 0x13b9, 0x13b9, 
	0x1399, 0x1399, 0x1399, 0x1378, 0x1378, 0x1378, 0x1378, 0x1379, 0x1399, 0x1378, 0x1379, 0x1378, 0x1399, 0x1bb9, 0x1399, 0x1b99, 
	0x1b99, 0x1b98, 0x1bb9, 0x1b99, 0x1b98, 0x1bb9, 0x1bb9, 0x1bb9, 0x1bd9, 0x1bb9, 0x1bb9, 0x23fa, 0x2c3b, 0x23fa, 0x1b78, 0x1b57, 
	0x1b57, 0x1b57, 0x1b57, 0x1b77, 0x1b77, 0x1b57, 0x1b57, 0x1b57, 0x1b77, 0x1337, 0x1b79, 0x23da, 0x23da, 0x2c1c, 0x2c1c, 0x345d, 
	0x449e, 0x4c7e, 0x549e, 0x6cbe, 0x95df, 0xa65f, 0x651e, 0x4cbd, 0x4c9d, 0x3c7d, 0x3c5c, 0x343c, 0x2c5c, 0x2c3c, 0x2c3c, 0x243c, 
	0x243c, 0x245c, 0x243c, 0x1c3c, 0x245c, 0x2c9d, 0x247d, 0x2c9d, 0x2cde, 0x2c9c, 0x4d7d, 0x76bf, 0x247b, 0x243b, 0x1bd9, 0x1bb8, 
	0x1b97, 0x1b76, 0x1b56, 0x1315, 0x12f4, 0x1af4, 0x12b3, 0x1ab3, 0x1af4, 0x1ab3, 0x1ab3, 0x1293, 0x1293, 0x1ab3, 0x1ad4, 0x1ad4, 
	0x12b4, 0x12b4, 0x1293, 0x1293, 0x12b4, 0x12b3, 0x1293, 0x1293, 0x1293, 0x1a93, 0x1ab3, 0x12b3, 0x1293, 0x1293, 0x1293, 0x1272, 
	0x1273, 0x1a93, 0x1a93, 0x1a93, 0x1a93, 0x1293, 0x1a93, 0x1a93, 0x1272, 0x1252, 0x1252, 0x1272, 0x1272, 0x1272, 0x1272, 0x1271, 
	0x1292, 0x1292, 0x1292, 0x1ab3, 0x33b7, 0x549b, 0x3bb7, 0x2335, 0x3bd7, 0x3397, 0x22f4, 0x1ab3, 0x1ab3, 0x22f4, 0x22f4, 0x2314, 
	0x2b56, 0x3397, 0x2335, 0x2315, 0x3bf8, 0x2b97, 0x4459, 0x4459, 0x2335, 0x12b3, 0x1ad4, 0x12d4, 0x12b3, 0x12b3, 0x12b3, 0x12b3, 
	0x12d4, 0x1b15, 0x2335, 0x2356, 0x2335, 0x12f4, 0x12d4, 0x12f4, 0x12f4, 0x1b15, 0x1b35, 0x2335, 0x2335, 0x2335, 0x1b15, 0x2335, 
	0x1b15, 0x1b14, 0x12b3, 0x1272, 0x1293, 0x1272, 0x1252, 0x1252, 0x1251, 0x1251, 0x1251, 0x1292, 0x1af4, 0x2335, 0x2335, 0x2335, 
	0x2335, 0x2335, 0x2335, 0x2314, 0x1ad4, 0x1292, 0x1271, 0x1251, 0x1271, 0x1a71, 0x1251, 0x1251, 0x1251, 0x1271, 0x1251, 0x1272, 
	0x1272, 0x1292, 0x1293, 0x12b3, 0x12b3, 0x12b4, 0x12b4, 0x12b4, 0x12b4, 0x12b3, 0x12d4, 0x12d4, 0x12f4, 0x1af5, 0x12d4, 0x12b4, 
	0x1251, 0x1251, 0x1230, 0x1251, 0x1251, 0x1251, 0x1251, 0x1251, 0x1251, 0x1231, 0x1251, 0x1251, 0x1251, 0x1251, 0x1251, 0x1251, 
	0x1251, 0x1a71, 0x1ab2, 0x1271, 0x1271, 0x1271, 0x1271, 0x1251, 0x1251, 0x1251, 0x1251, 0x1251, 0x1251, 0x1251, 0x1251, 0x1251, 
	0x1251, 0x1251, 0x1251, 0x1251, 0x1251, 0x1251, 0x1251, 0x1251, 0x1271, 0x1271, 0x1271, 0x1271, 0x1271, 0x1271, 0x1272, 0x1272, 
	0x12b3, 0x12b3, 0x12b3, 0x12b3, 0x12b3, 0x12d4, 0x12f4, 0x1315, 0x1315, 0x1336, 0x1377, 0x1397, 0x1397, 0x1397, 0x1377, 0x1397, 
	0x1377, 0x1397, 0x1398, 0x13b8, 0x13b8, 0x1bf9, 0x1bf9, 0x13f9, 0x1c1a, 0x1c1a, 0x1c1a, 0x1bd9, 0x1398, 0x1bb9, 0x13b9, 0x1bfa, 
	0x1bfa, 0x1bfa, 0x1c1a, 0x1c1b, 0x243b, 0x1bfa, 0x1bfb, 0x241b, 0x1bda, 0x13da, 0x13ba, 0x13ba, 0x13ba, 0x1bda, 0x1bba, 0x1399, 
	0x1379, 0x1399, 0x1bb9, 0x1378, 0x0b58, 0x1358, 0x1358, 0x1378, 0x1b99, 0x1b99, 0x1378, 0x1378, 0x1378, 0x1399, 0x1399, 0x1399, 
	0x1399, 0x1399, 0x1bb9, 0x1bb9, 0x1398, 0x1b98, 0x1bb8, 0x1bb9, 0x23d9, 0x1bb9, 0x1b98, 0x23b9, 0x23d9, 0x1b98, 0x1b78, 0x1b78, 
	0x2398, 0x1b77, 0x1b57, 0x2398, 0x1b98, 0x1b77, 0x1b57, 0x1b57, 0x1b57, 0x1b78, 0x1b99, 0x1b78, 0x1b99, 0x23ba, 0x2bda, 0x33fb, 
	0x3c1c, 0x443d, 0x4c5d, 0x64de, 0x8d9e, 0xb6ff, 0x757e, 0x54dd, 0x4c9d, 0x449d, 0x3c7c, 0x2c1b, 0x241b, 0x2c3c, 0x243c, 0x245c, 
	0x243c, 0x23fb, 0x1bfb, 0x241b, 0x1bfb, 0x243c, 0x245c, 0x247c, 0x245b, 0x2c9c, 0x661f, 0x6e7f, 0x245a, 0x1c1a, 0x1bd9, 0x1b97, 
	0x1b77, 0x1b56, 0x1b36, 0x12f4, 0x12b3, 0x12d3, 0x12b3, 0x12b3, 0x1ad3, 0x12b3, 0x1ab3, 0x1ab4, 0x12b3, 0x1ab3, 0x12b3, 0x1ab4, 
	0x12b4, 0x1294, 0x1293, 0x12b3, 0x1293, 0x1293, 0x1293, 0x1a93, 0x1293, 0x12b4, 0x12b4, 0x12b4, 0x12b4, 0x1293, 0x1293, 0x1293, 
	0x1293, 0x1293, 0x1ab4, 0x1a93, 0x1a93, 0x1a93, 0x1a93, 0x1293, 0x1ab3, 0x1a93, 0x1271, 0x1272, 0x1292, 0x12b2, 0x1ab2, 0x1ab2, 
	0x12b3, 0x1ab3, 0x2334, 0x4c79, 0x5cdb, 0x651c, 0x4439, 0x3bf8, 0x3bd8, 0x3bd7, 0x43f8, 0x3bb7, 0x3bf8, 0x4418, 0x54bb, 0x54bb, 
	0x3bf8, 0x3397, 0x3397, 0x2b76, 0x3397, 0x2b97, 0x2b76, 0x2b76, 0x2335, 0x2355, 0x2335, 0x1b15, 0x1af4, 0x12b3, 0x12b3, 0x12b3, 
	0x12d3, 0x1b14, 0x2335, 0x1b14, 0x12d4, 0x12d3, 0x12d4, 0x12d4, 0x12f4, 0x1b15, 0x1b35, 0x1b35, 0x1b35, 0x2335, 0x2315, 0x1b15, 
	0x2315, 0x1ad4, 0x1ab3, 0x1272, 0x1272, 0x1273, 0x1272, 0x1252, 0x1251, 0x1251, 0x1292, 0x1ab3, 0x1292, 0x1ab3, 0x1292, 0x1ad3, 
	0x2335, 0x22f4, 0x1ad3, 0x1272, 0x1271, 0x1251, 0x1251, 0x1251, 0x1251, 0x1271, 0x1251, 0x1251, 0x1271, 0x1271, 0x1251, 0x1271, 
	0x1251, 0x1272, 0x1ab3, 0x1293, 0x12b4, 0x12b4, 0x12d4, 0x12f5, 0x12d4, 0x12d4, 0x12d5, 0x12f5, 0x12f5, 0x12f5, 0x12d5, 0x12d5, 
	0x1251, 0x1251, 0x1231, 0x1231, 0x1251, 0x1230, 0x1231, 0x1231, 0x1251, 0x1251, 0x1251, 0x1251, 0x1251, 0x1251, 0x1a71, 0x1a92, 
	0x1a71, 0x1271, 0x1271, 0x1271, 0x1271, 0x1251, 0x1271, 0x1251, 0x1251, 0x1251, 0x1a51, 0x1251, 0x1251, 0x1251, 0x1251, 0x1251, 
	0x1251, 0x1251, 0x1251, 0x1251, 0x1251, 0x1251, 0x1251, 0x1251, 0x1251, 0x1251, 0x1271, 0x1271, 0x1271, 0x1272, 0x1272, 0x1292, 
	0x1293, 0x12b3, 0x12b3, 0x12d3, 0x0ad3, 0x0af4, 0x1315, 0x1335, 0x1336, 0x1356, 0x1397, 0x1b97, 0x1b97, 0x1397, 0x1377, 0x1377, 
	0x1356, 0x1377, 0x1377, 0x1377, 0x1398, 0x13b8, 0x13b8, 0x13d9, 0x1bfa, 0x1c1a, 0x1bf9, 0x13b9, 0x13b9, 0x13b9, 0x13b9, 0x1bfa, 
	0x1bfa, 0x1bfa, 0x1c1b, 0x1bfa, 0x1bfa, 0x1bfa, 0x1bfb, 0x1c1b, 0x13da, 0x13ba, 0x13ba, 0x13ba, 0x1bda, 0x1bda, 0x13ba, 0x1bba, 
	0x1399, 0x1378, 0x1378, 0x1378, 0x1358, 0x1378, 0x1378, 0x1b99, 0x1bb9, 0x1378, 0x1358, 0x1358, 0x1357, 0x1378, 0x1bb9, 0x1399, 
	0x1398, 0x1bb9, 0x1398, 0x1398, 0x1398, 0x1b98, 0x1b98, 0x1b98, 0x1bb9, 0x1bb8, 0x1b98, 0x1b98, 0x1b98, 0x1b77, 0x1b78, 0x1b98, 
	0x1b77, 0x1b77, 0x1b77, 0x1b77, 0x23b9, 0x1b78, 0x1357, 0x1b57, 0x1b57, 0x1b78, 0x1b98, 0x1b78, 0x2399, 0x1b58, 0x2399, 0x33db, 
	0x3bfb, 0x441c, 0x4c5d, 0x5cbd, 0x751c, 0xb6ff, 0x963f, 0x651d, 0x4c9c, 0x3c5c, 0x3c5c, 0x341b, 0x2c1b, 0x2c3c, 0x2c5c, 0x243c, 
	0x241b, 0x1bba, 0x1bb9, 0x23fa, 0x23fb, 0x241b, 0x243b, 0x245b, 0x245b, 0x3d1d, 0x7ebf, 0x661f, 0x247a, 0x1c1a, 0x1bd8, 0x1b97, 
	0x1b77, 0x1b35, 0x1b35, 0x12f4, 0x12d4, 0x12b3, 0x12b3, 0x12b3, 0x1293, 0x12b3, 0x12b3, 0x12b3, 0x12b3, 0x1293, 0x1293, 0x12b4, 
	0x12b4, 0x12b4, 0x1293, 0x1293, 0x1ab4, 0x1ab4, 0x1293, 0x12b3, 0x12b4, 0x12b4, 0x12b4, 0x12b4, 0x12b4, 0x12b4, 0x1293, 0x1ab4, 
	0x1ab3, 0x1a93, 0x1ad4, 0x1293, 0x1293, 0x1293, 0x1293, 0x1293, 0x1a93, 0x0a51, 0x4c18, 0x22f3, 0x1272, 0x1292, 0x3bd7, 0x2b55, 
	0x12b3, 0x2314, 0x5cfc, 0x6d5d, 0x4c59, 0x4419, 0x3bf8, 0x3bd8, 0x2b76, 0x2b56, 0x3bb8, 0x3bd8, 0x3bf8, 0x3bd8, 0x3bf8, 0x3bf8, 
	0x3bd8, 0x33b7, 0x3bf8, 0x4419, 0x3397, 0x2b76, 0x2b97, 0x2b77, 0x3397, 0x2b76, 0x2356, 0x1b15, 0x1b15, 0x1af4, 0x12d4, 0x1af4, 
	0x1af4, 0x1b15, 0x2335, 0x1b15, 0x1b14, 0x1b14, 0x12f4, 0x12d4, 0x0ad3, 0x12d3, 0x12d4, 0x12f4, 0x12d4, 0x12d4, 0x12d4, 0x12b4, 
	0x12b3, 0x1293, 0x1272, 0x1272, 0x1273, 0x1272, 0x1252, 0x1252, 0x1252, 0x1272, 0x1272, 0x1292, 0x1272, 0x1252, 0x1251, 0x1292, 
	0x1292, 0x1272, 0x1271, 0x1251, 0x1251, 0x1251, 0x1271, 0x1251, 0x1251, 0x1271, 0x1271, 0x1251, 0x1271, 0x1271, 0x1251, 0x1251, 
	0x1272, 0x1272, 0x1ab3, 0x12b3, 0x12b4, 0x12b4, 0x12d4, 0x12f5, 0x12f5, 0x12f5, 0x12f5, 0x1316, 0x12f5, 0x12f5, 0x12f5, 0x1af6, 
	0x1231, 0x1231, 0x1251, 0x1251, 0x1231, 0x1231, 0x1231, 0x1231, 0x1251, 0x1251, 0x1a51, 0x1a71, 0x1251, 0x1251, 0x1a92, 0x22d3, 
	0x1a92, 0x1251, 0x1272, 0x1272, 0x1272, 0x1271, 0x1251, 0x1251, 0x1251, 0x1251, 0x1251, 0x1251, 0x1251, 0x1251, 0x1251, 0x1251, 
	0x1251, 0x1251, 0x1251, 0x1251, 0x1251, 0x1251, 0x1251, 0x1251, 0x1251, 0x1251, 0x1251, 0x1271, 0x1272, 0x1272, 0x1292, 0x1293, 
	0x12b3, 0x12b3, 0x12b3, 0x0ad3, 0x0ad4, 0x1314, 0x1335, 0x1335, 0x1336, 0x1377, 0x1b97, 0x1bb7, 0x1397, 0x1377, 0x1377, 0x1356, 
	0x1356, 0x1377, 0x1397, 0x1357, 0x1377, 0x1398, 0x1398, 0x1bd9, 0x1bf9, 0x13b9, 0x13b9, 0x1bfa, 0x13b9, 0x13b9, 0x13b9, 0x1bda, 
	0x13da, 0x1c1b, 0x13b9, 0x13b9, 0x1bda, 0x1bda, 0x1bda, 0x13da, 0x1bfb, 0x1bda, 0x1bda, 0x13da, 0x1bfb, 0x1bfb, 0x1bba, 0x1399, 
	0x1379, 0x1358, 0x1358, 0x1358, 0x1378, 0x1378, 0x1378, 0x1357, 0x1357, 0x1357, 0x1357, 0x1357, 0x1357, 0x1357, 0x1378, 0x1378, 
	0x1378, 0x1378, 0x1bd9, 0x1bb8, 0x1398, 0x1398, 0x1b98, 0x1b98, 0x1b78, 0x1b78, 0x1b77, 0x1b77, 0x1b77, 0x1b77, 0x1b78, 0x1b78, 
	0x1b98, 0x1b78, 0x1b78, 0x23b9, 0x23d9, 0x1b78, 0x1b78, 0x1b78, 0x23b9, 0x1b78, 0x1358, 0x1b78, 0x1b98, 0x2399, 0x23b9, 0x2bda, 
	0x33fb, 0x441c, 0x443c, 0x5c9d, 0x751d, 0x9e3f, 0xaeff, 0x757d, 0x445b, 0x3c5c, 0x3c3b, 0x341a, 0x2bfa, 0x23b9, 0x23fb, 0x23fb, 
	0x23fb, 0x1b99, 0x1b98, 0x1b98, 0x1bb9, 0x1bb9, 0x1bd9, 0x1c1a, 0x2cbc, 0x55be, 0x8f7f, 0x55dd, 0x247a, 0x1c1a, 0x1bb8, 0x1b77, 
	0x1b56, 0x1315, 0x1b15, 0x12f4, 0x12d3, 0x12b3, 0x12b3, 0x12b3, 0x12b3, 0x12b3, 0x1ad3, 0x12b3, 0x1293, 0x1a93, 0x1293, 0x1ab4, 
	0x1293, 0x1ab4, 0x1293, 0x1a93, 0x2b35, 0x22f4, 0x1293, 0x1ab4, 0x12b4, 0x12b4, 0x12b4, 0x1294, 0x12b4, 0x12b4, 0x1293, 0x1293, 
	0x1a93, 0x1ab3, 0x1a93, 0x1293, 0x1ab3, 0x1a93, 0x1293, 0x1a93, 0x1292, 0x1272, 0x0a51, 0x1272, 0x1292, 0x1292, 0x22f3, 0x1af3, 
	0x1292, 0x2314, 0x4c59, 0x4c7a, 0x4418, 0x4419, 0x3397, 0x3377, 0x2b56, 0x2b76, 0x3397, 0x3bb7, 0x33b7, 0x33b7, 0x33b7, 0x2b76, 
	0x2b76, 0x2b76, 0x2b76, 0x2b76, 0x2b76, 0x2b96, 0x2b76, 0x2b76, 0x2b97, 0x2b76, 0x2335, 0x1b15, 0x1b35, 0x1b14, 0x1af4, 0x1b14, 
	0x1b14, 0x1af4, 0x1af4, 0x1af4, 0x1ad4, 0x12b3, 0x12b3, 0x12b3, 0x0ad3, 0x0ad3, 0x0ad3, 0x12f4, 0x0ad3, 0x12d4, 0x1af4, 0x1ad4, 
	0x1293, 0x1ab3, 0x1a93, 0x1a93, 0x1272, 0x1272, 0x1273, 0x1272, 0x1272, 0x1a73, 0x1273, 0x1293, 0x1272, 0x1272, 0x1271, 0x1251, 
	0x1251, 0x1251, 0x1251, 0x1271, 0x1271, 0x1251, 0x1271, 0x1271, 0x1271, 0x1271, 0x1251, 0x1271, 0x1271, 0x1271, 0x1271, 0x1272, 
	0x1292, 0x1a93, 0x12b3, 0x12b3, 0x12b4, 0x12b4, 0x12b4, 0x12d4, 0x12f5, 0x12f5, 0x1316, 0x1316, 0x1316, 0x12f5, 0x12d5, 0x1ad5, 
	0x1251, 0x1251, 0x1251, 0x1251, 0x1230, 0x1251, 0x1251, 0x1251, 0x1251, 0x1251, 0x1a92, 0x22b2, 0x1251, 0x1271, 0x1271, 0x1271, 
	0x1271, 0x1292, 0x1272, 0x1292, 0x1292, 0x1272, 0x1272, 0x1271, 0x1271, 0x1272, 0x1251, 0x1251, 0x1251, 0x1251, 0x1251, 0x1251, 
	0x1a51, 0x1251, 0x1251, 0x1251, 0x1251, 0x1251, 0x1251, 0x1251, 0x1251, 0x1251, 0x1271, 0x1271, 0x1292, 0x1292, 0x1292, 0x12b3, 
	0x12b3, 0x12b3, 0x0ad3, 0x0ad4, 0x12f4, 0x1315, 0x0b15, 0x1336, 0x1356, 0x1377, 0x1b97, 0x1b97, 0x1377, 0x1377, 0x1377, 0x1336, 
	0x1357, 0x1357, 0x0b56, 0x1357, 0x1357, 0x1377, 0x1378, 0x1398, 0x1398, 0x0b78, 0x1398, 0x1399, 0x1399, 0x13b9, 0x1bda, 0x13b9, 
	0x13da, 0x241b, 0x13b9, 0x1bda, 0x13b9, 0x13b9, 0x13ba, 0x13ba, 0x1bda, 0x1bda, 0x1bda, 0x1bda, 0x1bda, 0x1bda, 0x13b9, 0x1378, 
	0x1358, 0x0b57, 0x1357, 0x1358, 0x1357, 0x1bb9, 0x23b9, 0x1337, 0x1357, 0x1357, 0x1357, 0x1337, 0x1357, 0x1357, 0x1357, 0x1378, 
	0x1398, 0x1378, 0x1378, 0x1398, 0x1378, 0x1b98, 0x1b98, 0x1b78, 0x1b77, 0x1b77, 0x1b57, 0x1b77, 0x1b77, 0x1b98, 0x1b98, 0x1b78, 
	0x1b98, 0x1b98, 0x1b99, 0x23b9, 0x23b9, 0x1b99, 0x1b99, 0x1b99, 0x1bb9, 0x1b99, 0x1b79, 0x1b79, 0x1b98, 0x23d9, 0x23da, 0x2bda, 
	0x33fb, 0x445d, 0x445d, 0x4c5c, 0x64fd, 0x85df, 0xb71f, 0x753c, 0x4c7b, 0x3c5c, 0x3c3b, 0x2bd9, 0x23b8, 0x1b98, 0x1b99, 0x1b99, 
	0x1b99, 0x1b99, 0x1357, 0x1357, 0x1b98, 0x1bb8, 0x23fa, 0x245a, 0x3d1c, 0x667f, 0x979f, 0x559c, 0x247a, 0x1c1a, 0x1bb8, 0x1b77, 
	0x1b36, 0x1b15, 0x12f4, 0x12d4, 0x12d3, 0x12b3, 0x1ad4, 0x12b3, 0x12b3, 0x12b3, 0x12b3, 0x12b3, 0x1293, 0x1ab3, 0x1a93, 0x1293, 
	0x1a93, 0x1a93, 0x1a93, 0x1a93, 0x1ab3, 0x1293, 0x1ab4, 0x12b4, 0x12b4, 0x12b4, 0x1294, 0x1af5, 0x12b4, 0x1293, 0x1293, 0x1a93, 
	0x1a93, 0x1a93, 0x1ab3, 0x1273, 0x22d4, 0x1ab3, 0x1272, 0x1293, 0x1292, 0x1272, 0x1272, 0x1272, 0x1272, 0x1292, 0x1292, 0x1292, 
	0x1292, 0x1ab3, 0x12d3, 0x33b7, 0x4c39, 0x4439, 0x33b7, 0x2b56, 0x2b56, 0x2b76, 0x2b76, 0x2b76, 0x2b56, 0x2b56, 0x2b76, 0x2b76, 
	0x2b56, 0x2335, 0x2335, 0x2356, 0x2356, 0x2b56, 0x2335, 0x2335, 0x2335, 0x2335, 0x2315, 0x1b15, 0x1b15, 0x1af4, 0x12d4, 0x12d3, 
	0x12d4, 0x12d4, 0x12b3, 0x12b3, 0x12b3, 0x12b3, 0x12b3, 0x12d3, 0x0ad3, 0x0af4, 0x0ad3, 0x0ad3, 0x0ad3, 0x12b3, 0x12b3, 0x1ab3, 
	0x1293, 0x1a93, 0x1293, 0x1272, 0x1272, 0x1293, 0x1a93, 0x1273, 0x1a93, 0x1293, 0x1a73, 0x1272, 0x1272, 0x1272, 0x1272, 0x1271, 
	0x1271, 0x1271, 0x1251, 0x1271, 0x1251, 0x1271, 0x1271, 0x1271, 0x1271, 0x1271, 0x1271, 0x1271, 0x1271, 0x1292, 0x1a92, 0x1ab3, 
	0x1ab3, 0x1ab3, 0x12b3, 0x12b3, 0x12b4, 0x12b4, 0x12b4, 0x12d5, 0x12f5, 0x1315, 0x12f5, 0x12f5, 0x12f5, 0x12f5, 0x1af5, 0x1af5, 
	0x1251, 0x1251, 0x1251, 0x1251, 0x1251, 0x1251, 0x1251, 0x1251, 0x1251, 0x1251, 0x1a71, 0x1a71, 0x1251, 0x1271, 0x1292, 0x1272, 
	0x1292, 0x1272, 0x3375, 0x22d3, 0x1292, 0x1292, 0x1292, 0x1272, 0x1272, 0x1271, 0x1251, 0x1a51, 0x1a51, 0x1a51, 0x1a51, 0x1a51, 
	0x1251, 0x1251, 0x1251, 0x1251, 0x1251, 0x1251, 0x1251, 0x1271, 0x1251, 0x1271, 0x0a51, 0x1ad3, 0x1ad3, 0x12b2, 0x12b3, 0x12b3, 
	0x12d3, 0x12d4, 0x0af4, 0x12f4, 0x1315, 0x1315, 0x0b35, 0x1356, 0x1356, 0x1377, 0x1377, 0x1377, 0x1377, 0x1377, 0x1357, 0x1357, 
	0x1bb8, 0x1377, 0x1357, 0x0b57, 0x1377, 0x1377, 0x1357, 0x0b57, 0x1377, 0x1377, 0x1377, 0x1378, 0x1bd9, 0x1398, 0x1bd9, 0x1bfa, 
	0x1bda, 0x13b9, 0x1399, 0x13b9, 0x1399, 0x1399, 0x1399, 0x1399, 0x1bda, 0x1bba, 0x1399, 0x1399, 0x13b9, 0x1378, 0x0b58, 0x1358, 
	0x1358, 0x1357, 0x1357, 0x1357, 0x1378, 0x1378, 0x1b98, 0x1357, 0x1357, 0x1337, 0x1357, 0x1357, 0x1357, 0x1357, 0x1357, 0x1378, 
	0x1378, 0x1378, 0x1378, 0x1378, 0x1398, 0x1b99, 0x1bb9, 0x1b98, 0x1b57, 0x1b57, 0x1336, 0x1b77, 0x1b77, 0x1b98, 0x1b98, 0x1b78, 
	0x1378, 0x1b99, 0x23ba, 0x23ba, 0x2bfb, 0x23da, 0x1bba, 0x23da, 0x23da, 0x1bba, 0x1b99, 0x1b99, 0x1b99, 0x1b99, 0x23da, 0x3c5c, 
	0x343c, 0x447d, 0x445c, 0x443c, 0x549c, 0x7d9f, 0xaeff, 0x7d9d, 0x4c9c, 0x3c5c, 0x3c1a, 0x33f9, 0x2398, 0x1b77, 0x1b78, 0x1bb9, 
	0x1b78, 0x1b78, 0x1357, 0x1b98, 0x1b98, 0x1bb8, 0x23fa, 0x247a, 0x455c, 0x7f1f, 0x97bf, 0x4d7c, 0x2459, 0x1bf9, 0x1b98, 0x1b77, 
	0x1b35, 0x1b15, 0x1af4, 0x12b3, 0x12b3, 0x12b3, 0x1af4, 0x12d4, 0x12b3, 0x1ab3, 0x12b3, 0x12b3, 0x12b3, 0x12b3, 0x12b3, 0x1ab3, 
	0x1ab3, 0x1ab3, 0x1293, 0x1293, 0x1293, 0x1293, 0x12b3, 0x12b4, 0x12b4, 0x12b4, 0x12b4, 0x1ad5, 0x12b4, 0x1293, 0x1293, 0x1293, 
	0x1a93, 0x1a93, 0x1a93, 0x1293, 0x1a93, 0x1293, 0x1293, 0x1293, 0x1293, 0x1292, 0x1292, 0x1272, 0x12b3, 0x1ad3, 0x1ab3, 0x1292, 
	0x1292, 0x12b3, 0x1af4, 0x33b7, 0x5cdc, 0x653d, 0x4419, 0x2b76, 0x33b7, 0x2355, 0x2335, 0x2335, 0x2335, 0x2335, 0x2335, 0x2355, 
	0x2335, 0x2315, 0x2335, 0x2335, 0x1b35, 0x1b35, 0x1b15, 0x1b14, 0x1af4, 0x1af4, 0x2335, 0x2355, 0x1ad4, 0x1ad4, 0x12b3, 0x12b3, 
	0x12b3, 0x12b3, 0x12b3, 0x12b3, 0x12b3, 0x12b3, 0x12b3, 0x12d3, 0x0ad3, 0x12f4, 0x12d3, 0x12d3, 0x12b3, 0x12b3, 0x1293, 0x1a93, 
	0x1a93, 0x1a93, 0x1a93, 0x1a93, 0x1a93, 0x1a93, 0x1a93, 0x1ab3, 0x1a93, 0x1a93, 0x1a92, 0x1272, 0x1292, 0x1ab3, 0x1ab3, 0x1292, 
	0x1292, 0x1292, 0x1292, 0x1272, 0x1271, 0x1271, 0x1271, 0x1271, 0x1292, 0x1271, 0x1271, 0x1292, 0x1292, 0x1ab3, 0x1ab3, 0x1ab3, 
	0x12b3, 0x12b3, 0x12b3, 0x12b3, 0x1af4, 0x1b15, 0x12f5, 0x12f5, 0x12f5, 0x12f5, 0x12f5, 0x12d5, 0x12d4, 0x12d4, 0x1af5, 0x1af5, 
	0x1271, 0x1271, 0x1271, 0x1271, 0x1271, 0x1292, 0x1a92, 0x1a92, 0x1271, 0x1271, 0x1a72, 0x1271, 0x1271, 0x1271, 0x1292, 0x1292, 
	0x1ab3, 0x1292, 0x2b34, 0x1ad3, 0x1292, 0x1292, 0x1272, 0x1251, 0x1251, 0x1251, 0x1251, 0x1251, 0x1251, 0x1251, 0x1a51, 0x1251, 
	0x1251, 0x1251, 0x1251, 0x1251, 0x1271, 0x1251, 0x1251, 0x1271, 0x1272, 0x1272, 0x1272, 0x1292, 0x12b2, 0x12b2, 0x12b3, 0x12d3, 
	0x12f4, 0x12f4, 0x12f4, 0x1335, 0x1356, 0x0b15, 0x0b36, 0x1356, 0x1356, 0x1356, 0x1b97, 0x1376, 0x1356, 0x1357, 0x1357, 0x1377, 
	0x1377, 0x1377, 0x1bb8, 0x1b98, 0x0b36, 0x1356, 0x1377, 0x1377, 0x1377, 0x1357, 0x1377, 0x1357, 0x13b9, 0x13b9, 0x1378, 0x1bb9, 
	0x1399, 0x1378, 0x1378, 0x0b57, 0x1357, 0x1357, 0x0b57, 0x1398, 0x1bb9, 0x1398, 0x1378, 0x1357, 0x1357, 0x1357, 0x1378, 0x1358, 
	0x1357, 0x1357, 0x1357, 0x1357, 0x1358, 0x1357, 0x1357, 0x1357, 0x1336, 0x1357, 0x1357, 0x1337, 0x1357, 0x1337, 0x1357, 0x1357, 
	0x1358, 0x1378, 0x1378, 0x1b98, 0x23b9, 0x1b78, 0x1b78, 0x1357, 0x1b57, 0x1b57, 0x1b77, 0x1b57, 0x1b77, 0x1b77, 0x1b78, 0x1b98, 
	0x1b99, 0x23b9, 0x23da, 0x23da, 0x2bfa, 0x2c1b, 0x2c1b, 0x23fb, 0x23db, 0x23db, 0x23fb, 0x1bba, 0x1bb9, 0x1b99, 0x1b99, 0x343c, 
	0x343c, 0x447d, 0x447d, 0x443b, 0x4c7c, 0x755e, 0x9e9f, 0x8e1f, 0x5cfd, 0x447c, 0x3c3b, 0x33fa, 0x2bd9, 0x2398, 0x1b78, 0x1b98, 
	0x1bb9, 0x23d9, 0x1378, 0x1b98, 0x1b98, 0x1bb9, 0x1bf9, 0x245a, 0x4d9c, 0x8f9f, 0x8f5f, 0x4d5c, 0x2439, 0x1bf9, 0x1b97, 0x1b36, 
	0x12f4, 0x1af4, 0x1ad4, 0x12b3, 0x12b3, 0x1ad4, 0x12b3, 0x12b3, 0x12b3, 0x1293, 0x12b3, 0x1293, 0x12b3, 0x12b3, 0x12b3, 0x1ab3, 
	0x1ab3, 0x1a93, 0x1292, 0x1292, 0x1293, 0x1293, 0x1293, 0x1293, 0x12b3, 0x12b4, 0x12b4, 0x1294, 0x12b4, 0x1ab4, 0x1293, 0x1a93, 
	0x1a93, 0x1a93, 0x1ab3, 0x1ab3, 0x1ab3, 0x1ab3, 0x1293, 0x1292, 0x1ab3, 0x1ab3, 0x1ad3, 0x2335, 0x3397, 0x3bd7, 0x3bd8, 0x3bd7, 
	0x3bf8, 0x3396, 0x2b76, 0x2b76, 0x33d8, 0x4419, 0x33b7, 0x2335, 0x2355, 0x2335, 0x2335, 0x1b35, 0x1b35, 0x1b15, 0x1b15, 0x2335, 
	0x1b15, 0x1b15, 0x2335, 0x1b15, 0x1b15, 0x1b15, 0x1b15, 0x1af4, 0x1af4, 0x1af4, 0x1af4, 0x1af4, 0x12b3, 0x12b3, 0x12b3, 0x1ab3, 
	0x1af4, 0x1af4, 0x1af4, 0x1ad3, 0x12b3, 0x1ab3, 0x12b3, 0x12d3, 0x12d3, 0x12d3, 0x12d3, 0x12d3, 0x12b3, 0x1293, 0x1a93, 0x1a93, 
	0x1272, 0x1272, 0x1a93, 0x1a93, 0x1ab3, 0x1ab3, 0x1a93, 0x1a93, 0x1ab3, 0x1a93, 0x1a93, 0x1a92, 0x1292, 0x1292, 0x1ab3, 0x1272, 
	0x1272, 0x1292, 0x1293, 0x12b3, 0x1292, 0x1292, 0x1271, 0x1272, 0x1292, 0x1ab2, 0x1292, 0x1a92, 0x1292, 0x1292, 0x1292, 0x1293, 
	0x12b3, 0x12b3, 0x12d4, 0x1af4, 0x1af4, 0x1af5, 0x12d4, 0x12f5, 0x12f5, 0x12f5, 0x12d4, 0x12b4, 0x12b3, 0x1293, 0x12b4, 0x12d4, 
	0x33b6, 0x3bd7, 0x4418, 0x43f8, 0x4c59, 0x3bf8, 0x33b7, 0x33b7, 0x33b7, 0x2b55, 0x1ab3, 0x1272, 0x1271, 0x1271, 0x1a92, 0x1ab3, 
	0x1ab3, 0x1ab3, 0x1292, 0x1292, 0x1292, 0x1272, 0x1251, 0x1251, 0x1271, 0x1251, 0x1251, 0x1251, 0x1251, 0x1251, 0x1251, 0x1251, 
	0x1a51, 0x1251, 0x1251, 0x1251, 0x1251, 0x1271, 0x1271, 0x1271, 0x1272, 0x1292, 0x1292, 0x1292, 0x12b3, 0x12d3, 0x12d3, 0x12f4, 
	0x1314, 0x1315, 0x12f4, 0x1b35, 0x1b56, 0x0b15, 0x1336, 0x0b35, 0x1336, 0x1356, 0x1356, 0x1377, 0x1356, 0x1356, 0x1356, 0x1356, 
	0x1356, 0x1357, 0x1357, 0x1356, 0x0b36, 0x0b36, 0x1356, 0x0b36, 0x1357, 0x0b36, 0x0b37, 0x1378, 0x1378, 0x1398, 0x1398, 0x1398, 
	0x1398, 0x1b78, 0x1357, 0x0b16, 0x1316, 0x1316, 0x1336, 0x1337, 0x1377, 0x1357, 0x1357, 0x1336, 0x1357, 0x1357, 0x1337, 0x1357, 
	0x1378, 0x1337, 0x1337, 0x1357, 0x1337, 0x1357, 0x1357, 0x1316, 0x1336, 0x1357, 0x1357, 0x1336, 0x1316, 0x1357, 0x1337, 0x1357, 
	0x1357, 0x1378, 0x1337, 0x23b9, 0x449c, 0x1316, 0x1b57, 0x1b57, 0x1b56, 0x1b56, 0x1b56, 0x1b77, 0x1b77, 0x1b77, 0x1b57, 0x1b77, 
	0x1b99, 0x23da, 0x2bfb, 0x2c1b, 0x2c1a, 0x2c1a, 0x2c1b, 0x23da, 0x1bba, 0x23db, 0x2c3c, 0x241b, 0x1bba, 0x1b79, 0x1b99, 0x2bda, 
	0x2bfb, 0x341b, 0x3c3b, 0x443b, 0x445c, 0x651d, 0x963f, 0x9e7f, 0x653e, 0x449c, 0x3c5c, 0x3c5c, 0x343b, 0x23d9, 0x1b98, 0x1b99, 
	0x1bb9, 0x1b99, 0x1b78, 0x1b57, 0x1b77, 0x1b98, 0x1bd9, 0x245a, 0x457c, 0x7f5f, 0x6edf, 0x3cfb, 0x1c39, 0x1bd9, 0x1b77, 0x1b35, 
	0x1b14, 0x1ad4, 0x1ab3, 0x1ab3, 0x12b3, 0x12b3, 0x12b3, 0x12b3, 0x12b3, 0x12b3, 0x12b3, 0x1ab3, 0x1ab3, 0x1ab3, 0x1ab3, 0x12b3, 
	0x1ab3, 0x1293, 0x1ab3, 0x1272, 0x1292, 0x1292, 0x1292, 0x1292, 0x1293, 0x12b3, 0x12b4, 0x12b4, 0x1293, 0x1293, 0x1293, 0x1a93, 
	0x1ab3, 0x1293, 0x2334, 0x651c, 0x5cfc, 0x54db, 0x54ba, 0x4438, 0x4439, 0x3c18, 0x3bf8, 0x3bf8, 0x4c7a, 0x5cdb, 0x3bf8, 0x4419, 
	0x5cdb, 0x4419, 0x3bd8, 0x2b76, 0x2b96, 0x2335, 0x2315, 0x1b15, 0x1b15, 0x1b15, 0x1b15, 0x1b35, 0x1b35, 0x1b15, 0x2335, 0x2335, 
	0x1b15, 0x1b15, 0x1b15, 0x1b15, 0x1b15, 0x1af4, 0x1af4, 0x1af4, 0x1af4, 0x1b14, 0x12d4, 0x12d4, 0x12b3, 0x1ab3, 0x1ad4, 0x2315, 
	0x2314, 0x2314, 0x2314, 0x1ad3, 0x1292, 0x1292, 0x12b3, 0x12b3, 0x12d3, 0x12d3, 0x12b3, 0x12b3, 0x1293, 0x1a93, 0x1272, 0x1272, 
	0x1272, 0x1272, 0x1272, 0x1a93, 0x1a93, 0x1a93, 0x1a93, 0x1a93, 0x1a93, 0x1a93, 0x1a93, 0x1a93, 0x1293, 0x1293, 0x1a93, 0x1293, 
	0x1292, 0x1293, 0x12b3, 0x12b3, 0x12d3, 0x12d3, 0x12b3, 0x1292, 0x1292, 0x12b3, 0x1ab3, 0x1ab3, 0x1ab3, 0x1292, 0x1292, 0x1293, 
	0x12b3, 0x12b3, 0x12b3, 0x12d4, 0x12d4, 0x1293, 0x12b3, 0x12d4, 0x1af4, 0x12d4, 0x1ad4, 0x12b3, 0x1293, 0x1293, 0x1293, 0x1ab4, 
	0x3bf8, 0x4418, 0x549a, 0x33b7, 0x3bf8, 0x33b7, 0x2356, 0x1b15, 0x3bd8, 0x33d7, 0x1ab3, 0x1292, 0x1292, 0x1292, 0x1ab3, 0x1ab3, 
	0x1ab3, 0x1292, 0x1292, 0x1292, 0x1272, 0x1272, 0x1272, 0x1251, 0x1251, 0x1251, 0x1251, 0x1251, 0x1251, 0x1251, 0x1251, 0x1251, 
	0x1271, 0x1251, 0x1251, 0x1251, 0x1271, 0x1271, 0x1271, 0x1272, 0x1292, 0x1292, 0x1292, 0x12b3, 0x12b3, 0x12b3, 0x12d3, 0x1314, 
	0x1335, 0x1315, 0x1335, 0x1335, 0x1335, 0x1335, 0x1335, 0x1b97, 0x23b7, 0x1335, 0x1336, 0x1356, 0x1336, 0x0b36, 0x1377, 0x1356, 
	0x0b36, 0x1336, 0x1357, 0x0b36, 0x0b36, 0x0b36, 0x0b36, 0x0b36, 0x1336, 0x1336, 0x0b36, 0x1357, 0x1bb8, 0x0b37, 0x1378, 0x1377, 
	0x1336, 0x0b16, 0x1315, 0x1315, 0x1315, 0x1315, 0x1336, 0x1336, 0x1336, 0x1316, 0x1315, 0x1336, 0x1336, 0x1336, 0x1336, 0x1337, 
	0x1337, 0x0b16, 0x1316, 0x1336, 0x1357, 0x1316, 0x1316, 0x1316, 0x1316, 0x1336, 0x1316, 0x1316, 0x1316, 0x1b57, 0x1336, 0x1337, 
	0x1337, 0x1357, 0x1357, 0x1337, 0x1336, 0x1b56, 0x1b36, 0x1336, 0x1336, 0x1b56, 0x1b56, 0x1b56, 0x2bd9, 0x1b77, 0x1b77, 0x1b77, 
	0x1b98, 0x2bda, 0x2c1b, 0x341b, 0x3c7c, 0x5d3f, 0x3c7c, 0x23da, 0x23da, 0x23da, 0x1bdb, 0x23fb, 0x1bba, 0x1b99, 0x23ba, 0x23b9, 
	0x2399, 0x2bda, 0x3c1b, 0x3c3b, 0x445c, 0x54bc, 0x8e1f, 0xa6df, 0x5cfc, 0x54fd, 0x449d, 0x3c7d, 0x343b, 0x23b9, 0x23b9, 0x23b9, 
	0x1bb9, 0x1b98, 0x1b57, 0x1b57, 0x1b57, 0x1b98, 0x1bd9, 0x243a, 0x453d, 0x667f, 0x4dbe, 0x2c9b, 0x1bf9, 0x1bb8, 0x1b76, 0x1b15, 
	0x1af4, 0x12d3, 0x1ab3, 0x12b3, 0x12b3, 0x1ab3, 0x1293, 0x1292, 0x12b3, 0x12b3, 0x1ab3, 0x1293, 0x1293, 0x1293, 0x1ab3, 0x1293, 
	0x1293, 0x1292, 0x1272, 0x1272, 0x1272, 0x1292, 0x1292, 0x1293, 0x1ab3, 0x1ab3, 0x12b3, 0x1293, 0x12b4, 0x1293, 0x12b3, 0x12b3, 
	0x12b3, 0x12b3, 0x1ad3, 0x4438, 0x54db, 0x4439, 0x5cfb, 0x759e, 0x653d, 0x4439, 0x33b7, 0x33b7, 0x33b7, 0x33b7, 0x33d7, 0x33d8, 
	0x33b7, 0x33b7, 0x2b97, 0x2b56, 0x2355, 0x2335, 0x1b15, 0x1b15, 0x1b15, 0x1b15, 0x1b15, 0x1b15, 0x2315, 0x1b14, 0x1af4, 0x1af4, 
	0x1ad4, 0x12d3, 0x12d4, 0x1ad4, 0x1af4, 0x1af4, 0x1af4, 0x1af4, 0x1b15, 0x1b35, 0x1b15, 0x2315, 0x1ab3, 0x12b3, 0x1ad4, 0x1af4, 
	0x1af4, 0x1ad3, 0x1ab2, 0x0a31, 0x1272, 0x1272, 0x1292, 0x12b2, 0x12b3, 0x12b3, 0x12b2, 0x1292, 0x1272, 0x1251, 0x1251, 0x1251, 
	0x1251, 0x1251, 0x1272, 0x1272, 0x1a72, 0x1ab3, 0x1a93, 0x1a92, 0x1a72, 0x1a72, 0x1a73, 0x1a73, 0x1a93, 0x1a93, 0x1ab3, 0x1a93, 
	0x1ab3, 0x1ab3, 0x1ab3, 0x1ad4, 0x1af5, 0x1af4, 0x1af4, 0x12b3, 0x12b3, 0x12b3, 0x1ab3, 0x1a93, 0x1293, 0x1292, 0x1293, 0x12b3, 
	0x12b3, 0x12b3, 0x12b3, 0x12b3, 0x12b3, 0x12b3, 0x12b3, 0x12b3, 0x12b3, 0x12b3, 0x1293, 0x1a93, 0x1292, 0x1292, 0x1272, 0x1a93, 
	0x2335, 0x2315, 0x2335, 0x2b76, 0x2355, 0x2355, 0x2355, 0x2335, 0x1af4, 0x1292, 0x1293, 0x1ab3, 0x12b3, 0x1ad3, 0x12b3, 0x12b3, 
	0x1293, 0x1293, 0x1293, 0x1292, 0x1292, 0x1272, 0x1272, 0x1272, 0x1272, 0x1251, 0x1251, 0x1251, 0x1251, 0x1251, 0x1271, 0x1271, 
	0x1291, 0x1271, 0x1271, 0x1271, 0x1271, 0x1271, 0x1291, 0x1292, 0x1292, 0x1ab3, 0x1293, 0x12b3, 0x12b3, 0x12d3, 0x12f4, 0x1314, 
	0x1335, 0x1335, 0x1335, 0x1336, 0x1356, 0x1356, 0x1335, 0x2c19, 0x3c9b, 0x0b15, 0x1356, 0x1336, 0x0b36, 0x0b56, 0x0b36, 0x0b36, 
	0x0b36, 0x1336, 0x1b98, 0x1377, 0x0b56, 0x1356, 0x1336, 0x1357, 0x1357, 0x1357, 0x1336, 0x1336, 0x1357, 0x1b77, 0x1356, 0x1336, 
	0x1336, 0x1315, 0x0af4, 0x1314, 0x1315, 0x1315, 0x1336, 0x1316, 0x1315, 0x1315, 0x1315, 0x1315, 0x1336, 0x1336, 0x1316, 0x1336, 
	0x1356, 0x1336, 0x1316, 0x1315, 0x1b36, 0x12f5, 0x1315, 0x12f5, 0x1315, 0x1315, 0x12f5, 0x1315, 0x12f5, 0x1315, 0x1315, 0x1316, 
	0x1316, 0x1336, 0x1b57, 0x1b57, 0x1b57, 0x1316, 0x1336, 0x1336, 0x1b56, 0x1b56, 0x1b36, 0x1b56, 0x33f9, 0x1b77, 0x1b77, 0x1b77, 
	0x1b78, 0x23b9, 0x2bfa, 0x2bfa, 0x447b, 0x75ff, 0x44bc, 0x23d9, 0x23fa, 0x23fb, 0x23db, 0x23ba, 0x1b9a, 0x1b99, 0x23b9, 0x2398, 
	0x23b9, 0x2bd9, 0x33fa, 0x3c3b, 0x445b, 0x4c9b, 0x7dbe, 0x9edf, 0x653d, 0x6d9f, 0x4cde, 0x3c5c, 0x2bfa, 0x23b8, 0x2398, 0x1b78, 
	0x1b78, 0x1b77, 0x1b57, 0x1b36, 0x1356, 0x1377, 0x1bb8, 0x1bf9, 0x2c9b, 0x3d3e, 0x34bc, 0x241a, 0x1bd8, 0x1b77, 0x1b56, 0x1b15, 
	0x1ad4, 0x1ad3, 0x12b3, 0x12b3, 0x12b3, 0x1ad3, 0x1292, 0x1293, 0x12b3, 0x12b3, 0x1ad4, 0x12b3, 0x1292, 0x2b35, 0x1ab3, 0x1293, 
	0x1292, 0x1292, 0x1292, 0x1292, 0x1ab3, 0x1293, 0x1ab3, 0x1ab3, 0x1ab3, 0x1ab3, 0x12b3, 0x12b3, 0x12b3, 0x12b3, 0x12b3, 0x1ab4, 
	0x12b3, 0x1293, 0x1ad4, 0x4419, 0x3bf8, 0x3bd8, 0x33b7, 0x33d7, 0x33b7, 0x2b97, 0x33b7, 0x33b7, 0x33b7, 0x33b7, 0x33b7, 0x2b76, 
	0x2b56, 0x2b56, 0x2356, 0x2335, 0x2315, 0x2315, 0x1b15, 0x1b14, 0x1b15, 0x1b14, 0x1b14, 0x1b14, 0x1af3, 0x12b3, 0x12b3, 0x12b3, 
	0x12b3, 0x12b3, 0x12b3, 0x12b3, 0x12b3, 0x12b3, 0x1ad4, 0x2315, 0x2335, 0x1b15, 0x1af4, 0x1af4, 0x12b3, 0x1272, 0x1272, 0x1272, 
	0x1272, 0x1271, 0x1a71, 0x5438, 0x1a71, 0x1251, 0x1271, 0x1272, 0x1292, 0x1292, 0x1292, 0x1271, 0x1251, 0x1a51, 0x1251, 0x1251, 
	0x1251, 0x1a51, 0x1a71, 0x1251, 0x1a72, 0x3355, 0x22b3, 0x1251, 0x1a72, 0x1251, 0x1a52, 0x1a72, 0x1272, 0x1a92, 0x1a93, 0x1a93, 
	0x1ab3, 0x1ab3, 0x12b3, 0x12d4, 0x12d4, 0x12d4, 0x12d4, 0x12b3, 0x12b3, 0x12b3, 0x1ab3, 0x1a93, 0x1ab3, 0x12b3, 0x12b3, 0x12b3, 
	0x12b3, 0x12b4, 0x12b4, 0x12d4, 0x12b3, 0x12b3, 0x1ab3, 0x1293, 0x12b3, 0x12b3, 0x1293, 0x1ab3, 0x1292, 0x1272, 0x1272, 0x1272, 
	0x2335, 0x2335, 0x2335, 0x2335, 0x2335, 0x2335, 0x2356, 0x2355, 0x2355, 0x2b76, 0x2b76, 0x2b76, 0x3397, 0x2335, 0x1af4, 0x2315, 
	0x1af4, 0x12b3, 0x1ab3, 0x1293, 0x1292, 0x1292, 0x1292, 0x1292, 0x1272, 0x1272, 0x1272, 0x1271, 0x1272, 0x1271, 0x1271, 0x1271, 
	0x1291, 0x1291, 0x1291, 0x1271, 0x1ab2, 0x1ad3, 0x1271, 0x1292, 0x1293, 0x1ab3, 0x1ab3, 0x12b3, 0x12b3, 0x12d3, 0x12f4, 0x1314, 
	0x1315, 0x1335, 0x1336, 0x1336, 0x1377, 0x1356, 0x1335, 0x1356, 0x1b76, 0x1336, 0x1336, 0x1356, 0x1356, 0x1356, 0x0b36, 0x1336, 
	0x0b36, 0x1336, 0x1377, 0x1377, 0x1356, 0x1356, 0x1377, 0x1b77, 0x1357, 0x1356, 0x1336, 0x1b77, 0x2397, 0x2397, 0x1b56, 0x12f5, 
	0x12f5, 0x12f4, 0x12f4, 0x12f4, 0x12f4, 0x12f5, 0x1335, 0x1315, 0x1315, 0x1b35, 0x1315, 0x1315, 0x1315, 0x1315, 0x1315, 0x1315, 
	0x1315, 0x1315, 0x1315, 0x1315, 0x12f5, 0x12f4, 0x12f5, 0x12f4, 0x12f5, 0x12f4, 0x12d4, 0x12d4, 0x12d4, 0x12d4, 0x12f4, 0x12f5, 
	0x12f5, 0x1315, 0x1336, 0x1336, 0x1336, 0x1315, 0x1336, 0x1b56, 0x1b56, 0x1b56, 0x1b36, 0x1b56, 0x1b56, 0x1b57, 0x2377, 0x2397, 
	0x1b77, 0x1b77, 0x341a, 0x2bf9, 0x2b97, 0x33f9, 0x2bd9, 0x23b9, 0x1bb9, 0x23da, 0x23ba, 0x1b99, 0x1b99, 0x1b99, 0x1b78, 0x1b78, 
	0x23b9, 0x33fa, 0x33fa, 0x3c1a, 0x445c, 0x5cfd, 0x653c, 0x967f, 0x7ddf, 0x6d9f, 0x4cbd, 0x341b, 0x2bf9, 0x23b8, 0x1b77, 0x1b57, 
	0x1b78, 0x1b57, 0x1b57, 0x1b56, 0x1b56, 0x1b77, 0x1b98, 0x1bb8, 0x1bf9, 0x241a, 0x1bf9, 0x1bb8, 0x1b97, 0x1b56, 0x1b35, 0x1b14, 
	0x1ad3, 0x12d3, 0x12d3, 0x12b3, 0x1ab3, 0x1ab3, 0x1ab3, 0x1293, 0x1292, 0x12b3, 0x1ab3, 0x12b3, 0x12b3, 0x2314, 0x12b3, 0x1293, 
	0x1272, 0x1272, 0x1292, 0x1292, 0x1292, 0x1292, 0x1292, 0x1293, 0x1293, 0x1ab3, 0x12b3, 0x12b3, 0x1ab3, 0x12b3, 0x1ab3, 0x1ab3, 
	0x1ab4, 0x1ad4, 0x1af4, 0x2b97, 0x2b76, 0x2b76, 0x2b76, 0x2b76, 0x2335, 0x2356, 0x2356, 0x2b56, 0x2b76, 0x2b76, 0x2b56, 0x2335, 
	0x2335, 0x2335, 0x2315, 0x2315, 0x2335, 0x1b14, 0x1b14, 0x1af4, 0x1ad3, 0x12b3, 0x12b3, 0x12b3, 0x1292, 0x12b2, 0x1292, 0x12b2, 
	0x1292, 0x1292, 0x1292, 0x1292, 0x1292, 0x1292, 0x1292, 0x1293, 0x12b3, 0x1ad3, 0x1292, 0x1292, 0x1ab2, 0x1251, 0x1251, 0x1251, 
	0x1251, 0x1a51, 0x1a71, 0x4bb6, 0x1a71, 0x1251, 0x1271, 0x1271, 0x1251, 0x1271, 0x1271, 0x1a51, 0x1a51, 0x1a51, 0x1a51, 0x1a51, 
	0x1a51, 0x1a51, 0x1a51, 0x1a51, 0x1a71, 0x22b2, 0x1a71, 0x1a51, 0x1a51, 0x1a51, 0x1a51, 0x1a51, 0x1251, 0x1272, 0x1272, 0x1a93, 
	0x1ab3, 0x1ab3, 0x12b3, 0x1ab3, 0x1ad4, 0x12b3, 0x12b3, 0x1ad4, 0x1ad4, 0x12b3, 0x12b3, 0x1ab3, 0x12b3, 0x12b3, 0x12b3, 0x12b3, 
	0x12b3, 0x12d4, 0x12b4, 0x12b3, 0x12b3, 0x1ab3, 0x1a93, 0x1ab3, 0x1ab3, 0x1ab3, 0x1ab3, 0x1a92, 0x1272, 0x1271, 0x1251, 0x1271, 
	0x1ad3, 0x1ad4, 0x1ad4, 0x1ad4, 0x1af4, 0x1b14, 0x2315, 0x2335, 0x2355, 0x2356, 0x2356, 0x2b76, 0x2b97, 0x3bf8, 0x3bf8, 0x33b7, 
	0x33b7, 0x2b96, 0x2b55, 0x2335, 0x2b55, 0x2335, 0x1af4, 0x1ab3, 0x12b3, 0x1ad3, 0x1ad3, 0x1292, 0x1292, 0x1271, 0x1271, 0x1291, 
	0x1291, 0x1291, 0x1291, 0x1271, 0x1292, 0x12b2, 0x1292, 0x1ab3, 0x1ab3, 0x1ab3, 0x1ab3, 0x12b3, 0x12b3, 0x12d3, 0x12f4, 0x1314, 
	0x1315, 0x1336, 0x1356, 0x1b57, 0x1b77, 0x1356, 0x1356, 0x2bd8, 0x1336, 0x1356, 0x1356, 0x1357, 0x1356, 0x1356, 0x1356, 0x1356, 
	0x1336, 0x1335, 0x1336, 0x1335, 0x1335, 0x1336, 0x1336, 0x1b77, 0x1b56, 0x1336, 0x1336, 0x1b77, 0x2397, 0x1315, 0x1315, 0x12f4, 
	0x1b15, 0x12f4, 0x12f4, 0x12f4, 0x12f4, 0x12f5, 0x1b36, 0x12f5, 0x12f5, 0x1315, 0x12f5, 0x12f5, 0x1315, 0x1315, 0x1315, 0x1315, 
	0x1315, 0x12f5, 0x12f5, 0x12f5, 0x12d4, 0x12d4, 0x12b4, 0x2b76, 0x1b15, 0x12b4, 0x12b4, 0x12b4, 0x12d4, 0x12d4, 0x12d4, 0x1af4, 
	0x1af5, 0x1315, 0x1315, 0x1316, 0x1336, 0x1336, 0x1336, 0x1336, 0x1b56, 0x1b36, 0x1b36, 0x1b56, 0x1b56, 0x2377, 0x1b56, 0x2377, 
	0x1b77, 0x1b57, 0x2398, 0x2398, 0x2377, 0x2397, 0x2377, 0x1b98, 0x1b78, 0x1b78, 0x1b99, 0x1b78, 0x1b78, 0x1b78, 0x1b78, 0x1b78, 
	0x2398, 0x2bb9, 0x2bd9, 0x33fa, 0x3c5b, 0x5d1e, 0x5cfc, 0x8e3f, 0x8e7f, 0x651c, 0x4c9c, 0x341a, 0x2bd9, 0x23b8, 0x2398, 0x1b98, 
	0x23b9, 0x1b78, 0x1b57, 0x1b57, 0x1b56, 0x1b56, 0x1b77, 0x1b77, 0x1b98, 0x1b98, 0x1b97, 0x1b77, 0x1b56, 0x1b15, 0x1b15, 0x1af4, 
	0x1ad3, 0x1ab3, 0x1ab3, 0x1ad3, 0x1ad3, 0x12b3, 0x1ad3, 0x1ab3, 0x1292, 0x12b3, 0x12b3, 0x12b3, 0x1ad3, 0x12b3, 0x1ab3, 0x1293, 
	0x1292, 0x1272, 0x1271, 0x1272, 0x1271, 0x1271, 0x1272, 0x1272, 0x1272, 0x1292, 0x1293, 0x12b3, 0x12b3, 0x1ab3, 0x1ab3, 0x1ab3, 
	0x1ad3, 0x2335, 0x2335, 0x1af4, 0x1af4, 0x2315, 0x1af4, 0x1ad4, 0x1ad4, 0x1ad4, 0x1ad4, 0x1af4, 0x2314, 0x1af4, 0x1af4, 0x1af4, 
	0x1af4, 0x2315, 0x2315, 0x1af4, 0x1af4, 0x1af4, 0x1af3, 0x12b2, 0x1292, 0x1292, 0x1292, 0x1292, 0x12b2, 0x1292, 0x1292, 0x1292, 
	0x1292, 0x1292, 0x1292, 0x1292, 0x1272, 0x1271, 0x1251, 0x1271, 0x1272, 0x1251, 0x1271, 0x1271, 0x1271, 0x1251, 0x1251, 0x1a51, 
	0x1a51, 0x1a51, 0x1a51, 0x1230, 0x1a51, 0x1251, 0x1251, 0x1a51, 0x1251, 0x1a51, 0x1a51, 0x1a51, 0x1a51, 0x1a51, 0x1a51, 0x1a51, 
	0x1251, 0x1251, 0x1a51, 0x1a51, 0x1a51, 0x1251, 0x1a51, 0x1a51, 0x1a51, 0x1a51, 0x1a51, 0x1a51, 0x1251, 0x1251, 0x1272, 0x1a92, 
	0x1a92, 0x1292, 0x1a93, 0x1ab3, 0x1ab3, 0x1ab3, 0x12b3, 0x12b3, 0x12d4, 0x12b3, 0x12b3, 0x12b3, 0x12b3, 0x12b3, 0x1ad4, 0x12d4, 
	0x12d4, 0x12d4, 0x12b4, 0x12b3, 0x1293, 0x1ab3, 0x1a92, 0x1ab3, 0x1a92, 0x1a92, 0x1292, 0x22d3, 0x3375, 0x1251, 0x1a72, 0x1251, 
	0x1292, 0x12b3, 0x1ab3, 0x1ab3, 0x12b3, 0x1ad3, 0x1ad3, 0x1ad4, 0x1ad4, 0x1b14, 0x2335, 0x2335, 0x2356, 0x2b96, 0x2b76, 0x2b76, 
	0x2b76, 0x2b76, 0x3bd8, 0x33b7, 0x2b76, 0x2b76, 0x2335, 0x2b76, 0x2314, 0x2315, 0x2314, 0x1ad3, 0x1ab2, 0x12b2, 0x1292, 0x1292, 
	0x1292, 0x1292, 0x1292, 0x1292, 0x1292, 0x12b2, 0x1ab3, 0x1ab3, 0x1ab3, 0x12b3, 0x1ab3, 0x12b3, 0x12b3, 0x12d3, 0x12f4, 0x12f4, 
	0x1315, 0x1315, 0x1b56, 0x1b57, 0x1b77, 0x1b56, 0x1b56, 0x1b56, 0x1356, 0x1336, 0x1336, 0x1356, 0x1b57, 0x1336, 0x1335, 0x1315, 
	0x1315, 0x1b36, 0x1315, 0x1315, 0x1315, 0x1315, 0x1315, 0x1315, 0x1335, 0x1315, 0x1335, 0x1336, 0x1b36, 0x12f5, 0x1b36, 0x12f5, 
	0x12f4, 0x12f5, 0x1315, 0x1315, 0x12f4, 0x1b35, 0x1315, 0x0ad4, 0x12f4, 0x12f5, 0x1315, 0x1315, 0x12f4, 0x12f4, 0x12f4, 0x12f4, 
	0x12f4, 0x12d4, 0x12d4, 0x12d4, 0x12b3, 0x12b3, 0x12b3, 0x12b3, 0x12b4, 0x1ad4, 0x12b4, 0x12d4, 0x12b3, 0x1ad4, 0x2b76, 0x2b56, 
	0x1af4, 0x1af5, 0x1b15, 0x1315, 0x1b36, 0x1315, 0x1315, 0x1336, 0x1b36, 0x1b56, 0x1b77, 0x1b57, 0x1b56, 0x1b56, 0x2376, 0x2356, 
	0x1b56, 0x1b57, 0x2377, 0x2377, 0x2398, 0x2398, 0x2378, 0x1b78, 0x1b98, 0x1b98, 0x1b78, 0x1b78, 0x1b78, 0x1b78, 0x1b78, 0x1b78, 
	0x2398, 0x23b9, 0x2bd9, 0x3c3b, 0x445c, 0x447c, 0x4c9c, 0x7dff, 0x8e5f, 0x6d9e, 0x4cbc, 0x341b, 0x2bfa, 0x23b9, 0x23b9, 0x23b9, 
	0x23b9, 0x1b78, 0x1b57, 0x1b77, 0x1b56, 0x1b36, 0x1336, 0x1b57, 0x1b77, 0x1b77, 0x1b56, 0x1b35, 0x1b15, 0x12f4, 0x1af4, 0x1af3, 
	0x1ad3, 0x1ab3, 0x1ad3, 0x1af4, 0x1ad3, 0x1ad3, 0x1ad4, 0x1ab3, 0x1292, 0x12b3, 0x1293, 0x12b3, 0x1ad3, 0x12b3, 0x1ab3, 0x1293, 
	0x1292, 0x1272, 0x1292, 0x1271, 0x1271, 0x1271, 0x1251, 0x1271, 0x1272, 0x1272, 0x1272, 0x1292, 0x1292, 0x1292, 0x1292, 0x1ab2, 
	0x1ab3, 0x1ad3, 0x3bd7, 0x1ad3, 0x1ad3, 0x1ab3, 0x1af4, 0x1af4, 0x12b3, 0x12b3, 0x1293, 0x1292, 0x1ab3, 0x1ab3, 0x1272, 0x1292, 
	0x12b3, 0x1ad3, 0x1ab3, 0x1292, 0x1292, 0x12b2, 0x1292, 0x1ab2, 0x1292, 0x1291, 0x1291, 0x1292, 0x1292, 0x1292, 0x1292, 0x1292, 
	0x1292, 0x1271, 0x1271, 0x1291, 0x1271, 0x1271, 0x1271, 0x1251, 0x1251, 0x1251, 0x1251, 0x1251, 0x1251, 0x1a71, 0x1251, 0x1a51, 
	0x1a51, 0x1a51, 0x1251, 0x1a71, 0x1a51, 0x1a51, 0x1a51, 0x1a51, 0x1a51, 0x1a51, 0x1a51, 0x1a51, 0x1a51, 0x1a51, 0x1a51, 0x1a51, 
	0x1a51, 0x1a51, 0x1a51, 0x1a51, 0x1a51, 0x1251, 0x1a51, 0x1a51, 0x1251, 0x1a51, 0x1a51, 0x1a51, 0x1a51, 0x1251, 0x1271, 0x1271, 
	0x1271, 0x1272, 0x1272, 0x1272, 0x1a93, 0x1ab3, 0x12b3, 0x12b3, 0x12b3, 0x12b3, 0x12b3, 0x12b3, 0x1ab3, 0x12b3, 0x12b3, 0x12b3, 
	0x12b3, 0x12d3, 0x12b3, 0x12b3, 0x1292, 0x1292, 0x1a92, 0x1292, 0x1292, 0x1292, 0x1272, 0x1272, 0x1a92, 0x1271, 0x1251, 0x1251, 
	0x1272, 0x1272, 0x1272, 0x1272, 0x1292, 0x1292, 0x1292, 0x1292, 0x1ad3, 0x1b14, 0x2335, 0x1b15, 0x2335, 0x2356, 0x2355, 0x2b56, 
	0x2356, 0x2335, 0x2335, 0x2335, 0x2335, 0x2335, 0x2315, 0x2335, 0x2335, 0x2335, 0x2335, 0x22f4, 0x1ad3, 0x1ab2, 0x1292, 0x1292, 
	0x1292, 0x1292, 0x1292, 0x12b2, 0x1ad3, 0x1ad3, 0x12b3, 0x12b3, 0x12b3, 0x12b3, 0x12b3, 0x12b3, 0x12b3, 0x12d3, 0x12d4, 0x1b15, 
	0x2bb7, 0x1b35, 0x1336, 0x1357, 0x1b57, 0x1b57, 0x1b57, 0x1b57, 0x1357, 0x1336, 0x1336, 0x1356, 0x1336, 0x1315, 0x1315, 0x12f5, 
	0x1315, 0x2376, 0x12d4, 0x1b15, 0x1b35, 0x1315, 0x12f5, 0x12f5, 0x1315, 0x1315, 0x1b15, 0x1b35, 0x1315, 0x1315, 0x12f4, 0x12f4, 
	0x1b35, 0x1315, 0x1b36, 0x1b36, 0x1315, 0x12f4, 0x12f4, 0x0ad4, 0x12f4, 0x1b15, 0x12f5, 0x12f4, 0x12f4, 0x12d4, 0x12d4, 0x12d4, 
	0x12f4, 0x12d3, 0x12d4, 0x12b3, 0x12b3, 0x12b3, 0x12b3, 0x12b3, 0x1ab3, 0x1ad4, 0x12b3, 0x12b4, 0x12d4, 0x1af4, 0x2b76, 0x2356, 
	0x1af4, 0x1af5, 0x1af5, 0x1b15, 0x1b15, 0x1b15, 0x2356, 0x2376, 0x1336, 0x1b57, 0x2377, 0x1b56, 0x1b56, 0x1b36, 0x1b56, 0x1b56, 
	0x1b56, 0x2377, 0x2377, 0x2397, 0x2398, 0x23b8, 0x2398, 0x2398, 0x2398, 0x23b9, 0x1b78, 0x1b78, 0x2398, 0x1b77, 0x1b78, 0x1b78, 
	0x1b98, 0x23d9, 0x3c3b, 0x3c5b, 0x341a, 0x3c3b, 0x449c, 0x6dbf, 0x8e9f, 0x653c, 0x3c9c, 0x345c, 0x2bfb, 0x2bfa, 0x2bda, 0x23d9, 
	0x23d9, 0x1b77, 0x1b36, 0x1336, 0x1b56, 0x1b36, 0x1316, 0x1b56, 0x1b56, 0x1b36, 0x1b15, 0x1b14, 0x1af4, 0x1af4, 0x1af4, 0x1ad3, 
	0x1ad3, 0x1ad3, 0x12b3, 0x1ad3, 0x1ad3, 0x22f4, 0x1ad3, 0x1ab3, 0x1ab3, 0x12b3, 0x12b3, 0x12b3, 0x1ad4, 0x12b3, 0x1293, 0x1293, 
	0x1292, 0x1292, 0x1ab3, 0x1272, 0x1271, 0x1272, 0x1271, 0x1271, 0x1271, 0x1272, 0x1272, 0x1271, 0x1271, 0x1271, 0x1272, 0x1292, 
	0x1292, 0x1292, 0x1ab2, 0x1272, 0x1272, 0x1272, 0x1292, 0x1292, 0x1292, 0x1292, 0x1272, 0x1271, 0x1271, 0x1271, 0x1251, 0x1271, 
	0x1271, 0x1272, 0x1251, 0x1272, 0x1ab3, 0x1ad3, 0x1ab3, 0x1292, 0x1272, 0x1291, 0x1291, 0x1292, 0x1292, 0x1292, 0x1292, 0x1292, 
	0x1291, 0x2b13, 0x2313, 0x1250, 0x1271, 0x1251, 0x1251, 0x1251, 0x1251, 0x1251, 0x1a51, 0x1251, 0x1251, 0x1251, 0x1251, 0x1a51, 
	0x1a51, 0x1a51, 0x1a51, 0x1251, 0x1a71, 0x1a71, 0x1a51, 0x1a51, 0x1a51, 0x1a51, 0x1a51, 0x1a51, 0x1a51, 0x1a51, 0x1a51, 0x1a71, 
	0x1a51, 0x1a51, 0x1a51, 0x1a51, 0x1a71, 0x1a51, 0x1a51, 0x1a51, 0x1a51, 0x1a51, 0x1a51, 0x1a51, 0x1a51, 0x1a51, 0x1271, 0x1251, 
	0x1251, 0x1a71, 0x1251, 0x1251, 0x1272, 0x1292, 0x1292, 0x1292, 0x1292, 0x1293, 0x1ab3, 0x1ab3, 0x1292, 0x1292, 0x12b3, 0x12b3, 
	0x1293, 0x12b3, 0x1ab3, 0x1292, 0x1ad3, 0x1a92, 0x1272, 0x1292, 0x1271, 0x1271, 0x1271, 0x1271, 0x1271, 0x1251, 0x1251, 0x1251, 
	0x1af4, 0x1ad3, 0x1272, 0x1ab3, 0x22f4, 0x1ab3, 0x1251, 0x1272, 0x1ab3, 0x1af4, 0x1af4, 0x1af4, 0x1b14, 0x1af4, 0x1ad4, 0x1af4, 
	0x1b14, 0x2315, 0x1b14, 0x1b14, 0x2315, 0x2335, 0x2315, 0x2315, 0x2315, 0x2335, 0x1af4, 0x12b3, 0x12b2, 0x1292, 0x1ab3, 0x1ab3, 
	0x1af3, 0x1af3, 0x12b2, 0x1ab3, 0x1af4, 0x1af4, 0x1b14, 0x1ad4, 0x12b3, 0x12b3, 0x12b3, 0x12b3, 0x12b3, 0x12b3, 0x12f4, 0x1b15, 
	0x2396, 0x1b56, 0x1356, 0x1357, 0x1b57, 0x1357, 0x1357, 0x1b57, 0x1357, 0x1357, 0x1357, 0x1336, 0x1315, 0x1315, 0x12f5, 0x12f4, 
	0x12d4, 0x12d4, 0x12f5, 0x1b15, 0x1b15, 0x1af5, 0x12f4, 0x1af4, 0x1b15, 0x12f5, 0x1b15, 0x1315, 0x1b15, 0x12f4, 0x12f4, 0x1315, 
	0x1b35, 0x1315, 0x1315, 0x1315, 0x12f5, 0x12f4, 0x12f4, 0x12d4, 0x12d4, 0x12f4, 0x12f4, 0x12f4, 0x12f5, 0x12f4, 0x12d3, 0x12d3, 
	0x12d3, 0x12d4, 0x12d3, 0x12b3, 0x1ad4, 0x1ad4, 0x1ab3, 0x12b3, 0x12b3, 0x1ab3, 0x1ad4, 0x12b3, 0x12b3, 0x12d4, 0x12b3, 0x1ad4, 
	0x1af4, 0x1af5, 0x1af4, 0x1af5, 0x1b15, 0x1b15, 0x2376, 0x2377, 0x1b36, 0x1b56, 0x1b56, 0x1b56, 0x1b36, 0x1b36, 0x1b36, 0x2356, 
	0x2356, 0x1b56, 0x2356, 0x2377, 0x2377, 0x2398, 0x2398, 0x2378, 0x1b77, 0x1b77, 0x1b78, 0x1b98, 0x1b77, 0x1b57, 0x1b78, 0x1b57, 
	0x1b78, 0x2bda, 0x23b9, 0x2bd9, 0x341a, 0x341a, 0x3c5b, 0x54dc, 0x96bf, 0x6d9d, 0x3c7c, 0x3c9d, 0x345c, 0x2c3c, 0x2bfb, 0x2bda, 
	0x23b9, 0x1b57, 0x1b36, 0x1b36, 0x1b36, 0x1b36, 0x1b35, 0x1b35, 0x12f5, 0x1b15, 0x1b14, 0x1af4, 0x1af4, 0x1af4, 0x1af3, 0x1ad3, 
	0x1ad3, 0x12b3, 0x12b3, 0x1ad3, 0x1ad3, 0x1ab3, 0x12b2, 0x1ab3, 0x1ad3, 0x1ad3, 0x1ab3, 0x12b3, 0x12b3, 0x1ad4, 0x1292, 0x1ab3, 
	0x1ab3, 0x1292, 0x1293, 0x1292, 0x1271, 0x1291, 0x1292, 0x1271, 0x1271, 0x1271, 0x1271, 0x1271, 0x1a92, 0x1a92, 0x22f4, 0x22f4, 
	0x1a92, 0x1271, 0x1271, 0x1271, 0x1271, 0x1271, 0x1292, 0x1292, 0x1272, 0x1271, 0x1271, 0x1251, 0x1271, 0x1251, 0x1271, 0x1271, 
	0x1271, 0x1a71, 0x1251, 0x1251, 0x1251, 0x1272, 0x1ab3, 0x1ab2, 0x1271, 0x1271, 0x1291, 0x1292, 0x1292, 0x1291, 0x1291, 0x1291, 
	0x1271, 0x2b34, 0x2b34, 0x1250, 0x1a71, 0x1251, 0x1251, 0x1251, 0x1251, 0x1251, 0x1a51, 0x1251, 0x1251, 0x1a51, 0x1251, 0x1251, 
	0x1251, 0x1a51, 0x1a51, 0x1251, 0x1a51, 0x1251, 0x1a51, 0x1a51, 0x1a51, 0x1251, 0x1a51, 0x1a51, 0x1a51, 0x1a51, 0x1251, 0x1251, 
	0x1251, 0x1a71, 0x1251, 0x1a51, 0x1a51, 0x1a51, 0x1a51, 0x1a51, 0x1a51, 0x1251, 0x1a51, 0x1a51, 0x1a51, 0x1251, 0x1251, 0x1251, 
	0x1251, 0x1a51, 0x1251, 0x1251, 0x1251, 0x1271, 0x1292, 0x1271, 0x1272, 0x1272, 0x1292, 0x1292, 0x1292, 0x1a92, 0x1a92, 0x1292, 
	0x1292, 0x1292, 0x1292, 0x1272, 0x1ab2, 0x1292, 0x1272, 0x1292, 0x1292, 0x1271, 0x1271, 0x1271, 0x1271, 0x1271, 0x1271, 0x1271, 
	0x2314, 0x1ad3, 0x1272, 0x1a92, 0x1ab3, 0x1ab3, 0x1271, 0x1272, 0x1292, 0x1ab3, 0x1b14, 0x1af4, 0x12b3, 0x1292, 0x1292, 0x12b3, 
	0x1ab3, 0x1ad3, 0x12b3, 0x1292, 0x1ad3, 0x1af4, 0x1ad3, 0x1ab3, 0x1ab3, 0x1ab3, 0x1292, 0x1292, 0x12b2, 0x1ab3, 0x1292, 0x1292, 
	0x1ab3, 0x1ad3, 0x1ab3, 0x12b3, 0x1af4, 0x2b56, 0x2b76, 0x1af4, 0x1ad4, 0x1b14, 0x1ad4, 0x2315, 0x2356, 0x2355, 0x1b15, 0x2b97, 
	0x1b56, 0x1b56, 0x1357, 0x1357, 0x1357, 0x1357, 0x1357, 0x1357, 0x1336, 0x1336, 0x1336, 0x1336, 0x1315, 0x1315, 0x12f5, 0x12f5, 
	0x1b15, 0x1b15, 0x1b15, 0x1b15, 0x1b15, 0x1af5, 0x12f4, 0x12f4, 0x12f4, 0x12f4, 0x12f4, 0x12f4, 0x12d4, 0x12f4, 0x1b15, 0x1b15, 
	0x1315, 0x1315, 0x1315, 0x1315, 0x12f4, 0x12f4, 0x12f4, 0x12f4, 0x12f4, 0x12d4, 0x12f4, 0x12d4, 0x1af4, 0x1b15, 0x1af4, 0x12f4, 
	0x12d3, 0x1af4, 0x12d3, 0x12d3, 0x12b3, 0x1ab3, 0x1ab3, 0x12b3, 0x12b3, 0x1ad3, 0x1ad4, 0x12b3, 0x12b3, 0x12d4, 0x1af5, 0x12d4, 
	0x12d4, 0x1af5, 0x1af5, 0x1af5, 0x1b15, 0x1b15, 0x1b15, 0x1b15, 0x1b35, 0x1b35, 0x1b35, 0x1b36, 0x1b36, 0x1b35, 0x2335, 0x2335, 
	0x1b35, 0x1b35, 0x2356, 0x2356, 0x1b36, 0x2356, 0x2357, 0x1b36, 0x1b36, 0x1b36, 0x1b57, 0x1b77, 0x1b57, 0x1b57, 0x1b57, 0x1b57, 
	0x2399, 0x23b9, 0x23b9, 0x2bb8, 0x3c5a, 0x3c3a, 0x3c5b, 0x4cdc, 0x969f, 0x7dde, 0x4cfd, 0x44de, 0x347c, 0x2c5c, 0x2bfb, 0x23d9, 
	0x23b8, 0x1b77, 0x1b56, 0x1b56, 0x1336, 0x1b36, 0x1b36, 0x12f4, 0x1b14, 0x1af4, 0x1af4, 0x1af4, 0x12d4, 0x1af4, 0x1af4, 0x1af4, 
	0x1ad3, 0x1af4, 0x1af4, 0x1af4, 0x1ad4, 0x1ad3, 0x1ad3, 0x1ab3, 0x1ab3, 0x1ab3, 0x1ab3, 0x1292, 0x1292, 0x12b3, 0x1293, 0x1292, 
	0x1292, 0x1292, 0x1ab3, 0x1292, 0x1291, 0x1291, 0x1292, 0x1292, 0x1271, 0x1271, 0x1251, 0x1271, 0x1272, 0x1a92, 0x1ad3, 0x1ab2, 
	0x1a92, 0x1271, 0x1271, 0x1271, 0x1271, 0x1271, 0x1271, 0x1271, 0x1251, 0x1251, 0x1251, 0x1251, 0x1271, 0x1271, 0x1251, 0x1271, 
	0x1271, 0x1251, 0x1271, 0x1271, 0x1271, 0x1271, 0x1251, 0x1271, 0x1271, 0x1271, 0x1271, 0x1291, 0x1291, 0x1271, 0x1271, 0x1271, 
	0x1271, 0x1250, 0x1251, 0x1a71, 0x1251, 0x1251, 0x1251, 0x1251, 0x1251, 0x1251, 0x1a51, 0x1a51, 0x1a51, 0x1a51, 0x1251, 0x1251, 
	0x1251, 0x1251, 0x1a51, 0x1a51, 0x1251, 0x1251, 0x1251, 0x1251, 0x1251, 0x1251, 0x1a51, 0x1a71, 0x1251, 0x1251, 0x1251, 0x1251, 
	0x1251, 0x1251, 0x1251, 0x1a51, 0x1a51, 0x1251, 0x1a51, 0x1a51, 0x1a51, 0x1251, 0x1a51, 0x1251, 0x1a51, 0x1251, 0x1a51, 0x1a51, 
	0x1a51, 0x1251, 0x1a51, 0x1a71, 0x1271, 0x1251, 0x1271, 0x1271, 0x1271, 0x1271, 0x1292, 0x1292, 0x1272, 0x1272, 0x1292, 0x1292, 
	0x1292, 0x1292, 0x1292, 0x1272, 0x1291, 0x1292, 0x1292, 0x1271, 0x1291, 0x1271, 0x1292, 0x1271, 0x1271, 0x1271, 0x1271, 0x1271, 
	0x1292, 0x1272, 0x1292, 0x1ab3, 0x1272, 0x1292, 0x1272, 0x2314, 0x22f4, 0x0a51, 0x12b3, 0x1ab3, 0x1292, 0x1292, 0x1292, 0x1292, 
	0x1292, 0x1292, 0x1292, 0x1292, 0x1292, 0x1292, 0x1292, 0x1292, 0x1272, 0x1292, 0x1292, 0x1292, 0x1292, 0x12b2, 0x1ab3, 0x1292, 
	0x1293, 0x1292, 0x1292, 0x12b3, 0x1af4, 0x2335, 0x12d4, 0x1af4, 0x2355, 0x2b76, 0x2b76, 0x2b76, 0x2376, 0x2b96, 0x2b76, 0x2b97, 
	0x2397, 0x1b76, 0x1b77, 0x23b8, 0x23b8, 0x2bf9, 0x343a, 0x343a, 0x3c7b, 0x2bd8, 0x1b35, 0x1315, 0x1315, 0x1315, 0x1b15, 0x1b15, 
	0x1b15, 0x1b15, 0x1b15, 0x1b15, 0x1b15, 0x1b15, 0x1af4, 0x1b15, 0x1b15, 0x12f4, 0x12f4, 0x12f4, 0x12f4, 0x12f4, 0x1315, 0x1315, 
	0x1314, 0x1b15, 0x1b35, 0x1315, 0x1315, 0x1315, 0x12f4, 0x12f4, 0x12f4, 0x12f4, 0x12d4, 0x12f4, 0x12f4, 0x12f4, 0x12f4, 0x12f4, 
	0x12d4, 0x1ad4, 0x12d3, 0x12b3, 0x12b3, 0x1ad4, 0x1ad3, 0x12b3, 0x12b3, 0x12b3, 0x1ab3, 0x12b3, 0x12d4, 0x1af4, 0x12d4, 0x12d4, 
	0x12d4, 0x1af4, 0x1af5, 0x1af5, 0x1af5, 0x1af5, 0x1b15, 0x1b15, 0x1b15, 0x1b15, 0x1b15, 0x1b35, 0x1b35, 0x1b35, 0x1b35, 0x1b15, 
	0x2335, 0x2335, 0x2335, 0x1b35, 0x2335, 0x1b35, 0x1b35, 0x1b36, 0x1b56, 0x1b56, 0x1b57, 0x1b36, 0x1b56, 0x1b57, 0x1b37, 0x1b57, 
	0x1b78, 0x1b98, 0x23b9, 0x2bd9, 0x33f9, 0x4cbc, 0x3c7c, 0x551d, 0x9edf, 0x969f, 0x65bf, 0x555f, 0x2c7c, 0x2c3c, 0x2bfa, 0x23d9, 
	0x2bd9, 0x1b77, 0x1b56, 0x1b56, 0x1b56, 0x2356, 0x1b15, 0x1af4, 0x12f4, 0x12f4, 0x2355, 0x1b15, 0x1b15, 0x1b15, 0x1b15, 0x1b15, 
	0x12f4, 0x12f4, 0x1af4, 0x1b15, 0x1ad4, 0x1ab3, 0x1ad3, 0x1ad3, 0x12b3, 0x1292, 0x12b2, 0x1292, 0x12b2, 0x1272, 0x1a92, 0x1272, 
	0x1ab2, 0x1ab2, 0x1292, 0x1292, 0x1291, 0x1292, 0x1291, 0x1292, 0x1271, 0x1271, 0x1271, 0x1271, 0x1251, 0x1271, 0x1271, 0x1271, 
	0x1272, 0x1271, 0x1271, 0x1271, 0x1271, 0x1271, 0x1271, 0x1271, 0x1271, 0x1271, 0x1251, 0x1251, 0x1271, 0x1271, 0x1271, 0x1271, 
	0x1271, 0x1271, 0x1271, 0x1271, 0x1271, 0x1271, 0x1a72, 0x1271, 0x1271, 0x1271, 0x1271, 0x1271, 0x1271, 0x1271, 0x1271, 0x1271, 
	0x1271, 0x1271, 0x1271, 0x1251, 0x1251, 0x1251, 0x1251, 0x1a51, 0x1a71, 0x1a51, 0x1a51, 0x1251, 0x1a51, 0x1251, 0x1251, 0x1271, 
	0x1271, 0x1251, 0x1271, 0x1251, 0x1271, 0x1271, 0x1251, 0x1271, 0x1271, 0x1271, 0x1251, 0x1a71, 0x1271, 0x1271, 0x1251, 0x1251, 
	0x1271, 0x1271, 0x1251, 0x1a71, 0x1251, 0x1251, 0x1251, 0x1251, 0x1251, 0x1251, 0x1251, 0x1a51, 0x1251, 0x1251, 0x1a51, 0x1a51, 
	0x1a51, 0x1a51, 0x1a51, 0x1251, 0x1251, 0x1271, 0x1271, 0x1251, 0x1271, 0x1271, 0x1271, 0x1271, 0x1292, 0x1271, 0x1272, 0x1292, 
	0x1272, 0x1292, 0x1292, 0x1292, 0x1292, 0x1291, 0x1271, 0x1271, 0x1271, 0x1271, 0x1271, 0x1271, 0x1271, 0x1271, 0x1271, 0x1271, 
	0x1292, 0x1292, 0x1a92, 0x1ab3, 0x1a92, 0x1292, 0x1272, 0x1ad3, 0x2b35, 0x2314, 0x1272, 0x1272, 0x1292, 0x1292, 0x1292, 0x1292, 
	0x1292, 0x1292, 0x1292, 0x1292, 0x1293, 0x1ab3, 0x1ab3, 0x1ab3, 0x12b3, 0x12b3, 0x12b2, 0x12b3, 0x1ad3, 0x1ad3, 0x1ad3, 0x1ab3, 
	0x1ab2, 0x1292, 0x1292, 0x1ab2, 0x1ab3, 0x1ad3, 0x1ad4, 0x1af4, 0x1b14, 0x2335, 0x2315, 0x2335, 0x1b15, 0x1b35, 0x2b76, 0x2376, 
	0x2376, 0x2b97, 0x33f8, 0x54fc, 0x657e, 0x551d, 0x3c5a, 0x2bb8, 0x2bd8, 0x1315, 0x1b15, 0x1b15, 0x1b15, 0x1af5, 0x1af5, 0x1af5, 
	0x1af5, 0x1af4, 0x1b15, 0x1b14, 0x1b14, 0x1af4, 0x1af4, 0x1af4, 0x1af4, 0x12f4, 0x12f4, 0x12f4, 0x12f4, 0x12f4, 0x12f4, 0x12f4, 
	0x12f4, 0x1b15, 0x1b15, 0x1314, 0x1314, 0x1314, 0x12f4, 0x12f4, 0x12d4, 0x12f4, 0x12f4, 0x12d3, 0x12d4, 0x12f4, 0x12d4, 0x12d4, 
	0x12d3, 0x12b3, 0x12b3, 0x1ad4, 0x1ad3, 0x1ab3, 0x1ab3, 0x1ab3, 0x1ad3, 0x12b3, 0x12b3, 0x12b3, 0x12d3, 0x12d3, 0x12b3, 0x12d4, 
	0x1af4, 0x1af4, 0x1af4, 0x1af4, 0x1af4, 0x1af4, 0x1b15, 0x1b15, 0x1b14, 0x1b14, 0x1b14, 0x1b14, 0x1b14, 0x1b14, 0x1b14, 0x2314, 
	0x1b14, 0x1b14, 0x1b14, 0x1b14, 0x2355, 0x1b35, 0x2356, 0x1b36, 0x1b36, 0x1b36, 0x1b77, 0x1b36, 0x1336, 0x1b56, 0x1336, 0x1b77, 
	0x1b78, 0x1b98, 0x2398, 0x2bd9, 0x2bd9, 0x3c7b, 0x3c9c, 0x4cdc, 0x8e7f, 0xa73f, 0x555e, 0x3cdd, 0x349c, 0x2c5b, 0x2c1b, 0x23d9, 
	0x2398, 0x1b56, 0x2376, 0x1b56, 0x1b35, 0x1b15, 0x1af4, 0x12f4, 0x12f4, 0x1b14, 0x1b15, 0x1315, 0x1b57, 0x2bd9, 0x2bda, 0x2398, 
	0x2377, 0x1b36, 0x1af5, 0x2315, 0x12b3, 0x1ab3, 0x12b2, 0x1ad3, 0x1ab3, 0x12b3, 0x12b3, 0x12b2, 0x12b2, 0x1292, 0x1292, 0x1292, 
	0x1292, 0x1292, 0x1292, 0x1292, 0x1292, 0x1271, 0x1292, 0x1292, 0x1292, 0x1292, 0x1271, 0x1271, 0x1a72, 0x1271, 0x1271, 0x1271, 
	0x1271, 0x1271, 0x1271, 0x1271, 0x1271, 0x1271, 0x1271, 0x1271, 0x1251, 0x1271, 0x1271, 0x1251, 0x1271, 0x1271, 0x1271, 0x1271, 
	0x1251, 0x1271, 0x1271, 0x1271, 0x1271, 0x1271, 0x1271, 0x1271, 0x1271, 0x1271, 0x1271, 0x1271, 0x1271, 0x1271, 0x1271, 0x1271, 
	0x1271, 0x1271, 0x1271, 0x1271, 0x1271, 0x1251, 0x1251, 0x1a51, 0x1a51, 0x1a71, 0x1a51, 0x1251, 0x1251, 0x1271, 0x1271, 0x1271, 
	0x1271, 0x1271, 0x1271, 0x1271, 0x1271, 0x1271, 0x1271, 0x1271, 0x1271, 0x1271, 0x1251, 0x1271, 0x1271, 0x1271, 0x1251, 0x1251, 
	0x1251, 0x1251, 0x1251, 0x1251, 0x1251, 0x1251, 0x1251, 0x1251, 0x1251, 0x1251, 0x1251, 0x1251, 0x1a71, 0x1251, 0x1a51, 0x1a51, 
	0x1a51, 0x1a51, 0x1a51, 0x1251, 0x1251, 0x1271, 0x1271, 0x1271, 0x1271, 0x1271, 0x1271, 0x1271, 0x1292, 0x1271, 0x1292, 0x1292, 
	0x1292, 0x1292, 0x1292, 0x1292, 0x1292, 0x12b2, 0x3375, 0x1a92, 0x1ab2, 0x1292, 0x1272, 0x1292, 0x1272, 0x1292, 0x1272, 0x1272, 
	0x1a93, 0x1a93, 0x1292, 0x1292, 0x1292, 0x1ab3, 0x1292, 0x1ad3, 0x2314, 0x2314, 0x1292, 0x1272, 0x1272, 0x1292, 0x1272, 0x1292, 
	0x1292, 0x1292, 0x1292, 0x1a92, 0x1ab3, 0x1ad3, 0x1ad3, 0x1ad3, 0x1af3, 0x1af3, 0x1af3, 0x1af3, 0x1af4, 0x1ad3, 0x1ad3, 0x12b2, 
	0x1292, 0x1292, 0x1292, 0x1292, 0x1292, 0x12b2, 0x1ad3, 0x1293, 0x12b3, 0x1af4, 0x1af4, 0x1b15, 0x1315, 0x1315, 0x1b35, 0x2335, 
	0x2376, 0x2b76, 0x2b76, 0x33b7, 0x3c18, 0x33d7, 0x2397, 0x2376, 0x1b35, 0x1b15, 0x12f5, 0x2356, 0x1b15, 0x1b15, 0x1b15, 0x1af4, 
	0x12f4, 0x1af4, 0x1af4, 0x12f4, 0x1af4, 0x1af4, 0x1af4, 0x1af4, 0x1af4, 0x12f4, 0x1b35, 0x1b15, 0x12f4, 0x12f4, 0x12f4, 0x12f4, 
	0x12f4, 0x12f4, 0x12f4, 0x1314, 0x1b14, 0x12f4, 0x12f4, 0x12d4, 0x12f4, 0x1b14, 0x1b15, 0x1b15, 0x12d4, 0x12f4, 0x12f4, 0x12d3, 
	0x12d3, 0x1b14, 0x1af4, 0x12b3, 0x12b3, 0x12b3, 0x1ab3, 0x1ab3, 0x1af4, 0x1ad4, 0x12b3, 0x12b3, 0x12d3, 0x12b3, 0x12d4, 0x12d4, 
	0x12d4, 0x1af4, 0x1af4, 0x1af4, 0x1af4, 0x1af4, 0x1b14, 0x1b14, 0x1b14, 0x1b14, 0x1b14, 0x1b14, 0x1b14, 0x1b14, 0x1b14, 0x1b14, 
	0x1b14, 0x1b14, 0x2314, 0x2355, 0x2355, 0x1b35, 0x2356, 0x1b35, 0x1b56, 0x1b56, 0x1b36, 0x1b77, 0x1b56, 0x1b57, 0x1b77, 0x23b8, 
	0x1b98, 0x1b98, 0x23d9, 0x2bf9, 0x2bd9, 0x2c1a, 0x3c7c, 0x44bb, 0x6d7c, 0xaf7f, 0x5d9e, 0x349c, 0x2c7b, 0x241b, 0x23f9, 0x23b8, 
	0x2397, 0x1b56, 0x1b35, 0x1315, 0x12f4, 0x12f4, 0x12f4, 0x1b14, 0x1b15, 0x1b36, 0x2377, 0x1b77, 0x23b9, 0x2c1b, 0x2c3c, 0x2c3c, 
	0x2bda, 0x2377, 0x1b15, 0x1ad4, 0x12b3, 0x12b3, 0x1ad3, 0x1ab3, 0x1292, 0x12b3, 0x1ad3, 0x1292, 0x12b2, 0x1292, 0x1292, 0x1292, 
	0x1292, 0x1292, 0x1291, 0x1292, 0x12b2, 0x1271, 0x1292, 0x1292, 0x1ab2, 0x1292, 0x1251, 0x1271, 0x1271, 0x1271, 0x1271, 0x1271, 
	0x1271, 0x1271, 0x1292, 0x1291, 0x1291, 0x1271, 0x1271, 0x1271, 0x1271, 0x1271, 0x1271, 0x1271, 0x1271, 0x1271, 0x1271, 0x1271, 
	0x1271, 0x1271, 0x1271, 0x1271, 0x1271, 0x1271, 0x1271, 0x1271, 0x1271, 0x1271, 0x1272, 0x1251, 0x1271, 0x1271, 0x1271, 0x1271, 
	0x1271, 0x1271, 0x1271, 0x1271, 0x1271, 0x1251, 0x1251, 0x1a71, 0x1251, 0x1251, 0x1271, 0x1271, 0x1271, 0x1271, 0x1271, 0x1292, 
	0x1271, 0x1271, 0x1271, 0x1271, 0x1271, 0x1271, 0x1271, 0x1271, 0x1271, 0x1292, 0x1271, 0x1271, 0x1271, 0x1271, 0x1271, 0x1271, 
	0x1251, 0x1271, 0x1251, 0x1271, 0x1271, 0x1271, 0x1251, 0x1a71, 0x1271, 0x1271, 0x1a71, 0x1a71, 0x1271, 0x1271, 0x1251, 0x1a71, 
	0x1a71, 0x1a71, 0x1251, 0x1251, 0x1271, 0x1271, 0x1271, 0x1272, 0x1292, 0x1292, 0x1272, 0x1271, 0x1272, 0x1292, 0x12d3, 0x12d4, 
	0x12d4, 0x12d4, 0x12d4, 0x1ad4, 0x1af4, 0x1b14, 0x54ba, 0x1ad3, 0x2335, 0x1af4, 0x1293, 0x12b3, 0x1ab3, 0x1292, 0x1a93, 0x1292, 
	0x1ab2, 0x1a92, 0x1ab3, 0x1ab3, 0x1ad3, 0x1ad3, 0x1292, 0x1292, 0x1292, 0x1292, 0x1292, 0x1292, 0x1ad3, 0x1ab3, 0x1ab3, 0x1ab3, 
	0x1292, 0x1293, 0x1292, 0x1a92, 0x1ab3, 0x1ab3, 0x1ab3, 0x1ab2, 0x1ab3, 0x1ab3, 0x1ad3, 0x12b2, 0x1292, 0x1292, 0x1292, 0x1292, 
	0x1292, 0x1a92, 0x1292, 0x1292, 0x1292, 0x1292, 0x1292, 0x12b3, 0x12d3, 0x12d4, 0x1315, 0x1315, 0x1315, 0x1315, 0x1b35, 0x1b35, 
	0x1b15, 0x2355, 0x2356, 0x2355, 0x1b35, 0x2376, 0x2377, 0x2397, 0x2376, 0x1b15, 0x1b15, 0x1b15, 0x1b15, 0x1b15, 0x1b35, 0x33d8, 
	0x33d8, 0x33b7, 0x3c19, 0x2bb7, 0x2376, 0x2355, 0x2356, 0x2335, 0x1af4, 0x12f4, 0x12f4, 0x1af4, 0x12f4, 0x12d4, 0x12f4, 0x12d4, 
	0x12f4, 0x12f4, 0x12f4, 0x12f4, 0x12f4, 0x12f4, 0x12d3, 0x12d3, 0x12d4, 0x12d3, 0x1b14, 0x1b35, 0x12d4, 0x1b15, 0x1af4, 0x12d4, 
	0x12b3, 0x2b55, 0x2335, 0x12b2, 0x1ad3, 0x1ad3, 0x12b3, 0x12b3, 0x1ad4, 0x1ad4, 0x12b3, 0x1ad3, 0x12d3, 0x1ad4, 0x12d4, 0x1af4, 
	0x12d4, 0x1af4, 0x1af4, 0x1af4, 0x1af4, 0x1af4, 0x1b14, 0x1af4, 0x1b14, 0x1b15, 0x1b35, 0x1b15, 0x2335, 0x1b14, 0x2314, 0x2314, 
	0x2314, 0x33b6, 0x2b76, 0x2b56, 0x2355, 0x2335, 0x2356, 0x1b56, 0x1b77, 0x2397, 0x1b57, 0x1b77, 0x1b57, 0x1b77, 0x1b98, 0x1b98, 
	0x1b98, 0x23b8, 0x23d9, 0x23d9, 0x44bc, 0x4d1d, 0x44dc, 0x553d, 0x4cb9, 0x9f3f, 0x6e1f, 0x44dc, 0x3cfd, 0x23fa, 0x23f9, 0x23b8, 
	0x2397, 0x1b56, 0x1b35, 0x1b15, 0x1b35, 0x1315, 0x1315, 0x1b36, 0x1b56, 0x2398, 0x23d9, 0x2c1b, 0x345c, 0x2c3c, 0x241b, 0x2c1b, 
	0x2c1b, 0x2398, 0x1af5, 0x1ad3, 0x1292, 0x1292, 0x1ab3, 0x1ab3, 0x12b3, 0x1ab3, 0x1ab2, 0x1292, 0x1ab3, 0x1292, 0x1272, 0x1292, 
	0x1292, 0x1292, 0x1292, 0x1292, 0x1292, 0x1292, 0x1292, 0x1292, 0x1292, 0x1272, 0x1a92, 0x1a92, 0x1271, 0x1271, 0x1271, 0x1291, 
	0x1271, 0x1271, 0x1291, 0x1291, 0x1292, 0x1291, 0x1271, 0x1271, 0x1271, 0x1271, 0x1271, 0x1271, 0x1271, 0x1271, 0x1271, 0x1271, 
	0x1272, 0x1272, 0x1272, 0x1271, 0x1272, 0x1272, 0x1272, 0x1271, 0x1271, 0x1291, 0x1271, 0x1271, 0x1271, 0x1271, 0x1271, 0x1271, 
	0x1271, 0x1271, 0x1271, 0x1251, 0x1271, 0x1271, 0x1271, 0x1251, 0x1251, 0x1271, 0x1271, 0x1271, 0x1271, 0x1271, 0x1291, 0x1271, 
	0x1271, 0x1271, 0x1271, 0x1291, 0x1291, 0x1271, 0x1271, 0x1271, 0x1271, 0x1292, 0x1271, 0x1271, 0x1271, 0x1271, 0x1271, 0x1271, 
	0x1271, 0x1271, 0x1251, 0x1271, 0x1271, 0x1271, 0x1271, 0x1251, 0x1251, 0x1271, 0x1271, 0x1271, 0x1271, 0x1271, 0x1271, 0x1271, 
	0x1271, 0x1271, 0x1271, 0x1271, 0x1271, 0x1271, 0x1272, 0x12b3, 0x1b15, 0x1af5, 0x12d4, 0x1ad3, 0x12b3, 0x12b4, 0x12f5, 0x1b16, 
	0x1336, 0x1b36, 0x1b36, 0x1b36, 0x1b36, 0x1b36, 0x12f5, 0x1b15, 0x1b15, 0x12f4, 0x1af4, 0x1ad4, 0x12d3, 0x1ad3, 0x1ab3, 0x1ab3, 
	0x1ab3, 0x1ad3, 0x1ab3, 0x1ab3, 0x1ad3, 0x1ab3, 0x1292, 0x1ab3, 0x1a92, 0x1292, 0x1292, 0x1ab3, 0x22f4, 0x1ab3, 0x12b2, 0x1ad3, 
	0x22f4, 0x1af4, 0x1ad3, 0x1292, 0x1292, 0x1292, 0x1a92, 0x1292, 0x1292, 0x1292, 0x1292, 0x1292, 0x1292, 0x1292, 0x1292, 0x1292, 
	0x1a92, 0x1292, 0x1292, 0x1292, 0x1292, 0x12b2, 0x1ab3, 0x12b3, 0x1af4, 0x1b15, 0x1315, 0x1335, 0x1336, 0x1b56, 0x1b56, 0x1b35, 
	0x1b35, 0x1b15, 0x1b15, 0x1b35, 0x1b35, 0x1b35, 0x2376, 0x2376, 0x2356, 0x1b15, 0x1b15, 0x1b35, 0x1b35, 0x2356, 0x33b7, 0x33b7, 
	0x33b7, 0x3bf8, 0x4c7a, 0x33b7, 0x3bf8, 0x2bb7, 0x33b7, 0x2356, 0x2356, 0x2335, 0x1b14, 0x1af4, 0x12d4, 0x12d4, 0x12d4, 0x12d4, 
	0x12d4, 0x12f4, 0x12d3, 0x12d4, 0x12d4, 0x12d3, 0x12d3, 0x12d3, 0x12d3, 0x1af4, 0x12d3, 0x12b3, 0x12d4, 0x12f4, 0x12d4, 0x12d3, 
	0x12d3, 0x1af3, 0x1ad3, 0x1ad3, 0x1ad3, 0x1ad3, 0x1ab3, 0x12b3, 0x12b3, 0x12d3, 0x12d3, 0x12d3, 0x12d3, 0x1ad4, 0x12d4, 0x12d4, 
	0x12d4, 0x12d4, 0x12d4, 0x1af4, 0x1af4, 0x1af4, 0x1af4, 0x2355, 0x1b14, 0x1b14, 0x1b15, 0x2b76, 0x2355, 0x1b14, 0x2314, 0x2314, 
	0x2314, 0x3396, 0x2b55, 0x1b14, 0x2335, 0x2335, 0x2356, 0x2376, 0x2377, 0x1b77, 0x1b77, 0x1b78, 0x1b78, 0x1b77, 0x1b78, 0x1bb8, 
	0x23b9, 0x23d9, 0x23d9, 0x23d9, 0x553e, 0x555e, 0x44dc, 0x65df, 0x555d, 0x7e7f, 0x8eff, 0x5d5d, 0x3cdc, 0x243a, 0x23fa, 0x23d9, 
	0x1b97, 0x1b76, 0x1b35, 0x1b35, 0x2377, 0x1b57, 0x1b57, 0x2398, 0x23b9, 0x2399, 0x23d9, 0x345c, 0x347c, 0x2c3c, 0x2c1b, 0x345c, 
	0x2bfa, 0x1b57, 0x1af5, 0x1ad3, 0x12b2, 0x1ab2, 0x1ab3, 0x1292, 0x12b3, 0x1ad3, 0x1292, 0x1292, 0x12b2, 0x12b2, 0x1292, 0x1292, 
	0x1292, 0x1292, 0x1292, 0x1271, 0x1292, 0x1292, 0x1271, 0x1271, 0x1292, 0x1292, 0x1292, 0x1a92, 0x1292, 0x1292, 0x1291, 0x1291, 
	0x1271, 0x1271, 0x1271, 0x1291, 0x1292, 0x1292, 0x1292, 0x1292, 0x1271, 0x1292, 0x1271, 0x1271, 0x1271, 0x1292, 0x1271, 0x1292, 
	0x1292, 0x1292, 0x1292, 0x1271, 0x1272, 0x1272, 0x1272, 0x1291, 0x1291, 0x1291, 0x1271, 0x1271, 0x1271, 0x1271, 0x1271, 0x1271, 
	0x1271, 0x1271, 0x1271, 0x1271, 0x1271, 0x1271, 0x1271, 0x1271, 0x1a92, 0x1271, 0x1271, 0x1271, 0x1292, 0x1271, 0x1271, 0x1271, 
	0x1291, 0x1291, 0x1292, 0x1291, 0x1291, 0x1291, 0x1291, 0x1291, 0x1291, 0x1291, 0x1271, 0x1271, 0x1271, 0x1271, 0x1271, 0x1271, 
	0x1271, 0x1271, 0x1271, 0x1271, 0x1271, 0x1271, 0x1271, 0x1251, 0x1271, 0x1271, 0x1271, 0x1271, 0x1271, 0x1271, 0x1271, 0x1271, 
	0x1271, 0x1271, 0x1271, 0x1271, 0x1271, 0x1272, 0x1272, 0x1ad4, 0x1b15, 0x1af5, 0x12d4, 0x1af4, 0x12d4, 0x12f5, 0x1b37, 0x1337, 
	0x1337, 0x1357, 0x1357, 0x1b57, 0x1b57, 0x1b36, 0x1b56, 0x1336, 0x1315, 0x1315, 0x1af5, 0x1af4, 0x12d4, 0x12d4, 0x1ad4, 0x1ab3, 
	0x1ab3, 0x1ab3, 0x1ab3, 0x1a92, 0x1292, 0x1a92, 0x1292, 0x1292, 0x1a92, 0x1292, 0x1292, 0x1ab3, 0x1ab2, 0x1292, 0x1292, 0x1292, 
	0x1af3, 0x2314, 0x1ad3, 0x1292, 0x1292, 0x1292, 0x1292, 0x1292, 0x1292, 0x1292, 0x1292, 0x1292, 0x1292, 0x1292, 0x1292, 0x1292, 
	0x1a92, 0x1292, 0x1292, 0x1272, 0x1292, 0x1ab3, 0x1ad4, 0x12d4, 0x12f4, 0x1b15, 0x1315, 0x1336, 0x1336, 0x1b56, 0x1b56, 0x1315, 
	0x1b15, 0x1b15, 0x1b15, 0x1b15, 0x1b15, 0x1b15, 0x1b35, 0x1b15, 0x1b15, 0x1b15, 0x1b15, 0x1b15, 0x2b96, 0x1b14, 0x1b35, 0x1b15, 
	0x1b14, 0x1b14, 0x1b35, 0x2335, 0x2355, 0x2356, 0x2b76, 0x2b97, 0x3c18, 0x4439, 0x33d7, 0x2bb7, 0x1b14, 0x12d3, 0x1b14, 0x1ad3, 
	0x12d3, 0x12d3, 0x12d3, 0x12d4, 0x12f4, 0x12d3, 0x12d3, 0x1ad3, 0x12d3, 0x12d3, 0x12d4, 0x12d3, 0x12d3, 0x12d3, 0x12d3, 0x1ad3, 
	0x12d3, 0x1af3, 0x1ad3, 0x1ad3, 0x1ad3, 0x1ab3, 0x1ad3, 0x1ad3, 0x12d3, 0x12d3, 0x12d4, 0x12d3, 0x12d3, 0x12d3, 0x12d4, 0x1af4, 
	0x1af4, 0x12d4, 0x12d4, 0x12f4, 0x1af4, 0x1af4, 0x1af4, 0x1b14, 0x1b14, 0x1b14, 0x1b14, 0x2b76, 0x2334, 0x1b14, 0x2314, 0x2334, 
	0x2334, 0x2314, 0x2314, 0x2335, 0x1b35, 0x2335, 0x2356, 0x2377, 0x23b8, 0x2398, 0x23b9, 0x23b9, 0x2398, 0x1b78, 0x1b98, 0x23b8, 
	0x23d9, 0x2c1a, 0x23fa, 0x23f9, 0x2c3b, 0x347b, 0x347b, 0x4d3e, 0x5d7e, 0x6dde, 0x9f5f, 0x5d7c, 0x349b, 0x245b, 0x241a, 0x23fa, 
	0x1b98, 0x1b77, 0x1b56, 0x1b36, 0x1b57, 0x1b77, 0x1b57, 0x1b77, 0x2398, 0x2398, 0x23b8, 0x23b9, 0x23d9, 0x23da, 0x23b9, 0x23b9, 
	0x2398, 0x1b15, 0x1af4, 0x1ad3, 0x1ad3, 0x1ad3, 0x1ab3, 0x1292, 0x12b2, 0x12b2, 0x1292, 0x1292, 0x1292, 0x1292, 0x1272, 0x1272, 
	0x12b2, 0x1292, 0x1271, 0x1272, 0x1271, 0x1292, 0x1ad3, 0x1ab3, 0x1271, 0x1271, 0x1272, 0x1272, 0x1292, 0x1291, 0x1271, 0x1271, 
	0x1271, 0x1271, 0x1292, 0x1292, 0x1292, 0x1292, 0x1292, 0x1292, 0x1292, 0x1272, 0x1272, 0x1292, 0x1292, 0x1a92, 0x1a92, 0x1272, 
	0x1a92, 0x1292, 0x1291, 0x1291, 0x1271, 0x1292, 0x1271, 0x1291, 0x1292, 0x1271, 0x1a91, 0x1a91, 0x1a91, 0x1271, 0x1271, 0x1271, 
	0x1271, 0x1271, 0x1271, 0x1271, 0x1271, 0x1271, 0x1271, 0x1271, 0x1271, 0x1271, 0x1271, 0x1271, 0x1271, 0x1271, 0x1271, 0x1292, 
	0x1292, 0x12b2, 0x1ab2, 0x1ab2, 0x1ab2, 0x1ab2, 0x1a92, 0x1292, 0x1291, 0x1291, 0x1271, 0x1ab2, 0x1ab2, 0x1271, 0x1271, 0x1271, 
	0x1271, 0x1271, 0x1a71, 0x1271, 0x1271, 0x1271, 0x1271, 0x1271, 0x1271, 0x1271, 0x1271, 0x1271, 0x1271, 0x1271, 0x1271, 0x1271, 
	0x1271, 0x1271, 0x1271, 0x1271, 0x1271, 0x1292, 0x1ab3, 0x1af4, 0x1ad4, 0x12b3, 0x12b3, 0x12d4, 0x1b36, 0x1b57, 0x1357, 0x1358, 
	0x1358, 0x1357, 0x1357, 0x1b57, 0x1b37, 0x1b36, 0x1336, 0x1336, 0x1315, 0x1315, 0x1b15, 0x1b15, 0x12f5, 0x1af4, 0x1af4, 0x1ad4, 
	0x1ab2, 0x1ab2, 0x1ab2, 0x1ab2, 0x1292, 0x1a92, 0x1a92, 0x1292, 0x1a92, 0x1a92, 0x1292, 0x1ab2, 0x1ab2, 0x1272, 0x1292, 0x1292, 
	0x1292, 0x1292, 0x1292, 0x1292, 0x1292, 0x1292, 0x1292, 0x1292, 0x1292, 0x1292, 0x1292, 0x1292, 0x1292, 0x1292, 0x1292, 0x1292, 
	0x1292, 0x1292, 0x1292, 0x1292, 0x1ab3, 0x1ad3, 0x1af4, 0x1af4, 0x1b35, 0x1b15, 0x1316, 0x1336, 0x1336, 0x1336, 0x1336, 0x1315, 
	0x1b15, 0x1b15, 0x1b15, 0x1b15, 0x2356, 0x2356, 0x1af4, 0x1b14, 0x1af4, 0x1af4, 0x1ad4, 0x1af4, 0x2b76, 0x12d3, 0x1ad4, 0x1af4, 
	0x1ad4, 0x12d3, 0x12d3, 0x1af4, 0x1b15, 0x1b15, 0x1b15, 0x2b76, 0x2b96, 0x2b76, 0x2b76, 0x1b35, 0x12d3, 0x12d3, 0x1ad3, 0x1ad3, 
	0x1ad3, 0x1ad3, 0x1ad3, 0x1ad4, 0x1ad4, 0x1ad3, 0x1ad3, 0x12b3, 0x12b3, 0x12d3, 0x1af4, 0x12d3, 0x12d3, 0x12d3, 0x12b3, 0x1ab3, 
	0x1ad3, 0x1ad3, 0x1ad3, 0x1ad3, 0x1ad3, 0x1ad3, 0x1ad3, 0x12b3, 0x12d3, 0x12d3, 0x12d4, 0x12f4, 0x12d3, 0x12f4, 0x12d4, 0x12d4, 
	0x12d4, 0x1ad4, 0x12d4, 0x12f4, 0x1af4, 0x1af4, 0x1af4, 0x1af4, 0x1af4, 0x1b14, 0x1b14, 0x2314, 0x2314, 0x2334, 0x2335, 0x2314, 
	0x2314, 0x2335, 0x2335, 0x2335, 0x2335, 0x2356, 0x2356, 0x2377, 0x2398, 0x2bd9, 0x23b9, 0x2398, 0x2398, 0x23b8, 0x23d9, 0x23b9, 
	0x23da, 0x23fa, 0x23fa, 0x2c3b, 0x241a, 0x2c5b, 0x347c, 0x4d5f, 0x6e3f, 0x659c, 0xaf7f, 0x7e5e, 0x3cbb, 0x2c7c, 0x243b, 0x241a, 
	0x23b8, 0x2397, 0x1b77, 0x1b57, 0x1b57, 0x1b77, 0x1b77, 0x1b57, 0x1b57, 0x2bd9, 0x2398, 0x1b57, 0x1b57, 0x2398, 0x1b57, 0x1b36, 
	0x1b35, 0x1af4, 0x12d3, 0x1ab3, 0x1ad3, 0x1293, 0x1ab3, 0x1ab3, 0x1ab2, 0x12b2, 0x1ab2, 0x1ab3, 0x1292, 0x1292, 0x1292, 0x1272, 
	0x1ab2, 0x1292, 0x1292, 0x1272, 0x1292, 0x1ab2, 0x1292, 0x1292, 0x1271, 0x1271, 0x1271, 0x1271, 0x1271, 0x1271, 0x1271, 0x1292, 
	0x1271, 0x1271, 0x1292, 0x1292, 0x1292, 0x1292, 0x1a92, 0x1a92, 0x1292, 0x1292, 0x1292, 0x1292, 0x1292, 0x1292, 0x1a92, 0x1a92, 
	0x1292, 0x1292, 0x1291, 0x1291, 0x1291, 0x1271, 0x1271, 0x1292, 0x1292, 0x1271, 0x3b75, 0x5c79, 0x1250, 0x1271, 0x1292, 0x1271, 
	0x1271, 0x1271, 0x1271, 0x1271, 0x1271, 0x1271, 0x1271, 0x1271, 0x1271, 0x1271, 0x1271, 0x1271, 0x1271, 0x1271, 0x1291, 0x1a92, 
	0x1ab2, 0x1ad2, 0x1ad2, 0x1ad2, 0x1ad2, 0x1ad2, 0x1ab2, 0x1ab2, 0x1292, 0x1292, 0x1271, 0x3354, 0x2313, 0x1271, 0x1291, 0x1271, 
	0x1271, 0x1271, 0x1271, 0x1271, 0x1271, 0x1271, 0x1271, 0x1271, 0x1271, 0x1271, 0x1271, 0x1271, 0x1271, 0x1271, 0x1271, 0x1271, 
	0x1271, 0x1271, 0x1271, 0x1271, 0x1271, 0x1271, 0x1292, 0x1ab3, 0x1293, 0x1293, 0x1ad4, 0x1b16, 0x1b57, 0x1357, 0x1358, 0x1378, 
	0x1358, 0x1358, 0x1357, 0x1b57, 0x1b57, 0x1b36, 0x1336, 0x1336, 0x1336, 0x1316, 0x1315, 0x1b15, 0x1b15, 0x1b15, 0x1af5, 0x1af4, 
	0x1ad2, 0x1ad2, 0x1ab2, 0x1ad2, 0x1ab2, 0x1ad3, 0x1ad3, 0x1ad3, 0x1ad3, 0x1ad3, 0x1ad3, 0x1ab2, 0x1ab2, 0x1292, 0x1292, 0x1292, 
	0x1292, 0x1292, 0x1292, 0x1292, 0x1292, 0x1291, 0x1292, 0x1292, 0x1291, 0x1292, 0x1292, 0x1292, 0x1292, 0x1292, 0x1292, 0x1292, 
	0x1292, 0x1292, 0x1a92, 0x1ab3, 0x1ad3, 0x1af4, 0x1af4, 0x2335, 0x2b97, 0x1b15, 0x1b36, 0x1336, 0x1336, 0x1336, 0x1316, 0x1b15, 
	0x1b15, 0x1b15, 0x1af4, 0x1af4, 0x4418, 0x2b96, 0x12b3, 0x1af4, 0x1ad3, 0x1ad3, 0x1ad3, 0x1ad3, 0x1ad3, 0x1af4, 0x1ad3, 0x1ad3, 
	0x1ad3, 0x1ad3, 0x12b3, 0x1ad3, 0x1b14, 0x1b14, 0x1b14, 0x1b15, 0x1af4, 0x1b14, 0x2335, 0x1ad3, 0x1ad3, 0x1ad3, 0x1ab3, 0x1ab3, 
	0x1ab3, 0x1ad3, 0x1ad3, 0x1293, 0x1ab3, 0x12b2, 0x1ab2, 0x1292, 0x1292, 0x12b2, 0x12b3, 0x12b3, 0x12d3, 0x1ad3, 0x1ab3, 0x1ad3, 
	0x22f4, 0x1ad3, 0x1ab3, 0x1ab3, 0x1ab3, 0x1ad3, 0x1ad3, 0x1af4, 0x1af4, 0x1ad4, 0x12d3, 0x12f4, 0x12d3, 0x1af4, 0x1ad4, 0x1ad4, 
	0x12d4, 0x1b14, 0x12f4, 0x1af4, 0x1af4, 0x1b14, 0x1b15, 0x1b14, 0x1b14, 0x1b14, 0x1b14, 0x1b14, 0x2314, 0x2314, 0x2314, 0x1af3, 
	0x33b6, 0x2b55, 0x2335, 0x2355, 0x2356, 0x2356, 0x2356, 0x2377, 0x2bb8, 0x2bd9, 0x2bd9, 0x23d9, 0x23b9, 0x2c1a, 0x2c1a, 0x23d9, 
	0x23da, 0x23fa, 0x23da, 0x2bfa, 0x2c1b, 0x2c5b, 0x347c, 0x4d3e, 0x7ebf, 0x6dbc, 0xaf7f, 0xaf9f, 0x4d1c, 0x2c7b, 0x243b, 0x241a, 
	0x23f9, 0x2398, 0x1b77, 0x1b57, 0x1b77, 0x1b77, 0x1b77, 0x1b77, 0x2377, 0x1b57, 0x1b57, 0x1b56, 0x1b56, 0x1b36, 0x1b35, 0x1b35, 
	0x1af4, 0x1af4, 0x1af4, 0x1ad3, 0x1ad3, 0x1ab3, 0x1292, 0x1ab2, 0x1ab2, 0x1292, 0x1292, 0x1292, 0x1292, 0x1292, 0x1292, 0x1ab2, 
	0x1292, 0x1292, 0x1ab3, 0x1292, 0x1ab2, 0x1ab3, 0x1271, 0x1292, 0x1292, 0x1271, 0x1271, 0x1271, 0x1271, 0x1271, 0x1271, 0x1271, 
	0x1271, 0x1271, 0x1271, 0x1292, 0x1292, 0x1292, 0x1a92, 0x1a92, 0x1a92, 0x1a92, 0x1a92, 0x1a92, 0x1292, 0x1292, 0x1a92, 0x1a92, 
	0x1292, 0x1292, 0x1291, 0x1271, 0x1291, 0x1291, 0x1291, 0x1271, 0x1292, 0x1291, 0x22b2, 0x2b14, 0x1271, 0x1271, 0x1271, 0x1271, 
	0x1271, 0x1271, 0x1271, 0x1271, 0x1271, 0x1271, 0x1271, 0x1271, 0x1271, 0x1271, 0x1271, 0x1271, 0x1291, 0x1271, 0x1292, 0x1ab2, 
	0x3bd5, 0x4416, 0x22f3, 0x2313, 0x2313, 0x22f3, 0x1af3, 0x1ad2, 0x1ab2, 0x1292, 0x1292, 0x1291, 0x1271, 0x1291, 0x1271, 0x1271, 
	0x1271, 0x1271, 0x1271, 0x1271, 0x1271, 0x1271, 0x1271, 0x1271, 0x1271, 0x1271, 0x1271, 0x1271, 0x1271, 0x1271, 0x1271, 0x1271, 
	0x1271, 0x1271, 0x1271, 0x1271, 0x1271, 0x1271, 0x1272, 0x1ab3, 0x1293, 0x12d4, 0x1b36, 0x1b57, 0x1b57, 0x1357, 0x1358, 0x1358, 
	0x1378, 0x1358, 0x1358, 0x1337, 0x1b57, 0x1b36, 0x1b36, 0x1b36, 0x1b36, 0x1b16, 0x1315, 0x1b15, 0x1b15, 0x1b15, 0x1af5, 0x1af5, 
	0x1ad2, 0x2313, 0x3374, 0x22f3, 0x1ad2, 0x1af3, 0x22f3, 0x22f3, 0x1af3, 0x22f3, 0x22f3, 0x1ad3, 0x1ab2, 0x1ab2, 0x1ab2, 0x1ab2, 
	0x1292, 0x1292, 0x1292, 0x1292, 0x1271, 0x1291, 0x1292, 0x1292, 0x1292, 0x1292, 0x1292, 0x1292, 0x1271, 0x1292, 0x1292, 0x1292, 
	0x1292, 0x1292, 0x1ab2, 0x1ad3, 0x1ad3, 0x1ad4, 0x1af4, 0x1af4, 0x1af4, 0x1b15, 0x1315, 0x1336, 0x1336, 0x1b36, 0x1b36, 0x1b15, 
	0x1b15, 0x1af5, 0x1af4, 0x1af4, 0x1b14, 0x1af3, 0x12d4, 0x12d4, 0x12d3, 0x1ad3, 0x1ab3, 0x1ad3, 0x1ad3, 0x1ad3, 0x1ad3, 0x1ad3, 
	0x1ad3, 0x1ab3, 0x1ad3, 0x1ad3, 0x1b14, 0x1af4, 0x1af4, 0x1af4, 0x1ad3, 0x1ad3, 0x1ad3, 0x1ab3, 0x1ab3, 0x1ab3, 0x1ab3, 0x1ab2, 
	0x1ab3, 0x1ab2, 0x1ab2, 0x1ab2, 0x1a92, 0x1a92, 0x1ab2, 0x1a92, 0x1ab2, 0x1292, 0x1ab3, 0x12b3, 0x1ad3, 0x1ab3, 0x12b2, 0x1ab2, 
	0x1ab3, 0x1ab3, 0x1ab3, 0x1ab3, 0x1ab3, 0x1ad3, 0x12d3, 0x1ad4, 0x12d3, 0x12d3, 0x12d3, 0x1af4, 0x1af4, 0x12d3, 0x12d3, 0x1af4, 
	0x1af4, 0x12f4, 0x1af4, 0x1b14, 0x1b14, 0x1b15, 0x1b15, 0x1af4, 0x1b14, 0x1b14, 0x1b14, 0x1b14, 0x1b14, 0x1b14, 0x2314, 0x1af3, 
	0x3bf7, 0x2b75, 0x2335, 0x2356, 0x1b35, 0x1b36, 0x2377, 0x2377, 0x23b8, 0x23b8, 0x2bd9, 0x2bd9, 0x2bf9, 0x2bf9, 0x2bfa, 0x23da, 
	0x23fa, 0x23fa, 0x23d9, 0x23d9, 0x23fa, 0x2c1a, 0x2c3b, 0x44dc, 0x765f, 0x8edf, 0xaf5f, 0xaf5f, 0x557d, 0x2c9c, 0x2c7c, 0x241b, 
	0x23f9, 0x23b8, 0x1b77, 0x1b57, 0x1b77, 0x2398, 0x1b77, 0x1b77, 0x1b77, 0x1b57, 0x1b56, 0x2377, 0x2356, 0x1b35, 0x2335, 0x1b15, 
	0x1b14, 0x1af4, 0x1ad3, 0x1ab3, 0x1ab3, 0x1ab3, 0x1ab3, 0x1ab3, 0x1a92, 0x1292, 0x1292, 0x1292, 0x1292, 0x1ab2, 0x1a92, 0x1ab2, 
	0x1292, 0x1292, 0x1271, 0x1292, 0x1292, 0x1292, 0x1292, 0x1292, 0x1291, 0x1292, 0x1271, 0x1271, 0x1271, 0x1271, 0x1271, 0x1271, 
	0x1271, 0x1292, 0x1271, 0x1292, 0x1a92, 0x1ab3, 0x1a92, 0x1a92, 0x1a92, 0x1a92, 0x1a92, 0x1a92, 0x1292, 0x1a92, 0x1a92, 0x1a92, 
	0x1a92, 0x1292, 0x1292, 0x1271, 0x1291, 0x1291, 0x1291, 0x1291, 0x1291, 0x1292, 0x1291, 0x1271, 0x1271, 0x1271, 0x1271, 0x1271, 
	0x1271, 0x1271, 0x1271, 0x1271, 0x1271, 0x1271, 0x1271, 0x1271, 0x1271, 0x1271, 0x1271, 0x1271, 0x1271, 0x1291, 0x1292, 0x1ab2, 
	0x4417, 0x5498, 0x2333, 0x2b54, 0x2b74, 0x2b54, 0x2313, 0x1af2, 0x1ad2, 0x1ab2, 0x1292, 0x1292, 0x1291, 0x1291, 0x1271, 0x1271, 
	0x1271, 0x1291, 0x1271, 0x1271, 0x1271, 0x1271, 0x1271, 0x1271, 0x1271, 0x1271, 0x1271, 0x1271, 0x1271, 0x1271, 0x1271, 0x1271, 
	0x1271, 0x1271, 0x1271, 0x1271, 0x1271, 0x1272, 0x1a92, 0x1ab3, 0x12b3, 0x12d4, 0x1b16, 0x1b57, 0x1b57, 0x1357, 0x1357, 0x1357, 
	0x1337, 0x1357, 0x1358, 0x1b58, 0x1336, 0x1b36, 0x1b16, 0x1b16, 0x1315, 0x1315, 0x12f5, 0x12f5, 0x1315, 0x1315, 0x1b15, 0x1b15, 
	0x1ad2, 0x2b54, 0x4c37, 0x2313, 0x1ad2, 0x22f3, 0x1af3, 0x22f3, 0x22f3, 0x22f3, 0x22f3, 0x1af3, 0x1af3, 0x1ad3, 0x1ad3, 0x1ad3, 
	0x1ad3, 0x1ab2, 0x1ab2, 0x1ab2, 0x1ab2, 0x1292, 0x1a92, 0x1a92, 0x1ab2, 0x1ab2, 0x1a92, 0x1a92, 0x1a92, 0x1a92, 0x1a92, 0x1a92, 
	0x1a92, 0x1a92, 0x1a92, 0x1ab2, 0x1ad3, 0x12d3, 0x12d3, 0x1af4, 0x1af4, 0x1b15, 0x1b15, 0x1b15, 0x1315, 0x1b36, 0x1b35, 0x1b15, 
	0x1b15, 0x1af5, 0x1af4, 0x12d4, 0x1af4, 0x1ad4, 0x12d4, 0x12d3, 0x12d3, 0x1ad3, 0x1ab3, 0x1ab3, 0x1ab3, 0x1ab3, 0x1ab3, 0x1ab3, 
	0x1ad3, 0x1ab3, 0x1ab3, 0x1ad3, 0x1b14, 0x1b14, 0x1ad3, 0x1ab2, 0x1ab2, 0x1ab2, 0x1ab3, 0x1ab3, 0x1ab2, 0x1ab3, 0x1ab2, 0x1ab3, 
	0x1ab2, 0x1ab2, 0x1ab3, 0x1292, 0x1a92, 0x1a92, 0x1a92, 0x1ab3, 0x1ab3, 0x1a92, 0x1ab3, 0x1292, 0x1ad3, 0x1ad3, 0x1af3, 0x1ad3, 
	0x1ab2, 0x1a92, 0x1ab3, 0x1ab3, 0x1ab3, 0x1ad3, 0x12d3, 0x12d3, 0x12d3, 0x12d3, 0x1af4, 0x12f4, 0x12d3, 0x12d3, 0x12d3, 0x1af4, 
	0x1af4, 0x1af4, 0x1b14, 0x1b35, 0x1b15, 0x1b14, 0x1b15, 0x1b14, 0x1b14, 0x1b35, 0x1af4, 0x2335, 0x2334, 0x2314, 0x2335, 0x2335, 
	0x2334, 0x2334, 0x2335, 0x2335, 0x2b97, 0x2b97, 0x2377, 0x3c3a, 0x2377, 0x23b8, 0x2bd9, 0x2bfa, 0x23d9, 0x23d9, 0x23da, 0x23fa, 
	0x2c1b, 0x23d9, 0x2bd9, 0x2bf9, 0x23d9, 0x23fa, 0x2c3a, 0x3cbc, 0x5dbe, 0x86bf, 0xb79f, 0x9f1f, 0x4d3d, 0x34fe, 0x34bd, 0x2c5c, 
	0x23fa, 0x23d8, 0x2377, 0x1b77, 0x1b77, 0x2397, 0x1b57, 0x1b77, 0x1b77, 0x1b57, 0x1b57, 0x2377, 0x1b36, 0x1b35, 0x2315, 0x1b15, 
	0x1b15, 0x1af4, 0x1ad3, 0x1ad3, 0x1ad3, 0x1ab3, 0x1ab3, 0x1ad3, 0x1a92, 0x1292, 0x1292, 0x1292, 0x1292, 0x1292, 0x1292, 0x1292, 
	0x1292, 0x1291, 0x1ab2, 0x1292, 0x1292, 0x1292, 0x1292, 0x1292, 0x1291, 0x1292, 0x1292, 0x1291, 0x1271, 0x1271, 0x1271, 0x1271, 
	0x1271, 0x1292, 0x1a92, 0x1292, 0x1a92, 0x1a92, 0x1ab3, 0x1ab3, 0x1ab3, 0x1a93, 0x1a92, 0x1a92, 0x1a92, 0x1292, 0x1a92, 0x1292, 
	0x1292, 0x1292, 0x1292, 0x1291, 0x1291, 0x1291, 0x1291, 0x1291, 0x1272, 0x1292, 0x1292, 0x1292, 0x1291, 0x1271, 0x1271, 0x1291, 
	0x1271, 0x1291, 0x1271, 0x1271, 0x1271, 0x1271, 0x1271, 0x1271, 0x1291, 0x1291, 0x1292, 0x1292, 0x1291, 0x1291, 0x1292, 0x1ad2, 
	0x22f3, 0x2333, 0x3394, 0x43f6, 0x4c36, 0x3bb4, 0x2b54, 0x2313, 0x1ad2, 0x1ab2, 0x1292, 0x1292, 0x1291, 0x1291, 0x1292, 0x1292, 
	0x1271, 0x1271, 0x1271, 0x1271, 0x1271, 0x1271, 0x1271, 0x1271, 0x1271, 0x1271, 0x1291, 0x1271, 0x1271, 0x1271, 0x1271, 0x1271, 
	0x1291, 0x1271, 0x1271, 0x1271, 0x1271, 0x1a92, 0x1ab3, 0x1293, 0x1ad4, 0x1b15, 0x1b36, 0x1b37, 0x1b57, 0x1357, 0x1357, 0x1357, 
	0x2bf9, 0x1b78, 0x1b78, 0x1b78, 0x1336, 0x1b36, 0x1315, 0x1b36, 0x1b36, 0x1315, 0x1316, 0x1316, 0x1316, 0x1316, 0x1315, 0x1b36, 
	0x1af2, 0x22f2, 0x22f3, 0x22f2, 0x1af3, 0x22f3, 0x22f3, 0x22f3, 0x22f3, 0x22f3, 0x1af3, 0x1af3, 0x22f3, 0x1af3, 0x1af3, 0x1af3, 
	0x1af3, 0x1ad3, 0x1ad3, 0x1ad3, 0x1ad3, 0x1ad2, 0x1ad2, 0x1ad2, 0x1ab2, 0x1ad3, 0x1ad3, 0x1ab2, 0x1ab2, 0x1ab2, 0x1ab2, 0x1ab2, 
	0x1ab2, 0x1ab2, 0x1ab2, 0x1ab2, 0x1ad3, 0x1ad3, 0x1ad3, 0x1af4, 0x1b14, 0x1b15, 0x1b15, 0x1b15, 0x1b15, 0x1b15, 0x1b15, 0x1b15, 
	0x1b15, 0x1af4, 0x1af4, 0x1af4, 0x12d4, 0x12d4, 0x12d4, 0x1ad4, 0x1ad4, 0x1ad3, 0x1ab3, 0x1ab3, 0x1292, 0x1a92, 0x1ab2, 0x1ab2, 
	0x1ab3, 0x1ab3, 0x1a92, 0x12b2, 0x1ad3, 0x12d3, 0x12b2, 0x1a92, 0x1ab2, 0x1ab2, 0x1ab2, 0x1ab3, 0x1ab3, 0x1ab3, 0x1ab3, 0x1ab3, 
	0x1ab3, 0x1ab3, 0x1a92, 0x22f4, 0x22f4, 0x1a92, 0x1292, 0x1ab3, 0x1ab3, 0x1a92, 0x1292, 0x1ab3, 0x1ab3, 0x2334, 0x4418, 0x2b55, 
	0x1ab3, 0x1a92, 0x1a92, 0x1ab3, 0x12b3, 0x1ab3, 0x12d3, 0x12d3, 0x1ad3, 0x12d3, 0x1af4, 0x12d4, 0x12f4, 0x1af4, 0x12f4, 0x12f4, 
	0x1b14, 0x1b14, 0x1b14, 0x1b35, 0x1b35, 0x2335, 0x1b15, 0x1b15, 0x1b15, 0x1b14, 0x1b14, 0x2314, 0x1b14, 0x2314, 0x2335, 0x2335, 
	0x2335, 0x2335, 0x2335, 0x2356, 0x2377, 0x2bb8, 0x2b97, 0x2bd8, 0x2397, 0x2bd9, 0x23d9, 0x2bd9, 0x23d9, 0x23d9, 0x2bfa, 0x23fa, 
	0x23d9, 0x23d9, 0x23b9, 0x2bf9, 0x2bf9, 0x23f9, 0x241a, 0x3cdd, 0x451d, 0x5d7c, 0xb7bf, 0xaf9f, 0x451c, 0x34de, 0x2c9d, 0x245b, 
	0x23f9, 0x23b8, 0x1b77, 0x1b56, 0x1b56, 0x2397, 0x1b57, 0x2377, 0x1b57, 0x1b57, 0x1b57, 0x1b57, 0x1b36, 0x2356, 0x2335, 0x2335, 
	0x1af4, 0x1ad4, 0x1ab3, 0x1ad3, 0x1ab3, 0x1ad3, 0x1ab3, 0x1ab3, 0x1a92, 0x1ab3, 0x1a92, 0x1292, 0x1292, 0x1292, 0x1ab3, 0x1ab2, 
	0x1ab2, 0x1ab2, 0x1ab2, 0x1292, 0x1292, 0x1292, 0x1292, 0x1292, 0x1291, 0x1291, 0x1291, 0x1291, 0x1291, 0x1291, 0x1271, 0x1271, 
	0x1291, 0x1ab2, 0x1a92, 0x1292, 0x1292, 0x1292, 0x1a92, 0x1a92, 0x1a92, 0x1a92, 0x1a72, 0x1a92, 0x1a92, 0x1a92, 0x1292, 0x1292, 
	0x1272, 0x1292, 0x1292, 0x1292, 0x1291, 0x1291, 0x1291, 0x1291, 0x1292, 0x1292, 0x1292, 0x1292, 0x1291, 0x1291, 0x1291, 0x1291, 
	0x1291, 0x1271, 0x1291, 0x1291, 0x1291, 0x1271, 0x1271, 0x1271, 0x1291, 0x1291, 0x1292, 0x1292, 0x1271, 0x1292, 0x1ab2, 0x1ad2, 
	0x22f3, 0x2334, 0x3395, 0x759c, 0xaf5f, 0x5c98, 0x3374, 0x2313, 0x1af3, 0x1ad2, 0x1ab2, 0x1292, 0x1271, 0x1291, 0x1292, 0x1292, 
	0x1291, 0x1271, 0x1271, 0x1271, 0x1271, 0x1291, 0x1271, 0x1291, 0x1271, 0x1291, 0x1271, 0x1291, 0x1271, 0x1271, 0x1271, 0x1271, 
	0x1291, 0x1291, 0x1291, 0x1291, 0x1292, 0x1292, 0x1292, 0x12b3, 0x1b15, 0x1b56, 0x1b57, 0x1b57, 0x1357, 0x1357, 0x1b57, 0x1b57, 
	0x2378, 0x1b37, 0x1b78, 0x1b57, 0x1b57, 0x1b36, 0x1315, 0x12f5, 0x1b15, 0x1b15, 0x1b36, 0x1b56, 0x1b36, 0x1336, 0x1315, 0x1b36, 
	0x1af3, 0x1ad2, 0x1ad2, 0x1ad3, 0x1ad3, 0x22f3, 0x1af3, 0x1af3, 0x1af3, 0x22f3, 0x22f3, 0x22f3, 0x22f3, 0x22f3, 0x1af3, 0x1af3, 
	0x2313, 0x22f3, 0x22f3, 0x22f3, 0x1af3, 0x1af3, 0x1af3, 0x1ad3, 0x1ad3, 0x1af3, 0x1af3, 0x1af3, 0x1ad3, 0x1ad2, 0x1ab2, 0x1ab2, 
	0x1ad2, 0x1ab2, 0x1ab2, 0x1ab2, 0x1ad3, 0x1ad3, 0x1af4, 0x1af4, 0x1af4, 0x1b14, 0x1af4, 0x1af4, 0x1af4, 0x1af4, 0x1b14, 0x1af4, 
	0x1b15, 0x1b15, 0x1ad4, 0x1ad4, 0x1ad4, 0x12d4, 0x12d4, 0x1ad4, 0x1ad4, 0x1ab3, 0x1a93, 0x1a93, 0x1a92, 0x1a93, 0x1ab2, 0x1ab2, 
	0x1ab3, 0x1a92, 0x1a92, 0x1292, 0x1292, 0x12b2, 0x12b2, 0x1a92, 0x1ab2, 0x1ab2, 0x1ab3, 0x1ab3, 0x1ad3, 0x1ab3, 0x1ab3, 0x1ab3, 
	0x22f4, 0x1ab3, 0x1ab2, 0x1ab3, 0x1ab2, 0x1a92, 0x1ab2, 0x1ab2, 0x1ab2, 0x1a92, 0x1292, 0x12b2, 0x1ab3, 0x2334, 0x5499, 0x2b75, 
	0x1ad3, 0x1ab2, 0x1a92, 0x1a92, 0x1292, 0x1ab3, 0x1ad3, 0x1ad3, 0x1ad3, 0x12d3, 0x12d3, 0x12d4, 0x12d4, 0x1ad4, 0x1ad4, 0x1ad4, 
	0x1af4, 0x1af4, 0x1b15, 0x1b35, 0x1b35, 0x1b15, 0x2356, 0x1b35, 0x1b14, 0x1b14, 0x1b14, 0x1b14, 0x1b14, 0x1b14, 0x2335, 0x2335, 
	0x2335, 0x2335, 0x2356, 0x2356, 0x2357, 0x2397, 0x2bb8, 0x2bd8, 0x23b8, 0x2398, 0x23b8, 0x23d9, 0x23d9, 0x2bd9, 0x2bf9, 0x23b9, 
	0x1b98, 0x1b98, 0x1b57, 0x2bd8, 0x2bf9, 0x23b8, 0x241a, 0x2c5b, 0x245b, 0x4d3c, 0xaf9f, 0xb7df, 0x559e, 0x34fd, 0x2c9c, 0x245b, 
	0x23f9, 0x23b8, 0x2397, 0x1b56, 0x1b56, 0x1b77, 0x1b56, 0x2377, 0x1b57, 0x1b57, 0x1b77, 0x2398, 0x1b56, 0x2356, 0x2335, 0x1b35, 
	0x1b14, 0x2315, 0x1af4, 0x1ad3, 0x1ab3, 0x1ad3, 0x1ad3, 0x1ab3, 0x1ab2, 0x1292, 0x1a92, 0x1a92, 0x1a92, 0x1292, 0x1292, 0x12b2, 
	0x1ab2, 0x1ab2, 0x1292, 0x1292, 0x1ab2, 0x1ab2, 0x1292, 0x1292, 0x1291, 0x1291, 0x1292, 0x1291, 0x1291, 0x1292, 0x1271, 0x1271, 
	0x1271, 0x1292, 0x1a92, 0x1a92, 0x1292, 0x1292, 0x1292, 0x1272, 0x1272, 0x1272, 0x1a92, 0x1a92, 0x1a92, 0x1292, 0x1292, 0x1292, 
	0x1292, 0x1292, 0x1292, 0x1292, 0x1292, 0x1291, 0x1291, 0x1291, 0x1292, 0x1292, 0x1292, 0x1292, 0x1291, 0x1291, 0x1271, 0x1271, 
	0x1291, 0x1291, 0x1271, 0x1271, 0x1291, 0x1291, 0x1291, 0x1291, 0x1291, 0x1291, 0x1291, 0x1291, 0x1292, 0x1292, 0x1ab2, 0x1ad3, 
	0x22f3, 0x2333, 0x3395, 0x5cd9, 0x861e, 0x4c37, 0x2b74, 0x2334, 0x1af3, 0x1ab2, 0x1ab2, 0x1292, 0x1292, 0x1292, 0x1292, 0x1292, 
	0x1292, 0x1271, 0x1271, 0x1271, 0x1291, 0x1291, 0x1271, 0x1271, 0x1271, 0x1271, 0x1291, 0x1291, 0x1291, 0x1291, 0x1271, 0x1271, 
	0x1291, 0x1291, 0x1291, 0x1291, 0x1291, 0x1292, 0x1292, 0x12d4, 0x1b15, 0x1b36, 0x1357, 0x1b57, 0x1b78, 0x1b78, 0x1b57, 0x1336, 
	0x12f5, 0x12f5, 0x1b36, 0x1b57, 0x1b36, 0x1b15, 0x12d4, 0x1af4, 0x1b15, 0x1b15, 0x1b36, 0x1b56, 0x1b36, 0x1336, 0x1315, 0x1316, 
	0x1af3, 0x1af3, 0x1ad3, 0x1af3, 0x1af3, 0x1af3, 0x1af3, 0x1af3, 0x1af3, 0x1af3, 0x1af3, 0x22f3, 0x22f3, 0x1af3, 0x1af3, 0x1af3, 
	0x22f3, 0x22f3, 0x22f3, 0x1af3, 0x1af3, 0x1af3, 0x1ad3, 0x1af3, 0x1af3, 0x1af3, 0x1af3, 0x1af3, 0x1af3, 0x1af3, 0x1af3, 0x1af3, 
	0x1af3, 0x1af3, 0x1ad3, 0x1ad3, 0x1ad3, 0x1af3, 0x1af3, 0x1af4, 0x1af4, 0x1af4, 0x1af4, 0x1ad4, 0x12d3, 0x1ad4, 0x1af4, 0x12d3, 
	0x1b14, 0x1b15, 0x1af4, 0x1af4, 0x1af4, 0x1ad4, 0x12b3, 0x1ab3, 0x1ab3, 0x1292, 0x1a92, 0x1a92, 0x1a92, 0x1a92, 0x1ab2, 0x1a92, 
	0x1a92, 0x1a92, 0x1a92, 0x1ab2, 0x1ad3, 0x1ad3, 0x1ab2, 0x1ab2, 0x12b2, 0x12b2, 0x1ab3, 0x1ab3, 0x1ab3, 0x1ab3, 0x1ab3, 0x1ab3, 
	0x1ad3, 0x1ab3, 0x1ab2, 0x1ab2, 0x1a92, 0x1a92, 0x1a92, 0x1a92, 0x1a92, 0x1a92, 0x1a92, 0x1ab2, 0x12b2, 0x1ad3, 0x22f3, 0x1ad3, 
	0x1ab2, 0x1ab2, 0x1a92, 0x1ab3, 0x1a92, 0x1ab2, 0x1ab3, 0x1ab3, 0x12b3, 0x1ad3, 0x1ad4, 0x12b3, 0x12d3, 0x1af4, 0x1ad4, 0x1ad4, 
	0x1ad4, 0x1af4, 0x1b15, 0x1b15, 0x1b35, 0x1b35, 0x1b15, 0x1b35, 0x1b35, 0x1b15, 0x1b35, 0x1b15, 0x1b15, 0x2335, 0x2335, 0x1b35, 
	0x2335, 0x2355, 0x2b97, 0x2356, 0x2b97, 0x2377, 0x2bb8, 0x2397, 0x2397, 0x2bd8, 0x23b8, 0x2bf9, 0x2bf9, 0x2398, 0x2bd9, 0x23b8, 
	0x2398, 0x23b8, 0x1b56, 0x1b56, 0x1b77, 0x23d9, 0x23fa, 0x243b, 0x247c, 0x349a, 0x7e5d, 0xafdf, 0x661f, 0x34fc, 0x2c9c, 0x243b, 
	0x23f9, 0x23d8, 0x2397, 0x1b56, 0x1b56, 0x1b56, 0x1b56, 0x1b56, 0x1b36, 0x1b57, 0x1b77, 0x2377, 0x2356, 0x1b15, 0x1b15, 0x1b14, 
	0x1af4, 0x1af4, 0x1af4, 0x22f4, 0x1ad3, 0x1ab2, 0x1ab3, 0x1292, 0x1ab3, 0x1292, 0x1292, 0x1ab2, 0x1a92, 0x1a92, 0x1292, 0x1292, 
	0x1292, 0x1292, 0x1292, 0x1a92, 0x1ab2, 0x1292, 0x1292, 0x1271, 0x1292, 0x1292, 0x1291, 0x1291, 0x1ab2, 0x1292, 0x1271, 0x1271, 
	0x1292, 0x1292, 0x1271, 0x1292, 0x1292, 0x1292, 0x1292, 0x1292, 0x1292, 0x1292, 0x1a92, 0x1a92, 0x1a92, 0x1292, 0x1271, 0x1292, 
	0x1292, 0x1271, 0x1292, 0x1292, 0x1292, 0x1292, 0x1292, 0x1291, 0x1292, 0x1291, 0x1292, 0x1292, 0x1291, 0x1291, 0x1271, 0x1271, 
	0x1291, 0x1291, 0x1271, 0x1291, 0x1291, 0x1291, 0x1271, 0x1291, 0x1291, 0x1291, 0x1292, 0x1291, 0x1292, 0x1292, 0x1ab2, 0x1ad2, 
	0x2313, 0x2313, 0x2b74, 0x33b5, 0x3395, 0x33b5, 0x2b54, 0x2334, 0x1af3, 0x1ad2, 0x1ab2, 0x1292, 0x1292, 0x1292, 0x1292, 0x1292, 
	0x1291, 0x1291, 0x1271, 0x1271, 0x1291, 0x1271, 0x1291, 0x1271, 0x1291, 0x1291, 0x1271, 0x1291, 0x1291, 0x1291, 0x1291, 0x1271, 
	0x1291, 0x1291, 0x1292, 0x1291, 0x1271, 0x1292, 0x1292, 0x1af4, 0x1b36, 0x1316, 0x1b57, 0x1357, 0x1b78, 0x1b98, 0x1b57, 0x1315, 
	0x1af5, 0x1af5, 0x12f5, 0x12f5, 0x12f5, 0x1af4, 0x12d4, 0x1b15, 0x2356, 0x1af4, 0x1af5, 0x1b15, 0x1b35, 0x1b36, 0x1315, 0x1b15, 
	0x1af3, 0x1af3, 0x1af3, 0x1ad3, 0x1af3, 0x1af3, 0x22f3, 0x1af3, 0x1af3, 0x22f3, 0x22f3, 0x1af3, 0x1af3, 0x1af3, 0x1af3, 0x1af3, 
	0x1af3, 0x22f3, 0x22f3, 0x1af3, 0x1af3, 0x1af3, 0x1af3, 0x1af3, 0x1af3, 0x1af3, 0x1af3, 0x1af3, 0x1ad3, 0x1af3, 0x1ad3, 0x1af3, 
	0x1af3, 0x1af3, 0x1af3, 0x1ad3, 0x1af3, 0x1af3, 0x1af3, 0x1af3, 0x1ad3, 0x1ad3, 0x1ad4, 0x1af4, 0x12d3, 0x12d3, 0x1af4, 0x1af4, 
	0x1af4, 0x1af4, 0x1af4, 0x1af4, 0x1ad3, 0x1ad3, 0x12b2, 0x12b2, 0x1ab2, 0x1ab3, 0x1ab2, 0x1a92, 0x1a92, 0x1a92, 0x1a92, 0x1a92, 
	0x1a92, 0x1a92, 0x1ab3, 0x1ab3, 0x1ad3, 0x1ab3, 0x1a92, 0x1ab3, 0x1af3, 0x1ad3, 0x12d3, 0x1af4, 0x1ab3, 0x1ab3, 0x1ab3, 0x1ab3, 
	0x1ab3, 0x1ab2, 0x1a92, 0x1a92, 0x1a92, 0x1ab2, 0x1a92, 0x1a92, 0x1a92, 0x1a92, 0x1292, 0x1a92, 0x12b2, 0x12b2, 0x12b2, 0x1ab2, 
	0x1a92, 0x1ab2, 0x1a92, 0x1ab2, 0x1ab2, 0x1292, 0x1ab2, 0x1ab3, 0x12b3, 0x1ab3, 0x1ab3, 0x12b3, 0x12b3, 0x1ad3, 0x12d3, 0x12d3, 
	0x1af4, 0x1af4, 0x1b14, 0x1b35, 0x1b15, 0x1b15, 0x1b35, 0x1b55, 0x1b35, 0x1b35, 0x1b15, 0x1b35, 0x1b35, 0x2355, 0x2356, 0x2335, 
	0x1b35, 0x2335, 0x2377, 0x2377, 0x2356, 0x2376, 0x2397, 0x2397, 0x23b7, 0x23b8, 0x23b8, 0x23b8, 0x2bf9, 0x2398, 0x1b56, 0x2377, 
	0x23b8, 0x23b8, 0x2397, 0x1b77, 0x1b97, 0x1bd9, 0x23f9, 0x241a, 0x247c, 0x34bc, 0x555b, 0x9f7f, 0x7edf, 0x3d1b, 0x2c9c, 0x245b, 
	0x241a, 0x23d9, 0x1b98, 0x2397, 0x1b77, 0x1b36, 0x1b36, 0x1b36, 0x1b56, 0x1b36, 0x1b57, 0x1b36, 0x1b35, 0x1af4, 0x1b14, 0x1b14, 
	0x2335, 0x1ad4, 0x1af4, 0x1af3, 0x1292, 0x1a92, 0x1ab2, 0x1292, 0x1ad3, 0x12b2, 0x1292, 0x1ab2, 0x1292, 0x1292, 0x1a92, 0x1292, 
	0x1a92, 0x1292, 0x1292, 0x1292, 0x1ab2, 0x1ab2, 0x1292, 0x1ab2, 0x1a92, 0x1292, 0x1292, 0x1292, 0x1ab2, 0x1271, 0x1271, 0x1271, 
	0x1271, 0x1292, 0x1292, 0x1271, 0x1292, 0x1292, 0x1292, 0x1292, 0x1a92, 0x1292, 0x1272, 0x1a92, 0x1292, 0x1292, 0x1292, 0x1292, 
	0x1292, 0x1292, 0x1292, 0x1292, 0x1292, 0x1292, 0x1292, 0x1292, 0x1292, 0x1292, 0x1291, 0x1291, 0x1292, 0x1291, 0x1291, 0x1292, 
	0x1291, 0x1291, 0x1291, 0x1291, 0x1271, 0x1291, 0x1291, 0x1291, 0x1291, 0x1291, 0x1291, 0x1291, 0x1292, 0x1292, 0x1ab2, 0x1ad2, 
	0x1af3, 0x2313, 0x2334, 0x2b54, 0x2b74, 0x2b54, 0x2334, 0x1af3, 0x1ad2, 0x1ad2, 0x1ab2, 0x1292, 0x1292, 0x1292, 0x1292, 0x1292, 
	0x1292, 0x1291, 0x1291, 0x1291, 0x1292, 0x1291, 0x1291, 0x1291, 0x1271, 0x1291, 0x1291, 0x1271, 0x1291, 0x1291, 0x1292, 0x1292, 
	0x1291, 0x1292, 0x1292, 0x1292, 0x12b2, 0x12b3, 0x12d3, 0x1af4, 0x1b36, 0x1336, 0x1b36, 0x1b37, 0x1b57, 0x1b77, 0x1b36, 0x12f5, 
	0x1af5, 0x1b15, 0x1af4, 0x12d4, 0x12d4, 0x1ad4, 0x1ad4, 0x1ad4, 0x12d3, 0x1ad4, 0x12b3, 0x12d3, 0x1ad4, 0x12d4, 0x12f4, 0x1af5, 
	0x1b14, 0x1b14, 0x1af3, 0x1af3, 0x1af3, 0x1af3, 0x1af3, 0x22f3, 0x1af3, 0x1af3, 0x22f3, 0x22f3, 0x1af3, 0x1af3, 0x1af3, 0x1af3, 
	0x2313, 0x1af3, 0x1af3, 0x1af3, 0x1af3, 0x1af3, 0x1af3, 0x1af3, 0x1af3, 0x1af3, 0x1af3, 0x1af3, 0x1af3, 0x1af3, 0x1af3, 0x1af3, 
	0x1ad2, 0x1ad3, 0x1ad3, 0x1ad2, 0x1ad3, 0x1af3, 0x1af3, 0x1af3, 0x1ad3, 0x12b3, 0x1ad3, 0x1af4, 0x1ad3, 0x1af3, 0x1af3, 0x1af3, 
	0x1af3, 0x1af4, 0x1af4, 0x1af3, 0x1ad3, 0x1ad3, 0x1ad3, 0x1ad3, 0x1ad3, 0x1af3, 0x1ad3, 0x1ad3, 0x1ad3, 0x1ab3, 0x1a92, 0x1ab2, 
	0x1a92, 0x1272, 0x1a92, 0x1ab3, 0x12b2, 0x1ab2, 0x1ab2, 0x12b3, 0x1ad3, 0x1af4, 0x1af4, 0x1ad4, 0x12b3, 0x12b2, 0x1ab3, 0x1ab3, 
	0x1292, 0x1a92, 0x1a92, 0x1292, 0x1292, 0x1292, 0x1a92, 0x1292, 0x1292, 0x1292, 0x1a92, 0x1292, 0x1292, 0x1ab2, 0x1a92, 0x1292, 
	0x1292, 0x1292, 0x1a92, 0x1a92, 0x1ab3, 0x1ab3, 0x1a92, 0x1ab2, 0x1ab3, 0x1ab3, 0x1ad3, 0x1ad3, 0x12d3, 0x12b3, 0x12d3, 0x1ad3, 
	0x1ad3, 0x1af4, 0x12f4, 0x1b15, 0x1b35, 0x1b35, 0x1b35, 0x1b35, 0x1b56, 0x1b56, 0x1b56, 0x1b56, 0x1b56, 0x2356, 0x2356, 0x2356, 
	0x2bb7, 0x2376, 0x2376, 0x2377, 0x2377, 0x2376, 0x2377, 0x2377, 0x2397, 0x2397, 0x2397, 0x2398, 0x23b8, 0x23b8, 0x1b56, 0x1b56, 
	0x1b77, 0x1b78, 0x1b77, 0x1b98, 0x1bb8, 0x1bb8, 0x1bb9, 0x241a, 0x245b, 0x2cbc, 0x4d5c, 0x8f5f, 0x8f7f, 0x4d7c, 0x34dc, 0x247c, 
	0x1c1a, 0x1bd9, 0x1bb8, 0x1b97, 0x1b56, 0x1b36, 0x1b36, 0x1b36, 0x1b56, 0x1b36, 0x1b36, 0x2336, 0x1af4, 0x1af3, 0x1b14, 0x2335, 
	0x2335, 0x1af4, 0x12b3, 0x1ab3, 0x1ab2, 0x1ab2, 0x1ab2, 0x1292, 0x1ad3, 0x1ab3, 0x1292, 0x1a92, 0x1292, 0x1a92, 0x1a92, 0x1a92, 
	0x1292, 0x1a92, 0x1ab2, 0x1a92, 0x1a92, 0x1292, 0x1292, 0x1ab2, 0x1292, 0x1292, 0x1292, 0x1292, 0x1292, 0x1271, 0x1291, 0x1271, 
	0x1291, 0x1291, 0x1292, 0x1292, 0x1292, 0x1292, 0x1292, 0x1292, 0x1292, 0x1292, 0x1272, 0x1a92, 0x1ab2, 0x1a92, 0x1292, 0x1292, 
	0x1292, 0x1292, 0x1292, 0x1272, 0x1292, 0x1292, 0x1292, 0x1292, 0x1292, 0x1292, 0x1a92, 0x1292, 0x1291, 0x1292, 0x1292, 0x1292, 
	0x1292, 0x1291, 0x1291, 0x1291, 0x1291, 0x1291, 0x1291, 0x1291, 0x1291, 0x1291, 0x1291, 0x1291, 0x1292, 0x1292, 0x1ab2, 0x1ab2, 
	0x1ad3, 0x1af3, 0x1af3, 0x2313, 0x2333, 0x2313, 0x1af3, 0x1af3, 0x1ad2, 0x1ab2, 0x1ab2, 0x1292, 0x1292, 0x1292, 0x1292, 0x1292, 
	0x1291, 0x1291, 0x1291, 0x1291, 0x1292, 0x1291, 0x1291, 0x1291, 0x1291, 0x1291, 0x1271, 0x1271, 0x1291, 0x1292, 0x1291, 0x1271, 
	0x1291, 0x1292, 0x1ab3, 0x2314, 0x1ad3, 0x1af4, 0x1b15, 0x1b15, 0x1315, 0x1315, 0x1315, 0x1b36, 0x1b57, 0x1b57, 0x1b16, 0x12f5, 
	0x1af4, 0x1af4, 0x1ad4, 0x1ab3, 0x1ad3, 0x1ad3, 0x1ad3, 0x1ad4, 0x1ad3, 0x12b3, 0x1293, 0x1ab3, 0x12b3, 0x12b3, 0x12b3, 0x1af4, 
	0x1b15, 0x1b14, 0x1b14, 0x1af4, 0x1af3, 0x1b13, 0x1af3, 0x1af3, 0x2313, 0x2313, 0x2313, 0x2314, 0x2313, 0x1af3, 0x22f3, 0x22f3, 
	0x22f3, 0x1af3, 0x1af3, 0x1af3, 0x1af3, 0x1af3, 0x1af3, 0x1af3, 0x1af3, 0x1af3, 0x1af3, 0x1ad3, 0x1af3, 0x1af3, 0x1af3, 0x1af3, 
	0x1af3, 0x1ad3, 0x1ad2, 0x1ad3, 0x1ad3, 0x1af3, 0x1af3, 0x1af3, 0x1ad2, 0x1ab2, 0x1ad3, 0x1ad3, 0x1ad3, 0x1af3, 0x1af3, 0x1ad2, 
	0x1af3, 0x1af3, 0x1af3, 0x1ad3, 0x1ad3, 0x1ad3, 0x1ad3, 0x1ad3, 0x1af3, 0x1af3, 0x1af3, 0x1af3, 0x1ad3, 0x1a92, 0x1a92, 0x1a92, 
	0x1ab2, 0x5459, 0x22f3, 0x1ab2, 0x1ad3, 0x1af3, 0x1ad3, 0x1ad3, 0x1b14, 0x1af4, 0x12d3, 0x1ad3, 0x1ad3, 0x1ad3, 0x1ab3, 0x1ab3, 
	0x1a92, 0x1a92, 0x1a92, 0x1a92, 0x1ab2, 0x1292, 0x1a92, 0x1a92, 0x1a92, 0x1a92, 0x1a92, 0x1292, 0x1ab3, 0x1a92, 0x1a92, 0x1a92, 
	0x1a92, 0x1292, 0x1a92, 0x1a93, 0x1ab3, 0x1ab3, 0x1ab3, 0x1ab3, 0x12b3, 0x1ad3, 0x1ab3, 0x1ad3, 0x12b3, 0x12d3, 0x12d3, 0x1ad3, 
	0x1af4, 0x1af4, 0x1b15, 0x1b15, 0x1b35, 0x1b35, 0x1b35, 0x1b15, 0x1b36, 0x1b56, 0x1b56, 0x1b56, 0x1b56, 0x2397, 0x2356, 0x2376, 
	0x2377, 0x2376, 0x2356, 0x2376, 0x2377, 0x2377, 0x2397, 0x2b97, 0x2356, 0x2376, 0x2377, 0x23b8, 0x2bd9, 0x1b77, 0x1b56, 0x1b56, 
	0x1b77, 0x1b98, 0x23b8, 0x1b98, 0x2398, 0x23d9, 0x23f9, 0x241a, 0x243b, 0x2c9b, 0x455c, 0x871f, 0xa7df, 0x5dfd, 0x351c, 0x249c, 
	0x1c3b, 0x1bd9, 0x1bb8, 0x1b97, 0x1b56, 0x1b36, 0x1b36, 0x1b35, 0x1b36, 0x1b35, 0x1b15, 0x1b15, 0x1af4, 0x1af3, 0x1af4, 0x1af4, 
	0x1af4, 0x1af4, 0x1ad3, 0x1ad3, 0x1ab3, 0x12b2, 0x1ab2, 0x1ab2, 0x1ab2, 0x12b2, 0x1ab3, 0x1ad3, 0x1a92, 0x1ad3, 0x1ab3, 0x1a92, 
	0x1ab3, 0x1292, 0x1292, 0x1a92, 0x1292, 0x1292, 0x1a92, 0x1292, 0x1a92, 0x1a92, 0x1292, 0x1292, 0x1292, 0x1292, 0x1292, 0x1271, 
	0x1292, 0x1292, 0x1292, 0x1292, 0x1292, 0x1292, 0x1292, 0x1292, 0x1292, 0x1292, 0x1a92, 0x1a92, 0x1a92, 0x1a92, 0x1a92, 0x1a92, 
	0x1292, 0x1292, 0x1292, 0x1292, 0x1292, 0x1292, 0x1a92, 0x1272, 0x1a92, 0x1a92, 0x1a92, 0x1292, 0x1292, 0x1292, 0x1292, 0x1292, 
	0x1292, 0x1292, 0x1292, 0x1292, 0x1292, 0x1291, 0x1292, 0x1271, 0x1291, 0x1291, 0x1291, 0x1292, 0x1292, 0x1292, 0x1292, 0x1ab2, 
	0x1ad3, 0x1ad3, 0x1af3, 0x1af3, 0x1af3, 0x1af3, 0x1ad3, 0x1ad2, 0x1ab2, 0x1ab2, 0x1ab2, 0x1292, 0x1292, 0x1292, 0x1292, 0x1292, 
	0x1292, 0x1292, 0x1292, 0x1292, 0x1292, 0x1292, 0x1291, 0x1291, 0x1a92, 0x1a92, 0x1292, 0x1292, 0x1292, 0x1292, 0x1292, 0x1292, 
	0x12b2, 0x1ad3, 0x1ab3, 0x1ad3, 0x12b3, 0x12d4, 0x1b15, 0x1b15, 0x1b36, 0x1b36, 0x1b36, 0x2bb8, 0x2377, 0x1b57, 0x1b15, 0x1af4, 
	0x1ad4, 0x1ad3, 0x1ab3, 0x1ab3, 0x1ab3, 0x1ab3, 0x1ab3, 0x1ab3, 0x1ab3, 0x1292, 0x1293, 0x1ab3, 0x12b3, 0x12b3, 0x12b3, 0x12d4, 
	0x1b36, 0x1b35, 0x1b15, 0x1b14, 0x1b14, 0x2314, 0x1b14, 0x2314, 0x2313, 0x2313, 0x2314, 0x2314, 0x2314, 0x1af3, 0x22f3, 0x2313, 
	0x1af3, 0x1af3, 0x1af3, 0x1af3, 0x1af3, 0x1af3, 0x1af3, 0x1af3, 0x1af3, 0x1af3, 0x1af3, 0x1af3, 0x1af3, 0x1af3, 0x1af3, 0x1af3, 
	0x1af3, 0x1af3, 0x1af3, 0x1ad3, 0x1af3, 0x1af3, 0x1af3, 0x1af3, 0x1af3, 0x1ad3, 0x1af3, 0x1af3, 0x1af3, 0x1b13, 0x1af3, 0x1af3, 
	0x2313, 0x2313, 0x1af3, 0x1af3, 0x1af3, 0x1af3, 0x1af3, 0x1af3, 0x1af3, 0x1af3, 0x1af3, 0x1af3, 0x1ab3, 0x1292, 0x1a92, 0x1a92, 
	0x1ab2, 0x2b13, 0x1af3, 0x1af3, 0x1ad3, 0x1af3, 0x1af3, 0x1af3, 0x1af3, 0x1af3, 0x1af3, 0x1af3, 0x1af3, 0x1af3, 0x1af3, 0x1ad3, 
	0x1ad3, 0x1ad3, 0x1ab2, 0x1a92, 0x1a92, 0x1a92, 0x1a92, 0x1a92, 0x1a92, 0x1a92, 0x1a92, 0x1292, 0x1292, 0x1a92, 0x1a92, 0x1a92, 
	0x1a92, 0x1a92, 0x1a92, 0x1a92, 0x1292, 0x1ab3, 0x1ad3, 0x12b3, 0x1ad3, 0x1af3, 0x1ad3, 0x12d3, 0x12d3, 0x12d3, 0x1ad4, 0x1af4, 
	0x1af4, 0x12d4, 0x1af4, 0x1b15, 0x1b15, 0x1b35, 0x1b15, 0x2336, 0x2356, 0x1b36, 0x2377, 0x1b56, 0x1b77, 0x2377, 0x1b56, 0x2376, 
	0x2397, 0x2397, 0x2376, 0x2376, 0x2b97, 0x2377, 0x2377, 0x2377, 0x2376, 0x2376, 0x2377, 0x2398, 0x2398, 0x1b77, 0x2377, 0x2bd8, 
	0x23b8, 0x23d9, 0x23d9, 0x1b98, 0x1b97, 0x1bb8, 0x1bd9, 0x1c1a, 0x1c3b, 0x2c9b, 0x4d9d, 0x873f, 0xafff, 0x765d, 0x351c, 0x24bd, 
	0x247c, 0x1bd9, 0x1bd9, 0x1b97, 0x1b57, 0x1b36, 0x1b36, 0x1b36, 0x1b36, 0x1b56, 0x1b14, 0x1af4, 0x1af3, 0x1af3, 0x1af3, 0x1af4, 
	0x1af4, 0x1af3, 0x1ad3, 0x1ad3, 0x1ab3, 0x1af3, 0x1ab3, 0x12b2, 0x1ad3, 0x1ab3, 0x1ab3, 0x1ab3, 0x1ab3, 0x1ab3, 0x1a93, 0x1ad3, 
	0x1ab3, 0x1292, 0x1ab2, 0x1ab2, 0x1ab3, 0x1292, 0x1ab2, 0x1ab3, 0x1a92, 0x1a92, 0x1292, 0x1292, 0x1a92, 0x1a92, 0x1a92, 0x1a92, 
	0x1ab2, 0x1a92, 0x1a92, 0x1a92, 0x1292, 0x1292, 0x1292, 0x1a92, 0x1292, 0x1a92, 0x1a92, 0x1a92, 0x1a92, 0x1ab2, 0x1ab2, 0x1a92, 
	0x1292, 0x1292, 0x1292, 0x1292, 0x1292, 0x1a92, 0x1a92, 0x1a92, 0x1a92, 0x1a92, 0x1a92, 0x1a92, 0x1a92, 0x1292, 0x1292, 0x1292, 
	0x1292, 0x1292, 0x1292, 0x1292, 0x1292, 0x1a92, 0x1292, 0x1292, 0x1a91, 0x1a92, 0x1292, 0x1292, 0x1292, 0x1292, 0x1a92, 0x1a92, 
	0x1ab2, 0x1ab2, 0x1ad2, 0x1ad3, 0x1ad3, 0x1af3, 0x1ad2, 0x1ab2, 0x1ab2, 0x1ab2, 0x1a92, 0x1a92, 0x1292, 0x1292, 0x1a92, 0x1292, 
	0x1292, 0x1292, 0x1292, 0x1a92, 0x1292, 0x1292, 0x1292, 0x1a92, 0x1a92, 0x1a92, 0x1a92, 0x1a92, 0x1292, 0x1292, 0x1292, 0x1ad3, 
	0x1af4, 0x1af4, 0x1af4, 0x12d4, 0x12d3, 0x1af4, 0x1b15, 0x1b36, 0x1b36, 0x1b36, 0x1b56, 0x2397, 0x1b77, 0x1b36, 0x1b15, 0x1af4, 
	0x1ad4, 0x1ad3, 0x1ab3, 0x1ab3, 0x1ab3, 0x1292, 0x1292, 0x1292, 0x1ab3, 0x1ab3, 0x1ab3, 0x1ab3, 0x1ad3, 0x1ad3, 0x1ad4, 0x1af4, 
	0x2397, 0x2377, 0x2335, 0x2315, 0x2314, 0x2314, 0x2314, 0x1b14, 0x1af3, 0x1af3, 0x1af3, 0x2314, 0x2314, 0x1af3, 0x1af3, 0x2313, 
	0x1af3, 0x1af3, 0x2313, 0x1af3, 0x1af3, 0x1af3, 0x1af3, 0x1af3, 0x1af3, 0x1af3, 0x1af3, 0x1af3, 0x1af3, 0x1af3, 0x1af3, 0x1af3, 
	0x1af3, 0x1af3, 0x1ad3, 0x1af3, 0x1ad3, 0x1af3, 0x1af3, 0x1af3, 0x1af3, 0x1af3, 0x1af3, 0x1af3, 0x1af3, 0x1af3, 0x1af3, 0x1af3, 
	0x1b13, 0x1af3, 0x1af3, 0x1af3, 0x1af3, 0x1af3, 0x1af3, 0x1af3, 0x1af3, 0x1af3, 0x1af3, 0x1ad3, 0x1ab3, 0x1a92, 0x1ab2, 0x1ab2, 
	0x1ad3, 0x1ad2, 0x1af3, 0x1af3, 0x1af3, 0x1af3, 0x1af3, 0x1af3, 0x1af3, 0x1af3, 0x1af3, 0x1af3, 0x1af3, 0x1af3, 0x1af3, 0x1af3, 
	0x1af3, 0x1af3, 0x1ad3, 0x1ad3, 0x1ab2, 0x1ab2, 0x1a92, 0x1a92, 0x1a92, 0x1292, 0x1292, 0x1ab2, 0x1a92, 0x1a92, 0x1292, 0x1a92, 
	0x1a92, 0x1ab2, 0x1a92, 0x1ab2, 0x1ab2, 0x1ab2, 0x1ab3, 0x1ad3, 0x1ad3, 0x1ad3, 0x1af4, 0x1ad3, 0x1af3, 0x12f4, 0x1af4, 0x1af4, 
	0x12f4, 0x1af4, 0x1af4, 0x1b14, 0x1b15, 0x1b15, 0x1b15, 0x2376, 0x2bb7, 0x1b35, 0x1b56, 0x1b56, 0x2377, 0x1b76, 0x1b56, 0x2376, 
	0x2397, 0x2397, 0x2376, 0x2397, 0x2377, 0x2377, 0x2397, 0x2377, 0x2397, 0x2397, 0x2bb8, 0x23b8, 0x23b8, 0x2397, 0x2398, 0x2bfa, 
	0x2bfa, 0x1bb9, 0x1b98, 0x1b98, 0x1b98, 0x23b8, 0x1bd9, 0x1c1a, 0x1c3b, 0x249b, 0x4dfe, 0x8f9f, 0xb7ff, 0x8eff, 0x3d5d, 0x24bd, 
	0x1c3b, 0x1bfa, 0x1bb8, 0x1b97, 0x1b56, 0x1b56, 0x1b36, 0x1b36, 0x1b15, 0x2356, 0x1b14, 0x1af3, 0x1af3, 0x1af3, 0x1af3, 0x1af3, 
	0x1af3, 0x1af3, 0x1ad3, 0x1ad3, 0x1af4, 0x2314, 0x1ad3, 0x1ad3, 0x12b3, 0x1ad3, 0x1af3, 0x1292, 0x1ad3, 0x1ab3, 0x1292, 0x1ad3, 
	0x1ab3, 0x1292, 0x1ad3, 0x1ab3, 0x1292, 0x1a93, 0x1a93, 0x22d3, 0x1a92, 0x1292, 0x1a92, 0x1a92, 0x1a92, 0x1a92, 0x1a92, 0x1a92, 
	0x1ab2, 0x1a92, 0x1292, 0x1292, 0x1292, 0x1a92, 0x1292, 0x1292, 0x1292, 0x1a92, 0x1a92, 0x1a92, 0x1a92, 0x1a92, 0x1ab2, 0x1a92, 
	0x1a92, 0x1a92, 0x1292, 0x1a92, 0x1a92, 0x1a92, 0x1a92, 0x1a92, 0x1a92, 0x1a92, 0x1292, 0x1292, 0x1a92, 0x1292, 0x1a92, 0x1292, 
	0x1292, 0x1292, 0x1a92, 0x1a92, 0x1a92, 0x1a92, 0x1a92, 0x1a92, 0x1a92, 0x1a92, 0x1292, 0x1292, 0x1292, 0x1292, 0x1292, 0x1a92, 
	0x1ab2, 0x1ab2, 0x1ab2, 0x1ad2, 0x1ab2, 0x1ab2, 0x1ab2, 0x1ab2, 0x1a92, 0x1292, 0x1a92, 0x1a92, 0x1a92, 0x1a92, 0x1a92, 0x1a92, 
	0x1a92, 0x1292, 0x1292, 0x1292, 0x1292, 0x1272, 0x1a92, 0x1a92, 0x1a72, 0x1a92, 0x1a92, 0x1a92, 0x1292, 0x1ab3, 0x1af4, 0x1af4, 
	0x1b14, 0x1af4, 0x1af5, 0x1af5, 0x1b15, 0x1b35, 0x1b36, 0x1b35, 0x1b15, 0x1b15, 0x1b15, 0x1b36, 0x1b57, 0x1b36, 0x1b36, 0x1af4, 
	0x12b3, 0x12b3, 0x1ad3, 0x1ad4, 0x1ad3, 0x1ad3, 0x1ad3, 0x1ab3, 0x1ab3, 0x1ab3, 0x1ab3, 0x1ad3, 0x1ad4, 0x1af4, 0x1af4, 0x1af4, 
	0x2397, 0x2377, 0x2356, 0x2315, 0x2315, 0x2314, 0x2314, 0x1af4, 0x1b14, 0x1af3, 0x1af3, 0x2314, 0x1af3, 0x1af3, 0x1af3, 0x1af3, 
	0x2313, 0x2313, 0x2313, 0x1af3, 0x1af3, 0x1af3, 0x1af3, 0x1af3, 0x1af3, 0x1af3, 0x1af3, 0x1af3, 0x1af3, 0x1af3, 0x1af3, 0x1af3, 
	0x1af3, 0x1af3, 0x1ad3, 0x1ad3, 0x1af3, 0x1af3, 0x1af3, 0x1af3, 0x1af3, 0x1af3, 0x1af3, 0x1af3, 0x1af3, 0x1af3, 0x1af3, 0x1af3, 
	0x1af3, 0x1af3, 0x1af3, 0x1af3, 0x1af3, 0x1af3, 0x1af3, 0x1af3, 0x1af3, 0x1af3, 0x1af3, 0x1af3, 0x1ad3, 0x1ab3, 0x1ab2, 0x1ab3, 
	0x1ad3, 0x1ad3, 0x1af3, 0x1af3, 0x1af3, 0x1ad3, 0x1af3, 0x1af3, 0x1af3, 0x1af3, 0x1af3, 0x1af3, 0x1af3, 0x1af3, 0x1af3, 0x1af3, 
	0x1af3, 0x1af3, 0x1af3, 0x1ad3, 0x1ad3, 0x1ad3, 0x1ab2, 0x1ab2, 0x1ab2, 0x1292, 0x1a92, 0x1a92, 0x1a92, 0x1ab2, 0x1a92, 0x1a92, 
	0x1a92, 0x1a92, 0x1a92, 0x1a92, 0x1ab2, 0x1a92, 0x1ab2, 0x1ad3, 0x1ad3, 0x1ad3, 0x1af4, 0x1af4, 0x1af4, 0x1ad4, 0x1af4, 0x1af4, 
	0x1af4, 0x1af4, 0x1b14, 0x1b14, 0x1b15, 0x1b15, 0x2356, 0x1b35, 0x12f4, 0x2397, 0x2bb7, 0x1b36, 0x2376, 0x1b56, 0x1b56, 0x2376, 
	0x2377, 0x2397, 0x2376, 0x2376, 0x2397, 0x2397, 0x2397, 0x2377, 0x2356, 0x2377, 0x2397, 0x2bf9, 0x2bf9, 0x2398, 0x343a, 0x2bfa, 
	0x23d9, 0x23d9, 0x1bb8, 0x23b8, 0x23b8, 0x2398, 0x1bb8, 0x1bd9, 0x1c3a, 0x247b, 0x3d7c, 0x76ff, 0xbfff, 0x9f7f, 0x45be, 0x24dd, 
	0x1c5c, 0x1bfa, 0x1bb8, 0x1b97, 0x2397, 0x1b36, 0x1b15, 0x1b15, 0x1b15, 0x1b14, 0x1b14, 0x1af4, 0x1b13, 0x1af3, 0x1af3, 0x1af3, 
	0x1af3, 0x1ad3, 0x1af3, 0x1ad3, 0x1af3, 0x12b3, 0x2335, 0x1af4, 0x12b3, 0x1ad3, 0x1ab3, 0x1ab3, 0x1ab3, 0x1ad3, 0x1ab3, 0x1ab3, 
	0x1ad4, 0x1ad4, 0x1ad4, 0x1af4, 0x1ad4, 0x1ab3, 0x1293, 0x1ab3, 0x1ab3, 0x1a92, 0x1a92, 0x1a92, 0x1a92, 0x1a92, 0x1a92, 0x1a92, 
	0x1a92, 0x1a92, 0x1a92, 0x1a92, 0x1a92, 0x1a92, 0x1a92, 0x1292, 0x1a92, 0x1a92, 0x1a92, 0x1a92, 0x1a92, 0x1a92, 0x1a92, 0x1a92, 
	0x1292, 0x1a92, 0x1292, 0x1a92, 0x1a92, 0x1272, 0x1a92, 0x1ab2, 0x1a92, 0x1a92, 0x1292, 0x1ab2, 0x1a92, 0x1a92, 0x1a92, 0x1a92, 
	0x1a92, 0x1292, 0x1a92, 0x1a92, 0x1a92, 0x1a92, 0x1292, 0x1a92, 0x1a92, 0x1a92, 0x1a92, 0x1a92, 0x1292, 0x1a92, 0x1292, 0x1a92, 
	0x1a92, 0x1a92, 0x1a92, 0x1a92, 0x1ab2, 0x1a92, 0x1a92, 0x1a92, 0x1a92, 0x1a92, 0x1a92, 0x1a92, 0x1a92, 0x1a92, 0x1a92, 0x1a92, 
	0x1292, 0x1292, 0x1ab2, 0x1a92, 0x1a92, 0x1a92, 0x1a92, 0x1a92, 0x1a92, 0x1a92, 0x1a92, 0x1a92, 0x1ab3, 0x1af4, 0x1b15, 0x1b15, 
	0x1b15, 0x1af4, 0x1b15, 0x1b15, 0x1b36, 0x1b36, 0x1b35, 0x1b15, 0x1af4, 0x12d4, 0x12d4, 0x12f5, 0x1b57, 0x1b36, 0x1b15, 0x1ad4, 
	0x1ad4, 0x1ad4, 0x1af4, 0x1af4, 0x1af4, 0x1b14, 0x1ad4, 0x1ad3, 0x1ad3, 0x1ad3, 0x1ad3, 0x1ad4, 0x12d3, 0x12d3, 0x12d4, 0x12d4, 
	0x1b56, 0x2335, 0x2315, 0x1b14, 0x1af4, 0x2314, 0x1af4, 0x1af4, 0x1af3, 0x1af3, 0x1af3, 0x2314, 0x1af3, 0x1af3, 0x1af3, 0x1af3, 
	0x2314, 0x2314, 0x2314, 0x1af3, 0x1af3, 0x1af3, 0x1af3, 0x1af3, 0x1af3, 0x1af3, 0x1af3, 0x1af3, 0x1af3, 0x1af3, 0x1af3, 0x1af3, 
	0x1ad3, 0x1af3, 0x1ad3, 0x1af3, 0x1af3, 0x1af3, 0x1af3, 0x1af3, 0x1ad3, 0x1af3, 0x1af3, 0x1af3, 0x1af3, 0x1af3, 0x1af3, 0x1af3, 
	0x1af3, 0x1af3, 0x1af3, 0x1af3, 0x1af3, 0x1af3, 0x1af3, 0x1af4, 0x1af3, 0x1af3, 0x1af3, 0x1af3, 0x1af3, 0x1af3, 0x1ad3, 0x1ad3, 
	0x1ad3, 0x1af3, 0x1af3, 0x1af3, 0x1af3, 0x1af3, 0x1af3, 0x1af3, 0x1af3, 0x1af3, 0x1af3, 0x1af3, 0x1ad3, 0x1af3, 0x1ad2, 0x1af3, 
	0x1ad2, 0x1ad2, 0x1af3, 0x1ad3, 0x1ad3, 0x1af3, 0x22f3, 0x1ad3, 0x1ad2, 0x1ab2, 0x1ab2, 0x1ab2, 0x1ab2, 0x1ab2, 0x1a92, 0x1ab2, 
	0x1ab2, 0x1ab2, 0x1ab2, 0x1ad3, 0x1ab2, 0x1ab2, 0x1ab3, 0x1ad3, 0x1ad3, 0x1ad3, 0x1af4, 0x1af4, 0x1ad3, 0x1ad3, 0x1af4, 0x1af4, 
	0x1af4, 0x1af4, 0x1af4, 0x1b14, 0x1b15, 0x1b35, 0x1b56, 0x1b56, 0x1b35, 0x2377, 0x2397, 0x1b36, 0x1b56, 0x1b56, 0x1b36, 0x2356, 
	0x2397, 0x2397, 0x2356, 0x2356, 0x2376, 0x2356, 0x2356, 0x2376, 0x2377, 0x2377, 0x3c3a, 0x447b, 0x2bd9, 0x2bd9, 0x341a, 0x23d9, 
	0x23d9, 0x23b9, 0x1b98, 0x2398, 0x1b77, 0x1b77, 0x1bb8, 0x1bd9, 0x1c1a, 0x1c7b, 0x2d3c, 0x669f, 0xb7ff, 0xafdf, 0x561e, 0x251d, 
	0x1c7c, 0x1c1a, 0x1bd9, 0x1b98, 0x1b77, 0x1b56, 0x1b35, 0x1b14, 0x1b14, 0x1b14, 0x1af4, 0x1af4, 0x1af4, 0x1af4, 0x1af3, 0x1af3, 
	0x1af3, 0x1af3, 0x22f3, 0x1ad3, 0x1ad3, 0x1ad3, 0x1ad3, 0x1ad3, 0x1ad3, 0x1ad3, 0x1ab3, 0x1ab2, 0x1ab3, 0x1ad3, 0x1ab3, 0x1ad4, 
	0x1af4, 0x1b15, 0x1b35, 0x1b15, 0x1b14, 0x1af4, 0x1ad4, 0x1ad3, 0x1ab3, 0x1ab2, 0x1a92, 0x1a92, 0x1ab2, 0x1ab2, 0x1a92, 0x1a92, 
	0x1a92, 0x1a92, 0x1a92, 0x1a92, 0x1a92, 0x1292, 0x1a92, 0x1a92, 0x1a92, 0x1292, 0x1272, 0x1a92, 0x1272, 0x1a92, 0x1a92, 0x1a92, 
	0x1a92, 0x1292, 0x1ab2, 0x1ab2, 0x2b13, 0x3bb6, 0x1ab2, 0x1a92, 0x1a92, 0x1a92, 0x1a92, 0x1a92, 0x1a92, 0x1a92, 0x1a92, 0x1a92, 
	0x1a92, 0x1a92, 0x1a92, 0x1a92, 0x1ab3, 0x1ab3, 0x1a92, 0x1a92, 0x1a92, 0x1a92, 0x1a92, 0x1a92, 0x1a92, 0x1292, 0x1a92, 0x1a92, 
	0x1a92, 0x1a92, 0x1a92, 0x1a92, 0x1a92, 0x1a92, 0x1a92, 0x1a92, 0x1a92, 0x1a92, 0x1a92, 0x1a92, 0x1a92, 0x1a92, 0x1a92, 0x1a92, 
	0x1292, 0x1292, 0x1a92, 0x1a92, 0x1a92, 0x1a92, 0x1a92, 0x1a92, 0x1a92, 0x1a92, 0x1a92, 0x1a92, 0x1ab3, 0x1ab3, 0x1ad4, 0x1af4, 
	0x1b14, 0x1b15, 0x1af4, 0x1af5, 0x1b15, 0x1b15, 0x1b15, 0x1af4, 0x1ad4, 0x12d3, 0x12d4, 0x1b15, 0x1b56, 0x1b36, 0x1b15, 0x1af4, 
	0x1af4, 0x1af4, 0x1b15, 0x1b15, 0x1af4, 0x1af4, 0x1af4, 0x1af4, 0x1af4, 0x1af4, 0x1ad4, 0x1ad4, 0x12d4, 0x12f4, 0x1af4, 0x12f4, 
	0x1b15, 0x1b15, 0x1af4, 0x1af4, 0x1af4, 0x1af4, 0x1af3, 0x1af3, 0x1af3, 0x1af3, 0x1af3, 0x1af3, 0x1af3, 0x1af3, 0x1af3, 0x1af3, 
	0x1af3, 0x1af3, 0x1af3, 0x1af3, 0x1af3, 0x1af3, 0x1af3, 0x1af3, 0x1af3, 0x1af3, 0x1af3, 0x1af3, 0x1af3, 0x1af3, 0x1af3, 0x1ad3, 
	0x1af3, 0x1ad3, 0x1ad3, 0x1af3, 0x1ad3, 0x1af3, 0x1af3, 0x1af3, 0x1af3, 0x1ad3, 0x1af3, 0x1af3, 0x1af3, 0x1af3, 0x1af3, 0x1af3, 
	0x1af3, 0x1af3, 0x1af3, 0x1af3, 0x2313, 0x1af3, 0x1af3, 0x1af4, 0x1af3, 0x1af3, 0x1af4, 0x1af4, 0x1af3, 0x1af3, 0x1af3, 0x1af3, 
	0x1af3, 0x1ad3, 0x1af3, 0x1af3, 0x1af3, 0x1af3, 0x1af3, 0x1af3, 0x1af3, 0x1af3, 0x1af3, 0x1af3, 0x1af3, 0x1af3, 0x1ad3, 0x1af3, 
	0x1af3, 0x1af3, 0x1af3, 0x1af3, 0x1af3, 0x1af3, 0x1af3, 0x1af3, 0x1ad3, 0x1af3, 0x1ad3, 0x1ad3, 0x1ab2, 0x1ab2, 0x1a92, 0x1ab2, 
	0x1ab2, 0x1ab2, 0x1ab2, 0x1ab3, 0x1ab2, 0x1ab2, 0x1ab3, 0x1ab3, 0x1ad3, 0x1af3, 0x1ad3, 0x1ad3, 0x2335, 0x1af4, 0x12d3, 0x1b14, 
	0x1b14, 0x1af4, 0x1b15, 0x1b15, 0x1b35, 0x1b36, 0x1b56, 0x1b56, 0x1b56, 0x1b56, 0x1b36, 0x1b56, 0x1b56, 0x1b36, 0x1b36, 0x1b36, 
	0x2356, 0x2397, 0x2356, 0x2356, 0x2356, 0x2b76, 0x2b96, 0x2356, 0x2356, 0x2377, 0x33f8, 0x33f9, 0x2bb8, 0x2bb9, 0x2bd9, 0x23b9, 
	0x23d9, 0x23b9, 0x1b78, 0x2398, 0x2377, 0x1b57, 0x1b98, 0x1bd9, 0x1c1a, 0x1c5b, 0x24fc, 0x563f, 0xafdf, 0xafff, 0x5e7f, 0x2d3d, 
	0x249c, 0x1c1b, 0x23fa, 0x23b8, 0x1b56, 0x1b36, 0x1b35, 0x1b14, 0x1b14, 0x1b14, 0x1af4, 0x1b14, 0x1b14, 0x1af3, 0x1af3, 0x1af3, 
	0x1af3, 0x1af3, 0x1ad3, 0x1ad3, 0x1ad3, 0x1ad3, 0x1ab3, 0x1ad3, 0x1ab3, 0x1ab3, 0x1ab3, 0x1ab3, 0x1ab3, 0x1af3, 0x12b3, 0x1ad3, 
	0x1af4, 0x1b15, 0x1b15, 0x1b15, 0x1af4, 0x1ad3, 0x1ad3, 0x1ab3, 0x1ab2, 0x1a92, 0x1ab2, 0x1ab2, 0x1ab2, 0x1ab2, 0x1ab2, 0x1a92, 
	0x1a92, 0x1ab2, 0x1a92, 0x1a92, 0x1a92, 0x1a92, 0x1a92, 0x1292, 0x1a92, 0x1292, 0x1a92, 0x1292, 0x1292, 0x1a92, 0x1a92, 0x1a92, 
	0x1a92, 0x1292, 0x1292, 0x1ab2, 0x22d2, 0x2b34, 0x1a92, 0x1a92, 0x1a92, 0x1a92, 0x1a92, 0x1a92, 0x1a92, 0x1ab2, 0x1ab2, 0x1ab2, 
	0x1ab2, 0x1ab2, 0x1a92, 0x1ab3, 0x1ab3, 0x1ad3, 0x1ab3, 0x1a92, 0x1a92, 0x1a92, 0x1a92, 0x1a92, 0x1a92, 0x1a92, 0x1292, 0x1a92, 
	0x1a92, 0x1a92, 0x1ab2, 0x1a92, 0x1a92, 0x1a92, 0x1a92, 0x1292, 0x1a92, 0x1a92, 0x1a92, 0x1a92, 0x1292, 0x1292, 0x1a92, 0x1a92, 
	0x1292, 0x1a92, 0x1a92, 0x1a92, 0x1a92, 0x1a92, 0x1a92, 0x1a92, 0x1a92, 0x1292, 0x1a92, 0x1a92, 0x1a92, 0x1a92, 0x1ab3, 0x1ab3, 
	0x1ad3, 0x1af4, 0x1ad4, 0x1ad4, 0x1af4, 0x1af4, 0x1ad4, 0x1ab3, 0x1ad3, 0x1af4, 0x1b15, 0x2376, 0x1b36, 0x1b15, 0x1b15, 0x1af4, 
	0x1af5, 0x1b15, 0x1b15, 0x1af4, 0x1b14, 0x1b14, 0x1af4, 0x1af4, 0x1af4, 0x1af4, 0x1af4, 0x1af4, 0x12d4, 0x12d3, 0x1af4, 0x1ad3, 
	0x1af4, 0x1af4, 0x1af4, 0x1af3, 0x1af3, 0x1af3, 0x1af3, 0x1af3, 0x1af3, 0x1af3, 0x1af3, 0x1af3, 0x1af3, 0x1af3, 0x22f3, 0x22f3, 
	0x1af3, 0x1af3, 0x22f3, 0x22f3, 0x1af3, 0x1af3, 0x1af3, 0x1af3, 0x1af3, 0x1af3, 0x1af3, 0x1ad3, 0x1ad3, 0x1af3, 0x1af3, 0x1af3, 
	0x1af3, 0x1af3, 0x1af3, 0x1af3, 0x1af3, 0x1af3, 0x1af3, 0x1af3, 0x1af3, 0x1af3, 0x1af3, 0x1ad3, 0x1af3, 0x1af3, 0x1af3, 0x1af3, 
	0x1af3, 0x1af3, 0x1af3, 0x1af3, 0x1af3, 0x1af3, 0x1af3, 0x1af3, 0x1af3, 0x1af3, 0x1b14, 0x1b14, 0x1b14, 0x1b14, 0x1af4, 0x1af3, 
	0x1af4, 0x1ad3, 0x1af4, 0x1b14, 0x1af3, 0x1af3, 0x1af3, 0x1ad3, 0x1af3, 0x1af3, 0x1ad3, 0x1af3, 0x1ad2, 0x1af3, 0x1af3, 0x1af3, 
	0x1af3, 0x1ad3, 0x1af3, 0x1af3, 0x1af3, 0x1af3, 0x1af3, 0x1af3, 0x1af3, 0x1af3, 0x1af3, 0x1af3, 0x1af3, 0x1ad3, 0x1ad2, 0x1ab2, 
	0x1ad2, 0x1ad3, 0x1ab2, 0x1ab2, 0x1ab3, 0x1ab3, 0x1ad3, 0x1ad3, 0x1ad2, 0x2b75, 0x1af3, 0x12b3, 0x33b6, 0x2334, 0x1ad3, 0x1b14, 
	0x1af4, 0x2335, 0x2356, 0x1b15, 0x2335, 0x2356, 0x1b36, 0x1b36, 0x1b15, 0x1b35, 0x1b35, 0x2356, 0x1b36, 0x1b36, 0x2335, 0x2335, 
	0x1b36, 0x2376, 0x2356, 0x2335, 0x2356, 0x33d8, 0x33b7, 0x2356, 0x2356, 0x2356, 0x2b97, 0x2377, 0x2398, 0x23b8, 0x23b8, 0x1b98, 
	0x23b8, 0x1b98, 0x1b78, 0x1b77, 0x1b57, 0x1b56, 0x1b77, 0x1bb8, 0x1bfa, 0x1c3b, 0x1cbc, 0x45de, 0x979f, 0xa7ff, 0x5e9f, 0x2d3d, 
	0x1c7c, 0x1bfa, 0x1bd9, 0x1b78, 0x1b56, 0x1b35, 0x1b15, 0x1b14, 0x1b14, 0x1b14, 0x2314, 0x2314, 0x2314, 0x1af3, 0x1af3, 0x1af3, 
	0x1af3, 0x1af3, 0x1af3, 0x1af3, 0x1ab2, 0x1ad3, 0x1ad3, 0x1ab3, 0x1ab3, 0x1ad3, 0x1ab3, 0x1ab3, 0x1ab3, 0x1ad3, 0x1ad3, 0x12b3, 
	0x1ad3, 0x1b14, 0x1af4, 0x1ad4, 0x1ad3, 0x1ad3, 0x1ab3, 0x1ab3, 0x1ab3, 0x1ab3, 0x1ab3, 0x22f4, 0x1ad3, 0x1ab2, 0x1a92, 0x1ab3, 
	0x1ab3, 0x1ab3, 0x1ab2, 0x1ab2, 0x1ab2, 0x1ab2, 0x1a92, 0x1a92, 0x1a92, 0x1292, 0x1a92, 0x1a92, 0x1a92, 0x1a92, 0x1a92, 0x1a92, 
	0x1ad3, 0x1292, 0x1292, 0x1a92, 0x1ab2, 0x1a92, 0x1a92, 0x1a92, 0x1a92, 0x1a92, 0x1a92, 0x1a92, 0x1a92, 0x1a92, 0x1ab2, 0x1ab3, 
	0x1a92, 0x1ab2, 0x1ab3, 0x1ab3, 0x1ab3, 0x1272, 0x1a92, 0x1a92, 0x1a92, 0x1a92, 0x1a92, 0x1a92, 0x1a92, 0x1a92, 0x1a92, 0x1a92, 
	0x1a92, 0x1292, 0x1ab2, 0x1a92, 0x1a92, 0x1a92, 0x1a92, 0x1a92, 0x1a92, 0x1a92, 0x1a92, 0x1a92, 0x1a92, 0x1292, 0x1a92, 0x1a92, 
	0x1271, 0x1292, 0x1a92, 0x1ab3, 0x3355, 0x1ab2, 0x1292, 0x1a92, 0x1a92, 0x1a92, 0x1a92, 0x1a92, 0x1a92, 0x1a92, 0x1a92, 0x1292, 
	0x1ab3, 0x1ab3, 0x1ab3, 0x1ab3, 0x1ab3, 0x12b3, 0x1ab3, 0x1ab3, 0x1292, 0x1ad3, 0x1b15, 0x1b35, 0x1b15, 0x1af5, 0x12f4, 0x1b15, 
	0x1b15, 0x1b35, 0x1b15, 0x2356, 0x1b35, 0x1af4, 0x1b14, 0x1af4, 0x1af4, 0x1af4, 0x1af4, 0x1af4, 0x12d3, 0x12d3, 0x12d3, 0x1ad3, 
	0x2314, 0x1af3, 0x1af3, 0x1af3, 0x1af3, 0x1af3, 0x1af3, 0x1af3, 0x1af3, 0x1af3, 0x1af3, 0x1af3, 0x1af3, 0x1af3, 0x1af3, 0x22f3, 
	0x1af3, 0x1af3, 0x22f4, 0x1af3, 0x1af3, 0x1af3, 0x1af3, 0x1af3, 0x1af3, 0x1af3, 0x1af3, 0x1af3, 0x1af3, 0x1af3, 0x1af3, 0x1af3, 
	0x1af3, 0x1af3, 0x1af3, 0x1af3, 0x1af3, 0x1af3, 0x1af3, 0x1af3, 0x1af3, 0x1af3, 0x1af3, 0x1af3, 0x1af3, 0x1af3, 0x1af3, 0x1af3, 
	0x1af3, 0x1af3, 0x1af3, 0x1af3, 0x1af3, 0x1af3, 0x1af3, 0x1af3, 0x1af3, 0x1af4, 0x1b14, 0x1b14, 0x2314, 0x1b14, 0x2314, 0x1af4, 
	0x2314, 0x2314, 0x2314, 0x1b14, 0x1af3, 0x1af3, 0x1af3, 0x1af3, 0x1af3, 0x1af3, 0x1af3, 0x1ad2, 0x1af3, 0x1af3, 0x1af3, 0x1af3, 
	0x1af3, 0x1af3, 0x1af3, 0x1af3, 0x1af3, 0x1af3, 0x1ad3, 0x1af3, 0x1ad3, 0x1af3, 0x1af3, 0x1af3, 0x1af3, 0x1ad3, 0x1af3, 0x1ad3, 
	0x1ad3, 0x1ad3, 0x1ad3, 0x1ad3, 0x1ad3, 0x1ad3, 0x1ad3, 0x1ab2, 0x1ad3, 0x2b54, 0x1ad3, 0x1af3, 0x1ad2, 0x1af3, 0x1af4, 0x1af4, 
	0x1b14, 0x2b76, 0x2355, 0x1b35, 0x1b15, 0x1af4, 0x2335, 0x2356, 0x1b35, 0x2335, 0x1b35, 0x2335, 0x2356, 0x1b35, 0x1b35, 0x2356, 
	0x2356, 0x1b35, 0x2356, 0x2b76, 0x2b96, 0x3396, 0x3397, 0x2b76, 0x2376, 0x2356, 0x2356, 0x2377, 0x2397, 0x2397, 0x2bb8, 0x2398, 
	0x1b77, 0x1b77, 0x1b56, 0x1b36, 0x1b56, 0x1b77, 0x1b57, 0x1b98, 0x1bd9, 0x1c1a, 0x1c9c, 0x3d7d, 0x7f1f, 0x97df, 0x567f, 0x251d, 
	0x1c5b, 0x1bfa, 0x1bb9, 0x1b77, 0x1b36, 0x1b35, 0x1b15, 0x1b14, 0x1b14, 0x1b14, 0x1af4, 0x2314, 0x1af3, 0x1af3, 0x1af3, 0x1af3, 
	0x1af3, 0x1af3, 0x1b13, 0x1af3, 0x1ad3, 0x22f3, 0x2314, 0x1ad3, 0x1ad3, 0x1ab3, 0x1ab3, 0x1a92, 0x1ab2, 0x1a92, 0x1a92, 0x1292, 
	0x12b3, 0x1ad3, 0x1ad4, 0x1ad4, 0x1af4, 0x1ab3, 0x1ab3, 0x1ab3, 0x1ab3, 0x1ad3, 0x1ad3, 0x1ad3, 0x1ab3, 0x1ab2, 0x1ab3, 0x1a92, 
	0x1ad3, 0x1ad3, 0x1ad3, 0x1ad2, 0x1ad2, 0x1ab3, 0x1ab2, 0x1ab2, 0x1a92, 0x1292, 0x1a92, 0x1a92, 0x1a92, 0x1a92, 0x1a92, 0x1a92, 
	0x1292, 0x1a92, 0x1a92, 0x1a92, 0x1292, 0x1a92, 0x1a92, 0x1a92, 0x1a92, 0x1a92, 0x1a92, 0x1a92, 0x1a92, 0x1a92, 0x1ab2, 0x1ab2, 
	0x1ab2, 0x1ab2, 0x1ab3, 0x1ab3, 0x22d3, 0x3b96, 0x1272, 0x1a92, 0x1a92, 0x1a92, 0x1a92, 0x1a92, 0x1a92, 0x1a92, 0x1a92, 0x1a92, 
	0x1a92, 0x1292, 0x1292, 0x1292, 0x1292, 0x1292, 0x1292, 0x1a92, 0x1a92, 0x1a92, 0x1292, 0x1a92, 0x1a92, 0x1a92, 0x1a92, 0x1272, 
	0x22d3, 0x1ab2, 0x1272, 0x1a92, 0x1a92, 0x1a92, 0x1a92, 0x1292, 0x1a92, 0x1a92, 0x1a92, 0x1a92, 0x1a92, 0x1272, 0x1a92, 0x1a92, 
	0x1a92, 0x1a92, 0x1a92, 0x1a92, 0x1a92, 0x1a93, 0x1292, 0x1ab3, 0x1ab3, 0x1ad3, 0x1b15, 0x1b15, 0x1af4, 0x1b15, 0x1b15, 0x1b35, 
	0x1b35, 0x1b36, 0x1b15, 0x3bf9, 0x2b97, 0x12f4, 0x1b15, 0x1b15, 0x1af4, 0x1af5, 0x1af4, 0x1af4, 0x1ad4, 0x12d3, 0x12b3, 0x1ad3, 
	0x2b55, 0x1ad3, 0x1af4, 0x1af4, 0x1af3, 0x1af3, 0x1af3, 0x1af3, 0x1af3, 0x1af3, 0x1af3, 0x1af3, 0x1af3, 0x1af3, 0x1af3, 0x1af3, 
	0x1af3, 0x1af3, 0x1af3, 0x1af3, 0x1af3, 0x1af3, 0x1af3, 0x1af3, 0x1af3, 0x1af3, 0x1af3, 0x1af3, 0x1af3, 0x1af3, 0x1ad3, 0x1ad3, 
	0x1af3, 0x1af3, 0x1af3, 0x1af3, 0x1af3, 0x1af3, 0x1af3, 0x1af3, 0x1af3, 0x1af3, 0x1af3, 0x1af3, 0x1af3, 0x1af3, 0x1af3, 0x1af3, 
	0x1af3, 0x1af3, 0x1af3, 0x1af3, 0x1af3, 0x1af3, 0x1af3, 0x1af3, 0x1af3, 0x1af4, 0x2314, 0x2314, 0x1af4, 0x1af4, 0x1b14, 0x22f4, 
	0x1b14, 0x2314, 0x2314, 0x1af4, 0x1af3, 0x1af3, 0x1ad3, 0x1ad3, 0x1af3, 0x1af3, 0x1af3, 0x1af3, 0x1af3, 0x1af3, 0x1ad3, 0x1af3, 
	0x1af3, 0x1ad3, 0x1af3, 0x1ad3, 0x1af3, 0x1ad3, 0x1ad3, 0x1ad3, 0x1ad2, 0x1af3, 0x1af3, 0x1af3, 0x1af3, 0x1af3, 0x1af3, 0x1af3, 
	0x1af3, 0x1af3, 0x1af3, 0x2314, 0x1af3, 0x1af3, 0x1af3, 0x1af3, 0x1af3, 0x1af3, 0x1af3, 0x1af3, 0x1af3, 0x1af3, 0x1af4, 0x1af4, 
	0x1af4, 0x2314, 0x1b14, 0x1af4, 0x2b75, 0x33b7, 0x1b14, 0x1b15, 0x1b14, 0x2335, 0x2335, 0x2356, 0x2356, 0x1b35, 0x2336, 0x2356, 
	0x2356, 0x2356, 0x2376, 0x2b76, 0x4c38, 0x6d3d, 0x3bd8, 0x2b76, 0x2356, 0x2356, 0x2b76, 0x2376, 0x2356, 0x2356, 0x2376, 0x2377, 
	0x1b56, 0x1b56, 0x1b35, 0x1b35, 0x1b56, 0x1b77, 0x1b57, 0x1b97, 0x1bb9, 0x1c1a, 0x1c7c, 0x2d1d, 0x5e5f, 0x775f, 0x461f, 0x24dc, 
	0x1c1a, 0x1bd9, 0x1b78, 0x1b56, 0x1b36, 0x1b15, 0x1b14, 0x2335, 0x2335, 0x1af4, 0x1af3, 0x1af3, 0x1af3, 0x1af3, 0x1af3, 0x1af3, 
	0x1b13, 0x1b13, 0x1af3, 0x1af3, 0x1af3, 0x1af3, 0x1af3, 0x1ad3, 0x1ad3, 0x1ab2, 0x1ab2, 0x1ab3, 0x1ab3, 0x1ab2, 0x1ab3, 0x1ab2, 
	0x1ab3, 0x1ab3, 0x1ad3, 0x1ad3, 0x1ad3, 0x1ab3, 0x1ab3, 0x1ad3, 0x1ad3, 0x1ad3, 0x1ad3, 0x1ab3, 0x1ab3, 0x1ab3, 0x1ab3, 0x1ab3, 
	0x1ad3, 0x1ad3, 0x1ad3, 0x1ad2, 0x1ad2, 0x1ab2, 0x1a92, 0x1a92, 0x1a92, 0x1a92, 0x1a92, 0x1a92, 0x1a92, 0x1a92, 0x1a92, 0x1a92, 
	0x1a92, 0x1292, 0x1292, 0x1a92, 0x1a92, 0x1a92, 0x1a92, 0x1ab3, 0x1a92, 0x1a92, 0x1a92, 0x1272, 0x1a92, 0x1a92, 0x1a92, 0x1a92, 
	0x1ab2, 0x1ab2, 0x1ab2, 0x1ab2, 0x22d3, 0x43f8, 0x1271, 0x1a92, 0x1a92, 0x1a92, 0x1a92, 0x1a92, 0x1292, 0x1a92, 0x1a92, 0x1a92, 
	0x1a92, 0x1a92, 0x1a92, 0x1292, 0x1292, 0x1292, 0x1292, 0x1292, 0x1292, 0x1272, 0x1a92, 0x1a92, 0x1a92, 0x1a92, 0x1a92, 0x1272, 
	0x2b14, 0x22f3, 0x1272, 0x1a92, 0x1a92, 0x1a92, 0x1a92, 0x1a92, 0x1a92, 0x1a92, 0x1a92, 0x1a92, 0x1a92, 0x1292, 0x1a92, 0x1a92, 
	0x1a92, 0x1a92, 0x1a92, 0x1a92, 0x1a92, 0x1a92, 0x1a92, 0x1ab3, 0x1ab3, 0x1af4, 0x1b15, 0x1b15, 0x1b15, 0x1b15, 0x1b36, 0x1b56, 
	0x1b36, 0x1b36, 0x1b36, 0x1315, 0x1315, 0x1b35, 0x1b15, 0x1b15, 0x1b15, 0x1af5, 0x1b15, 0x1b14, 0x1af4, 0x12d3, 0x1ad3, 0x1ad3, 
	0x22f3, 0x1af3, 0x1af3, 0x1af3, 0x1af3, 0x1af3, 0x1af3, 0x1af4, 0x1af3, 0x1af3, 0x1af3, 0x1af3, 0x1af3, 0x1af3, 0x1af3, 0x1af3, 
	0x1af3, 0x1af3, 0x1af3, 0x1af3, 0x1af3, 0x1af3, 0x1af3, 0x1af3, 0x1af3, 0x1af3, 0x1af3, 0x1af3, 0x1af3, 0x1af3, 0x1af3, 0x1af3, 
	0x1af3, 0x1ad3, 0x1af3, 0x1af3, 0x1af3, 0x1af3, 0x1af3, 0x1af3, 0x1af3, 0x1af3, 0x1af3, 0x1af3, 0x1af3, 0x1af3, 0x1af3, 0x1af3, 
	0x1af3, 0x1af3, 0x1af3, 0x1af3, 0x1af3, 0x1af3, 0x1af3, 0x1af3, 0x1af3, 0x1af3, 0x1af4, 0x1af3, 0x1af3, 0x1af3, 0x1af3, 0x1af3, 
	0x1af3, 0x1af3, 0x1af3, 0x1af3, 0x1af3, 0x1af3, 0x1af3, 0x1af3, 0x1af3, 0x1af3, 0x1af3, 0x1ad3, 0x1af3, 0x1af3, 0x1af3, 0x1ad3, 
	0x1ad3, 0x1af3, 0x1af3, 0x1af3, 0x1af3, 0x1af3, 0x1af3, 0x1ad3, 0x1af3, 0x1af3, 0x1af3, 0x1af3, 0x1af3, 0x1af3, 0x1af3, 0x1af3, 
	0x1af3, 0x1af3, 0x1af3, 0x2314, 0x1af3, 0x1af3, 0x1af3, 0x1af3, 0x1af3, 0x2313, 0x1af3, 0x1af3, 0x1b13, 0x1af3, 0x1af3, 0x1b14, 
	0x2314, 0x2334, 0x2314, 0x1af3, 0x2b55, 0x3396, 0x1af4, 0x2335, 0x1b14, 0x2314, 0x2315, 0x2356, 0x2356, 0x2335, 0x2336, 0x2356, 
	0x2356, 0x2356, 0x2376, 0x2b76, 0x4c18, 0x5cbb, 0x3bd8, 0x2b97, 0x2b97, 0x2b77, 0x2b76, 0x2356, 0x2356, 0x2356, 0x2336, 0x1b36, 
	0x1b36, 0x1b35, 0x1b35, 0x1b35, 0x1b56, 0x1336, 0x1b77, 0x1b97, 0x1b98, 0x1bd9, 0x1c3b, 0x2cbc, 0x45be, 0x567f, 0x3dbf, 0x1c9c, 
	0x1bf9, 0x1bb8, 0x1b97, 0x1b77, 0x1b36, 0x1b15, 0x1b14, 0x2314, 0x1b14, 0x1af4, 0x1af3, 0x1af3, 0x1af3, 0x1af3, 0x1ad3, 0x1af3, 
	0x1af3, 0x1af3, 0x1af3, 0x1ad3, 0x1af3, 0x1af3, 0x22f3, 0x1ad3, 0x1ad3, 0x1ad2, 0x1ab2, 0x1ad3, 0x1ad3, 0x1ab2, 0x1ab2, 0x1ab2, 
	0x1ab3, 0x1ad3, 0x1ad3, 0x1af3, 0x1af3, 0x1ad3, 0x1ad3, 0x1ad3, 0x1ad3, 0x1ad3, 0x1af3, 0x1ad3, 0x1ab3, 0x1ad3, 0x1ab2, 0x1ad3, 
	0x1af3, 0x1af3, 0x1ad3, 0x1ad2, 0x1ab2, 0x1ab2, 0x1ab2, 0x1a92, 0x1a92, 0x1a92, 0x1a92, 0x1a92, 0x1a92, 0x1a92, 0x1a92, 0x1a92, 
	0x1a92, 0x1a92, 0x1a92, 0x1a92, 0x1a92, 0x1a92, 0x1a92, 0x1ab2, 0x1a92, 0x1a92, 0x1a92, 0x1a92, 0x1a92, 0x1a92, 0x1a92, 0x1a92, 
	0x1a92, 0x1a92, 0x1ab2, 0x1ab2, 0x1ab2, 0x1251, 0x1a92, 0x1a92, 0x1a92, 0x1a92, 0x1a92, 0x1a92, 0x1a92, 0x1a92, 0x1a92, 0x1a92, 
	0x1a92, 0x1292, 0x1a92, 0x1a92, 0x1a92, 0x1a92, 0x1a92, 0x1a92, 0x1a92, 0x1a92, 0x1a92, 0x1a92, 0x1a92, 0x1a92, 0x1a92, 0x1a92, 
	0x1a92, 0x1a92, 0x1a92, 0x1a92, 0x1a92, 0x1a92, 0x1a92, 0x1a92, 0x1a92, 0x1a92, 0x1a92, 0x1a92, 0x1a92, 0x1a92, 0x1292, 0x1a92, 
	0x1a92, 0x1ab2, 0x1ab2, 0x1ab2, 0x1ab2, 0x1a92, 0x1a92, 0x1a92, 0x12b3, 0x1ad3, 0x1af4, 0x1b15, 0x1b15, 0x1b15, 0x1b35, 0x1b36, 
	0x1b36, 0x1b36, 0x1b36, 0x1b36, 0x1b35, 0x1b15, 0x1b15, 0x1b15, 0x1b15, 0x1af4, 0x1b15, 0x1b15, 0x1b14, 0x1b14, 0x1b14, 0x1af4, 
	0x1af3, 0x1af3, 0x2313, 0x2334, 0x2314, 0x1af4, 0x1af4, 0x1af4, 0x1af4, 0x2314, 0x2314, 0x2313, 0x2313, 0x1af3, 0x1af3, 0x1af3, 
	0x1af3, 0x1af3, 0x1af3, 0x2314, 0x2314, 0x1af4, 0x1af3, 0x1af3, 0x1af3, 0x1af3, 0x1af3, 0x1af3, 0x1af3, 0x1af3, 0x1af3, 0x1af3, 
	0x1af3, 0x1af3, 0x1af3, 0x1af3, 0x1b13, 0x1af3, 0x1af3, 0x1af3, 0x1af3, 0x1af3, 0x1af3, 0x1af3, 0x1af3, 0x1af3, 0x1af3, 0x1af3, 
	0x1af3, 0x1af4, 0x1af4, 0x1af3, 0x1af3, 0x1af3, 0x1af3, 0x1af3, 0x1af3, 0x1af3, 0x1af3, 0x1af3, 0x1af3, 0x1af3, 0x1ad3, 0x1af3, 
	0x1af3, 0x1af3, 0x1af3, 0x1af3, 0x1ad3, 0x1af3, 0x1af3, 0x1af3, 0x1af3, 0x1af3, 0x1af3, 0x1af3, 0x1af3, 0x1ad3, 0x1ad3, 0x1af3, 
	0x1af3, 0x1af3, 0x1ad2, 0x1af3, 0x1af3, 0x1af3, 0x1af3, 0x1ad3, 0x1af3, 0x1af3, 0x1af3, 0x1af3, 0x1af3, 0x1af3, 0x1ad3, 0x1af3, 
	0x1af3, 0x1af3, 0x1af3, 0x1af3, 0x1af3, 0x1af3, 0x1af3, 0x2313, 0x2314, 0x2313, 0x1b13, 0x2314, 0x1af3, 0x1af3, 0x1af4, 0x1af4, 
	0x1af4, 0x1b14, 0x1b14, 0x1b14, 0x2314, 0x1b14, 0x2335, 0x2335, 0x2314, 0x2314, 0x2335, 0x2335, 0x2335, 0x2376, 0x2335, 0x2356, 
	0x2b76, 0x2355, 0x2356, 0x2b97, 0x2b76, 0x2b76, 0x2b76, 0x33b8, 0x33f9, 0x33d9, 0x2b97, 0x2336, 0x2356, 0x2b77, 0x1b36, 0x2336, 
	0x2356, 0x1b35, 0x1b35, 0x1b35, 0x1b36, 0x1b57, 0x1b77, 0x1b77, 0x23d8, 0x345b, 0x1bfa, 0x245b, 0x2cfd, 0x3d5e, 0x2cfd, 0x1c3b, 
	0x1bf9, 0x1bb8, 0x1b57, 0x1b56, 0x1b35, 0x1b15, 0x1b14, 0x1b14, 0x1b14, 0x1af4, 0x1af4, 0x1af3, 0x1af4, 0x2314, 0x1af3, 0x1af3, 
	0x2314, 0x1af3, 0x22f3, 0x1af3, 0x1af3, 0x1af3, 0x2314, 0x1af3, 0x1ad3, 0x1ad3, 0x1ab2, 0x1ab2, 0x1ab2, 0x1ab2, 0x1ab2, 0x1ad3, 
	0x1ad3, 0x1ad3, 0x1af4, 0x1af4, 0x1af3, 0x1af3, 0x1af3, 0x1af3, 0x1ad3, 0x1af3, 0x1af3, 0x1af3, 0x1ad3, 0x1ad3, 0x1ad3, 0x1ad3, 
	0x1ad3, 0x1ad3, 0x1af3, 0x1ad2, 0x1ad3, 0x1ad3, 0x1ab2, 0x1ab2, 0x1ab2, 0x1ab2, 0x1a92, 0x1ab2, 0x1ab2, 0x1ab2, 0x1a92, 0x1a92, 
	0x1a92, 0x1a92, 0x1a92, 0x1a92, 0x1a92, 0x1a92, 0x1a92, 0x1a92, 0x1a92, 0x1a92, 0x1a92, 0x1a92, 0x1a92, 0x1a92, 0x1a92, 0x1a92, 
	0x1a92, 0x1a92, 0x1a92, 0x1a92, 0x1a92, 0x1ab3, 0x1a92, 0x1a92, 0x1a92, 0x1ab2, 0x1a92, 0x1a92, 0x1a92, 0x1a92, 0x1a92, 0x1a92, 
	0x1ab2, 0x1a92, 0x1a92, 0x1a92, 0x1a92, 0x1a92, 0x1a92, 0x1a92, 0x1a92, 0x1a92, 0x1a92, 0x1a92, 0x1a92, 0x1a92, 0x1a92, 0x1a92, 
	0x1a92, 0x1a92, 0x1ab3, 0x1a92, 0x1a92, 0x1a92, 0x1a92, 0x1a92, 0x1a92, 0x1a92, 0x1a92, 0x1a92, 0x1a92, 0x1a92, 0x1a92, 0x1ab2, 
	0x1ab2, 0x1ab2, 0x1ab2, 0x1ab2, 0x1ab3, 0x1ab2, 0x1a92, 0x1ab2, 0x1ad3, 0x1af3, 0x1af4, 0x12f4, 0x1b14, 0x1b15, 0x1b15, 0x1b15, 
	0x1b15, 0x1b15, 0x1b36, 0x1b36, 0x1b15, 0x1b15, 0x1b15, 0x1b15, 0x2315, 0x1b15, 0x2335, 0x2335, 0x2335, 0x2314, 0x1b14, 0x1af3, 
	0x1af3, 0x1af3, 0x22f3, 0x2334, 0x2314, 0x1af4, 0x1af4, 0x1af4, 0x2314, 0x2314, 0x2314, 0x2314, 0x1af3, 0x1af3, 0x1af3, 0x1af3, 
	0x1af3, 0x1af3, 0x1af3, 0x1af3, 0x2314, 0x1af3, 0x1af3, 0x1af3, 0x1af3, 0x1af3, 0x2314, 0x2314, 0x2314, 0x1af3, 0x1af3, 0x1af3, 
	0x1af3, 0x1af3, 0x1af3, 0x1af3, 0x1af3, 0x1af3, 0x1af3, 0x1af3, 0x1af3, 0x1af3, 0x1ad2, 0x4417, 0x2b75, 0x1af3, 0x1af3, 0x1af3, 
	0x2314, 0x2314, 0x1b14, 0x1af3, 0x1af3, 0x1af3, 0x1af3, 0x1ad3, 0x1ad3, 0x1af3, 0x1af3, 0x1af3, 0x1ad3, 0x1af3, 0x1ad3, 0x1af3, 
	0x1af3, 0x1af3, 0x1af3, 0x1af3, 0x1af3, 0x1af3, 0x1af3, 0x1af3, 0x1af3, 0x1ad3, 0x1af3, 0x1af3, 0x1af3, 0x1af3, 0x1af3, 0x1af3, 
	0x1ad2, 0x1af3, 0x1af3, 0x1af3, 0x1af3, 0x1af3, 0x1af3, 0x1af3, 0x1af3, 0x1af3, 0x1af3, 0x1af3, 0x1af3, 0x1af3, 0x1af3, 0x1ad3, 
	0x1af3, 0x1af3, 0x1af3, 0x1af3, 0x1af3, 0x1af3, 0x1af3, 0x2334, 0x2313, 0x1af3, 0x1b14, 0x1af4, 0x1af4, 0x1b14, 0x1b14, 0x1b14, 
	0x1b14, 0x2314, 0x2335, 0x2355, 0x2335, 0x2335, 0x2335, 0x2335, 0x2314, 0x2314, 0x2315, 0x2335, 0x2335, 0x2335, 0x2335, 0x2335, 
	0x2355, 0x2356, 0x2355, 0x2b76, 0x2b96, 0x2356, 0x2b56, 0x2b76, 0x33f9, 0x3c1a, 0x2b97, 0x2336, 0x2356, 0x2356, 0x2356, 0x2356, 
	0x2356, 0x2336, 0x1b35, 0x1b35, 0x1b56, 0x2b98, 0x1b76, 0x1b56, 0x1b97, 0x1bb8, 0x1bb8, 0x1c1a, 0x1c3b, 0x247c, 0x245b, 0x1bfa, 
	0x1bb8, 0x1b77, 0x1b36, 0x1b35, 0x2335, 0x2335, 0x1b15, 0x1b14, 0x1b14, 0x2314, 0x1b14, 0x1af4, 0x1af4, 0x2314, 0x2314, 0x1af3, 
	0x1af3, 0x1b13, 0x22f3, 0x22f3, 0x1af3, 0x1af3, 0x1af3, 0x1ad3, 0x1ad2, 0x22f3, 0x1ad3, 0x1ad3, 0x1ad3, 0x1ab2, 0x1ad3, 0x1ab2, 
	0x1ad3, 0x22f3, 0x1af4, 0x2314, 0x1af3, 0x1ad3, 0x1ad3, 0x1af3, 0x1af3, 0x1af3, 0x1af3, 0x1af3, 0x1af3, 0x1af3, 0x1ad3, 0x1ad3, 
	0x1af3, 0x1af3, 0x1ad2, 0x1ad3, 0x1ad3, 0x1ad3, 0x1ad3, 0x1ab2, 0x1ab2, 0x1ab2, 0x1ad3, 0x1ad2, 0x1ab2, 0x1ab2, 0x1a92, 0x1ab2, 
	0x1ab2, 0x1ab2, 0x1ab2, 0x1ab2, 0x1ab2, 0x1ab2, 0x1ab2, 0x1ab2, 0x1ab2, 0x1a92, 0x1a92, 0x1a92, 0x1ab2, 0x1a92, 0x1a92, 0x1a92, 
	0x1ab2, 0x1a92, 0x1a92, 0x1a92, 0x1a92, 0x1a92, 0x1a92, 0x1a92, 0x1ab2, 0x1ab2, 0x1ab2, 0x1ab2, 0x1ab2, 0x1a92, 0x1a92, 0x1ab2, 
	0x1a92, 0x1a92, 0x1a92, 0x1ab2, 0x1ab2, 0x1ab2, 0x1a92, 0x1a92, 0x1a92, 0x1ab2, 0x1ab2, 0x1ab2, 0x1a92, 0x1a92, 0x1a92, 0x1a92, 
	0x1a92, 0x1a92, 0x1a92, 0x1a92, 0x1a92, 0x1ab2, 0x1ab2, 0x1a92, 0x1a92, 0x1a92, 0x1a92, 0x1ab2, 0x1a92, 0x1a92, 0x1ab2, 0x1ab2, 
	0x1ab2, 0x1ad3, 0x1ad2, 0x1ab2, 0x1ab2, 0x1ab2, 0x1ab3, 0x1ad3, 0x1ad3, 0x1ad3, 0x1ad3, 0x1af4, 0x1b14, 0x1b14, 0x1b15, 0x1b15, 
	0x1b15, 0x1b15, 0x1b35, 0x1b35, 0x1b35, 0x1b15, 0x1b15, 0x2315, 0x2315, 0x1b15, 0x2335, 0x2335, 0x2314, 0x1b14, 0x1af3, 0x1af4, 
	0x1af3, 0x1af3, 0x2313, 0x1af3, 0x1af4, 0x22f4, 0x2314, 0x22f4, 0x1af4, 0x1af4, 0x22f3, 0x22f3, 0x1af3, 0x2313, 0x2314, 0x2313, 
	0x1af3, 0x1af3, 0x1af3, 0x1af3, 0x1b13, 0x1af3, 0x1af3, 0x1af3, 0x1b13, 0x2314, 0x2314, 0x22f4, 0x2314, 0x1af4, 0x1af3, 0x1af3, 
	0x1af3, 0x2313, 0x2314, 0x1b13, 0x1af3, 0x1af3, 0x1af3, 0x1af3, 0x1af3, 0x2313, 0x1ad2, 0x4c38, 0x3395, 0x1af3, 0x1af3, 0x1af3, 
	0x1af3, 0x1af3, 0x2313, 0x1af3, 0x1af3, 0x1af3, 0x1ad3, 0x1af3, 0x1af3, 0x1af3, 0x1af3, 0x1af3, 0x1af3, 0x1af3, 0x1af3, 0x1af3, 
	0x1af3, 0x1af3, 0x1af3, 0x1af3, 0x1af3, 0x1af3, 0x1af3, 0x1af3, 0x1af3, 0x1ad3, 0x2313, 0x1af3, 0x1af3, 0x1af3, 0x1af3, 0x1af3, 
	0x1af3, 0x1af3, 0x1af3, 0x1af3, 0x1af3, 0x1ad3, 0x1af3, 0x1af3, 0x1af3, 0x1af3, 0x1af3, 0x1af3, 0x1af3, 0x1af3, 0x1af3, 0x2314, 
	0x1af3, 0x1af3, 0x1af3, 0x1af3, 0x2313, 0x1af3, 0x1af3, 0x1af3, 0x1af3, 0x1af3, 0x2314, 0x1af4, 0x2314, 0x2335, 0x2334, 0x1b14, 
	0x2335, 0x2355, 0x2356, 0x2356, 0x1b14, 0x2335, 0x2335, 0x2335, 0x2314, 0x2335, 0x2355, 0x2355, 0x2335, 0x2335, 0x2335, 0x2356, 
	0x2b76, 0x2b76, 0x2356, 0x2b97, 0x2b76, 0x2355, 0x2356, 0x2b76, 0x2b97, 0x33b8, 0x2b56, 0x2356, 0x2356, 0x2356, 0x2356, 0x2356, 
	0x2335, 0x2335, 0x2335, 0x2335, 0x1b35, 0x1b36, 0x1b56, 0x1b56, 0x1b76, 0x1b77, 0x1b98, 0x1bd9, 0x1bf9, 0x1bf9, 0x1bd9, 0x1bb8, 
	0x1b77, 0x1b56, 0x1b36, 0x1b35, 0x2335, 0x2335, 0x1b15, 0x2335, 0x2315, 0x2314, 0x1b14, 0x2314, 0x1af4, 0x1b14, 0x2314, 0x2314, 
	0x1af3, 0x1b14, 0x2314, 0x1af3, 0x1af3, 0x1af3, 0x1af3, 0x1ad3, 0x1af3, 0x1ad3, 0x1ad3, 0x1ad2, 0x1ab2, 0x1ad2, 0x1ad2, 0x1ad3, 
	0x1af3, 0x2314, 0x22f3, 0x1ad3, 0x1af3, 0x1af3, 0x1af3, 0x1af3, 0x1ad3, 0x1af3, 0x1af3, 0x1ad3, 0x1af3, 0x1af3, 0x1ad3, 0x1af3, 
	0x1af3, 0x1af3, 0x2314, 0x1ad3, 0x1ad3, 0x1af3, 0x1ad2, 0x1ad2, 0x1ad2, 0x1ab2, 0x1af3, 0x1af3, 0x1ad2, 0x1ab2, 0x1ab2, 0x1ab2, 
	0x1ab2, 0x1ab2, 0x1ab2, 0x1ab2, 0x1ab2, 0x1ab2, 0x1ab2, 0x1ab2, 0x1ab2, 0x1a92, 0x1a92, 0x1ab2, 0x1ab2, 0x1ab2, 0x1ab2, 0x1ab2, 
	0x1a92, 0x1ab3, 0x2b14, 0x1ab2, 0x1a92, 0x1ab2, 0x1ab2, 0x1ab2, 0x1ab2, 0x1ab2, 0x1ab2, 0x1ab2, 0x1ab2, 0x1a92, 0x1ab2, 0x1ab2, 
	0x1a92, 0x1ab2, 0x1a92, 0x1a71, 0x1ab3, 0x1ab3, 0x1ab3, 0x1ab2, 0x1ab2, 0x1ab2, 0x1ab2, 0x1ab2, 0x1ab2, 0x1ab2, 0x1ab2, 0x1ab2, 
	0x1ab2, 0x1a92, 0x1ab2, 0x1ab2, 0x1ab2, 0x1ab2, 0x1ab2, 0x1ab3, 0x1ab3, 0x1ab2, 0x1ab2, 0x1ab2, 0x1ab2, 0x1ab2, 0x1ab2, 0x1ab2, 
	0x1ad3, 0x1ad3, 0x1ad3, 0x1ad2, 0x1ad2, 0x1ad2, 0x1ad3, 0x1ad3, 0x1ad3, 0x1ad3, 0x1ad3, 0x1af3, 0x1af4, 0x1af4, 0x1af4, 0x1af4, 
	0x1af4, 0x1b14, 0x1b15, 0x1b15, 0x1b15, 0x1b14, 0x2314, 0x2314, 0x2314, 0x1b15, 0x2335, 0x2335, 0x2335, 0x2335, 0x2355, 0x2b55, 
	0x1af3, 0x1af3, 0x1af3, 0x2314, 0x2314, 0x22f4, 0x22f4, 0x2314, 0x1b14, 0x1b14, 0x2314, 0x2314, 0x2314, 0x2314, 0x2314, 0x2314, 
	0x1b14, 0x1b14, 0x1af3, 0x1af3, 0x1b14, 0x1b13, 0x1b14, 0x1b14, 0x2314, 0x2314, 0x2314, 0x2314, 0x2314, 0x2314, 0x1af3, 0x2313, 
	0x2313, 0x2313, 0x2314, 0x2314, 0x2313, 0x2313, 0x1af3, 0x2313, 0x1af3, 0x1af3, 0x22f3, 0x1ad2, 0x22f3, 0x2313, 0x1af3, 0x1af3, 
	0x1af3, 0x1af3, 0x1af3, 0x1af3, 0x1af3, 0x1af3, 0x1af3, 0x1af3, 0x1af3, 0x1af3, 0x1af3, 0x1af3, 0x1af3, 0x1af3, 0x1af3, 0x1af3, 
	0x1af3, 0x1af3, 0x1af3, 0x1af3, 0x1af3, 0x1af3, 0x1af3, 0x1af3, 0x1af3, 0x1af3, 0x1af3, 0x1af3, 0x1af3, 0x1af3, 0x1af3, 0x1af3, 
	0x1af3, 0x1af3, 0x1af3, 0x1af3, 0x1af3, 0x1af3, 0x1af3, 0x1af3, 0x1af3, 0x1af3, 0x1af3, 0x1af3, 0x22f3, 0x22f3, 0x22f3, 0x2314, 
	0x1af3, 0x1af3, 0x22f3, 0x22f3, 0x1af3, 0x1af3, 0x2314, 0x2314, 0x1af3, 0x1af3, 0x1af3, 0x2314, 0x2314, 0x2335, 0x2335, 0x1af4, 
	0x1b14, 0x1b14, 0x1b15, 0x2335, 0x1b15, 0x2335, 0x2335, 0x2315, 0x2335, 0x2335, 0x2b96, 0x2b55, 0x2315, 0x2335, 0x2356, 0x2b76, 
	0x2356, 0x2356, 0x2b76, 0x2b76, 0x2356, 0x2355, 0x2b76, 0x2b56, 0x2b56, 0x2356, 0x2356, 0x2356, 0x2b56, 0x2b76, 0x2336, 0x2336, 
	0x2356, 0x2356, 0x2335, 0x2b97, 0x2b96, 0x1b35, 0x1b35, 0x1b35, 0x1b56, 0x1b56, 0x1b56, 0x1b77, 0x1b98, 0x23d9, 0x1bb8, 0x1b77, 
	0x1b56, 0x1b36, 0x1b35, 0x2335, 0x2335, 0x1b14, 0x1b14, 0x1b14, 0x1b14, 0x1af3, 0x1af4, 0x1af4, 0x1af4, 0x1b14, 0x2314, 0x2314, 
	0x1af3, 0x1af3, 0x1af3, 0x1af3, 0x1af3, 0x1af3, 0x22f3, 0x1ad3, 0x1af3, 0x1ad3, 0x1ad3, 0x1ad2, 0x1ad3, 0x1ad2, 0x1ad3, 0x1ad3, 
	0x1af3, 0x22f3, 0x1ad3, 0x1ad3, 0x1af3, 0x1ad3, 0x1af3, 0x1af3, 0x1af3, 0x1af3, 0x1af3, 0x1af3, 0x1af3, 0x1af3, 0x1ad3, 0x1ad3, 
	0x1af3, 0x1af3, 0x2b75, 0x1ad3, 0x1af3, 0x1ad3, 0x1ad3, 0x1ad3, 0x1ad2, 0x1ad2, 0x1ad3, 0x1af3, 0x1ad3, 0x1ad3, 0x1ad2, 0x1ab2, 
	0x1ab2, 0x1ad2, 0x1ab2, 0x1ab2, 0x1ad2, 0x1ab2, 0x1ab2, 0x1ab2, 0x1ab2, 0x1ab2, 0x1ab2, 0x1ab2, 0x1ab2, 0x1ab2, 0x1ab2, 0x1ab2, 
	0x1ab2, 0x1ab2, 0x2b14, 0x1ab2, 0x1ab2, 0x1ab2, 0x1ab2, 0x1ab2, 0x1ab2, 0x1ab2, 0x1ab2, 0x1ab2, 0x1ab2, 0x1a92, 0x1ab2, 0x1ab2, 
	0x1ab2, 0x1a92, 0x22f3, 0x3bb6, 0x1ab3, 0x1ab2, 0x1ab2, 0x1ab2, 0x1ab2, 0x1ab2, 0x1ab2, 0x1ab2, 0x1ab2, 0x1ab2, 0x1ab2, 0x1ab2, 
	0x1ab2, 0x1ab2, 0x1ab2, 0x1ab2, 0x1ab2, 0x1ad3, 0x1ad3, 0x1ad3, 0x1ad3, 0x1ad3, 0x1ad3, 0x1ad3, 0x1ad3, 0x1ad3, 0x1ab2, 0x1ad3, 
	0x1ad3, 0x1ad3, 0x1ad3, 0x1ad2, 0x1ad3, 0x1ad2, 0x1ad2, 0x1af3, 0x1ad3, 0x1af3, 0x1af3, 0x1af3, 0x1af3, 0x1af4, 0x1af4, 0x1af4, 
	0x1af4, 0x1b14, 0x1b14, 0x1b14, 0x1b14, 0x1b14, 0x1b14, 0x2314, 0x2335, 0x2335, 0x2355, 0x2335, 0x2334, 0x2334, 0x2314, 0x1af4, 
	0x1af3, 0x1af3, 0x1b13, 0x2314, 0x2334, 0x2314, 0x2315, 0x2335, 0x2335, 0x2335, 0x2315, 0x2335, 0x2335, 0x2335, 0x2335, 0x2335, 
	0x2335, 0x2335, 0x2314, 0x2314, 0x2314, 0x2334, 0x2314, 0x2314, 0x1af4, 0x2314, 0x2314, 0x2314, 0x2314, 0x2314, 0x2314, 0x22f3, 
	0x2313, 0x1af3, 0x2314, 0x2314, 0x2314, 0x22f3, 0x2313, 0x2314, 0x22f3, 0x1af3, 0x1af3, 0x22f3, 0x1af3, 0x1af3, 0x1af3, 0x1af3, 
	0x1af3, 0x1af3, 0x22f3, 0x1af3, 0x1af3, 0x1af3, 0x1af3, 0x1af3, 0x1af3, 0x1ad3, 0x1ad3, 0x1af3, 0x1af3, 0x1af3, 0x1af3, 0x1af3, 
	0x1af3, 0x1af3, 0x1af3, 0x1af3, 0x1af3, 0x1af3, 0x1af3, 0x1af3, 0x1af3, 0x1ad3, 0x1ad3, 0x1af3, 0x1af3, 0x1af3, 0x1af3, 0x1af3, 
	0x1af3, 0x1af3, 0x1af3, 0x2313, 0x1af3, 0x1af3, 0x1af3, 0x1af3, 0x1af3, 0x1af3, 0x1af3, 0x1af3, 0x2313, 0x1af3, 0x22f3, 0x1ad3, 
	0x22f3, 0x22f3, 0x22f3, 0x22f3, 0x1af3, 0x1af3, 0x2314, 0x2314, 0x2314, 0x2314, 0x1af3, 0x2314, 0x2314, 0x2334, 0x1b14, 0x2314, 
	0x2314, 0x2314, 0x2315, 0x2335, 0x2315, 0x2314, 0x2335, 0x2335, 0x2335, 0x2335, 0x2335, 0x2335, 0x2335, 0x2b76, 0x2335, 0x2356, 
	0x2bb7, 0x2376, 0x2336, 0x2356, 0x2b56, 0x2b76, 0x2b56, 0x2356, 0x2356, 0x2b56, 0x2b76, 0x2356, 0x2355, 0x2356, 0x2356, 0x2376, 
	0x2335, 0x2355, 0x2335, 0x2b76, 0x2356, 0x1b35, 0x2335, 0x1b35, 0x1b35, 0x1b35, 0x2356, 0x1b36, 0x1b56, 0x1b77, 0x1b77, 0x1b56, 
	0x1b36, 0x1b35, 0x2335, 0x2315, 0x2315, 0x2314, 0x1b14, 0x1b14, 0x1af3, 0x1af3, 0x1af3, 0x1af3, 0x1af3, 0x1af3, 0x1af3, 0x1ad3, 
	0x1af3, 0x1af3, 0x1af3, 0x1af3, 0x1af3, 0x1af3, 0x1af3, 0x1af3, 0x1ad3, 0x1ad3, 0x1ad3, 0x1ad2, 0x1af3, 0x1af3, 0x1ad3, 0x1af3, 
	0x1ad3, 0x1af3, 0x1af3, 0x1ad3, 0x1af3, 0x1af3, 0x1ad3, 0x1af3, 0x1af3, 0x1af3, 0x1af3, 0x2313, 0x1af3, 0x1af3, 0x1af3, 0x1af3, 
	0x1ad3, 0x1af3, 0x2313, 0x1af3, 0x22f3, 0x22f3, 0x1ad3, 0x1af3, 0x1af3, 0x1ad3, 0x1af3, 0x1af3, 0x1af3, 0x1af3, 0x1af3, 0x1ad3, 
	0x1ad2, 0x1ad3, 0x1ad3, 0x1ad2, 0x1ad2, 0x1ad2, 0x1ad2, 0x1ad3, 0x1ab2, 0x1ab2, 0x1ab2, 0x1ab2, 0x1ab2, 0x1ab2, 0x1ab2, 0x1ab2, 
	0x1ab2, 0x1ab2, 0x1a92, 0x1ab2, 0x1ad3, 0x1ab2, 0x1ab2, 0x1ab2, 0x1ab2, 0x1ad2, 0x1ab2, 0x1ab2, 0x1ab2, 0x1ab2, 0x1ab2, 0x1ab2, 
	0x1ab2, 0x1a92, 0x22f3, 0x3b96, 0x1ad3, 0x1ab2, 0x1ab2, 0x1ab2, 0x1ab2, 0x1ab2, 0x1a92, 0x1ab2, 0x1ab2, 0x1ab2, 0x1ab2, 0x1ab2, 
	0x1ad2, 0x1ab2, 0x1ab2, 0x1ab2, 0x1ad2, 0x1ad2, 0x1ad3, 0x1af3, 0x1af3, 0x1af3, 0x1af4, 0x2314, 0x1af3, 0x1af3, 0x1ad3, 0x1ad3, 
	0x1af3, 0x1af3, 0x1ad3, 0x1ad3, 0x1ad3, 0x1ad3, 0x1ad3, 0x1af3, 0x1af3, 0x1af3, 0x1af3, 0x1af3, 0x1af3, 0x1af3, 0x1af4, 0x1af4, 
	0x1af4, 0x1af4, 0x1af4, 0x1af3, 0x1af3, 0x1ad3, 0x1af3, 0x1af3, 0x2314, 0x2314, 0x1b14, 0x1af3, 0x1af3, 0x1af3, 0x1ad3, 0x1af3, 
	0x2313, 0x1af3, 0x2314, 0x2314, 0x2314, 0x2335, 0x2335, 0x2335, 0x2335, 0x2335, 0x2335, 0x2335, 0x2335, 0x2335, 0x2335, 0x2335, 
	0x2335, 0x2335, 0x2335, 0x2335, 0x2335, 0x2335, 0x2335, 0x2314, 0x2314, 0x22f4, 0x1af4, 0x22f4, 0x2314, 0x2314, 0x2314, 0x2314, 
	0x2313, 0x1af3, 0x1af3, 0x2313, 0x22f3, 0x2313, 0x22f3, 0x2313, 0x22f3, 0x22f3, 0x1af3, 0x1af3, 0x1af3, 0x1af3, 0x1af3, 0x1af3, 
	0x1af3, 0x1af3, 0x22f3, 0x22f3, 0x1af3, 0x1af3, 0x1af3, 0x1af3, 0x1af3, 0x1af3, 0x1af3, 0x1af3, 0x1af3, 0x1af3, 0x1af3, 0x1af3, 
	0x1af3, 0x1af3, 0x1af3, 0x1af3, 0x1af3, 0x1af3, 0x1af3, 0x1af3, 0x1af3, 0x1af3, 0x1af3, 0x1af3, 0x1af3, 0x1af3, 0x1ad3, 0x1ad3, 
	0x1af3, 0x1af3, 0x1af3, 0x1af3, 0x1af3, 0x1af3, 0x1af3, 0x1af3, 0x1af3, 0x1af3, 0x22f3, 0x22f3, 0x22f3, 0x22f3, 0x22f3, 0x22f3, 
	0x22f3, 0x1ad3, 0x22f3, 0x1af3, 0x2334, 0x2314, 0x2314, 0x2314, 0x2314, 0x2314, 0x2314, 0x2334, 0x2314, 0x2314, 0x2314, 0x2314, 
	0x2314, 0x2315, 0x2315, 0x2315, 0x2335, 0x2335, 0x2314, 0x2314, 0x2335, 0x2335, 0x2315, 0x2335, 0x2356, 0x2356, 0x1b15, 0x2356, 
	0x2376, 0x2356, 0x2356, 0x2356, 0x2356, 0x2356, 0x2b76, 0x2356, 0x2b56, 0x2b76, 0x2b56, 0x2355, 0x2355, 0x2335, 0x2335, 0x2335, 
	0x2335, 0x2335, 0x2335, 0x1b15, 0x2335, 0x2335, 0x1b15, 0x1b15, 0x1b15, 0x1b15, 0x2335, 0x1b35, 0x1b35, 0x1b35, 0x1b36, 0x1b36, 
	0x1b35, 0x1b15, 0x2315, 0x1b14, 0x1af4, 0x1af3, 0x1af3, 0x1b13, 0x1af3, 0x1af3, 0x1af3, 0x1ad3, 0x1af3, 0x1af3, 0x1af3, 0x1af3, 
	0x1af3, 0x1af3, 0x2313, 0x1af3, 0x1af3, 0x1af3, 0x1af3, 0x1af3, 0x1af3, 0x1ad3, 0x1af3, 0x1af3, 0x1ad3, 0x1ad3, 0x1ad3, 0x1af3, 
	0x1af3, 0x1af3, 0x1af3, 0x1af3, 0x1af3, 0x1af3, 0x1af3, 0x1af3, 0x1af3, 0x1af3, 0x1af3, 0x1af3, 0x1af3, 0x1ad3, 0x1af3, 0x1ad3, 
	0x1af3, 0x1af3, 0x1af3, 0x1af3, 0x1af3, 0x1af3, 0x1af3, 0x1af3, 0x1af3, 0x1af3, 0x1af3, 0x1af3, 0x1af3, 0x1af3, 0x1af3, 0x1af3, 
	0x1ad3, 0x1af3, 0x1ad2, 0x1ad2, 0x1ad2, 0x1af3, 0x1ad3, 0x1ad3, 0x1ad3, 0x1ad3, 0x1ab2, 0x1ab2, 0x1ad2, 0x1ab2, 0x1ab2, 0x1ab2, 
	0x1ab2, 0x1ab2, 0x1ad2, 0x1ad2, 0x1ab2, 0x1ab2, 0x1ab2, 0x1ab2, 0x1ad2, 0x1ad2, 0x1ad2, 0x1ab2, 0x1ab2, 0x1ab2, 0x1ab2, 0x1ab2, 
	0x1ad2, 0x1ab2, 0x1ab2, 0x1a92, 0x1ab2, 0x1ab2, 0x1ab2, 0x1ab2, 0x1ad3, 0x1ab2, 0x1ad3, 0x1ad3, 0x1ad3, 0x1ad3, 0x1ad3, 0x1af3, 
	0x1af3, 0x1ad3, 0x1ad2, 0x1ad2, 0x1ad3, 0x1ab2, 0x2b55, 0x1af3, 0x12b2, 0x1ad3, 0x1af3, 0x1af4, 0x1af3, 0x1af3, 0x2313, 0x2b54, 
	0x2313, 0x1af3, 0x1ad3, 0x1ad3, 0x1ad3, 0x1ad3, 0x1af3, 0x1af3, 0x1af3, 0x1af3, 0x1af3, 0x1af3, 0x1af3, 0x1af3, 0x1af4, 0x1af3, 
	0x1af3, 0x1af3, 0x1af3, 0x1ad3, 0x1af3, 0x1ad3, 0x1ad3, 0x1ad3, 0x1ad3, 0x1ad3, 0x1ad3, 0x1af3, 0x1af3, 0x1af3, 0x1af3, 0x1af3, 
	0x2313, 0x2314, 0x2313, 0x2314, 0x2314, 0x2314, 0x2315, 0x2335, 0x2356, 0x2335, 0x2335, 0x2336, 0x2336, 0x2336, 0x2356, 0x2356, 
	0x2376, 0x2356, 0x2335, 0x2335, 0x2335, 0x2335, 0x2335, 0x2335, 0x2314, 0x2313, 0x22f3, 0x2314, 0x2314, 0x2314, 0x2314, 0x2314, 
	0x22f3, 0x22f3, 0x22f3, 0x22f3, 0x2314, 0x2313, 0x2313, 0x22f3, 0x22f3, 0x22f3, 0x1af3, 0x1af3, 0x1af3, 0x1af3, 0x1af3, 0x1af3, 
	0x1af3, 0x22f3, 0x22f3, 0x22f3, 0x2313, 0x1af3, 0x1af3, 0x1af3, 0x1af3, 0x1af3, 0x1af3, 0x1af3, 0x1af3, 0x2313, 0x1af3, 0x22f3, 
	0x1af3, 0x1af3, 0x1af3, 0x1af3, 0x1af3, 0x1af3, 0x1af3, 0x1af3, 0x1af3, 0x1af3, 0x1af3, 0x1af3, 0x1af3, 0x1af3, 0x1af3, 0x1af3, 
	0x1af3, 0x1af3, 0x1af3, 0x1af3, 0x1af3, 0x22f3, 0x22f3, 0x1af3, 0x2313, 0x2313, 0x1af3, 0x2313, 0x22f3, 0x2313, 0x1af3, 0x1ad3, 
	0x1af3, 0x22f3, 0x22f3, 0x22f3, 0x2314, 0x2314, 0x2314, 0x2314, 0x2334, 0x2314, 0x1af4, 0x2314, 0x1b14, 0x2335, 0x2314, 0x2315, 
	0x2335, 0x2335, 0x2315, 0x2335, 0x2335, 0x2355, 0x2335, 0x2314, 0x2335, 0x2335, 0x2335, 0x2355, 0x2b76, 0x2355, 0x2335, 0x2335, 
	0x2356, 0x2356, 0x2356, 0x2b76, 0x2356, 0x2355, 0x2b96, 0x2356, 0x2b76, 0x2356, 0x2355, 0x2335, 0x2335, 0x2335, 0x2335, 0x2335, 
	0x2355, 0x2335, 0x2335, 0x2335, 0x2335, 0x2335, 0x2315, 0x2335, 0x2335, 0x2315, 0x1b15, 0x1b15, 0x1b35, 0x1b35, 0x1b35, 0x1b35, 
	0x1b15, 0x1b14, 0x1af4, 0x1af3, 0x1af3, 0x22f3, 0x1af3, 0x2313, 0x1af3, 0x1af3, 0x22f4, 0x2314, 0x1af3, 0x1af3, 0x1af3, 0x1af3, 
	0x1af3, 0x1af3, 0x2313, 0x1af3, 0x2334, 0x1ad3, 0x1af3, 0x1af3, 0x1af3, 0x1ad3, 0x2313, 0x22f3, 0x1ad3, 0x1af3, 0x1af3, 0x1af3, 
	0x1af3, 0x1af3, 0x1af3, 0x1af3, 0x1af3, 0x1af3, 0x1af3, 0x1af3, 0x1af3, 0x1af3, 0x1af3, 0x2313, 0x1af3, 0x1ad3, 0x1ad3, 0x1ad3, 
	0x1af3, 0x1af3, 0x1af3, 0x1af3, 0x1af3, 0x1af3, 0x1af3, 0x22f3, 0x1af3, 0x1af3, 0x1af3, 0x1af3, 0x2314, 0x1af3, 0x1af3, 0x1ad3, 
	0x1af3, 0x1ad3, 0x1ad3, 0x1ad3, 0x1ad3, 0x1af3, 0x1ad3, 0x1ad3, 0x1ad3, 0x1ad3, 0x1ad3, 0x1ad3, 0x1ad2, 0x1ad2, 0x1ad2, 0x1ad3, 
	0x1ad2, 0x1ad2, 0x1ad2, 0x1ad2, 0x1ad2, 0x1ad2, 0x1ab2, 0x1ad2, 0x1ad2, 0x1ad2, 0x1ad2, 0x1ad3, 0x1ad2, 0x1ab2, 0x1ab2, 0x1ab3, 
	0x1ad3, 0x1ad3, 0x1ab2, 0x1ab2, 0x1ab2, 0x1ab2, 0x1ad3, 0x1ad3, 0x1ad3, 0x1ad3, 0x1af3, 0x1af3, 0x1af3, 0x1af3, 0x1af3, 0x2313, 
	0x1af3, 0x1af3, 0x2313, 0x22f3, 0x1af3, 0x1ad3, 0x1af3, 0x1ad3, 0x1ad3, 0x1ad3, 0x1af3, 0x2314, 0x1b14, 0x1af3, 0x2313, 0x2b54, 
	0x2313, 0x1af3, 0x1af3, 0x1ad3, 0x1af3, 0x1af3, 0x1af3, 0x1af3, 0x1af3, 0x1af3, 0x1af3, 0x1af3, 0x1af3, 0x1af3, 0x1af3, 0x1af3, 
	0x1af3, 0x1af3, 0x1af3, 0x1af3, 0x1ad3, 0x1af3, 0x1af3, 0x1ad3, 0x1ad3, 0x1af3, 0x1af3, 0x1af3, 0x1af3, 0x1af3, 0x1af3, 0x1af3, 
	0x2313, 0x2313, 0x2314, 0x2313, 0x2313, 0x2314, 0x2335, 0x2335, 0x2355, 0x2315, 0x2315, 0x2335, 0x2356, 0x2376, 0x2356, 0x2376, 
	0x2356, 0x2356, 0x2335, 0x2335, 0x2355, 0x2335, 0x2335, 0x2335, 0x1af3, 0x22f3, 0x1af3, 0x22f3, 0x22f3, 0x2314, 0x2314, 0x2313, 
	0x22f3, 0x22f3, 0x2313, 0x22f3, 0x22f3, 0x2313, 0x2313, 0x2314, 0x22f3, 0x22f3, 0x22f3, 0x22f3, 0x22f3, 0x22f3, 0x1af3, 0x1af3, 
	0x1af3, 0x22f3, 0x22f3, 0x22f3, 0x1af3, 0x1af3, 0x1af3, 0x1af3, 0x1af3, 0x1af3, 0x1af3, 0x1af3, 0x1af3, 0x1af3, 0x1af3, 0x1af3, 
	0x1af3, 0x1af3, 0x1af3, 0x1af3, 0x1af3, 0x1af3, 0x1af3, 0x1af3, 0x1af3, 0x2313, 0x1af3, 0x22f3, 0x1af3, 0x1af3, 0x1af3, 0x22f3, 
	0x1af3, 0x1af3, 0x1af3, 0x1af3, 0x22f3, 0x22f3, 0x22f3, 0x22f3, 0x1af3, 0x2313, 0x1af3, 0x1af3, 0x2313, 0x22f3, 0x1af3, 0x1af3, 
	0x2313, 0x2313, 0x2314, 0x2314, 0x2314, 0x1af3, 0x1af3, 0x2314, 0x2314, 0x2314, 0x2314, 0x2314, 0x2314, 0x2335, 0x2335, 0x2355, 
	0x2335, 0x2335, 0x2335, 0x2b56, 0x2335, 0x2335, 0x2314, 0x2315, 0x2335, 0x1b15, 0x2335, 0x2315, 0x2335, 0x2355, 0x2b56, 0x2356, 
	0x2b56, 0x2b56, 0x2356, 0x2b97, 0x2b76, 0x2356, 0x2355, 0x2356, 0x2b56, 0x2356, 0x2335, 0x2355, 0x2335, 0x2335, 0x2335, 0x2334, 
	0x2335, 0x2314, 0x2335, 0x2335, 0x2315, 0x2315, 0x2314, 0x1b14, 0x1b14, 0x1b14, 0x1b14, 0x1b14, 0x1b15, 0x2335, 0x2335, 0x1b35, 
	0x2335, 0x2314, 0x2314, 0x1af3, 0x2313, 0x2b54, 0x1af3, 0x2313, 0x1af3, 0x2314, 0x2314, 0x1af3, 0x1af3, 0x1af3, 0x2314, 0x1af3, 
	0x1af3, 0x1af3, 0x1af3, 0x1af3, 0x2313, 0x1af3, 0x1af3, 0x1af3, 0x1af3, 0x1af3, 0x1af3, 0x1af3, 0x1af3, 0x1af3, 0x1af3, 0x1af3, 
	0x1af3, 0x1af3, 0x1af3, 0x1af3, 0x1af3, 0x1af3, 0x1af3, 0x1af3, 0x1af3, 0x1af3, 0x1af3, 0x1af3, 0x1af3, 0x1af3, 0x1af3, 0x1af3, 
	0x1af3, 0x1af3, 0x1af3, 0x1af3, 0x1af3, 0x1af3, 0x1ad3, 0x1af3, 0x1af3, 0x1af3, 0x1ad3, 0x1af3, 0x22f3, 0x22f3, 0x1af3, 0x1af3, 
	0x1af3, 0x1af3, 0x1af3, 0x1ad3, 0x1af3, 0x1af3, 0x1af3, 0x1ad3, 0x1ad3, 0x1af3, 0x1af3, 0x1ad3, 0x1ad3, 0x1ad3, 0x1ad3, 0x1ad3, 
	0x1ad3, 0x1ad3, 0x1ad3, 0x1ad3, 0x1ad2, 0x1ad2, 0x1ab2, 0x1ad3, 0x1ad2, 0x1ad2, 0x1ad3, 0x1af3, 0x1ad2, 0x1ad2, 0x1ad3, 0x1ab3, 
	0x1ad3, 0x1ad3, 0x1ad3, 0x1ad3, 0x1ad3, 0x1ad2, 0x1ad2, 0x1ad3, 0x1af3, 0x1af3, 0x1af3, 0x1af3, 0x1af3, 0x1af3, 0x1b14, 0x2314, 
	0x1af3, 0x2313, 0x2334, 0x2314, 0x2313, 0x2313, 0x1af3, 0x1af3, 0x1af3, 0x1af3, 0x1af3, 0x1af3, 0x1af3, 0x1af3, 0x1af3, 0x1af3, 
	0x1af3, 0x1af3, 0x1af3, 0x1af3, 0x1af3, 0x1af3, 0x2314, 0x2314, 0x1af3, 0x1af3, 0x1af3, 0x1af3, 0x1af3, 0x1af3, 0x1af3, 0x1af3, 
	0x1af3, 0x1af3, 0x1af3, 0x1af3, 0x1af3, 0x1af3, 0x1af3, 0x1af3, 0x1af3, 0x1af3, 0x1af3, 0x1af3, 0x1af3, 0x1af3, 0x1af3, 0x1af4, 
	0x22f3, 0x22f3, 0x22f3, 0x22f3, 0x22f3, 0x2314, 0x2314, 0x2314, 0x2314, 0x2314, 0x2314, 0x2315, 0x2b56, 0x2b77, 0x2356, 0x2376, 
	0x2356, 0x2335, 0x2335, 0x2335, 0x2334, 0x2314, 0x2314, 0x2314, 0x22f3, 0x22f3, 0x1af3, 0x1af3, 0x22f3, 0x2313, 0x2313, 0x2313, 
	0x2313, 0x22f3, 0x22f3, 0x1af3, 0x22f3, 0x1af3, 0x22f3, 0x22f3, 0x22f3, 0x22f3, 0x22f3, 0x22f3, 0x2313, 0x1af3, 0x22f3, 0x22f3, 
	0x2314, 0x1af3, 0x22f3, 0x22f3, 0x22f3, 0x1af3, 0x1af3, 0x1af3, 0x1af3, 0x1af3, 0x1af3, 0x1af3, 0x2313, 0x1af3, 0x22f3, 0x1af3, 
	0x1af3, 0x22f3, 0x1af3, 0x22f3, 0x1af3, 0x22f3, 0x22f3, 0x2313, 0x2313, 0x2313, 0x22f3, 0x22f3, 0x22f3, 0x22f3, 0x22f3, 0x22f3, 
	0x22f3, 0x1af3, 0x1af3, 0x22f3, 0x22f3, 0x22f3, 0x1af3, 0x1af3, 0x1af3, 0x1af3, 0x1af3, 0x1af3, 0x22f3, 0x2313, 0x1af3, 0x2314, 
	0x2313, 0x2314, 0x2314, 0x2314, 0x2314, 0x1af3, 0x1af3, 0x1af4, 0x1af4, 0x2314, 0x2314, 0x2335, 0x2355, 0x2335, 0x2355, 0x2355, 
	0x2335, 0x2335, 0x2b76, 0x2356, 0x2335, 0x2355, 0x2335, 0x2335, 0x2335, 0x2335, 0x2335, 0x2335, 0x2335, 0x2335, 0x2335, 0x2b56, 
	0x2b97, 0x2b77, 0x2356, 0x2b76, 0x2b76, 0x2356, 0x2355, 0x2355, 0x2335, 0x2355, 0x2355, 0x2355, 0x2335, 0x2334, 0x2334, 0x2335, 
	0x2334, 0x2335, 0x2335, 0x2335, 0x2314, 0x2314, 0x2314, 0x1af4, 0x1b14, 0x2314, 0x2314, 0x2335, 0x2335, 0x2314, 0x1b14, 0x2314, 
	0x2314, 0x2314, 0x2314, 0x1af3, 0x2313, 0x2314, 0x1af3, 0x1af3, 0x1af3, 0x1af3, 0x1af3, 0x1af3, 0x1af3, 0x1af3, 0x1af3, 0x1af3, 
	0x1af3, 0x2314, 0x22f4, 0x22f4, 0x1af3, 0x1af3, 0x2313, 0x1af3, 0x1af3, 0x1af3, 0x1af3, 0x1af3, 0x1af3, 0x1af3, 0x1af3, 0x2314, 
	0x1af3, 0x1af3, 0x1af3, 0x1b14, 0x1af3, 0x1af3, 0x1af4, 0x1af3, 0x1af4, 0x1af4, 0x1af4, 0x1af4, 0x1af4, 0x1af3, 0x1af3, 0x1af3, 
	0x1af3, 0x1af3, 0x1af3, 0x1af3, 0x1af3, 0x1af3, 0x1af3, 0x1af3, 0x1af3, 0x1af3, 0x1af3, 0x1af3, 0x1af3, 0x1af3, 0x1af3, 0x1af3, 
	0x1af3, 0x1af3, 0x1af3, 0x1af3, 0x1ad3, 0x1af3, 0x1af3, 0x1af3, 0x1af3, 0x1af3, 0x1af3, 0x1af3, 0x1af3, 0x1af3, 0x1af3, 0x1ad3, 
	0x1ad3, 0x1af3, 0x1af3, 0x1af3, 0x1ad3, 0x1ad3, 0x1ad3, 0x1af3, 0x1ad2, 0x1ad2, 0x1ad2, 0x1ad3, 0x1ad3, 0x1ad3, 0x1ad3, 0x1ad3, 
	0x1ad3, 0x1af3, 0x1ad3, 0x1ad3, 0x1ad3, 0x1ad3, 0x1af3, 0x1af3, 0x1af3, 0x1af3, 0x1af3, 0x1af4, 0x1af3, 0x1af4, 0x1b14, 0x1ad3, 
	0x2334, 0x2b34, 0x2314, 0x2314, 0x2314, 0x2334, 0x2314, 0x2314, 0x2313, 0x2313, 0x22f3, 0x22f3, 0x1af3, 0x2314, 0x22f3, 0x2313, 
	0x2313, 0x2313, 0x2313, 0x1af3, 0x22f3, 0x2313, 0x2b34, 0x2314, 0x2314, 0x2314, 0x1af3, 0x1af3, 0x1af3, 0x1af3, 0x1af3, 0x1af3, 
	0x1af3, 0x1af3, 0x1af3, 0x1af3, 0x1af3, 0x1af3, 0x1af3, 0x1af4, 0x1af4, 0x1af4, 0x1af4, 0x1af4, 0x1af3, 0x1af4, 0x1b14, 0x2314, 
	0x22f3, 0x22f3, 0x22f3, 0x22f3, 0x1af3, 0x22f3, 0x22f3, 0x2314, 0x2314, 0x22f3, 0x2314, 0x2b55, 0x2b97, 0x2b97, 0x2b77, 0x2356, 
	0x2335, 0x2335, 0x2314, 0x2314, 0x2314, 0x2314, 0x2313, 0x2313, 0x22f3, 0x22f3, 0x1af3, 0x22f3, 0x22f3, 0x22f3, 0x22f3, 0x2313, 
	0x22f3, 0x22f3, 0x22f3, 0x22f3, 0x22f3, 0x22f3, 0x22f3, 0x22f3, 0x22f3, 0x22f3, 0x22f3, 0x22f3, 0x22f3, 0x22f3, 0x22f3, 0x22f3, 
	0x2314, 0x22f3, 0x22f3, 0x22f3, 0x22f3, 0x1af3, 0x1af3, 0x1af3, 0x1af3, 0x1af3, 0x1af3, 0x1af3, 0x2313, 0x22f3, 0x22f3, 0x22f3, 
	0x22f3, 0x2313, 0x22f3, 0x22f3, 0x22f3, 0x2313, 0x22f3, 0x2313, 0x1af3, 0x1af3, 0x22f3, 0x22f3, 0x22f3, 0x22f3, 0x22f3, 0x22f3, 
	0x22f3, 0x22f3, 0x22f3, 0x22f3, 0x22f3, 0x22f3, 0x2313, 0x1af3, 0x1af3, 0x1af3, 0x1af3, 0x1ad3, 0x1ad2, 0x1ad2, 0x1ad3, 0x1af3, 
	0x2313, 0x2314, 0x2334, 0x2b55, 0x2b55, 0x2334, 0x2314, 0x2334, 0x2314, 0x2335, 0x2314, 0x2335, 0x2355, 0x2335, 0x2335, 0x2355, 
	0x2b56, 0x2335, 0x2335, 0x2356, 0x2335, 0x2356, 0x2356, 0x2356, 0x2b76, 0x2335, 0x2335, 0x2335, 0x2356, 0x2b76, 0x2356, 0x2b56, 
	0x2b76, 0x2b76, 0x2b76, 0x2b76, 0x2356, 0x2355, 0x2355, 0x2335, 0x2335, 0x2355, 0x2355, 0x2335, 0x2335, 0x2335, 0x2335, 0x2335, 
	0x2335, 0x2335, 0x2335, 0x2315, 0x2314, 0x2314, 0x2314, 0x2314, 0x2314, 0x2314, 0x2314, 0x2335, 0x2355, 0x2335, 0x2334, 0x2314, 
	0x2314, 0x1af3, 0x1af3, 0x1af3, 0x1af3, 0x22f3, 0x22f3, 0x22f3, 0x22f3, 0x2313, 0x1af3, 0x1af3, 0x1af3, 0x1af3, 0x1af3, 0x1af3, 
	0x2314, 0x2314, 0x22f4, 0x22f4, 0x1af3, 0x2313, 0x2314, 0x2313, 0x1b13, 0x1af3, 0x2313, 0x1af3, 0x2313, 0x1af3, 0x22f4, 0x2314, 
	0x1af3, 0x1af3, 0x1b14, 0x1b14, 0x1af4, 0x1b14, 0x2314, 0x1b14, 0x1b14, 0x1b14, 0x1b14, 0x2314, 0x2314, 0x2314, 0x2314, 0x1b14, 
	0x2314, 0x1af4, 0x1af4, 0x1af3, 0x1af3, 0x1af3, 0x1ad3, 0x1af3, 0x1af3, 0x1ad3, 0x1af3, 0x1af3, 0x2313, 0x1af3, 0x1af3, 0x1af3, 
	0x1af3, 0x1af3, 0x1af3, 0x1af3, 0x1af3, 0x1af3, 0x1ad3, 0x1af3, 0x1af3, 0x1af3, 0x1af3, 0x1af3, 0x1af3, 0x1af3, 0x1af3, 0x1af3, 
	0x1af3, 0x1ad3, 0x1ad3, 0x1ad3, 0x1af3, 0x1ad3, 0x1ad3, 0x1af3, 0x1af3, 0x1af3, 0x1af3, 0x1af3, 0x1ad3, 0x1ad3, 0x1ad3, 0x1af3, 
	0x1af3, 0x1af3, 0x1af3, 0x1af3, 0x1af3, 0x1af3, 0x1af3, 0x1af3, 0x1af3, 0x1af3, 0x1af4, 0x1af4, 0x1b14, 0x1b14, 0x1af4, 0x1ad3, 
	0x2314, 0x2314, 0x2314, 0x2b34, 0x2b34, 0x2b34, 0x2b34, 0x2b34, 0x2b34, 0x2b34, 0x2b34, 0x2334, 0x2314, 0x2334, 0x2314, 0x2314, 
	0x2314, 0x2313, 0x2314, 0x2314, 0x2314, 0x2b34, 0x2b14, 0x2b34, 0x2b34, 0x2314, 0x2313, 0x1af3, 0x1af3, 0x1af3, 0x1af3, 0x1af3, 
	0x1af3, 0x1af3, 0x1af3, 0x1af3, 0x1af3, 0x2314, 0x2314, 0x2314, 0x1b14, 0x1af4, 0x1b14, 0x2314, 0x2314, 0x2314, 0x2314, 0x2334, 
	0x22f3, 0x22f3, 0x22f3, 0x22f3, 0x22f3, 0x22f3, 0x2313, 0x2313, 0x22f2, 0x5479, 0x3bb6, 0x2334, 0x2b76, 0x2b97, 0x2b76, 0x2356, 
	0x2355, 0x2335, 0x2335, 0x2335, 0x2314, 0x2314, 0x2313, 0x2313, 0x22f3, 0x22f3, 0x22f3, 0x22f3, 0x22f3, 0x2313, 0x22f3, 0x22f3, 
	0x2313, 0x22f3, 0x22f3, 0x22f3, 0x22f3, 0x22f3, 0x2314, 0x22f3, 0x22f3, 0x2313, 0x22f3, 0x2313, 0x22f3, 0x22f3, 0x22f3, 0x22f3, 
	0x22f3, 0x2313, 0x22f3, 0x22f3, 0x22f3, 0x1af3, 0x22f3, 0x1af3, 0x1af3, 0x1af3, 0x22f3, 0x1af3, 0x1ad3, 0x22f3, 0x22f3, 0x22f3, 
	0x22f3, 0x1af3, 0x1af3, 0x1af3, 0x2313, 0x2313, 0x2313, 0x22f3, 0x2334, 0x2b55, 0x22f3, 0x22f3, 0x1af3, 0x2313, 0x2313, 0x22f3, 
	0x2314, 0x22f3, 0x22f3, 0x2313, 0x22f3, 0x2313, 0x22f3, 0x1af3, 0x1af3, 0x1af3, 0x1af3, 0x1af3, 0x1ad3, 0x1ab2, 0x1ad3, 0x1ad3, 
	0x1ad2, 0x1af3, 0x2b34, 0x2b35, 0x1af3, 0x1af3, 0x1af3, 0x2314, 0x2335, 0x2335, 0x2335, 0x2335, 0x2355, 0x2335, 0x2b76, 0x2b96, 
	0x2b76, 0x2335, 0x2335, 0x2335, 0x2335, 0x2335, 0x2b76, 0x2356, 0x2355, 0x2355, 0x2356, 0x2335, 0x2356, 0x2b76, 0x2b76, 0x2356, 
	0x2335, 0x2b76, 0x2b97, 0x2b76, 0x2b76, 0x2355, 0x2335, 0x2b55, 0x2335, 0x2335, 0x2335, 0x2335, 0x2355, 0x2335, 0x2335, 0x2335, 
	0x2335, 0x2335, 0x2314, 0x2314, 0x2314, 0x1b14, 0x2314, 0x2314, 0x2314, 0x2334, 0x2314, 0x2314, 0x2334, 0x2314, 0x2314, 0x2313, 
	0x1af3, 0x1af3, 0x22f3, 0x1af3, 0x22f3, 0x22f3, 0x22f3, 0x22f3, 0x22f3, 0x22f3, 0x2313, 0x1af3, 0x2313, 0x2313, 0x1af3, 0x2314, 
	0x1af3, 0x1af3, 0x2314, 0x2314, 0x22f3, 0x2314, 0x2314, 0x22f4, 0x2314, 0x2314, 0x22f3, 0x2313, 0x2313, 0x2314, 0x22f4, 0x2314, 
	0x2314, 0x2314, 0x1b14, 0x1b14, 0x1b14, 0x2314, 0x2314, 0x2314, 0x2315, 0x2315, 0x2335, 0x2335, 0x2315, 0x2335, 0x2335, 0x2314, 
	0x2314, 0x1af4, 0x2314, 0x1b14, 0x2314, 0x1b14, 0x22f3, 0x2313, 0x1af3, 0x1af3, 0x1af3, 0x1af3, 0x1af3, 0x1af3, 0x22f3, 0x22f3, 
	0x1af3, 0x1af3, 0x1af3, 0x1af3, 0x1af3, 0x1af3, 0x1af3, 0x1af3, 0x1af3, 0x1af3, 0x1af3, 0x1af3, 0x1af3, 0x1af3, 0x1af3, 0x1af3, 
	0x1ad3, 0x1af3, 0x1af3, 0x1ad3, 0x1ad3, 0x1af3, 0x1af3, 0x1af3, 0x1af3, 0x1af3, 0x1af3, 0x1af3, 0x1af3, 0x1af3, 0x1af3, 0x1af3, 
	0x1af3, 0x1af3, 0x1af3, 0x1af4, 0x1af3, 0x1af3, 0x1af3, 0x1af3, 0x1af3, 0x1af3, 0x22f4, 0x2314, 0x2314, 0x2314, 0x1af3, 0x1af3, 
	0x1af3, 0x22f3, 0x2334, 0x2b34, 0x2b34, 0x2b34, 0x2b34, 0x2b34, 0x2b34, 0x2b34, 0x2b34, 0x2b34, 0x2334, 0x2334, 0x2b34, 0x2314, 
	0x33b6, 0x2b34, 0x2313, 0x2b34, 0x2b34, 0x2b34, 0x2b13, 0x2b34, 0x2b34, 0x2334, 0x2334, 0x2313, 0x2313, 0x2313, 0x2314, 0x2314, 
	0x2314, 0x2313, 0x22f3, 0x2313, 0x1af3, 0x1af4, 0x1af3, 0x1af4, 0x1af4, 0x1af4, 0x1af4, 0x1af4, 0x2314, 0x2314, 0x2314, 0x2334, 
	0x22f3, 0x22f3, 0x22f3, 0x22f3, 0x22f3, 0x2313, 0x22f3, 0x2313, 0x2313, 0x3395, 0x2b54, 0x2314, 0x2335, 0x2355, 0x2356, 0x2335, 
	0x2335, 0x2335, 0x2335, 0x2335, 0x2314, 0x2314, 0x2313, 0x2313, 0x2313, 0x2313, 0x22f3, 0x22f3, 0x2313, 0x2313, 0x2313, 0x22f3, 
	0x22f3, 0x22f3, 0x2313, 0x2313, 0x2314, 0x22f3, 0x2313, 0x2313, 0x2313, 0x2313, 0x2313, 0x2313, 0x22f3, 0x2313, 0x22f3, 0x22f3, 
	0x22f3, 0x22f3, 0x22f3, 0x22f3, 0x22f3, 0x22f3, 0x22f3, 0x22f3, 0x22f3, 0x1af3, 0x22f3, 0x22f3, 0x22f3, 0x22f3, 0x22f3, 0x1af3, 
	0x1af3, 0x1af3, 0x1af3, 0x1af3, 0x1af3, 0x1af3, 0x1af3, 0x2314, 0x2314, 0x1af4, 0x1ad3, 0x1ad3, 0x1ad3, 0x1ad3, 0x1ad3, 0x1af3, 
	0x2314, 0x2314, 0x22f3, 0x22f3, 0x2313, 0x2313, 0x2313, 0x2314, 0x2314, 0x2313, 0x2314, 0x2314, 0x1af3, 0x1af3, 0x1ad3, 0x1ad3, 
	0x1ad3, 0x1ad3, 0x1ad3, 0x1ad3, 0x1ad3, 0x2314, 0x2b55, 0x3376, 0x2b55, 0x22f4, 0x2314, 0x2314, 0x2314, 0x2314, 0x2314, 0x2b76, 
	0x3396, 0x2b76, 0x2b55, 0x2335, 0x2335, 0x2355, 0x2b56, 0x2355, 0x2355, 0x2355, 0x2b76, 0x2b76, 0x2356, 0x2356, 0x2b76, 0x2356, 
	0x2335, 0x2b56, 0x2b76, 0x2b76, 0x2b56, 0x2335, 0x2b55, 0x2335, 0x2355, 0x2335, 0x2b55, 0x2335, 0x2335, 0x2335, 0x2335, 0x2335, 
	0x2335, 0x2314, 0x2314, 0x2314, 0x1b14, 0x2314, 0x2314, 0x2334, 0x1b13, 0x1af3, 0x2314, 0x2314, 0x1af3, 0x2b55, 0x2b34, 0x22f3, 
	0x22f3, 0x22f3, 0x1af3, 0x22f3, 0x22f3, 0x22f3, 0x2314, 0x2313, 0x22f3, 0x2313, 0x22f3, 0x22f3, 0x2313, 0x2313, 0x2313, 0x2334, 
	0x2313, 0x2313, 0x2313, 0x2314, 0x2314, 0x2314, 0x2314, 0x2314, 0x2314, 0x2314, 0x2314, 0x2314, 0x2313, 0x2314, 0x2314, 0x22f4, 
	0x2314, 0x2314, 0x2314, 0x2314, 0x2314, 0x2314, 0x2314, 0x2315, 0x2315, 0x2335, 0x2335, 0x2335, 0x2335, 0x2315, 0x2314, 0x2315, 
	0x2315, 0x1b14, 0x2335, 0x2335, 0x2335, 0x2314, 0x2314, 0x2314, 0x1af3, 0x2313, 0x2313, 0x1af3, 0x1af3, 0x2313, 0x22f3, 0x22f3, 
	0x22f3, 0x22f3, 0x1af3, 0x1af3, 0x1af3, 0x1af3, 0x1af3, 0x1af3, 0x1af3, 0x1af3, 0x1af3, 0x1af3, 0x1af3, 0x1af3, 0x1af3, 0x1af3, 
	0x1af3, 0x1af3, 0x1af3, 0x1af3, 0x1af3, 0x1af3, 0x1af3, 0x1af3, 0x1af3, 0x1af3, 0x1af4, 0x1af4, 0x1af3, 0x1af3, 0x1af3, 0x1af3, 
	0x1af3, 0x1b14, 0x2314, 0x2314, 0x2314, 0x1b14, 0x2314, 0x1af3, 0x1af4, 0x1af3, 0x22f4, 0x2314, 0x2314, 0x1b14, 0x2314, 0x2314, 
	0x2314, 0x2334, 0x2314, 0x2334, 0x2314, 0x2334, 0x2314, 0x2b34, 0x2b14, 0x2b34, 0x2314, 0x2314, 0x2314, 0x2314, 0x2314, 0x2334, 
	0x2314, 0x2313, 0x2314, 0x2313, 0x2314, 0x2b34, 0x2b34, 0x2b34, 0x2b34, 0x2334, 0x2334, 0x2334, 0x2314, 0x2314, 0x2334, 0x2334, 
	0x2334, 0x2334, 0x2b34, 0x2334, 0x2334, 0x2314, 0x1b14, 0x2314, 0x2314, 0x1af4, 0x22f4, 0x22f4, 0x2314, 0x2314, 0x2314, 0x2314, 
	0x22f3, 0x2313, 0x2313, 0x2313, 0x2313, 0x22f3, 0x2313, 0x2313, 0x2313, 0x2313, 0x2313, 0x22f3, 0x2314, 0x2314, 0x2334, 0x2334, 
	0x2314, 0x2334, 0x2314, 0x2335, 0x2334, 0x2334, 0x2334, 0x2314, 0x2314, 0x2314, 0x22f3, 0x2313, 0x2313, 0x2314, 0x2313, 0x2313, 
	0x22f3, 0x2313, 0x2313, 0x2314, 0x2313, 0x2313, 0x2313, 0x2313, 0x2314, 0x2314, 0x2313, 0x2313, 0x2313, 0x2313, 0x2313, 0x2313, 
	0x2313, 0x2313, 0x22f3, 0x2313, 0x22f3, 0x22f3, 0x22f3, 0x22f3, 0x22f3, 0x22f3, 0x22f3, 0x22f3, 0x22f3, 0x22f3, 0x22f3, 0x1ad3, 
	0x1af3, 0x1af3, 0x1af3, 0x1af3, 0x1af3, 0x1ad3, 0x1ad3, 0x1ad3, 0x1ad3, 0x1ad3, 0x1ab2, 0x1ad2, 0x1ad2, 0x1ab2, 0x1ab2, 0x1ad3, 
	0x1ad2, 0x1ab2, 0x1ab2, 0x1ab2, 0x1ad3, 0x1af3, 0x2313, 0x2b55, 0x2b55, 0x2334, 0x2b35, 0x2b34, 0x2314, 0x22f3, 0x1af3, 0x1ad3, 
	0x1af3, 0x1af3, 0x1af3, 0x1af3, 0x2314, 0x2334, 0x2b55, 0x2b55, 0x22f3, 0x1ad3, 0x1ad3, 0x1ab3, 0x1ad3, 0x1ad3, 0x1ad3, 0x22f3, 
	0x2314, 0x2b55, 0x2355, 0x2355, 0x2355, 0x2335, 0x2355, 0x2b56, 0x2b76, 0x2356, 0x2b97, 0x2b76, 0x2356, 0x2356, 0x2b76, 0x2b56, 
	0x2b76, 0x2356, 0x2b76, 0x2b97, 0x2b56, 0x2b56, 0x2b76, 0x2b56, 0x2b56, 0x2335, 0x2335, 0x2b35, 0x2334, 0x2334, 0x2334, 0x2334, 
	0x2335, 0x2314, 0x2314, 0x2314, 0x2314, 0x2334, 0x2314, 0x2313, 0x2314, 0x2313, 0x2313, 0x2313, 0x2313, 0x2b54, 0x2b34, 0x22f3, 
	0x2313, 0x22f3, 0x22f3, 0x22f3, 0x22f3, 0x2314, 0x2334, 0x1af3, 0x2314, 0x2314, 0x2314, 0x2314, 0x2314, 0x2314, 0x2314, 0x2314, 
	0x2314, 0x2314, 0x2314, 0x2314, 0x2314, 0x2314, 0x2314, 0x2334, 0x2334, 0x2314, 0x2314, 0x2314, 0x2314, 0x2314, 0x2314, 0x2314, 
	0x2314, 0x2314, 0x2314, 0x2314, 0x2314, 0x2314, 0x2334, 0x2314, 0x2335, 0x2355, 0x2356, 0x2335, 0x2315, 0x2315, 0x2314, 0x2335, 
	0x2315, 0x2315, 0x2315, 0x2315, 0x2315, 0x2315, 0x2314, 0x2335, 0x2314, 0x2314, 0x2314, 0x2313, 0x2313, 0x2313, 0x1af3, 0x22f3, 
	0x1af3, 0x22f3, 0x22f3, 0x22f3, 0x22f3, 0x1af3, 0x1af3, 0x1af3, 0x22f3, 0x2313, 0x22f3, 0x2314, 0x2314, 0x2314, 0x2314, 0x1b14, 
	0x1b14, 0x1af3, 0x1af3, 0x1af4, 0x1b14, 0x1af4, 0x1af4, 0x1af4, 0x1b14, 0x2335, 0x2335, 0x2335, 0x2315, 0x2335, 0x2315, 0x2314, 
	0x2314, 0x2314, 0x2314, 0x2314, 0x2314, 0x2314, 0x2314, 0x2314, 0x1b14, 0x2314, 0x2314, 0x2314, 0x2314, 0x2314, 0x2334, 0x2314, 
	0x2314, 0x2314, 0x2314, 0x2314, 0x2313, 0x22f3, 0x2313, 0x22f3, 0x2314, 0x2314, 0x2334, 0x2314, 0x2314, 0x2314, 0x2314, 0x2314, 
	0x2314, 0x22f3, 0x2314, 0x22f3, 0x2313, 0x2314, 0x2314, 0x2314, 0x2314, 0x2314, 0x2314, 0x2334, 0x2314, 0x2314, 0x2314, 0x2314, 
	0x2314, 0x2334, 0x2334, 0x2334, 0x2334, 0x2334, 0x2314, 0x2314, 0x2314, 0x2314, 0x2314, 0x22f4, 0x2314, 0x2334, 0x2314, 0x2314, 
	0x22f3, 0x2313, 0x22f3, 0x22f3, 0x2313, 0x2313, 0x2314, 0x2313, 0x2314, 0x2313, 0x22f3, 0x1af3, 0x2313, 0x2313, 0x2334, 0x2334, 
	0x2334, 0x2334, 0x2334, 0x2334, 0x2334, 0x2314, 0x2314, 0x2334, 0x2334, 0x2b34, 0x2b34, 0x2334, 0x2314, 0x2313, 0x2314, 0x2313, 
	0x2313, 0x2313, 0x2314, 0x2313, 0x2314, 0x22f3, 0x2313, 0x2313, 0x2313, 0x2314, 0x2313, 0x2313, 0x2313, 0x2313, 0x2313, 0x2313, 
	0x2313, 0x2313, 0x2313, 0x2313, 0x2313, 0x2313, 0x2313, 0x2313, 0x22f3, 0x22f3, 0x22f3, 0x22f3, 0x2313, 0x2313, 0x22f3, 0x1af3, 
	0x1af3, 0x1af3, 0x1af3, 0x1af3, 0x1af3, 0x1ad3, 0x1ad3, 0x1ab2, 0x1ab2, 0x1ab2, 0x1ab2, 0x1ab2, 0x1ab2, 0x1ab2, 0x1ab2, 0x1ab2, 
	0x1ab2, 0x1ab2, 0x1ab2, 0x1ab2, 0x1ab2, 0x1ad3, 0x1ab3, 0x22f3, 0x22f3, 0x1ad3, 0x22f3, 0x2b34, 0x2b55, 0x2314, 0x2314, 0x2314, 
	0x2314, 0x2334, 0x2314, 0x1af3, 0x1af3, 0x1af3, 0x22f3, 0x1ad3, 0x1ad3, 0x1ad3, 0x1ad2, 0x1ab2, 0x1ab2, 0x1ab2, 0x1ab2, 0x1ab2, 
	0x1ab2, 0x2314, 0x2b55, 0x2335, 0x2b55, 0x2b76, 0x2b56, 0x2b55, 0x2b56, 0x2355, 0x2b76, 0x33b7, 0x2b96, 0x2b56, 0x2b76, 0x2b76, 
	0x2b76, 0x2b56, 0x2b76, 0x2b56, 0x2b55, 0x2b55, 0x2b56, 0x2b76, 0x2b56, 0x2335, 0x2334, 0x2b34, 0x2334, 0x2334, 0x2334, 0x2314, 
	0x2314, 0x2b35, 0x2314, 0x2314, 0x2314, 0x2314, 0x2314, 0x2314, 0x2314, 0x2314, 0x2313, 0x2313, 0x2313, 0x2313, 0x2313, 0x2313, 
	0x2313, 0x22f3, 0x2313, 0x22f3, 0x2314, 0x2313, 0x2313, 0x2314, 0x2314, 0x2314, 0x2334, 0x2314, 0x2314, 0x2314, 0x2314, 0x2314, 
	0x2314, 0x2314, 0x2314, 0x2314, 0x2334, 0x2334, 0x2334, 0x2314, 0x2314, 0x2314, 0x2314, 0x2314, 0x2334, 0x2334, 0x2314, 0x2314, 
	0x2314, 0x2314, 0x2314, 0x2334, 0x2314, 0x2314, 0x2314, 0x2314, 0x2334, 0x2335, 0x2335, 0x2335, 0x2335, 0x2315, 0x2335, 0x2335, 
	0x2335, 0x2335, 0x2315, 0x2335, 0x2335, 0x2315, 0x2315, 0x2335, 0x2334, 0x2314, 0x2314, 0x2314, 0x2314, 0x2313, 0x2314, 0x2314, 
	0x22f3, 0x22f3, 0x1af3, 0x1af3, 0x2313, 0x2313, 0x22f3, 0x22f3, 0x22f3, 0x2314, 0x2314, 0x2334, 0x2334, 0x2335, 0x2335, 0x2335, 
	0x2335, 0x2335, 0x2335, 0x2315, 0x2335, 0x2355, 0x2356, 0x2335, 0x2355, 0x2335, 0x2336, 0x2336, 0x2335, 0x2335, 0x2315, 0x2315, 
	0x2314, 0x2314, 0x2334, 0x2314, 0x2314, 0x2314, 0x2314, 0x2314, 0x2314, 0x2314, 0x2314, 0x2335, 0x1b15, 0x2315, 0x2314, 0x2334, 
	0x2314, 0x2314, 0x2314, 0x2313, 0x1af3, 0x22f3, 0x22f3, 0x3bd7, 0x2b55, 0x3375, 0x2314, 0x2334, 0x2314, 0x2314, 0x2314, 0x2314, 
	0x2314, 0x2314, 0x2314, 0x2313, 0x22f3, 0x2314, 0x2314, 0x2314, 0x2314, 0x2314, 0x2314, 0x2314, 0x2314, 0x2314, 0x2314, 0x2313, 
	0x2313, 0x2313, 0x2313, 0x2314, 0x2314, 0x2314, 0x2314, 0x2314, 0x2314, 0x2314, 0x2314, 0x2314, 0x2314, 0x2314, 0x2314, 0x2314, 
	0x22f3, 0x22f3, 0x2313, 0x2313, 0x2314, 0x2334, 0x2314, 0x2314, 0x2314, 0x2334, 0x2313, 0x2314, 0x2313, 0x2313, 0x2314, 0x2334, 
	0x2334, 0x2334, 0x2b55, 0x2334, 0x2314, 0x2314, 0x2334, 0x2334, 0x22f3, 0x22f3, 0x22f3, 0x1af3, 0x1af3, 0x2314, 0x2334, 0x2313, 
	0x2314, 0x2314, 0x2b34, 0x2314, 0x2313, 0x2314, 0x2314, 0x2313, 0x2314, 0x2314, 0x2314, 0x2313, 0x2314, 0x2313, 0x2313, 0x2313, 
	0x2313, 0x2313, 0x2314, 0x2313, 0x2314, 0x2313, 0x2313, 0x2313, 0x22f3, 0x22f3, 0x2314, 0x2314, 0x2313, 0x2313, 0x2314, 0x2314, 
	0x2334, 0x2314, 0x2313, 0x2313, 0x1af3, 0x1af3, 0x1ad3, 0x1ad3, 0x1ad3, 0x1ad3, 0x1ad3, 0x1ad3, 0x1ab2, 0x1ab2, 0x1ab2, 0x1ab2, 
	0x1ab2, 0x1ab2, 0x1ab2, 0x1ab2, 0x1ab2, 0x1ab2, 0x1ab3, 0x1ab3, 0x1ab2, 0x1ab2, 0x1ab2, 0x1ab3, 0x1ad3, 0x1ab2, 0x1ad3, 0x22f3, 
	0x22f3, 0x2314, 0x2314, 0x1af3, 0x1ab2, 0x1ab2, 0x1ad3, 0x1ad3, 0x1ab2, 0x1ab2, 0x1ab2, 0x1ab2, 0x1ab2, 0x1ab2, 0x1ab2, 0x1ab2, 
	0x1ab2, 0x22f4, 0x2335, 0x2b55, 0x3396, 0x3396, 0x2b76, 0x2b55, 0x2335, 0x2335, 0x2b56, 0x2b76, 0x2b76, 0x2355, 0x2b56, 0x2335, 
	0x2b56, 0x2b55, 0x2335, 0x2b55, 0x2b55, 0x2335, 0x2335, 0x2b55, 0x2b55, 0x2335, 0x2334, 0x2334, 0x2334, 0x2334, 0x2334, 0x2314, 
	0x2314, 0x2314, 0x2314, 0x2314, 0x2334, 0x2334, 0x2314, 0x2314, 0x2334, 0x2334, 0x2314, 0x2314, 0x2313, 0x2314, 0x2314, 0x2314, 
	0x2313, 0x2313, 0x2313, 0x2314, 0x2314, 0x2314, 0x2334, 0x2334, 0x2334, 0x2334, 0x2314, 0x2334, 0x2334, 0x2334, 0x2334, 0x2334, 
	0x2334, 0x2334, 0x2314, 0x2335, 0x2334, 0x2334, 0x2334, 0x2334, 0x2334, 0x2314, 0x2334, 0x2314, 0x2314, 0x2314, 0x2314, 0x2334, 
	0x2334, 0x2334, 0x2334, 0x2355, 0x2314, 0x2314, 0x2314, 0x2314, 0x2335, 0x2335, 0x2335, 0x2335, 0x2335, 0x2b55, 0x3396, 0x2335, 
	0x2355, 0x2355, 0x2355, 0x2335, 0x2355, 0x2335, 0x2335, 0x2335, 0x2314, 0x2334, 0x2314, 0x2314, 0x2314, 0x2314, 0x2314, 0x2314, 
	0x2314, 0x2313, 0x2314, 0x1b13, 0x1af3, 0x2313, 0x2313, 0x2314, 0x22f3, 0x2313, 0x2313, 0x2314, 0x2334, 0x2334, 0x2335, 0x2315, 
	0x2335, 0x2355, 0x2355, 0x2356, 0x2376, 0x2376, 0x2b76, 0x2b77, 0x2b97, 0x2376, 0x2356, 0x2356, 0x2356, 0x2335, 0x2335, 0x2335, 
	0x2314, 0x2314, 0x2314, 0x2315, 0x2314, 0x2315, 0x2335, 0x2315, 0x2335, 0x2335, 0x2315, 0x2315, 0x1b15, 0x1b15, 0x2335, 0x2334, 
	0x2334, 0x2314, 0x2314, 0x2314, 0x2314, 0x2313, 0x1af3, 0x43f7, 0x2b55, 0x2b55, 0x2314, 0x2334, 0x2314, 0x2314, 0x2314, 0x2314, 
	0x2314, 0x2314, 0x2314, 0x2314, 0x2334, 0x2314, 0x2314, 0x2314, 0x2314, 0x2314, 0x2314, 0x2314, 0x2314, 0x2314, 0x2314, 0x2314, 
	0x2314, 0x2314, 0x2314, 0x2314, 0x2314, 0x2314, 0x2314, 0x2314, 0x2334, 0x2314, 0x2314, 0x2314, 0x2334, 0x2314, 0x2314, 0x1b14, 
	0x2313, 0x22f3, 0x2313, 0x2314, 0x2314, 0x22f3, 0x22f3, 0x2314, 0x2313, 0x2313, 0x2313, 0x22f3, 0x1af3, 0x1af3, 0x1af3, 0x1af3, 
	0x2314, 0x2313, 0x2313, 0x2313, 0x1af3, 0x1af3, 0x1af3, 0x1ad3, 0x1ad2, 0x12b2, 0x12b2, 0x1ad2, 0x1ad3, 0x2314, 0x2334, 0x2334, 
	0x2b34, 0x2b55, 0x2b54, 0x2314, 0x2314, 0x2313, 0x2313, 0x2314, 0x2314, 0x2314, 0x2313, 0x2313, 0x2313, 0x2313, 0x2314, 0x2313, 
	0x2314, 0x2314, 0x2334, 0x2b54, 0x2314, 0x2314, 0x2313, 0x2313, 0x2313, 0x2314, 0x2313, 0x2313, 0x2314, 0x2314, 0x2314, 0x2314, 
	0x2b34, 0x2314, 0x2334, 0x2334, 0x2313, 0x2313, 0x1af3, 0x2313, 0x2313, 0x2314, 0x1af3, 0x1ad3, 0x1ab3, 0x1ab2, 0x1ab2, 0x1ab2, 
	0x1ab2, 0x1ab2, 0x1ab2, 0x1ab2, 0x1ab2, 0x1ab3, 0x1ab2, 0x1ab2, 0x1ab2, 0x1ab3, 0x1ab3, 0x1ab2, 0x1ab2, 0x1a92, 0x1ab2, 0x1ab2, 
	0x12b2, 0x1ab2, 0x1ab3, 0x1ab2, 0x1ab2, 0x1ab2, 0x1ab2, 0x1ab2, 0x1ab2, 0x1ab2, 0x1ab2, 0x1ab2, 0x1ad3, 0x1ab2, 0x1ab2, 0x1ab2, 
	0x1ab2, 0x1ab3, 0x2314, 0x2334, 0x2314, 0x2314, 0x2b76, 0x3396, 0x2b76, 0x2b55, 0x2b55, 0x2335, 0x2b76, 0x2b55, 0x2355, 0x2335, 
	0x2335, 0x2335, 0x2335, 0x2b55, 0x2b55, 0x2355, 0x2335, 0x2335, 0x2335, 0x2334, 0x2334, 0x2b34, 0x2b34, 0x2313, 0x2334, 0x2314, 
	0x2314, 0x2314, 0x2334, 0x2334, 0x2334, 0x2334, 0x2334, 0x2335, 0x2335, 0x2355, 0x2335, 0x2334, 0x2314, 0x2314, 0x2314, 0x2314, 
	0x2314, 0x2314, 0x2314, 0x2314, 0x2334, 0x2334, 0x2b34, 0x2314, 0x2314, 0x2334, 0x2334, 0x2334, 0x2335, 0x2335, 0x2334, 0x2334, 
	0x2334, 0x2334, 0x2335, 0x2335, 0x2334, 0x2334, 0x2334, 0x2334, 0x2334, 0x2314, 0x2334, 0x2334, 0x2334, 0x2334, 0x2314, 0x2314, 
	0x2334, 0x2334, 0x2334, 0x2334, 0x2314, 0x2314, 0x2314, 0x2314, 0x2334, 0x2335, 0x2335, 0x2355, 0x2335, 0x2b96, 0x3bd8, 0x2335, 
	0x2355, 0x2356, 0x2356, 0x2335, 0x2335, 0x2335, 0x2335, 0x2335, 0x2335, 0x2334, 0x2314, 0x2314, 0x2314, 0x2314, 0x2334, 0x2334, 
	0x2334, 0x2314, 0x2334, 0x1b14, 0x2314, 0x2314, 0x2314, 0x2314, 0x2313, 0x2314, 0x1af3, 0x2314, 0x2313, 0x2314, 0x2334, 0x2335, 
	0x2335, 0x2355, 0x2356, 0x2356, 0x2356, 0x2356, 0x2356, 0x2377, 0x2b97, 0x2b97, 0x2356, 0x2356, 0x2356, 0x2356, 0x2335, 0x2335, 
	0x2335, 0x2335, 0x2335, 0x2335, 0x2335, 0x2335, 0x2335, 0x2335, 0x2335, 0x2335, 0x2335, 0x2335, 0x1b15, 0x2335, 0x2335, 0x2335, 
	0x2335, 0x2334, 0x2314, 0x2314, 0x2314, 0x2314, 0x2313, 0x2313, 0x2314, 0x2314, 0x2314, 0x2334, 0x2334, 0x2334, 0x2314, 0x2314, 
	0x2314, 0x2b55, 0x2334, 0x2334, 0x2334, 0x2334, 0x2334, 0x2334, 0x2314, 0x2314, 0x2334, 0x2314, 0x2334, 0x2314, 0x2314, 0x22f3, 
	0x22f3, 0x22f3, 0x22f3, 0x1af3, 0x1af4, 0x1af3, 0x1af3, 0x2314, 0x2314, 0x2314, 0x2334, 0x2334, 0x2335, 0x2335, 0x2335, 0x2335, 
	0x2313, 0x2313, 0x2313, 0x2b34, 0x2314, 0x2314, 0x2313, 0x2313, 0x2313, 0x2313, 0x22f3, 0x1af3, 0x1af3, 0x1af3, 0x1af3, 0x2313, 
	0x1af3, 0x1ad2, 0x1ad2, 0x1ad3, 0x12b2, 0x1ad2, 0x1ab2, 0x1ab2, 0x12b2, 0x12b2, 0x1ad3, 0x1ad3, 0x1ad3, 0x1af3, 0x1af3, 0x2313, 
	0x1af3, 0x2314, 0x2314, 0x2314, 0x2314, 0x2334, 0x2334, 0x2334, 0x2334, 0x2334, 0x2334, 0x2334, 0x2334, 0x2334, 0x2314, 0x2314, 
	0x2334, 0x2314, 0x2334, 0x2b34, 0x2334, 0x2314, 0x2314, 0x2b34, 0x2314, 0x2314, 0x2314, 0x2313, 0x2313, 0x2334, 0x2334, 0x2314, 
	0x2314, 0x2314, 0x2334, 0x2334, 0x2334, 0x2334, 0x2334, 0x2334, 0x2334, 0x2314, 0x1af3, 0x1ad3, 0x1ab2, 0x1ab2, 0x1ab2, 0x1ab2, 
	0x1ab2, 0x1ab2, 0x1ab3, 0x1ab2, 0x1ab2, 0x1ab2, 0x1ab2, 0x1ab3, 0x1ad3, 0x1ad3, 0x1ad3, 0x1ad3, 0x1ab3, 0x1ab2, 0x1ab2, 0x1ab2, 
	0x1a92, 0x1ab2, 0x1ab2, 0x1ab2, 0x1ab2, 0x1ab2, 0x1a92, 0x1a92, 0x1ab2, 0x1a92, 0x1ab2, 0x1ad3, 0x1ad3, 0x1ad3, 0x1ad3, 0x1ad3, 
	0x1ab2, 0x22f3, 0x1ad3, 0x1ab2, 0x1ab2, 0x1ab2, 0x1af3, 0x2335, 0x2b55, 0x3bd7, 0x3376, 0x2335, 0x2355, 0x2b76, 0x2b76, 0x2b76, 
	0x2b55, 0x2335, 0x2334, 0x2334, 0x2334, 0x2334, 0x2b55, 0x2b55, 0x2334, 0x2354, 0x2b34, 0x2b34, 0x2b34, 0x2334, 0x2314, 0x2334, 
	0x2b34, 0x2314, 0x2314, 0x2314, 0x2334, 0x2335, 0x2335, 0x2355, 0x2355, 0x2355, 0x2b55, 0x2334, 0x2314, 0x2334, 0x2314, 0x2314, 
	0x2314, 0x2314, 0x2334, 0x2314, 0x2334, 0x2b54, 0x2b34, 0x2b34, 0x2314, 0x2314, 0x2314, 0x2334, 0x2334, 0x2334, 0x2314, 0x2334, 
	0x2334, 0x2355, 0x2b76, 0x2355, 0x2335, 0x2314, 0x2334, 0x2334, 0x2314, 0x2314, 0x2314, 0x2314, 0x2334, 0x2314, 0x2334, 0x2314, 
	0x2314, 0x2314, 0x2314, 0x2314, 0x2314, 0x2314, 0x2314, 0x2314, 0x2b55, 0x2334, 0x2335, 0x2335, 0x2335, 0x2356, 0x2b76, 0x2355, 
	0x2356, 0x2355, 0x2335, 0x2335, 0x2315, 0x2355, 0x2335, 0x2b76, 0x2376, 0x2335, 0x2335, 0x2314, 0x2334, 0x2335, 0x2335, 0x2335, 
	0x2335, 0x2334, 0x2334, 0x2334, 0x2314, 0x2314, 0x2334, 0x2314, 0x2314, 0x2314, 0x2314, 0x2314, 0x2314, 0x2314, 0x2335, 0x2335, 
	0x2335, 0x2335, 0x2335, 0x2335, 0x2335, 0x2356, 0x2356, 0x2b77, 0x2b77, 0x2b76, 0x2356, 0x2335, 0x2355, 0x2335, 0x2335, 0x2335, 
	0x2335, 0x2335, 0x2335, 0x2335, 0x2335, 0x2335, 0x2335, 0x2335, 0x2335, 0x2335, 0x2335, 0x1b35, 0x2335, 0x2335, 0x2335, 0x2335, 
	0x2335, 0x2335, 0x2334, 0x2334, 0x2314, 0x2314, 0x2314, 0x2314, 0x2334, 0x2334, 0x2334, 0x2334, 0x2334, 0x2314, 0x2314, 0x2334, 
	0x2314, 0x2b55, 0x2334, 0x2334, 0x2334, 0x2334, 0x2314, 0x2314, 0x2314, 0x2314, 0x2314, 0x2314, 0x2314, 0x2314, 0x2314, 0x22f3, 
	0x1af3, 0x22f3, 0x2314, 0x1af4, 0x1af3, 0x1af3, 0x1af3, 0x1af3, 0x2314, 0x2334, 0x2314, 0x1af3, 0x2314, 0x2b55, 0x2b55, 0x2355, 
	0x2334, 0x2314, 0x2334, 0x2334, 0x2334, 0x2334, 0x2b34, 0x2314, 0x2334, 0x2334, 0x2314, 0x2313, 0x1af3, 0x2313, 0x1af3, 0x1ad3, 
	0x1ad3, 0x1af3, 0x1af3, 0x1ad3, 0x1af3, 0x1ad3, 0x1ad2, 0x1ad3, 0x1af3, 0x1af3, 0x1af3, 0x1ad3, 0x1af3, 0x2313, 0x2334, 0x2314, 
	0x2313, 0x2313, 0x2313, 0x2314, 0x2334, 0x2334, 0x2334, 0x2334, 0x2334, 0x2313, 0x2314, 0x2314, 0x2334, 0x2334, 0x22f3, 0x2313, 
	0x2314, 0x1af3, 0x1af3, 0x22f3, 0x2314, 0x2313, 0x2b34, 0x2b75, 0x2334, 0x2314, 0x2314, 0x2b34, 0x2334, 0x2334, 0x2b34, 0x2b34, 
	0x2b34, 0x2334, 0x2334, 0x2334, 0x2b34, 0x2334, 0x2334, 0x2334, 0x2334, 0x2334, 0x2314, 0x1af3, 0x1af3, 0x1ad3, 0x1ad3, 0x1ab2, 
	0x1ab2, 0x1ad2, 0x1ad3, 0x1ab2, 0x1ad3, 0x1ad3, 0x1af3, 0x1ad3, 0x1ad3, 0x1ad3, 0x1ab3, 0x1ab2, 0x1ab2, 0x1a92, 0x1ab2, 0x1ab2, 
	0x1ab2, 0x1ab2, 0x1ab2, 0x1ab2, 0x1ab2, 0x1a92, 0x1ab2, 0x1ab2, 0x1ab2, 0x1ab3, 0x1ab3, 0x1ab2, 0x1ab2, 0x1ad3, 0x1af3, 0x22d3, 
	0x1292, 0x1a92, 0x1ab2, 0x1ab2, 0x1ab2, 0x1ab2, 0x1ad3, 0x1af3, 0x2314, 0x2b55, 0x2b55, 0x2b35, 0x2335, 0x2b76, 0x2b55, 0x2355, 
	0x2355, 0x2b55, 0x2b35, 0x2334, 0x2334, 0x2b75, 0x2b55, 0x2334, 0x2355, 0x2334, 0x2334, 0x2334, 0x2334, 0x2b54, 0x2334, 0x2334, 
	0x2314, 0x2314, 0x2314, 0x2334, 0x2334, 0x2334, 0x2335, 0x2335, 0x2335, 0x2335, 0x2334, 0x2334, 0x2334, 0x2334, 0x2334, 0x2314, 
	0x2314, 0x2334, 0x2334, 0x2334, 0x2334, 0x2b54, 0x5c99, 0x5479, 0x2313, 0x2334, 0x2334, 0x2334, 0x2334, 0x2314, 0x2314, 0x2334, 
	0x2335, 0x2335, 0x2355, 0x2355, 0x2335, 0x2334, 0x2334, 0x2314, 0x2334, 0x2335, 0x2334, 0x2334, 0x2334, 0x2334, 0x2334, 0x2334, 
	0x2334, 0x2314, 0x2314, 0x2314, 0x2b55, 0x2334, 0x2314, 0x2334, 0x2334, 0x2334, 0x2334, 0x2335, 0x2335, 0x2355, 0x2335, 0x2335, 
	0x2335, 0x2355, 0x2335, 0x2335, 0x2315, 0x1b15, 0x2355, 0x2b96, 0x2b97, 0x2376, 0x2355, 0x2335, 0x2334, 0x2355, 0x2355, 0x2335, 
	0x2355, 0x2355, 0x2355, 0x2335, 0x2334, 0x2334, 0x2334, 0x2334, 0x2334, 0x2334, 0x2334, 0x2334, 0x2314, 0x2334, 0x2b34, 0x3bd7, 
	0x2b76, 0x2335, 0x2335, 0x2335, 0x2335, 0x2356, 0x2b76, 0x2b76, 0x2356, 0x2335, 0x2335, 0x2335, 0x2335, 0x2335, 0x2335, 0x2335, 
	0x2335, 0x2335, 0x2335, 0x2335, 0x2335, 0x2335, 0x2335, 0x2335, 0x2335, 0x2335, 0x2335, 0x2335, 0x2335, 0x2335, 0x2335, 0x2355, 
	0x2335, 0x2335, 0x2335, 0x2334, 0x2314, 0x2334, 0x2314, 0x2334, 0x2334, 0x2334, 0x2334, 0x2334, 0x2334, 0x2b55, 0x2b75, 0x2314, 
	0x2334, 0x2334, 0x2334, 0x2334, 0x2334, 0x2314, 0x2334, 0x2314, 0x2314, 0x2334, 0x2335, 0x2314, 0x2314, 0x2314, 0x2314, 0x2314, 
	0x2313, 0x2334, 0x2334, 0x2334, 0x2334, 0x2334, 0x2314, 0x2334, 0x2334, 0x2334, 0x1af3, 0x1ad3, 0x2314, 0x2b55, 0x2334, 0x2b55, 
	0x2b34, 0x2334, 0x2334, 0x2334, 0x2334, 0x2334, 0x2334, 0x2314, 0x2314, 0x2314, 0x2314, 0x2334, 0x2334, 0x2334, 0x2313, 0x2313, 
	0x2313, 0x2313, 0x2334, 0x2313, 0x2313, 0x2313, 0x2314, 0x2313, 0x1af3, 0x1af3, 0x1ad3, 0x1ad3, 0x1af3, 0x1af3, 0x1af3, 0x1af3, 
	0x22f3, 0x2313, 0x2334, 0x2334, 0x2334, 0x2334, 0x2314, 0x22f3, 0x2334, 0x1af3, 0x1af3, 0x1af3, 0x1af3, 0x1af3, 0x1ad3, 0x1ad3, 
	0x1af3, 0x1af3, 0x1af3, 0x1ad3, 0x1ad2, 0x1ad3, 0x1ad3, 0x1ad3, 0x1af3, 0x2313, 0x2314, 0x2334, 0x2334, 0x2334, 0x2b34, 0x2b34, 
	0x2b34, 0x2b34, 0x2334, 0x2334, 0x2334, 0x2334, 0x2334, 0x2334, 0x2334, 0x2334, 0x2334, 0x2334, 0x2334, 0x2314, 0x2314, 0x22f3, 
	0x22f3, 0x1af3, 0x1ad2, 0x22f3, 0x2313, 0x1af3, 0x1ab3, 0x1ab2, 0x1ab2, 0x1a92, 0x1a92, 0x1a92, 0x1a92, 0x1a92, 0x1ab2, 0x1ab2, 
	0x1ab2, 0x1a92, 0x1ab2, 0x1ab2, 0x1ab2, 0x1ab2, 0x1ad3, 0x1ad3, 0x22f3, 0x22f3, 0x1ad3, 0x12b2, 0x1ab2, 0x1ab2, 0x1ad3, 0x1ad3, 
	0x1ab2, 0x1a92, 0x1a92, 0x1a92, 0x1a92, 0x1ad3, 0x1ad3, 0x1af3, 0x2334, 0x2334, 0x3396, 0x3396, 0x3396, 0x3376, 0x2b35, 0x2b35, 
	0x2b76, 0x2b76, 0x2b35, 0x2b76, 0x2335, 0x2b75, 0x2b55, 0x2334, 0x2b75, 0x2b75, 0x2334, 0x2334, 0x2b75, 0x2334, 0x2334, 0x2334, 
	0x2314, 0x2334, 0x2b54, 0x2334, 0x2334, 0x2335, 0x2335, 0x2335, 0x2335, 0x2334, 0x2334, 0x2334, 0x2334, 0x2334, 0x2334, 0x2314, 
	0x2314, 0x2314, 0x2334, 0x2334, 0x2334, 0x2b34, 0x5c99, 0x5458, 0x2314, 0x2334, 0x2334, 0x2334, 0x2334, 0x2334, 0x2334, 0x2334, 
	0x2334, 0x2335, 0x2355, 0x2355, 0x2335, 0x2334, 0x2355, 0x2335, 0x2335, 0x2355, 0x2335, 0x2b76, 0x3396, 0x2335, 0x2335, 0x2334, 
	0x2334, 0x2334, 0x2314, 0x2b34, 0x2b75, 0x2313, 0x2334, 0x2334, 0x2314, 0x2314, 0x2334, 0x2314, 0x2335, 0x2335, 0x2335, 0x2335, 
	0x2335, 0x2b76, 0x2335, 0x2335, 0x2335, 0x2335, 0x2335, 0x2355, 0x2356, 0x2355, 0x2335, 0x2335, 0x2334, 0x2334, 0x2335, 0x2335, 
	0x2335, 0x2355, 0x2355, 0x2335, 0x2355, 0x2335, 0x2334, 0x2314, 0x2335, 0x2355, 0x2335, 0x2335, 0x2314, 0x2335, 0x2b34, 0x755d, 
	0x4418, 0x2335, 0x2335, 0x2335, 0x2335, 0x2355, 0x2335, 0x2335, 0x2335, 0x2355, 0x2335, 0x2335, 0x2335, 0x2335, 0x2335, 0x2335, 
	0x2335, 0x2335, 0x2335, 0x2335, 0x2335, 0x2335, 0x2335, 0x2335, 0x2335, 0x2355, 0x2355, 0x2335, 0x2355, 0x2335, 0x2335, 0x2335, 
	0x2335, 0x2335, 0x2335, 0x2335, 0x2334, 0x2334, 0x2334, 0x2b75, 0x2334, 0x2334, 0x2334, 0x2334, 0x2334, 0x2b75, 0x3396, 0x2314, 
	0x2334, 0x2334, 0x2314, 0x2314, 0x2334, 0x2334, 0x2314, 0x2334, 0x2334, 0x2335, 0x2b55, 0x2b55, 0x2355, 0x2334, 0x2334, 0x2313, 
	0x1af3, 0x1af3, 0x1af3, 0x1b13, 0x2334, 0x2314, 0x2b34, 0x2b75, 0x2334, 0x2313, 0x2313, 0x1ad2, 0x1ab2, 0x1ab2, 0x1ad3, 0x2313, 
	0x2334, 0x2334, 0x2334, 0x2334, 0x2334, 0x2334, 0x2314, 0x2314, 0x2314, 0x2314, 0x2334, 0x2334, 0x2334, 0x2314, 0x2334, 0x2334, 
	0x2334, 0x2334, 0x2314, 0x2334, 0x2334, 0x2314, 0x2314, 0x1af3, 0x1af3, 0x1af3, 0x1ad3, 0x1af3, 0x1af3, 0x1af3, 0x1af3, 0x2313, 
	0x2334, 0x2334, 0x2334, 0x2313, 0x2313, 0x2313, 0x2314, 0x2314, 0x2313, 0x2334, 0x2313, 0x1af3, 0x1af3, 0x1af3, 0x1af3, 0x1ad3, 
	0x1ad3, 0x1ad2, 0x1ad2, 0x1ad2, 0x1ad2, 0x1ab2, 0x1ad2, 0x1af3, 0x2313, 0x2334, 0x2334, 0x2334, 0x2334, 0x2334, 0x2334, 0x2334, 
	0x2334, 0x2334, 0x2334, 0x2334, 0x2334, 0x2334, 0x2b54, 0x2334, 0x2334, 0x2334, 0x2334, 0x2334, 0x2334, 0x2334, 0x2b34, 0x2b34, 
	0x2313, 0x3bd6, 0x5479, 0x2333, 0x1af3, 0x1ad3, 0x1ad2, 0x1ab2, 0x1ab2, 0x1ab2, 0x1ab2, 0x1ab2, 0x1ab2, 0x1ab2, 0x1ab2, 0x1ab2, 
	0x1ad3, 0x1ad3, 0x1ad3, 0x1ad3, 0x1ad3, 0x1af3, 0x22f3, 0x2313, 0x1af3, 0x1af3, 0x1ad3, 0x1ad3, 0x1ad3, 0x1ab2, 0x1ad3, 0x1ad3, 
	0x1ad3, 0x1ad3, 0x1ab2, 0x1ab2, 0x1ab3, 0x1ad3, 0x1ad3, 0x1af3, 0x2313, 0x2314, 0x2314, 0x2314, 0x2314, 0x3376, 0x2b55, 0x22f4, 
	0x2b35, 0x2b76, 0x2b35, 0x2b35, 0x2b55, 0x2355, 0x2b55, 0x2b75, 0x2b55, 0x2354, 0x2b55, 0x3396, 0x2b55, 0x2334, 0x2b55, 0x2b55, 
	0x2314, 0x2334, 0x2334, 0x2334, 0x2335, 0x2335, 0x2335, 0x2335, 0x2334, 0x2334, 0x2334, 0x2334, 0x2334, 0x2334, 0x2334, 0x2334, 
	0x2314, 0x2334, 0x2334, 0x2334, 0x2b55, 0x3bd6, 0x2b33, 0x2334, 0x2334, 0x2334, 0x2b34, 0x2b75, 0x2334, 0x2334, 0x2334, 0x2334, 
	0x2335, 0x2335, 0x2335, 0x2335, 0x2335, 0x2335, 0x2335, 0x2335, 0x2335, 0x2335, 0x2334, 0x2b55, 0x2b75, 0x2335, 0x2335, 0x2314, 
	0x1af3, 0x1af3, 0x2313, 0x2314, 0x2313, 0x2313, 0x2314, 0x2314, 0x2334, 0x2334, 0x2334, 0x2314, 0x2334, 0x2335, 0x2335, 0x2335, 
	0x2335, 0x2335, 0x2335, 0x2335, 0x2335, 0x2335, 0x2335, 0x2335, 0x2335, 0x2335, 0x2335, 0x2334, 0x2314, 0x2314, 0x2314, 0x2314, 
	0x2314, 0x2335, 0x2335, 0x2335, 0x2335, 0x2335, 0x2335, 0x2335, 0x2335, 0x2335, 0x2335, 0x2335, 0x2335, 0x2335, 0x2b55, 0x4c18, 
	0x3bb7, 0x2355, 0x2335, 0x2335, 0x2335, 0x2355, 0x2355, 0x2335, 0x2335, 0x2355, 0x2335, 0x2355, 0x2355, 0x2335, 0x2335, 0x2335, 
	0x2335, 0x2335, 0x2335, 0x2355, 0x2335, 0x2335, 0x2355, 0x2335, 0x2335, 0x2335, 0x2355, 0x2355, 0x2356, 0x2355, 0x2335, 0x2335, 
	0x2335, 0x2335, 0x2335, 0x2335, 0x2314, 0x2314, 0x2334, 0x2b55, 0x2334, 0x2314, 0x2335, 0x2334, 0x3396, 0x2b75, 0x2314, 0x2335, 
	0x2334, 0x2334, 0x2335, 0x2335, 0x2314, 0x1b13, 0x2334, 0x1af3, 0x1ad3, 0x1af3, 0x1af3, 0x2314, 0x2314, 0x2334, 0x2334, 0x1af3, 
	0x1af3, 0x1b13, 0x1af3, 0x1ad3, 0x1ad3, 0x1af3, 0x1af3, 0x2313, 0x2313, 0x2314, 0x2334, 0x1ad2, 0x1ad3, 0x1ad3, 0x1ad2, 0x1ad2, 
	0x2334, 0x2334, 0x2b34, 0x2334, 0x2334, 0x2334, 0x2334, 0x2b34, 0x2314, 0x2314, 0x2334, 0x2334, 0x2314, 0x2334, 0x2b34, 0x2334, 
	0x2334, 0x2b34, 0x2314, 0x2334, 0x2b34, 0x2334, 0x2314, 0x2314, 0x2334, 0x2314, 0x2314, 0x2314, 0x2314, 0x2334, 0x2334, 0x2334, 
	0x2334, 0x2314, 0x2314, 0x2313, 0x2314, 0x2b34, 0x2b34, 0x2b34, 0x2334, 0x2b34, 0x2334, 0x1af3, 0x1af3, 0x1af3, 0x2314, 0x1af3, 
	0x1ad2, 0x12b2, 0x12b2, 0x12b2, 0x1ad2, 0x1ad2, 0x1ad3, 0x1af3, 0x2334, 0x2334, 0x2334, 0x2334, 0x2334, 0x2334, 0x2334, 0x2334, 
	0x2b54, 0x2334, 0x2334, 0x2334, 0x2334, 0x2334, 0x2334, 0x2334, 0x2334, 0x2334, 0x2334, 0x2334, 0x2334, 0x2335, 0x2334, 0x2334, 
	0x2334, 0x2b75, 0x3bd6, 0x2b34, 0x22f3, 0x2313, 0x1ad3, 0x1ab2, 0x1ab2, 0x1a92, 0x1ab2, 0x1ab2, 0x1ab2, 0x1ab2, 0x1ab3, 0x1ab2, 
	0x1ab2, 0x1ad3, 0x1ad3, 0x1ab2, 0x1ab2, 0x1ad3, 0x1ad3, 0x1af3, 0x1af3, 0x1af3, 0x1af3, 0x1af3, 0x1af3, 0x1ab2, 0x1ab2, 0x1ab3, 
	0x1ab2, 0x1ab3, 0x1ab2, 0x1ad3, 0x22d3, 0x1ad3, 0x1ad3, 0x2314, 0x1ab3, 0x1a92, 0x1292, 0x1292, 0x1292, 0x1ad3, 0x1ad3, 0x1ad3, 
	0x1ad3, 0x2335, 0x2b76, 0x2b55, 0x2b75, 0x2b55, 0x2335, 0x2314, 0x1b14, 0x1af3, 0x2334, 0x2334, 0x2314, 0x2314, 0x2314, 0x2334, 
	0x2334, 0x2334, 0x2334, 0x2334, 0x2335, 0x2335, 0x2335, 0x2335, 0x2b54, 0x2b54, 0x2334, 0x2334, 0x2334, 0x2334, 0x2334, 0x2334, 
	0x2334, 0x2334, 0x2334, 0x2334, 0x2b34, 0x2b54, 0x2b34, 0x2b34, 0x2334, 0x2334, 0x2b34, 0x2b75, 0x2334, 0x2334, 0x2334, 0x2335, 
	0x2335, 0x2335, 0x2335, 0x2335, 0x2335, 0x2335, 0x2335, 0x2335, 0x2335, 0x2335, 0x2335, 0x2334, 0x2334, 0x2314, 0x1af3, 0x1ad3, 
	0x1ad3, 0x12b2, 0x2313, 0x2334, 0x2334, 0x2334, 0x2b54, 0x2b55, 0x2334, 0x2314, 0x2314, 0x2314, 0x2334, 0x2335, 0x2335, 0x2335, 
	0x2355, 0x2355, 0x2335, 0x2335, 0x2335, 0x2355, 0x2335, 0x2335, 0x2335, 0x2335, 0x2335, 0x2334, 0x2334, 0x2334, 0x2334, 0x2314, 
	0x2334, 0x2335, 0x2335, 0x2335, 0x2335, 0x2335, 0x2335, 0x2335, 0x2335, 0x2335, 0x2335, 0x2335, 0x2355, 0x2335, 0x2335, 0x2335, 
	0x2355, 0x2335, 0x2335, 0x2355, 0x2335, 0x2355, 0x2355, 0x2335, 0x2335, 0x2355, 0x2355, 0x2356, 0x2355, 0x2355, 0x2335, 0x2335, 
	0x2335, 0x2355, 0x2355, 0x2355, 0x2335, 0x2335, 0x2335, 0x2355, 0x2355, 0x2355, 0x2356, 0x2356, 0x2355, 0x2335, 0x2335, 0x2335, 
	0x2335, 0x2335, 0x2335, 0x2335, 0x2314, 0x2b75, 0x2b55, 0x2314, 0x2335, 0x2335, 0x2335, 0x2334, 0x3bd6, 0x33b6, 0x2334, 0x2335, 
	0x2335, 0x2334, 0x2334, 0x2335, 0x2314, 0x2334, 0x2334, 0x2334, 0x2b75, 0x2334, 0x2314, 0x1af3, 0x1af3, 0x1af3, 0x1af3, 0x1af3, 
	0x1af3, 0x1ad3, 0x1ad3, 0x1ad3, 0x1ad3, 0x1ad3, 0x1ad2, 0x1ad3, 0x1ad2, 0x1ad2, 0x1af3, 0x1ad3, 0x1ad3, 0x1ad3, 0x1ad3, 0x1af3, 
	0x2334, 0x2334, 0x2b34, 0x2b34, 0x2b34, 0x2334, 0x2334, 0x2314, 0x2314, 0x2334, 0x2334, 0x2334, 0x2334, 0x2334, 0x2334, 0x2334, 
	0x2334, 0x2334, 0x2334, 0x2334, 0x2334, 0x2334, 0x2334, 0x2334, 0x2334, 0x2334, 0x2334, 0x2334, 0x2334, 0x2334, 0x2334, 0x2334, 
	0x2334, 0x2334, 0x2334, 0x2334, 0x2334, 0x2b34, 0x2b34, 0x2b34, 0x2b34, 0x2334, 0x2314, 0x2313, 0x2313, 0x2314, 0x2334, 0x2314, 
	0x1af3, 0x1af3, 0x1ad3, 0x1ad3, 0x1af3, 0x1af3, 0x1af3, 0x1af3, 0x2314, 0x2b34, 0x2334, 0x2334, 0x2334, 0x2334, 0x2334, 0x2334, 
	0x2334, 0x2334, 0x2334, 0x2334, 0x2334, 0x2334, 0x2334, 0x2334, 0x2b54, 0x2334, 0x2334, 0x2334, 0x2335, 0x2334, 0x2334, 0x2334, 
	0x2334, 0x2b34, 0x2b54, 0x2b34, 0x2313, 0x1af3, 0x1ad3, 0x1ad3, 0x1ad3, 0x1ad3, 0x1ad3, 0x1ad3, 0x1ad2, 0x1ab2, 0x1a92, 0x1ab2, 
	0x1ab2, 0x1ab2, 0x1ab2, 0x1ab2, 0x1ab2, 0x1ab2, 0x1ab2, 0x12b2, 0x1ab2, 0x1ad3, 0x1af3, 0x1af3, 0x1ad3, 0x1ad2, 0x1ab3, 0x1ab3, 
	0x1ab3, 0x22f3, 0x2314, 0x22d3, 0x1ab2, 0x1ab2, 0x1ab2, 0x1ab2, 0x1ab2, 0x1ab2, 0x1ab2, 0x1a92, 0x1ab2, 0x1ab3, 0x1ab3, 0x1ad3, 
	0x1ad3, 0x2314, 0x2335, 0x2b76, 0x2b55, 0x2335, 0x2335, 0x2355, 0x2355, 0x2335, 0x2334, 0x2334, 0x2334, 0x2334, 0x2334, 0x2314, 
	0x2334, 0x2354, 0x2334, 0x2335, 0x2334, 0x2334, 0x2b55, 0x2314, 0x4417, 0x3bd6, 0x2313, 0x2334, 0x2334, 0x2334, 0x2334, 0x2334, 
	0x2334, 0x2334, 0x2334, 0x2334, 0x2334, 0x2334, 0x2334, 0x2334, 0x2334, 0x2334, 0x2334, 0x2334, 0x2334, 0x2334, 0x2335, 0x2355, 
	0x2335, 0x2335, 0x2335, 0x2334, 0x2334, 0x2334, 0x2335, 0x2314, 0x2335, 0x2335, 0x2314, 0x2314, 0x2334, 0x2334, 0x2314, 0x2314, 
	0x2313, 0x1af3, 0x1af3, 0x1af3, 0x1ad2, 0x2314, 0x2b54, 0x2314, 0x2334, 0x2314, 0x2b75, 0x2334, 0x2334, 0x2b76, 0x2355, 0x2335, 
	0x2335, 0x2355, 0x2335, 0x2335, 0x2335, 0x2335, 0x2335, 0x2335, 0x2335, 0x2335, 0x2335, 0x2335, 0x2334, 0x2334, 0x2334, 0x2334, 
	0x2335, 0x2335, 0x2335, 0x2335, 0x2335, 0x2335, 0x2335, 0x2335, 0x2335, 0x2335, 0x2335, 0x2335, 0x2335, 0x2335, 0x2335, 0x2335, 
	0x2335, 0x2335, 0x2335, 0x2335, 0x2335, 0x2335, 0x2335, 0x2355, 0x2b76, 0x2b56, 0x2335, 0x2b56, 0x2b55, 0x2335, 0x2335, 0x33d7, 
	0x2335, 0x2355, 0x2355, 0x2355, 0x2b55, 0x2355, 0x2355, 0x2355, 0x2335, 0x2355, 0x2356, 0x2b55, 0x2355, 0x2335, 0x2335, 0x2335, 
	0x2335, 0x2b55, 0x2b55, 0x2b35, 0x2b35, 0x2b35, 0x2334, 0x2334, 0x2334, 0x2335, 0x2335, 0x2334, 0x2b55, 0x2b34, 0x2335, 0x2335, 
	0x2334, 0x2334, 0x2335, 0x2334, 0x2334, 0x2334, 0x2334, 0x2355, 0x2b55, 0x2334, 0x2314, 0x1af3, 0x1af3, 0x1af3, 0x1af3, 0x1af3, 
	0x1ad3, 0x1ad3, 0x1ad3, 0x1ad3, 0x1ad3, 0x1ad3, 0x1af3, 0x1ad3, 0x1ad2, 0x1ad2, 0x1af3, 0x22f3, 0x1ad3, 0x1ad3, 0x22f3, 0x1ad3, 
	0x2b35, 0x2b34, 0x2b34, 0x2334, 0x2334, 0x2334, 0x2334, 0x2334, 0x2334, 0x2334, 0x2b55, 0x3396, 0x3396, 0x2b55, 0x2b55, 0x2b76, 
	0x2b75, 0x2b35, 0x2334, 0x2334, 0x2334, 0x2334, 0x2334, 0x2334, 0x2314, 0x2334, 0x2334, 0x2314, 0x2334, 0x2b35, 0x2b35, 0x2334, 
	0x2b34, 0x2334, 0x2b34, 0x2b34, 0x2b34, 0x2b34, 0x2334, 0x2334, 0x2b34, 0x2b35, 0x2b34, 0x2334, 0x2334, 0x2b34, 0x2b34, 0x2b34, 
	0x2b34, 0x2b34, 0x2b34, 0x2314, 0x2313, 0x2313, 0x2314, 0x2313, 0x22f3, 0x2313, 0x1af3, 0x2313, 0x2334, 0x2334, 0x2334, 0x2335, 
	0x2334, 0x2334, 0x2334, 0x2334, 0x2b34, 0x2334, 0x2314, 0x2b34, 0x2b34, 0x2334, 0x2334, 0x2334, 0x2334, 0x2334, 0x2334, 0x2334, 
	0x2334, 0x2334, 0x2334, 0x2313, 0x1af3, 0x1af3, 0x1af3, 0x1af3, 0x1af3, 0x1af3, 0x1af3, 0x1ab2, 0x1ab2, 0x1ab2, 0x1ab2, 0x1ab2, 
	0x1ab2, 0x1ab2, 0x1a92, 0x1ab2, 0x1ab2, 0x1ab2, 0x1ab2, 0x12b2, 0x1ab2, 0x1af3, 0x1af3, 0x1af3, 0x1af3, 0x1ad3, 0x1ad3, 0x1ad3, 
	0x1af3, 0x1ad3, 0x1ab2, 0x1a92, 0x1a92, 0x1ab2, 0x1ab2, 0x1a92, 0x1ab2, 0x1ab2, 0x1ab2, 0x1ab2, 0x1ab2, 0x1ab3, 0x1ab3, 0x1ad3, 
	0x1af4, 0x1b14, 0x2335, 0x33b7, 0x2b76, 0x2b56, 0x2b76, 0x2b76, 0x2b76, 0x2335, 0x2b55, 0x2b75, 0x2b35, 0x2334, 0x2b54, 0x2b75, 
	0x2b54, 0x2334, 0x2314, 0x2314, 0x2334, 0x2334, 0x2334, 0x2334, 0x2314, 0x2334, 0x2b34, 0x2b34, 0x2334, 0x2334, 0x2334, 0x2334, 
	0x2b34, 0x2334, 0x2334, 0x2334, 0x2334, 0x2334, 0x2334, 0x2334, 0x2334, 0x2335, 0x2b55, 0x2b55, 0x2b55, 0x2b55, 0x2b35, 0x2355, 
	0x2355, 0x2335, 0x2335, 0x2b55, 0x2b35, 0x22f4, 0x2334, 0x2334, 0x2314, 0x2334, 0x2b35, 0x2335, 0x2b35, 0x2334, 0x2b35, 0x2b75, 
	0x2b75, 0x2b34, 0x2314, 0x22f3, 0x1ad3, 0x1ad3, 0x1ad2, 0x1af3, 0x2334, 0x2314, 0x2334, 0x2334, 0x2335, 0x2335, 0x2335, 0x2335, 
	0x2335, 0x2355, 0x2335, 0x2335, 0x2335, 0x2335, 0x2335, 0x2335, 0x2335, 0x2335, 0x2335, 0x2335, 0x2334, 0x2334, 0x2335, 0x2335, 
	0x2335, 0x2b55, 0x2355, 0x2335, 0x2b55, 0x2b55, 0x2335, 0x2335, 0x2335, 0x2335, 0x2335, 0x2335, 0x2335, 0x2335, 0x2335, 0x2335, 
	0x2335, 0x2335, 0x2335, 0x2335, 0x2b55, 0x2335, 0x2335, 0x2335, 0x2b56, 0x2b56, 0x2b56, 0x2b56, 0x2b55, 0x2b55, 0x2b56, 0x2b76, 
	0x2b55, 0x2b55, 0x2b55, 0x2b56, 0x2b55, 0x2b55, 0x2b35, 0x2b35, 0x2b55, 0x2b55, 0x2b55, 0x2b55, 0x2b35, 0x2b35, 0x2b55, 0x3375, 
	0x3375, 0x3355, 0x3355, 0x3375, 0x3375, 0x3355, 0x2b55, 0x2b34, 0x2334, 0x2334, 0x2334, 0x2b55, 0x2b55, 0x2b55, 0x2b35, 0x2335, 
	0x2334, 0x2334, 0x2334, 0x2335, 0x2334, 0x2314, 0x2334, 0x2314, 0x2313, 0x1af3, 0x1ad2, 0x22f3, 0x1af3, 0x1af3, 0x22f3, 0x1ad3, 
	0x1ad3, 0x1ab2, 0x1ad2, 0x1ab2, 0x1ab2, 0x1ad2, 0x1ad3, 0x1ab2, 0x1ab2, 0x1ab2, 0x12b2, 0x1ad3, 0x1ad3, 0x1ab2, 0x1ab2, 0x1a92, 
	0x2b34, 0x2b34, 0x2b35, 0x2b34, 0x2b34, 0x2b34, 0x2b34, 0x2314, 0x2334, 0x2334, 0x3396, 0x3396, 0x2b55, 0x2b35, 0x3376, 0x33b7, 
	0x33b7, 0x2b55, 0x2335, 0x2b34, 0x2b34, 0x2b34, 0x2b55, 0x2b55, 0x2b34, 0x2b34, 0x2b34, 0x2334, 0x2335, 0x2b76, 0x2b76, 0x2b55, 
	0x2b55, 0x2b34, 0x2b34, 0x2b34, 0x2b34, 0x2b34, 0x2b34, 0x2334, 0x2b34, 0x2b35, 0x2b55, 0x2b35, 0x2b34, 0x2334, 0x2334, 0x2b34, 
	0x2b34, 0x2334, 0x2b34, 0x2b34, 0x2b34, 0x2b34, 0x2314, 0x2313, 0x1ad3, 0x1ad2, 0x1ad2, 0x1af3, 0x2334, 0x2b55, 0x2b34, 0x2334, 
	0x2314, 0x2314, 0x2335, 0x2b35, 0x2b34, 0x2b34, 0x2b34, 0x2b34, 0x2b34, 0x2b34, 0x2b34, 0x2b34, 0x2b34, 0x2b34, 0x2b34, 0x2b35, 
	0x2b34, 0x2b34, 0x2314, 0x2313, 0x22f3, 0x2313, 0x1af3, 0x1af3, 0x1af3, 0x1af3, 0x1af3, 0x1ad2, 0x1ab2, 0x12b2, 0x1a92, 0x1ab2, 
	0x1a92, 0x1ab2, 0x1ab2, 0x1ab2, 0x1ab2, 0x1ab2, 0x1ad2, 0x1ad2, 0x1ad2, 0x1ad3, 0x1af3, 0x1af3, 0x1af3, 0x1af3, 0x1af3, 0x1af3, 
	0x1af3, 0x1ad2, 0x1ad2, 0x1ab2, 0x1a92, 0x1ab2, 0x1ab2, 0x1ab2, 0x1ab2, 0x1ab2, 0x1ab2, 0x1ab2, 0x1ab2, 0x1ab2, 0x1a92, 0x12b3, 
	0x1b14, 0x2335, 0x2b55, 0x2b55, 0x2b76, 0x33b7, 0x33b7, 0x2b96, 0x2b76, 0x3396, 0x2b55, 0x22f4, 0x1ad3, 0x1ad3, 0x1af3, 0x2314, 
	0x2314, 0x1ad3, 0x1ad3, 0x22f3, 0x2b34, 0x2334, 0x2334, 0x2334, 0x2334, 0x2334, 0x2b34, 0x2b34, 0x2b34, 0x2334, 0x2334, 0x2334, 
	0x2334, 0x2334, 0x2334, 0x2334, 0x2334, 0x2334, 0x2334, 0x2b55, 0x2b55, 0x1af3, 0x22f4, 0x2334, 0x2b35, 0x2334, 0x22f4, 0x2314, 
	0x2b55, 0x2b55, 0x2b35, 0x3396, 0x2b75, 0x3396, 0x2b55, 0x2334, 0x2b35, 0x2b55, 0x2314, 0x22f4, 0x1af3, 0x1ad3, 0x2314, 0x2b55, 
	0x2b34, 0x2334, 0x2334, 0x2314, 0x2314, 0x2314, 0x2314, 0x2314, 0x2314, 0x2314, 0x2334, 0x2335, 0x2335, 0x2335, 0x2335, 0x2335, 
	0x2335, 0x2335, 0x2335, 0x2335, 0x2335, 0x2b55, 0x2335, 0x2335, 0x2335, 0x2335, 0x2b55, 0x2335, 0x2335, 0x2b55, 0x2b55, 0x2b55, 
	0x2b76, 0x2b55, 0x2b76, 0x2b76, 0x2b56, 0x2b56, 0x2b35, 0x2335, 0x2b35, 0x2335, 0x2335, 0x2335, 0x2b55, 0x2335, 0x2b55, 0x2b55, 
	0x2b55, 0x2b56, 0x2b56, 0x2b56, 0x2b56, 0x3376, 0x2b76, 0x3376, 0x3376, 0x3376, 0x3396, 0x3376, 0x3376, 0x2b76, 0x2b76, 0x2b76, 
	0x3376, 0x3376, 0x3376, 0x3376, 0x2b76, 0x2b55, 0x2b55, 0x2b55, 0x3375, 0x2b55, 0x2b55, 0x3355, 0x3375, 0x3375, 0x3375, 0x3375, 
	0x3375, 0x3375, 0x3355, 0x3375, 0x3355, 0x3355, 0x2b55, 0x2b34, 0x2b34, 0x2334, 0x2b54, 0x2b75, 0x2b55, 0x2b35, 0x2b55, 0x2b55, 
	0x2b34, 0x2334, 0x22f3, 0x22f3, 0x22f3, 0x2314, 0x22f3, 0x1ad3, 0x1ad3, 0x1ad3, 0x1ad3, 0x1ad2, 0x1ad2, 0x12b2, 0x12b2, 0x1ab2, 
	0x12b2, 0x1292, 0x1ab2, 0x1ab2, 0x1ab2, 0x1ab2, 0x1ab2, 0x1292, 0x12b2, 0x12b2, 0x12b2, 0x1ab2, 0x1ab2, 0x1292, 0x1a92, 0x1a92, 
	0x2b14, 0x2b14, 0x2b34, 0x2b55, 0x2b34, 0x2b34, 0x2b34, 0x2b34, 0x2b34, 0x2b35, 0x2b55, 0x2b35, 0x2b14, 0x2b35, 0x2b35, 0x3376, 
	0x3396, 0x3376, 0x3396, 0x3355, 0x2b35, 0x2b35, 0x2b55, 0x2b55, 0x2b34, 0x2b34, 0x2b35, 0x2335, 0x2b55, 0x3376, 0x3376, 0x3376, 
	0x3376, 0x2b55, 0x2b34, 0x2b34, 0x2b34, 0x2b34, 0x2b34, 0x2b34, 0x2b14, 0x2b34, 0x2b56, 0x3376, 0x2b56, 0x3396, 0x2b55, 0x2b35, 
	0x2b34, 0x2b34, 0x2b34, 0x2b14, 0x2b34, 0x2b14, 0x2314, 0x2314, 0x2314, 0x22f3, 0x22f3, 0x2314, 0x2314, 0x2334, 0x2b34, 0x2314, 
	0x2314, 0x2b34, 0x2b55, 0x2b14, 0x2b34, 0x2b34, 0x2b34, 0x2b35, 0x2b34, 0x2b34, 0x2b34, 0x2b34, 0x2b34, 0x2b35, 0x2b34, 0x2b35, 
	0x2b14, 0x2b34, 0x2b34, 0x2314, 0x2b14, 0x2334, 0x2314, 0x2314, 0x2314, 0x1af3, 0x1af3, 0x1af3, 0x1af3, 0x1ad3, 0x1ab2, 0x1ab2, 
	0x1ad3, 0x1ad3, 0x1ad3, 0x1ad2, 0x1ad2, 0x1ad3, 0x1af3, 0x1ad3, 0x1af3, 0x1af3, 0x1af3, 0x1ad3, 0x1af3, 0x1af3, 0x1af3, 0x1af3, 
	0x1af3, 0x1af3, 0x1af3, 0x1af3, 0x1ad2, 0x1ab2, 0x1ab2, 0x1ab2, 0x1ab2, 0x1ab2, 0x1ab2, 0x1ab2, 0x1ab2, 0x1ab2, 0x1ab2, 0x1ad3, 
	0x1b14, 0x2314, 0x2314, 0x1af3, 0x2334, 0x2b55, 0x2334, 0x2314, 0x2314, 0x2314, 0x1ad3, 0x12b2, 0x12b2, 0x1ab2, 0x12b2, 0x1ab2, 
	0x1292, 0x1ab2, 0x1ab2, 0x1ad3, 0x2314, 0x2b34, 0x2334, 0x2334, 0x2b54, 0x2b75, 0x2b55, 0x2b55, 0x2b54, 0x2334, 0x2334, 0x2314, 
	0x2334, 0x2334, 0x2334, 0x2b75, 0x1af3, 0x2b34, 0x2b35, 0x2314, 0x22f3, 0x1ab2, 0x1ab2, 0x1ad3, 0x1ad3, 0x1ad3, 0x1ab2, 0x1ad3, 
	0x1ad3, 0x2334, 0x2b55, 0x2314, 0x22d3, 0x2334, 0x1af3, 0x1ad3, 0x1ad3, 0x22f3, 0x1ab2, 0x1ab2, 0x1ab2, 0x1ab2, 0x1ab2, 0x1ab2, 
	0x1ad3, 0x2314, 0x2334, 0x2334, 0x2334, 0x2334, 0x2b55, 0x2b55, 0x2334, 0x2314, 0x2334, 0x2b35, 0x2b55, 0x2b35, 0x2b35, 0x2335, 
	0x2b55, 0x2b35, 0x2b35, 0x2b35, 0x2b55, 0x2b55, 0x2b35, 0x2b55, 0x2b55, 0x2335, 0x2b55, 0x2b55, 0x2b76, 0x2b55, 0x3376, 0x2b56, 
	0x2b56, 0x2b56, 0x2b56, 0x3376, 0x2b56, 0x2b56, 0x2b56, 0x2b55, 0x2b55, 0x2b55, 0x2b56, 0x2b56, 0x2b55, 0x2b55, 0x2b76, 0x2b76, 
	0x3376, 0x3376, 0x3376, 0x3376, 0x3376, 0x3376, 0x3376, 0x3376, 0x3376, 0x3376, 0x3376, 0x3376, 0x3396, 0x3396, 0x3376, 0x3376, 
	0x3376, 0x3376, 0x3376, 0x3376, 0x3376, 0x3376, 0x3376, 0x3375, 0x3375, 0x3375, 0x3375, 0x3375, 0x3375, 0x3375, 0x3375, 0x3375, 
	0x3375, 0x3355, 0x3355, 0x3355, 0x3355, 0x3355, 0x3355, 0x2b55, 0x2b34, 0x3355, 0x3375, 0x2b55, 0x2313, 0x1af3, 0x1af3, 0x22f3, 
	0x2313, 0x22f3, 0x1ab2, 0x1ab2, 0x1ab2, 0x1ad3, 0x1ad3, 0x1ad3, 0x1ad3, 0x1ad2, 0x1ab2, 0x1ab2, 0x12b2, 0x1ab2, 0x1ab2, 0x1ab2, 
	0x1292, 0x1ab2, 0x12b2, 0x1ab2, 0x1ab2, 0x1ab2, 0x1ab2, 0x1ab2, 0x1ab2, 0x1ad2, 0x1ad3, 0x1ad3, 0x1ab2, 0x1ab2, 0x1ab2, 0x1ad3, 
	0x2b34, 0x2b34, 0x2b34, 0x2b34, 0x2b34, 0x2b34, 0x2b34, 0x2b34, 0x2b55, 0x3376, 0x2b35, 0x2b35, 0x2b35, 0x2b55, 0x2b55, 0x3376, 
	0x3396, 0x3397, 0x3396, 0x3376, 0x3375, 0x3355, 0x2b55, 0x2b35, 0x2b35, 0x2b55, 0x3376, 0x3376, 0x3396, 0x3396, 0x3396, 0x3376, 
	0x2b55, 0x2b55, 0x2b35, 0x2b34, 0x2b34, 0x2b55, 0x2b55, 0x2b55, 0x2b55, 0x2b35, 0x3356, 0x3376, 0x3377, 0x3397, 0x3376, 0x3355, 
	0x2b35, 0x2b35, 0x2b35, 0x2b35, 0x2b14, 0x2b14, 0x2b14, 0x2b34, 0x2b34, 0x2b34, 0x2b34, 0x2b34, 0x2b34, 0x2b34, 0x2b34, 0x2b34, 
	0x2b14, 0x2b14, 0x2b35, 0x2b14, 0x2b34, 0x2b34, 0x2b34, 0x2b34, 0x2b34, 0x2b34, 0x2b34, 0x2b34, 0x2b35, 0x2b34, 0x2b14, 0x2b14, 
	0x2b34, 0x2b34, 0x2b34, 0x2b34, 0x2b34, 0x2b14, 0x2b14, 0x2b34, 0x2b34, 0x2314, 0x2314, 0x2314, 0x2314, 0x22f3, 0x22f3, 0x1af3, 
	0x1af3, 0x1af3, 0x1af3, 0x1af3, 0x1af3, 0x2313, 0x1af3, 0x1af3, 0x1ad3, 0x1af3, 0x1af3, 0x1af3, 0x2313, 0x1af3, 0x1af3, 0x1af3, 
	0x1af3, 0x1af3, 0x1af3, 0x1af3, 0x1ad3, 0x1ab2, 0x1ab2, 0x1ab2, 0x1ab2, 0x1ab2, 0x1ab2, 0x1ab2, 0x1ab2, 0x1ad3, 0x1af3, 0x1af3, 
	0x1af3, 0x1af3, 0x1ad3, 0x1af3, 0x1ad2, 0x1ad3, 0x1af3, 0x1ad3, 0x1ab2, 0x1ab2, 0x1a92, 0x1ab2, 0x1ad3, 0x1ad3, 0x1ad3, 0x1ad3, 
	0x1ad2, 0x1ad3, 0x1ad3, 0x1ad3, 0x2314, 0x2b34, 0x2314, 0x2b54, 0x3395, 0x2b75, 0x2314, 0x2314, 0x2b54, 0x2b55, 0x2313, 0x2314, 
	0x2334, 0x2b55, 0x2b55, 0x2314, 0x1ab2, 0x1ab3, 0x1ad3, 0x1ab2, 0x1a92, 0x1ab2, 0x1ad2, 0x1ab2, 0x1ab2, 0x1ab2, 0x1ab2, 0x22f3, 
	0x1ab2, 0x2314, 0x22f4, 0x1ab2, 0x1ab2, 0x1ab2, 0x1ab3, 0x1ab2, 0x12b2, 0x1ad3, 0x1ad3, 0x1ab2, 0x1ab2, 0x1ad2, 0x1ad3, 0x1af3, 
	0x1af3, 0x2313, 0x2314, 0x2314, 0x2334, 0x2334, 0x2b55, 0x2b75, 0x2b55, 0x2b55, 0x2b55, 0x3375, 0x2b55, 0x2b34, 0x2b34, 0x2b75, 
	0x2b55, 0x2b55, 0x2b35, 0x2b55, 0x2b55, 0x2b55, 0x2b55, 0x2b55, 0x2b55, 0x2b55, 0x2b55, 0x3376, 0x3376, 0x2b76, 0x3376, 0x2b76, 
	0x3376, 0x3376, 0x3376, 0x3376, 0x3397, 0x3376, 0x3376, 0x3376, 0x3376, 0x3376, 0x3376, 0x3376, 0x3376, 0x3376, 0x3376, 0x3376, 
	0x3376, 0x3376, 0x3376, 0x3376, 0x3376, 0x3376, 0x3376, 0x3376, 0x3376, 0x3376, 0x3376, 0x3376, 0x3376, 0x3376, 0x3376, 0x3396, 
	0x3376, 0x3376, 0x3376, 0x3376, 0x3375, 0x3375, 0x3355, 0x3355, 0x3355, 0x3355, 0x3355, 0x3355, 0x3355, 0x3355, 0x3355, 0x3355, 
	0x3355, 0x3355, 0x3355, 0x3355, 0x3375, 0x3375, 0x3355, 0x3355, 0x2b34, 0x2314, 0x2334, 0x2314, 0x2314, 0x2314, 0x2314, 0x2313, 
	0x1ad3, 0x1ad2, 0x1ab2, 0x1ab2, 0x1ab2, 0x1ab2, 0x1ab2, 0x1ab2, 0x1ab2, 0x1ad2, 0x1ab2, 0x1ad2, 0x1ad2, 0x1ad2, 0x1ad3, 0x1ad3, 
	0x1ad2, 0x1ad2, 0x1ab2, 0x1ad2, 0x1ad3, 0x1ad3, 0x1ad3, 0x1ab2, 0x1ab2, 0x1ab2, 0x1ab2, 0x1ab2, 0x1ab2, 0x12b2, 0x1ab2, 0x1ad2, 
	0x3334, 0x2b54, 0x2b34, 0x2b34, 0x2b34, 0x2b34, 0x2b34, 0x2b55, 0x3397, 0x33b7, 0x2b76, 0x2b56, 0x3376, 0x3376, 0x3376, 0x3397, 
	0x3376, 0x3376, 0x3355, 0x3355, 0x3355, 0x3375, 0x3356, 0x3355, 0x3355, 0x3376, 0x3397, 0x3376, 0x3376, 0x3376, 0x3396, 0x3376, 
	0x2b55, 0x2b55, 0x2b55, 0x2b55, 0x2b55, 0x3376, 0x3376, 0x3376, 0x3376, 0x3376, 0x3376, 0x3376, 0x3377, 0x3376, 0x3376, 0x3355, 
	0x2b35, 0x2b14, 0x2b35, 0x2b35, 0x2b14, 0x2b14, 0x2b14, 0x2b14, 0x2b35, 0x2b34, 0x2b34, 0x2b34, 0x2b34, 0x2b34, 0x2b35, 0x2b34, 
	0x2b34, 0x2b34, 0x2b35, 0x2b35, 0x2b34, 0x2b34, 0x2b34, 0x2b34, 0x2b35, 0x2b34, 0x2b35, 0x2b34, 0x2b35, 0x2b34, 0x2b34, 0x2b34, 
	0x2b34, 0x2b34, 0x2b34, 0x2b14, 0x2b35, 0x2b34, 0x2b34, 0x2b34, 0x2b34, 0x2b34, 0x2b34, 0x2b34, 0x2b34, 0x3375, 0x2b34, 0x2b34, 
	0x2b34, 0x2314, 0x2334, 0x2334, 0x2314, 0x2313, 0x2314, 0x2b55, 0x2314, 0x2b55, 0x2b34, 0x2b35, 0x2334, 0x2334, 0x2314, 0x2314, 
	0x2314, 0x2313, 0x1af3, 0x1ad3, 0x1ab2, 0x1a92, 0x1ab2, 0x1ab2, 0x1ab2, 0x1a92, 0x1ab2, 0x1292, 0x12b2, 0x1ad3, 0x1ad3, 0x1af3, 
	0x1ad3, 0x1af3, 0x1af3, 0x1af3, 0x1af3, 0x1ad3, 0x1ad2, 0x1ab2, 0x1ad2, 0x1ab2, 0x1ad2, 0x1ab2, 0x1ad2, 0x1ad3, 0x1af3, 0x1af3, 
	0x1af3, 0x2314, 0x1af3, 0x22f3, 0x2334, 0x2314, 0x1af3, 0x1ad3, 0x1af3, 0x1af3, 0x1ad3, 0x1ad3, 0x1af3, 0x2313, 0x1af3, 0x2334, 
	0x2b34, 0x22f3, 0x1ab3, 0x1ab2, 0x1a92, 0x1ab2, 0x1ab2, 0x1ab2, 0x1ab3, 0x1ab2, 0x1a92, 0x1ab2, 0x1ab3, 0x1ab3, 0x1ad3, 0x22d3, 
	0x1ad3, 0x1ad3, 0x1ab2, 0x1ab3, 0x1ab2, 0x1ab2, 0x1ab2, 0x1ad3, 0x1af3, 0x1ad3, 0x1ad2, 0x1ad2, 0x1ad2, 0x1ad3, 0x1ad3, 0x1ad3, 
	0x1af3, 0x1af3, 0x1af3, 0x1af3, 0x22f3, 0x1af3, 0x2b34, 0x2334, 0x2334, 0x2b55, 0x2b35, 0x1ad3, 0x1ad3, 0x22f3, 0x1af3, 0x22f3, 
	0x2334, 0x2b55, 0x2b55, 0x2b35, 0x2b55, 0x2b55, 0x3355, 0x3376, 0x2b55, 0x2b55, 0x2b55, 0x3376, 0x3355, 0x3376, 0x3376, 0x3397, 
	0x3396, 0x3397, 0x3397, 0x3397, 0x3397, 0x3376, 0x3396, 0x3376, 0x3376, 0x3376, 0x3376, 0x3376, 0x3376, 0x3376, 0x3376, 0x3376, 
	0x3376, 0x3376, 0x3376, 0x3376, 0x3bb7, 0x3376, 0x3376, 0x3376, 0x3376, 0x3396, 0x3376, 0x3376, 0x3396, 0x3396, 0x3376, 0x3396, 
	0x3376, 0x3376, 0x3376, 0x3375, 0x3376, 0x3375, 0x3355, 0x3355, 0x3355, 0x3355, 0x3355, 0x3375, 0x3355, 0x3355, 0x2b55, 0x2b34, 
	0x2b14, 0x2b14, 0x2b34, 0x2b34, 0x2b34, 0x2b14, 0x2b34, 0x2b55, 0x2b34, 0x2b34, 0x2b34, 0x2314, 0x22f3, 0x22f3, 0x2334, 0x2314, 
	0x22f3, 0x1ad3, 0x1ad2, 0x1ad2, 0x1ad2, 0x1ad2, 0x1ad2, 0x1ad2, 0x1ab2, 0x1ad2, 0x1ad2, 0x1ad3, 0x1ad2, 0x1ad2, 0x1af3, 0x2314, 
	0x1af3, 0x1af3, 0x1af3, 0x1af3, 0x1ad3, 0x1ad3, 0x1ad3, 0x1ad3, 0x1ad3, 0x1ad2, 0x1ad2, 0x1ab2, 0x1ab2, 0x1ab2, 0x1ab2, 0x1ab2, 
	0x3355, 0x3335, 0x2b34, 0x3355, 0x2b35, 0x2b34, 0x2b35, 0x3396, 0x3bd8, 0x3bd8, 0x3bb7, 0x3376, 0x3376, 0x3396, 0x3376, 0x3376, 
	0x3376, 0x3356, 0x3355, 0x3355, 0x3355, 0x3375, 0x3376, 0x3376, 0x3376, 0x3396, 0x3397, 0x3397, 0x3397, 0x3396, 0x3396, 0x3376, 
	0x3376, 0x3376, 0x3376, 0x3376, 0x3376, 0x3376, 0x3377, 0x3377, 0x3376, 0x3376, 0x3376, 0x3376, 0x3376, 0x3376, 0x3376, 0x3355, 
	0x3355, 0x2b35, 0x2b35, 0x2b34, 0x2b35, 0x2b35, 0x2b34, 0x2b35, 0x2b35, 0x2b34, 0x2b34, 0x2b34, 0x2b35, 0x2b35, 0x3355, 0x2b35, 
	0x2b35, 0x2b35, 0x2b35, 0x2b35, 0x2b55, 0x2b35, 0x2b55, 0x2b35, 0x2b34, 0x2b35, 0x2b34, 0x2b35, 0x2b34, 0x2b34, 0x2b34, 0x2b34, 
	0x2b34, 0x2b34, 0x2b34, 0x2b35, 0x2b35, 0x2b35, 0x2b14, 0x2b34, 0x2b34, 0x2b34, 0x2b14, 0x2b34, 0x2b34, 0x3bb6, 0x3375, 0x2b34, 
	0x2b34, 0x2314, 0x2314, 0x2334, 0x1af3, 0x1af3, 0x22f3, 0x2314, 0x2b55, 0x2b35, 0x2b35, 0x2b55, 0x2b35, 0x2314, 0x2b34, 0x2b55, 
	0x2b35, 0x2334, 0x1af3, 0x1ad3, 0x1ab3, 0x1ab2, 0x1ab2, 0x1ad3, 0x1ad3, 0x1ab3, 0x1ab3, 0x1ab3, 0x1ab2, 0x1af3, 0x1af3, 0x1ad3, 
	0x1af3, 0x1af3, 0x1af3, 0x1ad3, 0x1af3, 0x1ad3, 0x1ad3, 0x1ad3, 0x1af3, 0x22f3, 0x1ad2, 0x1ab2, 0x1ad3, 0x1af3, 0x1af3, 0x1af3, 
	0x22f3, 0x2314, 0x2334, 0x2b34, 0x2314, 0x2314, 0x2b14, 0x2314, 0x2314, 0x2314, 0x22f3, 0x2313, 0x22f3, 0x1ad3, 0x2314, 0x2b34, 
	0x2314, 0x1ab3, 0x1a92, 0x1ab3, 0x1ad3, 0x1ab3, 0x1ab2, 0x1ab2, 0x1ab2, 0x1ab2, 0x1ab2, 0x1ab3, 0x1ab3, 0x1ab3, 0x1ab3, 0x1ab2, 
	0x1ab2, 0x1ab2, 0x1ab2, 0x1ad3, 0x1ad3, 0x1ad2, 0x22f3, 0x1af3, 0x1ad3, 0x1ad3, 0x1ad3, 0x22f3, 0x1ad3, 0x1ab2, 0x1ad2, 0x1ad3, 
	0x1af3, 0x1ad3, 0x12b2, 0x1ad3, 0x1ad2, 0x1ab2, 0x1ab2, 0x2314, 0x2334, 0x2314, 0x2314, 0x2314, 0x2314, 0x2314, 0x2314, 0x2314, 
	0x2314, 0x2334, 0x2314, 0x2b35, 0x2b55, 0x3355, 0x3376, 0x3376, 0x3376, 0x3375, 0x3375, 0x3355, 0x3355, 0x3376, 0x3376, 0x3397, 
	0x3397, 0x3397, 0x3376, 0x3396, 0x3396, 0x3376, 0x3376, 0x3376, 0x3396, 0x3376, 0x3396, 0x3376, 0x3376, 0x3376, 0x3376, 0x3396, 
	0x3396, 0x3396, 0x3376, 0x3376, 0x3376, 0x3396, 0x3376, 0x3376, 0x3396, 0x3376, 0x3397, 0x3bb7, 0x3376, 0x3396, 0x3396, 0x3376, 
	0x3376, 0x3376, 0x3376, 0x3376, 0x3375, 0x3376, 0x3356, 0x3355, 0x3376, 0x3375, 0x3375, 0x3375, 0x3375, 0x3375, 0x3375, 0x3355, 
	0x2b35, 0x2b34, 0x3355, 0x3375, 0x2b55, 0x2b34, 0x2b35, 0x2b55, 0x2b55, 0x2b55, 0x22f4, 0x1af3, 0x1af3, 0x1ad3, 0x1af3, 0x1af3, 
	0x22f3, 0x2314, 0x22f3, 0x1af3, 0x2313, 0x22f3, 0x1ad3, 0x1af3, 0x2314, 0x22f3, 0x1ad3, 0x1ab2, 0x1ad2, 0x22f3, 0x2314, 0x2314, 
	0x2334, 0x2314, 0x1af3, 0x1ad3, 0x1ad3, 0x1ad3, 0x1ad3, 0x1ad3, 0x1ad2, 0x1ad3, 0x1af3, 0x1af3, 0x1ad2, 0x1ad2, 0x1ad3, 0x1ad3, 
	0x3355, 0x2b34, 0x3355, 0x3355, 0x3355, 0x3355, 0x3376, 0x3bd8, 0x3bd8, 0x3bb7, 0x3397, 0x3376, 0x3376, 0x3356, 0x3376, 0x3397, 
	0x3376, 0x3355, 0x3355, 0x2b35, 0x3355, 0x3376, 0x3376, 0x3376, 0x3376, 0x3396, 0x3b97, 0x3b97, 0x3397, 0x3376, 0x3376, 0x3376, 
	0x3376, 0x3376, 0x3376, 0x3376, 0x3376, 0x3397, 0x3397, 0x3377, 0x3377, 0x3376, 0x3377, 0x3376, 0x3356, 0x3356, 0x3356, 0x3355, 
	0x3355, 0x3335, 0x3335, 0x2b34, 0x2b34, 0x3335, 0x3335, 0x3335, 0x2b35, 0x2b35, 0x3355, 0x3335, 0x3355, 0x3355, 0x3355, 0x3355, 
	0x3355, 0x3355, 0x3355, 0x3355, 0x3355, 0x3355, 0x2b55, 0x2b35, 0x2b35, 0x2b35, 0x2b35, 0x2b35, 0x2b35, 0x2b35, 0x2b35, 0x3335, 
	0x2b54, 0x2b55, 0x2b35, 0x3335, 0x3335, 0x3355, 0x3335, 0x3335, 0x2b34, 0x2b34, 0x2b35, 0x2b35, 0x3335, 0x2b14, 0x2b34, 0x2b34, 
	0x2b34, 0x2b34, 0x2b14, 0x2b14, 0x2314, 0x22f3, 0x1af3, 0x22f3, 0x2b34, 0x2b55, 0x2b35, 0x2b35, 0x2b35, 0x2b34, 0x3375, 0x3375, 
	0x2334, 0x2334, 0x22f4, 0x2314, 0x22f4, 0x1ad3, 0x1ad3, 0x1af3, 0x1ad3, 0x1ad3, 0x1af3, 0x2314, 0x22f3, 0x2314, 0x22f3, 0x22f3, 
	0x22f3, 0x1af3, 0x1af3, 0x22f3, 0x22f3, 0x1af3, 0x1af3, 0x1af3, 0x1af3, 0x1ad3, 0x1af3, 0x22f3, 0x22f3, 0x22f3, 0x2314, 0x2314, 
	0x2314, 0x2b34, 0x2b55, 0x2b35, 0x2b34, 0x2b35, 0x2b14, 0x2314, 0x2b14, 0x2b34, 0x2b55, 0x2b55, 0x2b34, 0x2314, 0x2b34, 0x2b35, 
	0x2b14, 0x22f3, 0x22d3, 0x1ab3, 0x1ad3, 0x1ad3, 0x1ad3, 0x1ab2, 0x1ab2, 0x1ab2, 0x1ab3, 0x1ab3, 0x1ab2, 0x1ab2, 0x1ab2, 0x1ab2, 
	0x1ab2, 0x1ad3, 0x1ab2, 0x1ad2, 0x1ad3, 0x22f3, 0x2314, 0x2314, 0x2314, 0x2313, 0x1af3, 0x1ad3, 0x1ab2, 0x1ab2, 0x1ad3, 0x1ad3, 
	0x1ad3, 0x1ad3, 0x1af3, 0x1ad3, 0x1ab2, 0x1ad3, 0x2b54, 0x2b75, 0x2314, 0x22f4, 0x2b34, 0x2b34, 0x2b55, 0x3376, 0x3376, 0x3355, 
	0x2b55, 0x2b55, 0x2b55, 0x3376, 0x3376, 0x3376, 0x3376, 0x3396, 0x3376, 0x3376, 0x3376, 0x3375, 0x3375, 0x3376, 0x3376, 0x3376, 
	0x3396, 0x3396, 0x3396, 0x3396, 0x3396, 0x3396, 0x3376, 0x3376, 0x3396, 0x3bb7, 0x3396, 0x3376, 0x3376, 0x3376, 0x3376, 0x3376, 
	0x3376, 0x3376, 0x3376, 0x3376, 0x3396, 0x3376, 0x3396, 0x3396, 0x3396, 0x3396, 0x3397, 0x3397, 0x3396, 0x3396, 0x3396, 0x3396, 
	0x3376, 0x3376, 0x3376, 0x3376, 0x3375, 0x3375, 0x3356, 0x3356, 0x3376, 0x3376, 0x3376, 0x3376, 0x3355, 0x3355, 0x3355, 0x3355, 
	0x2b55, 0x3375, 0x3355, 0x2b55, 0x3355, 0x3355, 0x3355, 0x3355, 0x2b55, 0x2b55, 0x3375, 0x3355, 0x2b54, 0x2b54, 0x2b54, 0x2314, 
	0x2b55, 0x3355, 0x2b34, 0x2b34, 0x3355, 0x2b54, 0x2b34, 0x2b55, 0x3375, 0x2b55, 0x2b34, 0x2314, 0x2b34, 0x2b34, 0x2b34, 0x2b34, 
	0x2b55, 0x2b34, 0x1ad3, 0x1ad3, 0x1ad3, 0x1ad2, 0x1ad2, 0x1ad2, 0x1ad3, 0x1ad3, 0x1ad3, 0x1ad2, 0x1ab2, 0x1ad2, 0x1ad3, 0x1ad3, 
	0x3355, 0x3335, 0x3355, 0x3355, 0x3355, 0x3355, 0x3376, 0x3bb7, 0x3397, 0x3376, 0x3376, 0x3376, 0x3376, 0x3376, 0x3376, 0x3376, 
	0x3376, 0x3355, 0x3355, 0x3355, 0x3355, 0x3355, 0x3376, 0x3376, 0x3376, 0x3376, 0x3b97, 0x3b97, 0x3397, 0x3397, 0x3376, 0x3376, 
	0x3356, 0x3355, 0x3356, 0x3356, 0x3376, 0x3397, 0x3397, 0x3b97, 0x3397, 0x3b97, 0x3b97, 0x3376, 0x3355, 0x3355, 0x3355, 0x3355, 
	0x3355, 0x3335, 0x3335, 0x3334, 0x3335, 0x3335, 0x3335, 0x3335, 0x3335, 0x3335, 0x3355, 0x3355, 0x3355, 0x3355, 0x3375, 0x3355, 
	0x3375, 0x3375, 0x3375, 0x3375, 0x2b55, 0x2b55, 0x2b34, 0x2b35, 0x3355, 0x3355, 0x3355, 0x3355, 0x3355, 0x3355, 0x3355, 0x3355, 
	0x3355, 0x3355, 0x3355, 0x3355, 0x3355, 0x3355, 0x3355, 0x3355, 0x3355, 0x2b34, 0x2b35, 0x3355, 0x3335, 0x3375, 0x3355, 0x2b34, 
	0x3355, 0x3335, 0x3355, 0x3335, 0x2b55, 0x2b14, 0x2314, 0x3376, 0x3375, 0x2b35, 0x3355, 0x3355, 0x3355, 0x3375, 0x3375, 0x2b55, 
	0x2b55, 0x2b35, 0x2b55, 0x2334, 0x2334, 0x2314, 0x2314, 0x22f3, 0x2314, 0x2314, 0x2b34, 0x2b34, 0x2b34, 0x2b55, 0x2b34, 0x2b34, 
	0x2b34, 0x2334, 0x2314, 0x2b34, 0x2b34, 0x2b55, 0x2334, 0x2314, 0x2b34, 0x2334, 0x2b34, 0x2b34, 0x2b14, 0x2314, 0x2b55, 0x3375, 
	0x2b34, 0x2b55, 0x3355, 0x2b35, 0x3355, 0x2b55, 0x2b34, 0x2b34, 0x2b55, 0x3355, 0x3355, 0x3355, 0x3355, 0x3355, 0x3355, 0x3355, 
	0x3355, 0x2b55, 0x2b34, 0x2b14, 0x2314, 0x2314, 0x2314, 0x1ad3, 0x1ab2, 0x1ab2, 0x1a92, 0x1ab2, 0x1ad3, 0x22f3, 0x22f3, 0x22f3, 
	0x1af3, 0x1ad2, 0x1ab2, 0x1ab2, 0x1ab2, 0x1ad2, 0x1ad3, 0x2314, 0x2b54, 0x2b54, 0x22f3, 0x1ab2, 0x1ad3, 0x1ad3, 0x1ad3, 0x2314, 
	0x2334, 0x2b55, 0x2b55, 0x2b14, 0x2314, 0x2b55, 0x4c38, 0x3395, 0x22f3, 0x1af3, 0x2334, 0x2b35, 0x3375, 0x3376, 0x3356, 0x3376, 
	0x3376, 0x3376, 0x3376, 0x3376, 0x3356, 0x3376, 0x3376, 0x3396, 0x3376, 0x3376, 0x3375, 0x3375, 0x3375, 0x3376, 0x3375, 0x3376, 
	0x3396, 0x3396, 0x3396, 0x3396, 0x3396, 0x3396, 0x3396, 0x3376, 0x3396, 0x3bb7, 0x3396, 0x3396, 0x3376, 0x3376, 0x3376, 0x3376, 
	0x3376, 0x3376, 0x3376, 0x3396, 0x3396, 0x3397, 0x3397, 0x3396, 0x3b97, 0x3396, 0x3376, 0x3397, 0x3396, 0x3396, 0x3396, 0x3376, 
	0x3396, 0x3396, 0x3376, 0x3376, 0x3375, 0x3355, 0x3356, 0x3355, 0x3375, 0x3376, 0x3376, 0x3376, 0x3376, 0x3376, 0x3356, 0x3376, 
	0x3376, 0x3376, 0x3376, 0x3356, 0x3375, 0x3375, 0x3375, 0x3375, 0x3375, 0x3375, 0x3375, 0x3375, 0x3375, 0x3375, 0x3375, 0x3355, 
	0x3375, 0x3355, 0x3355, 0x3355, 0x3355, 0x3375, 0x3355, 0x3375, 0x3375, 0x3355, 0x3375, 0x3375, 0x3375, 0x3375, 0x3375, 0x3355, 
	0x3375, 0x3355, 0x2b34, 0x2b55, 0x2b54, 0x2313, 0x1ad2, 0x1ab2, 0x1ad2, 0x1ab2, 0x12b2, 0x1ad3, 0x2334, 0x2b34, 0x2b34, 0x2313, 
	0x3375, 0x3355, 0x3376, 0x3396, 0x3396, 0x3376, 0x3376, 0x3376, 0x3376, 0x3376, 0x3396, 0x3396, 0x3396, 0x3376, 0x3396, 0x3376, 
	0x3376, 0x3355, 0x3375, 0x3375, 0x3375, 0x3355, 0x3376, 0x3356, 0x3356, 0x3376, 0x3b96, 0x3397, 0x33b7, 0x3bb8, 0x3bb8, 0x3bb8, 
	0x3397, 0x3376, 0x3b97, 0x3b97, 0x3397, 0x33b7, 0x3bb7, 0x3bb7, 0x3bb7, 0x3bb7, 0x3b97, 0x3376, 0x3355, 0x3355, 0x3355, 0x3355, 
	0x3355, 0x3355, 0x3335, 0x3335, 0x3335, 0x3335, 0x3335, 0x3335, 0x3335, 0x3335, 0x3355, 0x43d7, 0x3375, 0x3375, 0x3355, 0x2b35, 
	0x2b35, 0x2b34, 0x3355, 0x3355, 0x2b14, 0x22f3, 0x22f4, 0x2314, 0x2b14, 0x3355, 0x2b55, 0x2b55, 0x3355, 0x3375, 0x3375, 0x2b55, 
	0x2b34, 0x3375, 0x3355, 0x3375, 0x2b55, 0x2b35, 0x3355, 0x2b35, 0x3355, 0x3355, 0x3355, 0x3355, 0x3355, 0x3355, 0x3355, 0x3355, 
	0x3355, 0x3355, 0x3355, 0x3355, 0x3355, 0x3375, 0x3375, 0x3376, 0x3376, 0x3355, 0x3376, 0x3397, 0x3376, 0x3376, 0x3376, 0x3376, 
	0x3376, 0x3396, 0x3376, 0x3375, 0x3396, 0x2b75, 0x2b55, 0x2b55, 0x3355, 0x3355, 0x3355, 0x3355, 0x3355, 0x3355, 0x2b35, 0x3355, 
	0x3375, 0x2b34, 0x2b35, 0x3355, 0x3355, 0x2b55, 0x3355, 0x3355, 0x3355, 0x2b55, 0x3355, 0x3355, 0x3355, 0x3335, 0x3355, 0x3355, 
	0x3355, 0x3355, 0x3355, 0x3355, 0x3355, 0x3355, 0x3375, 0x3355, 0x3355, 0x3375, 0x3355, 0x3355, 0x3375, 0x3375, 0x3376, 0x3355, 
	0x3355, 0x3355, 0x3375, 0x3355, 0x3355, 0x3355, 0x2b55, 0x2314, 0x22f3, 0x22f3, 0x2314, 0x2b34, 0x3355, 0x2b55, 0x2b34, 0x2b14, 
	0x22f3, 0x1ad3, 0x1ab2, 0x1ab2, 0x1ad2, 0x1ad3, 0x1ad2, 0x1ad3, 0x2314, 0x2b55, 0x2b34, 0x2b34, 0x2b34, 0x2b35, 0x2b34, 0x2b55, 
	0x3375, 0x3355, 0x2b55, 0x2b34, 0x3375, 0x3355, 0x43f7, 0x3bd6, 0x2b34, 0x2b34, 0x3355, 0x2b35, 0x3355, 0x3376, 0x3376, 0x3376, 
	0x3376, 0x3376, 0x3376, 0x3376, 0x3376, 0x3376, 0x3376, 0x3376, 0x3376, 0x3376, 0x3375, 0x3395, 0x3375, 0x3376, 0x3396, 0x3396, 
	0x3375, 0x3396, 0x3396, 0x3376, 0x3396, 0x3396, 0x3396, 0x3376, 0x3396, 0x3396, 0x3396, 0x3396, 0x3376, 0x3376, 0x3396, 0x3376, 
	0x3376, 0x3375, 0x3376, 0x3396, 0x3397, 0x3397, 0x3397, 0x3397, 0x3396, 0x3396, 0x3397, 0x3397, 0x3396, 0x3396, 0x3376, 0x3376, 
	0x3396, 0x3396, 0x3396, 0x3396, 0x3376, 0x3376, 0x3376, 0x3376, 0x3376, 0x5459, 0x3396, 0x3375, 0x3375, 0x3376, 0x3376, 0x3376, 
	0x3376, 0x3376, 0x3376, 0x3376, 0x3376, 0x3375, 0x3376, 0x3355, 0x3355, 0x3375, 0x3375, 0x3375, 0x3355, 0x3355, 0x3355, 0x3355, 
	0x3355, 0x3375, 0x3375, 0x3375, 0x3355, 0x3375, 0x3355, 0x3b96, 0x3355, 0x3375, 0x3375, 0x3375, 0x3375, 0x3375, 0x3396, 0x3b96, 
	0x3b95, 0x3b75, 0x3355, 0x3376, 0x3375, 0x3375, 0x2b55, 0x2314, 0x2314, 0x2b34, 0x2b55, 0x3375, 0x3375, 0x3375, 0x3375, 0x2b55, 
	0x3355, 0x3355, 0x3376, 0x3bd7, 0x3bd7, 0x3396, 0x3376, 0x3396, 0x3b97, 0x3bb7, 0x3b97, 0x3b97, 0x3397, 0x3396, 0x3376, 0x3396, 
	0x3376, 0x3355, 0x3375, 0x3375, 0x3375, 0x3375, 0x3376, 0x3376, 0x3356, 0x3376, 0x3356, 0x3396, 0x3bd8, 0x4419, 0x443a, 0x4419, 
	0x3bd8, 0x3bb7, 0x3bd8, 0x3bb7, 0x3bb7, 0x3bb7, 0x3bb7, 0x3bb7, 0x3b97, 0x3396, 0x3376, 0x3355, 0x3355, 0x3355, 0x3355, 0x2b35, 
	0x3376, 0x3376, 0x3335, 0x3335, 0x3355, 0x3355, 0x3355, 0x3355, 0x3355, 0x3355, 0x3355, 0x4c17, 0x3375, 0x3355, 0x3355, 0x3355, 
	0x3355, 0x3355, 0x3375, 0x2b55, 0x2b34, 0x2314, 0x2b34, 0x2b55, 0x2b34, 0x2314, 0x22f3, 0x22f3, 0x1af3, 0x2314, 0x2313, 0x22f3, 
	0x1ad3, 0x22f3, 0x2b14, 0x22f3, 0x2314, 0x22f3, 0x2b14, 0x2b34, 0x2b34, 0x2b55, 0x2b35, 0x2b35, 0x3375, 0x3355, 0x3355, 0x3355, 
	0x3355, 0x3355, 0x3355, 0x3355, 0x3375, 0x43d7, 0x3376, 0x3376, 0x3376, 0x3376, 0x3bb7, 0x3b97, 0x3376, 0x3376, 0x3b97, 0x3bb7, 
	0x3376, 0x3396, 0x3396, 0x3376, 0x3396, 0x3396, 0x3376, 0x3376, 0x3355, 0x3355, 0x3375, 0x3375, 0x3375, 0x3375, 0x3355, 0x3355, 
	0x3375, 0x3355, 0x3355, 0x3355, 0x3375, 0x3355, 0x3355, 0x3355, 0x3355, 0x3355, 0x3355, 0x3355, 0x3355, 0x3335, 0x3355, 0x3355, 
	0x3355, 0x3355, 0x3355, 0x3355, 0x3355, 0x3355, 0x3375, 0x3355, 0x3375, 0x3375, 0x3375, 0x3376, 0x3376, 0x3376, 0x3376, 0x3376, 
	0x3376, 0x3355, 0x3355, 0x3355, 0x3355, 0x3355, 0x3355, 0x3375, 0x3375, 0x3375, 0x3375, 0x3375, 0x3375, 0x3375, 0x2b55, 0x2b34, 
	0x2314, 0x22f3, 0x22f3, 0x2314, 0x2314, 0x2314, 0x2314, 0x2b14, 0x2b14, 0x2b14, 0x3355, 0x3375, 0x3355, 0x3375, 0x3375, 0x3375, 
	0x3355, 0x3375, 0x2b55, 0x2b55, 0x2b55, 0x3355, 0x3375, 0x3375, 0x3375, 0x3375, 0x3375, 0x3355, 0x3375, 0x3376, 0x3376, 0x3376, 
	0x3375, 0x3376, 0x3376, 0x3376, 0x3376, 0x3376, 0x3376, 0x3376, 0x3376, 0x3376, 0x3375, 0x3375, 0x3376, 0x3376, 0x3396, 0x3396, 
	0x3375, 0x3376, 0x3376, 0x3376, 0x3396, 0x3396, 0x3396, 0x3396, 0x3396, 0x3396, 0x3396, 0x3396, 0x3396, 0x3376, 0x3376, 0x3376, 
	0x3376, 0x3396, 0x3396, 0x3396, 0x3397, 0x3397, 0x3397, 0x3397, 0x3397, 0x3396, 0x3397, 0x3397, 0x3397, 0x3397, 0x3396, 0x3396, 
	0x3396, 0x3376, 0x3396, 0x3376, 0x3376, 0x3375, 0x3376, 0x3355, 0x3375, 0x3396, 0x3375, 0x3375, 0x3396, 0x3376, 0x3376, 0x3376, 
	0x3376, 0x3376, 0x3376, 0x3376, 0x3376, 0x3376, 0x3376, 0x3376, 0x3376, 0x3376, 0x3376, 0x3375, 0x3375, 0x3375, 0x3355, 0x3375, 
	0x3375, 0x3375, 0x3375, 0x3375, 0x3375, 0x3355, 0x3375, 0x3375, 0x3355, 0x3375, 0x3375, 0x3375, 0x3375, 0x3375, 0x3375, 0x3355, 
	0x4c38, 0x43d6, 0x3355, 0x3376, 0x3376, 0x3376, 0x3376, 0x3376, 0x3376, 0x3376, 0x3376, 0x3376, 0x3376, 0x3376, 0x3375, 0x3375, 
	0x3355, 0x3355, 0x3396, 0x3bb7, 0x3b96, 0x3376, 0x3b97, 0x3bb7, 0x3bb7, 0x3bb7, 0x3bd7, 0x3bb7, 0x3396, 0x3376, 0x3376, 0x3376, 
	0x3375, 0x3355, 0x3355, 0x3375, 0x3355, 0x3355, 0x3376, 0x3376, 0x3376, 0x3376, 0x3376, 0x3b97, 0x43f8, 0x4419, 0x43f9, 0x3bb8, 
	0x43f8, 0x3bd8, 0x3bb7, 0x3b97, 0x3b96, 0x3b96, 0x3376, 0x3b96, 0x3376, 0x3355, 0x3355, 0x3375, 0x3376, 0x3b96, 0x3376, 0x2b56, 
	0x3376, 0x3376, 0x3355, 0x3355, 0x3355, 0x3375, 0x3355, 0x3355, 0x3355, 0x3355, 0x3375, 0x3375, 0x3355, 0x3355, 0x3355, 0x3355, 
	0x3375, 0x3375, 0x3355, 0x3355, 0x2b55, 0x2b55, 0x2b55, 0x2b54, 0x22f3, 0x1af3, 0x1ad3, 0x1ad3, 0x1af3, 0x1af3, 0x1af3, 0x1af3, 
	0x1af3, 0x22f3, 0x2b34, 0x2b34, 0x2b34, 0x2b35, 0x2b35, 0x2b35, 0x2b34, 0x2b34, 0x2b34, 0x3355, 0x3355, 0x3355, 0x3355, 0x3355, 
	0x3335, 0x3355, 0x3376, 0x3355, 0x3b96, 0x3bb7, 0x3376, 0x3b97, 0x3bb7, 0x3bb7, 0x3b97, 0x3b97, 0x3376, 0x3376, 0x3376, 0x3376, 
	0x3396, 0x3396, 0x3376, 0x3376, 0x3376, 0x3376, 0x3376, 0x3396, 0x3376, 0x3376, 0x3375, 0x3375, 0x3375, 0x3375, 0x3376, 0x3375, 
	0x3376, 0x3376, 0x3376, 0x3b96, 0x3375, 0x3375, 0x3355, 0x3355, 0x3355, 0x3355, 0x3355, 0x3355, 0x3355, 0x3355, 0x3375, 0x3355, 
	0x3375, 0x3375, 0x3375, 0x3375, 0x3375, 0x3355, 0x3355, 0x3375, 0x3375, 0x3375, 0x3376, 0x3376, 0x3376, 0x3396, 0x3396, 0x3396, 
	0x3376, 0x3376, 0x3375, 0x3355, 0x3355, 0x3375, 0x3375, 0x3375, 0x3375, 0x3375, 0x3355, 0x3355, 0x3355, 0x3355, 0x3355, 0x3355, 
	0x3355, 0x2b55, 0x2b55, 0x2b55, 0x2b34, 0x2b34, 0x2b34, 0x3355, 0x3355, 0x3375, 0x3375, 0x3355, 0x3355, 0x3376, 0x3375, 0x3375, 
	0x3375, 0x3375, 0x3375, 0x3375, 0x3355, 0x3375, 0x3355, 0x3375, 0x3375, 0x3375, 0x3375, 0x3375, 0x3375, 0x3376, 0x3375, 0x3376, 
	0x3376, 0x3376, 0x3376, 0x3376, 0x3396, 0x3376, 0x3376, 0x3376, 0x3376, 0x3376, 0x3376, 0x3376, 0x3376, 0x3375, 0x3396, 0x3396, 
	0x3396, 0x3376, 0x3396, 0x3396, 0x3396, 0x3396, 0x3396, 0x3376, 0x3376, 0x3396, 0x3396, 0x3396, 0x3396, 0x3396, 0x3396, 0x3396, 
	0x3376, 0x3396, 0x3396, 0x3396, 0x3396, 0x3397, 0x3397, 0x3397, 0x3397, 0x3397, 0x3bb7, 0x3397, 0x3397, 0x3397, 0x3396, 0x3396, 
	0x3396, 0x3376, 0x3376, 0x3376, 0x3376, 0x3376, 0x3376, 0x3376, 0x3355, 0x3375, 0x3376, 0x3376, 0x3376, 0x3376, 0x3376, 0x3376, 
	0x3376, 0x3376, 0x3376, 0x3376, 0x3376, 0x3376, 0x3376, 0x3376, 0x3376, 0x3376, 0x3376, 0x3376, 0x3376, 0x3376, 0x3375, 0x3375, 
	0x3375, 0x3375, 0x3375, 0x3375, 0x3375, 0x3375, 0x3355, 0x3375, 0x3375, 0x3375, 0x3396, 0x3375, 0x3375, 0x3376, 0x3376, 0x3376, 
	0x3375, 0x3375, 0x3376, 0x3376, 0x3376, 0x3376, 0x3376, 0x3376, 0x3396, 0x3376, 0x3376, 0x3376, 0x3376, 0x3376, 0x3376, 0x3375, 
	0x3355, 0x3355, 0x3376, 0x3376, 0x3376, 0x3376, 0x3b96, 0x3bb7, 0x3bd7, 0x43d8, 0x43d8, 0x3bd7, 0x3b96, 0x3355, 0x3376, 0x3375, 
	0x3375, 0x3375, 0x3355, 0x3355, 0x3355, 0x3355, 0x3375, 0x3375, 0x3376, 0x3376, 0x3356, 0x3b96, 0x3bb8, 0x4c39, 0x43f9, 0x3bb8, 
	0x3bb8, 0x3bd8, 0x3bb7, 0x3b96, 0x3375, 0x3375, 0x3376, 0x3355, 0x3355, 0x3b76, 0x3355, 0x3355, 0x3376, 0x3bb7, 0x3bb8, 0x43f8, 
	0x3bd8, 0x3b76, 0x3375, 0x3b75, 0x3375, 0x3355, 0x2b14, 0x2b14, 0x2b34, 0x2b14, 0x2b34, 0x2b35, 0x2b35, 0x3375, 0x3375, 0x3375, 
	0x2b34, 0x2314, 0x2313, 0x2314, 0x2314, 0x2314, 0x22f3, 0x2313, 0x2314, 0x2313, 0x2314, 0x2314, 0x2313, 0x1af3, 0x1af3, 0x1af3, 
	0x1af3, 0x22f3, 0x2314, 0x2b14, 0x2314, 0x2b34, 0x2b34, 0x2b35, 0x2b34, 0x2b34, 0x2b14, 0x2b14, 0x3355, 0x3375, 0x3355, 0x3355, 
	0x3355, 0x3355, 0x3376, 0x3376, 0x3375, 0x3355, 0x3376, 0x43d8, 0x3bb7, 0x3bb7, 0x3b97, 0x3bb7, 0x3b97, 0x3376, 0x3b97, 0x3b97, 
	0x3b96, 0x3b96, 0x3b97, 0x3b97, 0x3376, 0x3b96, 0x3bb7, 0x3bb7, 0x3356, 0x3376, 0x3376, 0x3376, 0x3355, 0x3375, 0x3375, 0x3376, 
	0x3376, 0x3376, 0x3b96, 0x43f8, 0x3355, 0x3375, 0x3375, 0x3375, 0x3355, 0x3355, 0x3375, 0x3355, 0x3375, 0x3375, 0x3375, 0x3375, 
	0x3375, 0x3375, 0x3375, 0x3355, 0x3b76, 0x3375, 0x3375, 0x3375, 0x3375, 0x3376, 0x3376, 0x3376, 0x3376, 0x3b96, 0x3bb7, 0x3b96, 
	0x3396, 0x3b96, 0x3376, 0x3355, 0x3375, 0x3355, 0x3375, 0x3375, 0x3375, 0x3375, 0x3375, 0x3375, 0x3375, 0x3375, 0x3375, 0x3375, 
	0x3375, 0x3355, 0x3355, 0x3375, 0x3375, 0x3375, 0x3375, 0x3375, 0x3375, 0x3355, 0x3375, 0x3355, 0x3bb6, 0x3375, 0x3375, 0x3375, 
	0x3375, 0x3375, 0x3375, 0x3375, 0x3375, 0x3355, 0x3375, 0x3375, 0x3375, 0x3376, 0x3375, 0x3376, 0x3375, 0x3375, 0x3375, 0x3375, 
	0x3376, 0x3376, 0x3376, 0x3376, 0x3b96, 0x3376, 0x3376, 0x3376, 0x3376, 0x3376, 0x3396, 0x3396, 0x3375, 0x3396, 0x3396, 0x3396, 
	0x3396, 0x3376, 0x3376, 0x3376, 0x3396, 0x3396, 0x3396, 0x3396, 0x3396, 0x3376, 0x3396, 0x3376, 0x3396, 0x3376, 0x3396, 0x3396, 
	0x3396, 0x3396, 0x3396, 0x3376, 0x3396, 0x3396, 0x3396, 0x3396, 0x3397, 0x3397, 0x3bb7, 0x3396, 0x3396, 0x3396, 0x3376, 0x3376, 
	0x3376, 0x3376, 0x3376, 0x3376, 0x3376, 0x3375, 0x3376, 0x3376, 0x3376, 0x3375, 0x3376, 0x3376, 0x3376, 0x3376, 0x3376, 0x3376, 
	0x3376, 0x3376, 0x3376, 0x3376, 0x3376, 0x3376, 0x3396, 0x3396, 0x3396, 0x3396, 0x3396, 0x3396, 0x3396, 0x3376, 0x3376, 0x3376, 
	0x3b96, 0x3376, 0x3375, 0x3375, 0x3375, 0x3375, 0x3375, 0x3375, 0x3376, 0x3b96, 0x3bd7, 0x3396, 0x3376, 0x3376, 0x3376, 0x3376, 
	0x3396, 0x3396, 0x3376, 0x3396, 0x3396, 0x3396, 0x3b96, 0x3b96, 0x3396, 0x3b97, 0x3376, 0x3376, 0x3376, 0x3376, 0x3376, 0x3376, 
	0x3355, 0x3355, 0x3355, 0x3355, 0x3355, 0x3355, 0x3b76, 0x3bb7, 0x3bb7, 0x3bb7, 0x3bb7, 0x3bb7, 0x3b96, 0x3375, 0x3375, 0x3375, 
	0x3375, 0x3375, 0x3375, 0x3355, 0x3355, 0x3375, 0x3375, 0x3375, 0x3375, 0x3b76, 0x3b76, 0x3b76, 0x3b97, 0x43f8, 0x4c19, 0x43d8, 
	0x3bb7, 0x3bb7, 0x3b96, 0x3b76, 0x3b76, 0x3375, 0x3b76, 0x3b76, 0x3355, 0x3375, 0x3b76, 0x3b76, 0x3b76, 0x3bb6, 0x3bb7, 0x43d7, 
	0x3b96, 0x3b96, 0x3b76, 0x3375, 0x2b34, 0x2b14, 0x2b34, 0x2314, 0x22f4, 0x2314, 0x2314, 0x2b14, 0x2b55, 0x2b34, 0x2b34, 0x2b34, 
	0x22f3, 0x1ad2, 0x1ad3, 0x1ad3, 0x1af3, 0x1af3, 0x22f3, 0x22f3, 0x2313, 0x2334, 0x2314, 0x2313, 0x1af3, 0x1af3, 0x1af3, 0x1ad3, 
	0x1ad3, 0x1af3, 0x1af3, 0x1af3, 0x1ad3, 0x1af3, 0x22f3, 0x2b14, 0x2b34, 0x2b14, 0x22f3, 0x22f3, 0x2314, 0x2b34, 0x3335, 0x3335, 
	0x3355, 0x3376, 0x3376, 0x3355, 0x3355, 0x3355, 0x3b76, 0x3b97, 0x3b96, 0x3b96, 0x3b96, 0x3b76, 0x3bb7, 0x3bb7, 0x3376, 0x3b96, 
	0x3b96, 0x3376, 0x3b96, 0x3b96, 0x3b76, 0x3b96, 0x3bb7, 0x3b96, 0x3376, 0x3376, 0x3b76, 0x3b76, 0x3376, 0x3b96, 0x3375, 0x3b96, 
	0x3b96, 0x3376, 0x3376, 0x3b96, 0x3b76, 0x3b75, 0x3375, 0x3b76, 0x3375, 0x3b76, 0x3b76, 0x3b76, 0x3376, 0x3375, 0x3375, 0x3375, 
	0x3b76, 0x3375, 0x3375, 0x3375, 0x3375, 0x3375, 0x3375, 0x3375, 0x3b76, 0x3b76, 0x3b96, 0x3b96, 0x3b96, 0x3b96, 0x3b97, 0x3b97, 
	0x3396, 0x3b96, 0x3376, 0x3375, 0x3375, 0x3375, 0x3375, 0x3b75, 0x3375, 0x3375, 0x3375, 0x3375, 0x3375, 0x3375, 0x3375, 0x3355, 
	0x3375, 0x3355, 0x3375, 0x3375, 0x3375, 0x3355, 0x3375, 0x3375, 0x3b75, 0x3375, 0x3b76, 0x3b76, 0x3b96, 0x3b76, 0x3375, 0x3b75, 
	0x3375, 0x3375, 0x3375, 0x3375, 0x3375, 0x3375, 0x3b75, 0x3b75, 0x3375, 0x3376, 0x3376, 0x3376, 0x3396, 0x3bd7, 0x3b96, 0x3376, 
	0x3376, 0x3376, 0x3376, 0x3b96, 0x3b97, 0x3396, 0x3b96, 0x3376, 0x3b96, 0x3396, 0x3b96, 0x3375, 0x2b55, 0x3355, 0x2b55, 0x3b96, 
	0x3375, 0x2b34, 0x2314, 0x2314, 0x2314, 0x2b55, 0x3375, 0x2b35, 0x3376, 0x3396, 0x3396, 0x3396, 0x3396, 0x3396, 0x3bb7, 0x3396, 
	0x3396, 0x3396, 0x3b96, 0x3bb6, 0x3375, 0x3375, 0x3396, 0x3376, 0x3376, 0x3396, 0x3376, 0x3396, 0x3b96, 0x3396, 0x3376, 0x3376, 
	0x3376, 0x3376, 0x3376, 0x3376, 0x3376, 0x3376, 0x3b96, 0x3376, 0x3375, 0x3376, 0x3355, 0x3376, 0x3376, 0x3376, 0x3376, 0x3376, 
	0x3376, 0x3376, 0x3376, 0x3376, 0x3376, 0x3396, 0x3396, 0x3396, 0x3396, 0x3b96, 0x3396, 0x3396, 0x3396, 0x3396, 0x3396, 0x3396, 
	0x3376, 0x3376, 0x3376, 0x3375, 0x3375, 0x3376, 0x3376, 0x3376, 0x3376, 0x3396, 0x3b96, 0x3b96, 0x3396, 0x3376, 0x3b96, 0x3b96, 
	0x3b96, 0x3b96, 0x3b97, 0x3396, 0x3b96, 0x3b97, 0x3b96, 0x3b96, 0x3b96, 0x3b97, 0x3b96, 0x3396, 0x3396, 0x3376, 0x3376, 0x3376, 
	0x3355, 0x3355, 0x3b75, 0x3355, 0x3355, 0x3355, 0x3b76, 0x3b76, 0x3376, 0x3376, 0x3b76, 0x3376, 0x3b75, 0x3b75, 0x3355, 0x3b75, 
	0x3b75, 0x3375, 0x3355, 0x3375, 0x3375, 0x3375, 0x3375, 0x3375, 0x3b76, 0x3b96, 0x3b76, 0x3b76, 0x3b96, 0x3bb7, 0x3bb7, 0x3b97, 
	0x3b97, 0x3b96, 0x3b76, 0x3b76, 0x3b76, 0x3b76, 0x3b76, 0x3b75, 0x3375, 0x3355, 0x3b76, 0x3b76, 0x3b76, 0x3b96, 0x3b96, 0x3b76, 
	0x3376, 0x3b76, 0x3b76, 0x3b96, 0x3375, 0x3375, 0x3375, 0x3375, 0x3355, 0x3355, 0x2b35, 0x2b35, 0x2b14, 0x22f3, 0x22f3, 0x22f3, 
	0x22f3, 0x22f3, 0x22f3, 0x22f3, 0x2334, 0x2314, 0x22f3, 0x22f3, 0x22f3, 0x2314, 0x22f3, 0x22f3, 0x22f3, 0x22f3, 0x1af3, 0x1ad3, 
	0x1ad3, 0x1ad3, 0x1ad3, 0x1ad3, 0x1af3, 0x22f3, 0x2b14, 0x3375, 0x3375, 0x2b34, 0x2b14, 0x2314, 0x2b34, 0x2b34, 0x3355, 0x3335, 
	0x3355, 0x3355, 0x2b35, 0x2b35, 0x2b35, 0x3355, 0x3b76, 0x3b96, 0x3b96, 0x3b96, 0x3b97, 0x3b96, 0x3b97, 0x3b97, 0x3b76, 0x3b76, 
	0x3b76, 0x3b96, 0x3b96, 0x3b76, 0x3b96, 0x3b76, 0x3b76, 0x3b76, 0x3b96, 0x3b96, 0x3b96, 0x3375, 0x3b76, 0x3b96, 0x3b76, 0x3b76, 
	0x3b96, 0x3b76, 0x3b76, 0x3375, 0x3b96, 0x3b76, 0x3375, 0x3375, 0x3375, 0x3b76, 0x3b76, 0x3b75, 0x3b76, 0x3375, 0x3375, 0x3375, 
	0x3375, 0x3375, 0x3375, 0x3376, 0x3b96, 0x3b76, 0x3b76, 0x3b96, 0x3b96, 0x3b96, 0x3b76, 0x3b96, 0x3b96, 0x3b96, 0x3b96, 0x3b96, 
	0x3376, 0x3376, 0x3b76, 0x3375, 0x3375, 0x3376, 0x3b76, 0x3b76, 0x3375, 0x3375, 0x3375, 0x3375, 0x3b76, 0x3375, 0x3375, 0x3375, 
	0x3375, 0x3355, 0x3375, 0x3375, 0x3375, 0x3375, 0x3b76, 0x3b76, 0x3b76, 0x3b76, 0x3b76, 0x3b76, 0x3375, 0x3b76, 0x3b76, 0x3b76, 
	0x3b96, 0x3b96, 0x3b96, 0x3b96, 0x3b96, 0x3b96, 0x3b76, 0x3b96, 0x3b96, 0x3b96, 0x3b76, 0x3b96, 0x3b96, 0x3bb6, 0x3b96, 0x3b96, 
	0x3b96, 0x3b96, 0x3b96, 0x3b96, 0x3b96, 0x3b97, 0x3b96, 0x3b96, 0x3b96, 0x3396, 0x3355, 0x2b34, 0x2b34, 0x2b34, 0x2b55, 0x3375, 
	0x2b34, 0x2314, 0x1af3, 0x1ad3, 0x1ad3, 0x1af3, 0x2314, 0x2b34, 0x3396, 0x2b55, 0x2b35, 0x2b35, 0x3355, 0x2b55, 0x3376, 0x3bb7, 
	0x3376, 0x2b35, 0x2b55, 0x2b34, 0x1ad3, 0x22f3, 0x2314, 0x22d3, 0x2b55, 0x3396, 0x3b96, 0x3396, 0x3b96, 0x3b96, 0x3396, 0x3396, 
	0x3396, 0x3376, 0x3376, 0x3376, 0x3375, 0x3375, 0x3376, 0x3376, 0x3376, 0x3375, 0x3375, 0x3376, 0x3376, 0x3376, 0x3376, 0x3376, 
	0x3355, 0x3376, 0x3396, 0x3396, 0x3bb7, 0x3bb7, 0x3397, 0x3b97, 0x3b97, 0x3396, 0x3b96, 0x3b97, 0x3b97, 0x3b96, 0x3b96, 0x3b96, 
	0x3b96, 0x3b96, 0x3b96, 0x3b96, 0x3b96, 0x3b96, 0x3b76, 0x3b76, 0x3b96, 0x3b96, 0x3b96, 0x3b96, 0x3b97, 0x3b96, 0x3b96, 0x4c18, 
	0x3bb7, 0x3b96, 0x3bb7, 0x3b97, 0x3bb7, 0x3bb7, 0x3bb7, 0x3bb7, 0x3b97, 0x3b97, 0x3bb7, 0x3b97, 0x3b96, 0x3b96, 0x3b97, 0x3bb7, 
	0x3355, 0x3355, 0x3355, 0x3b76, 0x3b76, 0x3375, 0x3355, 0x3355, 0x3355, 0x3355, 0x3355, 0x3355, 0x3b75, 0x3b75, 0x3b75, 0x3b75, 
	0x3b75, 0x3b75, 0x3b75, 0x3b75, 0x3375, 0x3375, 0x3375, 0x3b75, 0x3b75, 0x3b75, 0x3b76, 0x3b76, 0x3b76, 0x3b96, 0x3b96, 0x3b96, 
	0x3b76, 0x3b76, 0x3b76, 0x3b76, 0x3b75, 0x3b76, 0x3355, 0x3b76, 0x3b76, 0x3b76, 0x3b76, 0x3b76, 0x3b76, 0x3b96, 0x3b76, 0x3b76, 
	0x3b76, 0x3b75, 0x3b76, 0x3b76, 0x3b96, 0x3b75, 0x3b76, 0x3b76, 0x3b96, 0x3b96, 0x3b76, 0x3375, 0x3376, 0x3355, 0x2b34, 0x2b14, 
	0x2b34, 0x3334, 0x3355, 0x3375, 0x3355, 0x2b14, 0x2b14, 0x2b14, 0x2b14, 0x2b34, 0x2b35, 0x3355, 0x3375, 0x3355, 0x2313, 0x1ad3, 
	0x1ad3, 0x1ad3, 0x2b14, 0x2b34, 0x2b34, 0x3355, 0x3375, 0x3b75, 0x3375, 0x3355, 0x3b75, 0x43b6, 0x43f7, 0x43b6, 0x3b96, 0x3b76, 
	0x3b96, 0x3b96, 0x3b76, 0x3bb7, 0x3bb7, 0x43b7, 0x3bb7, 0x43b7, 0x3b96, 0x3b97, 0x3b97, 0x3b96, 0x3b76, 0x3b76, 0x3b96, 0x3b76, 
	0x3b76, 0x3b96, 0x3b96, 0x3b96, 0x3b96, 0x3b76, 0x3b76, 0x3b76, 0x3b76, 0x3b76, 0x3b76, 0x3b76, 0x43d7, 0x3b76, 0x3b96, 0x3b96, 
	0x3b96, 0x3b96, 0x3b96, 0x3b96, 0x3b96, 0x3b76, 0x3b96, 0x3b96, 0x3b76, 0x3375, 0x3b76, 0x3b76, 0x3b76, 0x3b76, 0x3b96, 0x3b75, 
	0x3b76, 0x3b76, 0x3b76, 0x3b76, 0x3b76, 0x3b76, 0x3b76, 0x3b76, 0x3b76, 0x3b76, 0x3b76, 0x3b76, 0x3b76, 0x3b76, 0x3b76, 0x3b76, 
	0x3b76, 0x3b76, 0x3b76, 0x3b76, 0x3b76, 0x3b76, 0x3b76, 0x3b76, 0x3b96, 0x3375, 0x3b75, 0x3b75, 0x3b75, 0x3b75, 0x3b75, 0x3b75, 
	0x3b75, 0x3b75, 0x3b76, 0x3b76, 0x3b76, 0x3b96, 0x3b76, 0x3b76, 0x3b76, 0x3b76, 0x3b76, 0x3b76, 0x3b76, 0x3b76, 0x3b76, 0x3b76, 
	0x3b76, 0x3b76, 0x3b96, 0x3b96, 0x3b96, 0x3b96, 0x3b96, 0x3b96, 0x3b96, 0x3b96, 0x3b96, 0x3b96, 0x3b76, 0x3b96, 0x3b76, 0x3b96, 
	0x3b96, 0x3b96, 0x3b96, 0x3b96, 0x3b96, 0x3b96, 0x3bb6, 0x3bb6, 0x3bb6, 0x3b96, 0x3b96, 0x3b96, 0x3375, 0x3375, 0x3396, 0x2b34, 
	0x2b34, 0x2b54, 0x2314, 0x22f3, 0x2314, 0x2334, 0x2b55, 0x2b55, 0x1ad3, 0x1ab2, 0x1ad3, 0x1ad3, 0x1ab2, 0x1ad3, 0x2b35, 0x3376, 
	0x2b35, 0x22f3, 0x1ad3, 0x1ab2, 0x1ab2, 0x1ab2, 0x1ab2, 0x1ad2, 0x22f3, 0x3355, 0x3376, 0x3396, 0x3376, 0x2b55, 0x2314, 0x2b55, 
	0x2b55, 0x3b96, 0x3b76, 0x3b75, 0x3b76, 0x3b76, 0x3b76, 0x3b76, 0x3375, 0x3b75, 0x3b75, 0x3b76, 0x3355, 0x2b34, 0x2b34, 0x2b34, 
	0x2b34, 0x2b34, 0x3375, 0x3355, 0x3396, 0x3bb7, 0x3bb7, 0x3bb7, 0x3bb7, 0x3bb7, 0x3bb7, 0x3bb7, 0x3b97, 0x3b96, 0x3bb7, 0x3b96, 
	0x3b96, 0x3b96, 0x3b96, 0x43d7, 0x3bb6, 0x3b96, 0x3b96, 0x3b96, 0x3b96, 0x3b96, 0x3b96, 0x3b96, 0x3b96, 0x3b97, 0x3b97, 0x43b7, 
	0x3bb7, 0x3bb7, 0x3bb7, 0x3bb7, 0x3bd7, 0x3bb7, 0x3bb7, 0x3bb7, 0x3bb7, 0x3bb7, 0x3bb7, 0x3bb7, 0x3bb7, 0x3bb7, 0x3bb7, 0x3bd7, 
	0x3b75, 0x3b75, 0x3355, 0x3b76, 0x43b6, 0x3b96, 0x3b75, 0x3b55, 0x3b55, 0x3b55, 0x3b75, 0x3b75, 0x3b55, 0x3b75, 0x3b75, 0x3b76, 
	0x3b75, 0x3b75, 0x3b75, 0x3b75, 0x3b75, 0x3355, 0x3b75, 0x3b75, 0x3b76, 0x3b76, 0x3b96, 0x3b76, 0x3b76, 0x3b76, 0x3b76, 0x3b76, 
	0x3b76, 0x3b75, 0x3b76, 0x3b76, 0x3b76, 0x3b76, 0x3b76, 0x3b96, 0x3b76, 0x3b76, 0x3b96, 0x3b76, 0x3b96, 0x3b96, 0x3b76, 0x3b76, 
	0x3b96, 0x3b96, 0x3b96, 0x3b96, 0x3b96, 0x3b96, 0x3b96, 0x3b96, 0x3b96, 0x4396, 0x3b96, 0x3b96, 0x3b96, 0x3b96, 0x3b96, 0x3b96, 
	0x3b75, 0x3b96, 0x3b96, 0x3b96, 0x3355, 0x3355, 0x3335, 0x3355, 0x3b96, 0x3b96, 0x3b96, 0x3b96, 0x3b76, 0x3b75, 0x2b34, 0x2b14, 
	0x2b14, 0x3355, 0x3375, 0x3b75, 0x3b96, 0x3b96, 0x3b76, 0x3b76, 0x3b96, 0x3b96, 0x4bf7, 0x751b, 0x6cfb, 0x4c17, 0x43b6, 0x3b96, 
	0x43b6, 0x43b7, 0x43b7, 0x43d8, 0x43b7, 0x43f8, 0x4bf8, 0x43d8, 0x3b97, 0x3b97, 0x3b97, 0x3b97, 0x4396, 0x4396, 0x3b76, 0x3b76, 
	0x3b96, 0x43b6, 0x3b96, 0x3b96, 0x3b96, 0x3b76, 0x43b7, 0x3b96, 0x3b96, 0x3b96, 0x3b96, 0x3b96, 0x3b96, 0x3b76, 0x3b96, 0x3b76, 
	0x3b96, 0x3b96, 0x3b96, 0x3b96, 0x3b96, 0x3b96, 0x3b96, 0x3b96, 0x3b76, 0x3b76, 0x3b96, 0x3b96, 0x3b96, 0x43b6, 0x43b7, 0x3b76, 
	0x3b76, 0x3b96, 0x4396, 0x3b96, 0x3b96, 0x4396, 0x43b6, 0x3b96, 0x4396, 0x4396, 0x4396, 0x4396, 0x4396, 0x3b96, 0x3b96, 0x3b76, 
	0x3b76, 0x3b96, 0x3b96, 0x3b96, 0x3b96, 0x3b96, 0x3b96, 0x3b96, 0x3b96, 0x3b96, 0x3b96, 0x3b96, 0x3b96, 0x3b96, 0x3b96, 0x3b96, 
	0x3b96, 0x3b96, 0x3b76, 0x3b96, 0x3b96, 0x3b76, 0x3b96, 0x3b96, 0x3b96, 0x3b96, 0x3b96, 0x3b96, 0x3b96, 0x3b96, 0x3b76, 0x3b96, 
	0x3b96, 0x3b97, 0x43b7, 0x3bb7, 0x3bb6, 0x3b96, 0x3b96, 0x3b76, 0x3b96, 0x3b96, 0x3bb6, 0x3b96, 0x3b96, 0x3b96, 0x3b96, 0x3b96, 
	0x3b96, 0x3b96, 0x3b96, 0x3bb7, 0x3bb7, 0x3bb7, 0x3376, 0x3376, 0x3376, 0x3375, 0x3355, 0x3b96, 0x3bb6, 0x3375, 0x22f3, 0x1ab2, 
	0x1ad3, 0x2b34, 0x2b34, 0x2314, 0x2314, 0x2314, 0x1ad3, 0x1ab2, 0x1ab2, 0x1ab2, 0x1ab2, 0x1ab2, 0x1ab2, 0x1ad3, 0x2314, 0x2b55, 
	0x2b55, 0x3375, 0x22f3, 0x1ad3, 0x1ad2, 0x1ab2, 0x1ab2, 0x1ad2, 0x1ab2, 0x22f3, 0x22f3, 0x2334, 0x2314, 0x1ab2, 0x1ad3, 0x1af3, 
	0x2b34, 0x3355, 0x3b76, 0x3b96, 0x3b75, 0x3375, 0x3375, 0x3355, 0x3b75, 0x3b75, 0x3b96, 0x3b96, 0x3355, 0x3375, 0x2b55, 0x22f3, 
	0x22d3, 0x22f3, 0x22f3, 0x2b14, 0x3375, 0x3bb7, 0x3bb7, 0x43f8, 0x43d8, 0x3bb7, 0x3b96, 0x3b96, 0x3bb7, 0x3bb7, 0x3bb7, 0x3bb7, 
	0x3bb7, 0x3b96, 0x43b6, 0x4c18, 0x4bf8, 0x3b96, 0x3b96, 0x3b96, 0x3b96, 0x3bb6, 0x3bb6, 0x3bb6, 0x3bb7, 0x43b7, 0x43b7, 0x3bb7, 
	0x43b7, 0x43d7, 0x43d7, 0x43d8, 0x43f8, 0x43f8, 0x43d8, 0x43d7, 0x43d7, 0x43d7, 0x43d8, 0x43d8, 0x43f8, 0x43f8, 0x43f8, 0x43d8, 
	0x3b75, 0x3b75, 0x3b75, 0x3b75, 0x3b96, 0x3b75, 0x3b75, 0x3b75, 0x3b75, 0x3b75, 0x3b75, 0x3b75, 0x3b75, 0x3b55, 0x3b75, 0x3b76, 
	0x3b75, 0x3b76, 0x3b76, 0x3b76, 0x3b76, 0x3b75, 0x3b76, 0x3b96, 0x3b96, 0x3b76, 0x3b76, 0x3b76, 0x3b96, 0x3b96, 0x3b76, 0x3b76, 
	0x3b76, 0x3b76, 0x3b75, 0x3b75, 0x3b76, 0x3b76, 0x3b76, 0x3b76, 0x3b76, 0x3b96, 0x3b76, 0x3b96, 0x3b96, 0x3b76, 0x3b96, 0x3b96, 
	0x3b76, 0x3b96, 0x3b96, 0x4396, 0x4396, 0x4396, 0x4396, 0x4396, 0x43b6, 0x4396, 0x4396, 0x3b96, 0x4396, 0x3b76, 0x3b96, 0x3b96, 
	0x3b96, 0x3b96, 0x3b96, 0x3b76, 0x3b76, 0x3b76, 0x3b96, 0x43b6, 0x43b6, 0x4396, 0x3b96, 0x3b96, 0x3b96, 0x3b96, 0x3b96, 0x3b96, 
	0x3b96, 0x3b96, 0x3b96, 0x3b96, 0x4396, 0x3b96, 0x3b76, 0x3b96, 0x3b96, 0x3b96, 0x43d7, 0x5c79, 0x5c99, 0x4bf7, 0x4396, 0x4396, 
	0x43b7, 0x43b7, 0x43b7, 0x43b7, 0x43b7, 0x43b7, 0x43b7, 0x43d8, 0x3b97, 0x43d7, 0x43b7, 0x43b7, 0x4396, 0x3b96, 0x3b96, 0x43b7, 
	0x3b96, 0x4396, 0x4396, 0x4396, 0x3b96, 0x3b76, 0x4397, 0x4397, 0x4396, 0x3b96, 0x4396, 0x4396, 0x3b96, 0x4396, 0x4396, 0x3b96, 
	0x4396, 0x4396, 0x3b96, 0x4396, 0x4396, 0x4396, 0x3b96, 0x4396, 0x3b96, 0x3b96, 0x4396, 0x4396, 0x4396, 0x3b96, 0x3b96, 0x3b96, 
	0x4396, 0x4396, 0x43b7, 0x43b7, 0x43b7, 0x4396, 0x43b7, 0x4396, 0x43b6, 0x43b6, 0x43b6, 0x43b6, 0x43b6, 0x4396, 0x4396, 0x4396, 
	0x4396, 0x4396, 0x3b96, 0x3b96, 0x3b96, 0x3b96, 0x3b96, 0x3b96, 0x4396, 0x43b6, 0x43b6, 0x4396, 0x43b6, 0x43b6, 0x43b6, 0x43b6, 
	0x4396, 0x43b6, 0x43b6, 0x43b6, 0x43b6, 0x3b96, 0x43b6, 0x3b96, 0x3b96, 0x3b96, 0x3b96, 0x3b96, 0x3b96, 0x43f7, 0x5c9a, 0x43d7, 
	0x43b7, 0x43d7, 0x43b7, 0x43b7, 0x43b7, 0x43b7, 0x3b96, 0x4c18, 0x43b7, 0x43b6, 0x43b7, 0x43b7, 0x43b6, 0x43b6, 0x43b6, 0x3b96, 
	0x3b96, 0x3b96, 0x3bb6, 0x3375, 0x3376, 0x3355, 0x22f3, 0x22f3, 0x22f3, 0x22d3, 0x22d3, 0x2b34, 0x3355, 0x2b14, 0x1ad3, 0x1ab2, 
	0x22f3, 0x22f3, 0x1ad3, 0x1ad3, 0x1ab2, 0x1ab2, 0x1ad2, 0x1ad2, 0x1ad2, 0x1ab2, 0x1ab2, 0x1ab2, 0x1ab2, 0x1ab2, 0x22f3, 0x22f3, 
	0x22f3, 0x2b34, 0x2334, 0x1ad2, 0x1ab2, 0x1ad2, 0x1ab2, 0x1ab2, 0x1ad3, 0x1ab2, 0x1ad3, 0x1ad3, 0x1ad3, 0x1ab2, 0x1ad3, 0x1af3, 
	0x2314, 0x22f3, 0x22f3, 0x2b14, 0x2b14, 0x2b14, 0x2b34, 0x2b34, 0x3b95, 0x3b96, 0x3b96, 0x3375, 0x2b14, 0x22d3, 0x1ab2, 0x1ab2, 
	0x1ab2, 0x1ad3, 0x1ad3, 0x1ad3, 0x2314, 0x2b35, 0x3355, 0x3bd7, 0x3bb7, 0x3355, 0x2b35, 0x3355, 0x3bd7, 0x43d8, 0x3bd7, 0x43d7, 
	0x3bb7, 0x3bb6, 0x43b7, 0x3b96, 0x3b96, 0x3bb7, 0x3b96, 0x3bb7, 0x3bb6, 0x43b7, 0x43b7, 0x43b7, 0x3bb7, 0x43b7, 0x43d7, 0x43d7, 
	0x43d7, 0x43d8, 0x43d8, 0x43f8, 0x43f8, 0x43f8, 0x43f8, 0x43f8, 0x43f8, 0x43f8, 0x4419, 0x43f8, 0x43f8, 0x4419, 0x4c19, 0x43f8, 
	0x3b75, 0x3b75, 0x3b75, 0x3b75, 0x3b75, 0x3b76, 0x3b75, 0x3b75, 0x3b75, 0x3b95, 0x3b75, 0x3b75, 0x3b75, 0x3b75, 0x3b75, 0x3b76, 
	0x3b75, 0x3b76, 0x3b76, 0x3b76, 0x3b76, 0x3b76, 0x3b75, 0x3b96, 0x3b76, 0x3b96, 0x3b96, 0x4396, 0x3b96, 0x4396, 0x3b76, 0x4396, 
	0x4396, 0x3b75, 0x3b76, 0x3b76, 0x3b96, 0x3b96, 0x4396, 0x3b96, 0x3b96, 0x4396, 0x3b76, 0x3b76, 0x3b76, 0x3b96, 0x3b76, 0x3b96, 
	0x3b96, 0x4396, 0x4396, 0x43b6, 0x4396, 0x43b6, 0x4bd7, 0x43b7, 0x4396, 0x43b6, 0x4396, 0x4396, 0x4396, 0x4396, 0x4396, 0x3b96, 
	0x3b96, 0x4396, 0x3b96, 0x3b76, 0x3b96, 0x3b96, 0x4396, 0x43b6, 0x43b6, 0x43b7, 0x43b6, 0x43b6, 0x43b6, 0x4396, 0x43b6, 0x43b6, 
	0x4396, 0x4396, 0x4396, 0x4396, 0x4396, 0x3b76, 0x43b6, 0x4bd7, 0x3b76, 0x4396, 0x4396, 0x43b7, 0x4bf7, 0x4c18, 0x43b6, 0x4396, 
	0x43b6, 0x43b6, 0x4396, 0x4396, 0x3b76, 0x3b96, 0x3b76, 0x2b14, 0x2af4, 0x3b76, 0x43d7, 0x43b7, 0x43b7, 0x4396, 0x3b96, 0x3b76, 
	0x3355, 0x43b7, 0x43b6, 0x4396, 0x43b7, 0x4397, 0x43b7, 0x4397, 0x4396, 0x4396, 0x43b6, 0x4396, 0x4396, 0x4396, 0x4396, 0x4396, 
	0x4396, 0x4396, 0x4396, 0x4396, 0x4396, 0x4396, 0x4396, 0x4396, 0x4396, 0x4396, 0x4396, 0x4396, 0x4396, 0x4396, 0x4396, 0x4396, 
	0x4396, 0x4396, 0x43b7, 0x43b6, 0x4396, 0x43b7, 0x4396, 0x4396, 0x4396, 0x4396, 0x43b6, 0x43b6, 0x43b6, 0x43b6, 0x43b6, 0x43b6, 
	0x4396, 0x4396, 0x4396, 0x3b96, 0x3b96, 0x4396, 0x4396, 0x4396, 0x4396, 0x43b6, 0x43b7, 0x43b6, 0x43b6, 0x4396, 0x4396, 0x43b6, 
	0x43b6, 0x43b6, 0x43b7, 0x43b7, 0x43d7, 0x43b7, 0x4396, 0x4396, 0x43b6, 0x43b6, 0x43d7, 0x43d7, 0x43b6, 0x43f7, 0x5479, 0x43d7, 
	0x43d7, 0x43d7, 0x43d8, 0x43d7, 0x43d7, 0x43b7, 0x3b96, 0x4bf7, 0x43b7, 0x43b7, 0x43b6, 0x43b6, 0x43b6, 0x43b6, 0x43b6, 0x43b6, 
	0x43b6, 0x3b76, 0x3376, 0x3376, 0x2b14, 0x1ab3, 0x22f3, 0x22f3, 0x1ad3, 0x1ad3, 0x22f3, 0x2b34, 0x3375, 0x2b34, 0x1ad3, 0x1af3, 
	0x1af3, 0x22f3, 0x1ad3, 0x1ab3, 0x1ab2, 0x1ab2, 0x1ab2, 0x1ad2, 0x1ab2, 0x1ab2, 0x1ab2, 0x1ab2, 0x1ad3, 0x22f3, 0x1ad3, 0x1ab2, 
	0x1ad3, 0x22d3, 0x22d3, 0x1ad3, 0x1ad2, 0x1ab2, 0x1ad2, 0x1ab2, 0x1ad3, 0x1ad3, 0x1ad3, 0x1ad3, 0x1ad3, 0x22f3, 0x2314, 0x2314, 
	0x2314, 0x22f3, 0x22f3, 0x2313, 0x2b14, 0x2b34, 0x3355, 0x3b96, 0x3b96, 0x3b96, 0x3b75, 0x3355, 0x3355, 0x3355, 0x2b34, 0x2b14, 
	0x3335, 0x2b34, 0x2b34, 0x2314, 0x22f3, 0x2b14, 0x3b96, 0x3bb7, 0x3bb7, 0x3b96, 0x3b96, 0x43d7, 0x43f8, 0x43f8, 0x43f8, 0x43f8, 
	0x43f8, 0x43b7, 0x43b7, 0x43b7, 0x3bb7, 0x43b7, 0x43b7, 0x43b7, 0x43b7, 0x3bb6, 0x43b7, 0x3bb7, 0x43b7, 0x43b7, 0x43f8, 0x43f8, 
	0x43f8, 0x43f8, 0x43f8, 0x4419, 0x4c19, 0x4c39, 0x4419, 0x4c39, 0x4c3a, 0x4c39, 0x4c39, 0x4c39, 0x4c39, 0x4c39, 0x4c39, 0x4c39, 
	0x3b75, 0x4395, 0x3b75, 0x3b75, 0x3b75, 0x4395, 0x3b75, 0x3b95, 0x3b95, 0x3b95, 0x3b75, 0x4375, 0x3b75, 0x3b75, 0x3b76, 0x3b76, 
	0x4396, 0x3b76, 0x3b76, 0x3b76, 0x3b76, 0x3b76, 0x4396, 0x4396, 0x3b96, 0x4396, 0x4396, 0x4396, 0x4396, 0x4396, 0x4396, 0x4396, 
	0x4395, 0x3b75, 0x3b76, 0x4396, 0x4396, 0x4396, 0x4396, 0x4396, 0x4396, 0x4396, 0x4396, 0x3b96, 0x3b75, 0x4396, 0x4396, 0x4396, 
	0x4396, 0x4396, 0x43b6, 0x43b6, 0x43b6, 0x4396, 0x43b6, 0x4396, 0x4396, 0x43b6, 0x4396, 0x4396, 0x43b6, 0x4396, 0x3b96, 0x3b96, 
	0x3b96, 0x4396, 0x4396, 0x4396, 0x43b6, 0x43b6, 0x4396, 0x43b6, 0x4396, 0x43b6, 0x43b6, 0x4396, 0x4396, 0x43b6, 0x43b6, 0x43b6, 
	0x4396, 0x3b96, 0x43b6, 0x4396, 0x4396, 0x4396, 0x4396, 0x4396, 0x4396, 0x4396, 0x4396, 0x4396, 0x43b6, 0x43b6, 0x43b6, 0x43b6, 
	0x43b7, 0x43b6, 0x43b6, 0x43b6, 0x4396, 0x4396, 0x43b7, 0x3b96, 0x3b96, 0x4396, 0x43b6, 0x3b76, 0x4396, 0x2b14, 0x2ad3, 0x22d3, 
	0x22d3, 0x2b14, 0x3b55, 0x43b7, 0x3b96, 0x2b14, 0x3335, 0x4396, 0x43b7, 0x4396, 0x4396, 0x43b6, 0x4396, 0x4396, 0x4396, 0x4396, 
	0x4396, 0x4396, 0x4396, 0x4396, 0x4396, 0x4396, 0x4396, 0x4396, 0x4396, 0x4396, 0x4396, 0x4396, 0x4396, 0x4396, 0x4396, 0x4396, 
	0x4396, 0x4396, 0x43b6, 0x43b6, 0x4396, 0x4396, 0x4397, 0x4397, 0x43b7, 0x4396, 0x4396, 0x4396, 0x43b7, 0x4396, 0x43b7, 0x43b7, 
	0x43b6, 0x43b6, 0x3b95, 0x5c79, 0x43d6, 0x4396, 0x43b6, 0x4396, 0x43b7, 0x43b6, 0x43b7, 0x43b7, 0x43b7, 0x43b7, 0x4396, 0x43b6, 
	0x43b7, 0x43b7, 0x43d7, 0x43b7, 0x43d7, 0x43b7, 0x43b7, 0x4396, 0x43b6, 0x43b7, 0x43d7, 0x43d7, 0x4bd7, 0x43d7, 0x43d7, 0x4bd7, 
	0x43d7, 0x43d7, 0x43d8, 0x4c18, 0x4c18, 0x43d7, 0x43d7, 0x4396, 0x43b7, 0x43b6, 0x43b7, 0x43b7, 0x43b7, 0x43b6, 0x43b6, 0x43b6, 
	0x43b7, 0x43b7, 0x4396, 0x43b7, 0x3b96, 0x3375, 0x3355, 0x3355, 0x3355, 0x3375, 0x3b76, 0x43b6, 0x3bb6, 0x2b34, 0x2b14, 0x2b35, 
	0x2b34, 0x2314, 0x1ad3, 0x1ab3, 0x1ad3, 0x2b34, 0x22f3, 0x1ad3, 0x22d3, 0x22f4, 0x22f4, 0x2314, 0x2314, 0x1ad3, 0x1ab2, 0x2b14, 
	0x3355, 0x2b14, 0x3355, 0x3b76, 0x3335, 0x22f3, 0x22d3, 0x22d3, 0x22f3, 0x22f3, 0x22f3, 0x2b14, 0x2b34, 0x2b54, 0x3355, 0x3b75, 
	0x3375, 0x3355, 0x3355, 0x3355, 0x3355, 0x3355, 0x3b96, 0x43b6, 0x4396, 0x3b96, 0x3b96, 0x3b96, 0x43b6, 0x43b6, 0x3b96, 0x3b96, 
	0x43b7, 0x43b7, 0x43b7, 0x3b96, 0x3b76, 0x3b96, 0x43d7, 0x43d7, 0x43d7, 0x43d7, 0x43d7, 0x43d7, 0x43f8, 0x4419, 0x4419, 0x4c19, 
	0x4418, 0x43f8, 0x43d7, 0x43b7, 0x43b7, 0x43b7, 0x43d7, 0x43d7, 0x43d7, 0x43b7, 0x43d7, 0x43b7, 0x43d7, 0x43f8, 0x43f8, 0x43f8, 
	0x43f8, 0x4c19, 0x4419, 0x4c39, 0x4c5a, 0x4c5a, 0x4c5a, 0x4c5a, 0x4c5a, 0x549b, 0x4c5a, 0x4c39, 0x4c39, 0x4419, 0x4c39, 0x4c5a, 
	0x4395, 0x4395, 0x4375, 0x4396, 0x4395, 0x4395, 0x4395, 0x4395, 0x4395, 0x4395, 0x4396, 0x4375, 0x4395, 0x4396, 0x4396, 0x4396, 
	0x4396, 0x4396, 0x4396, 0x4396, 0x4396, 0x4396, 0x4396, 0x4396, 0x4396, 0x4396, 0x4396, 0x4396, 0x4396, 0x4396, 0x4396, 0x4396, 
	0x4396, 0x4396, 0x4396, 0x4396, 0x4396, 0x4396, 0x4396, 0x4396, 0x4396, 0x4396, 0x4396, 0x4396, 0x4396, 0x4396, 0x4396, 0x4396, 
	0x4396, 0x4396, 0x43b6, 0x43b6, 0x43b6, 0x43b6, 0x4396, 0x43b6, 0x43b6, 0x4396, 0x4396, 0x4396, 0x4396, 0x4396, 0x4396, 0x4396, 
	0x4396, 0x4396, 0x43b6, 0x43b7, 0x43b6, 0x43b7, 0x43b6, 0x43b6, 0x4396, 0x4396, 0x4396, 0x4396, 0x4396, 0x4396, 0x43b6, 0x43b6, 
	0x4396, 0x4396, 0x4396, 0x4396, 0x4396, 0x43b6, 0x43b7, 0x4396, 0x4396, 0x4396, 0x4396, 0x43b7, 0x43b6, 0x43b6, 0x43b7, 0x4bb7, 
	0x43b7, 0x43b7, 0x43b6, 0x43b7, 0x43b6, 0x4bf7, 0x4bf7, 0x43b6, 0x4bd7, 0x5418, 0x4bd7, 0x43b6, 0x4bf7, 0x43b6, 0x3b55, 0x43b6, 
	0x3b55, 0x3335, 0x3314, 0x4396, 0x43b6, 0x43b6, 0x43b6, 0x43b7, 0x43b6, 0x4396, 0x43b6, 0x43b6, 0x4bb6, 0x4bd7, 0x4bd7, 0x4bd7, 
	0x4bb7, 0x4bb7, 0x4bb6, 0x4b96, 0x4bb6, 0x4bb7, 0x4396, 0x43b6, 0x43b6, 0x4396, 0x4396, 0x4396, 0x4396, 0x4396, 0x4396, 0x4396, 
	0x4396, 0x4396, 0x43b7, 0x43b7, 0x4396, 0x4397, 0x43b7, 0x43b7, 0x4396, 0x43b7, 0x43b7, 0x4396, 0x4396, 0x4396, 0x4396, 0x4396, 
	0x4396, 0x4396, 0x4396, 0x43b6, 0x43b6, 0x43b6, 0x43b6, 0x43b6, 0x43b7, 0x43b7, 0x43b7, 0x43b7, 0x43b7, 0x43b7, 0x43b6, 0x43b7, 
	0x43d7, 0x4bf7, 0x43d7, 0x4bf7, 0x43d7, 0x43b7, 0x43b7, 0x43b7, 0x43b7, 0x43b7, 0x43b7, 0x4bd7, 0x43d7, 0x4bd7, 0x4bf7, 0x4bf7, 
	0x4bd7, 0x4bd7, 0x4bf8, 0x43f8, 0x43d7, 0x43d7, 0x43d7, 0x43d7, 0x4bf7, 0x4bf8, 0x4bd7, 0x4bf7, 0x4bd7, 0x43d7, 0x43d7, 0x43b7, 
	0x43b6, 0x43b7, 0x43b7, 0x43b7, 0x43b7, 0x43d7, 0x43b7, 0x43b7, 0x43b7, 0x43b7, 0x43b7, 0x43b7, 0x43b7, 0x43d7, 0x3b96, 0x3375, 
	0x43b7, 0x3bb6, 0x2b55, 0x2b34, 0x3375, 0x3bb6, 0x3b96, 0x3375, 0x3b96, 0x3375, 0x3355, 0x3355, 0x3375, 0x2b55, 0x2b34, 0x3b96, 
	0x43b6, 0x3b96, 0x4396, 0x4396, 0x3b75, 0x3b96, 0x3355, 0x3375, 0x3b96, 0x3b96, 0x3b96, 0x3b96, 0x3bb6, 0x3bb6, 0x43b6, 0x43b6, 
	0x43b6, 0x4396, 0x4396, 0x3b96, 0x3b76, 0x3b96, 0x43b6, 0x4396, 0x4396, 0x4396, 0x43b7, 0x43b7, 0x43b6, 0x43b6, 0x43b7, 0x43b7, 
	0x43b7, 0x43b7, 0x43b7, 0x43b7, 0x43d7, 0x43b7, 0x43b7, 0x43d7, 0x43b7, 0x43d7, 0x4bd7, 0x43d7, 0x4c18, 0x4418, 0x4c18, 0x4c19, 
	0x4c18, 0x4bf8, 0x4bf8, 0x43d7, 0x43d7, 0x43d7, 0x43d7, 0x43d7, 0x43f7, 0x43d7, 0x4bf8, 0x43d7, 0x43d7, 0x43f8, 0x4c18, 0x4c18, 
	0x4c39, 0x4c39, 0x4c39, 0x4c3a, 0x547b, 0x549b, 0x547b, 0x545a, 0x4c3a, 0x4c39, 0x4c19, 0x4c39, 0x4c39, 0x4c19, 0x4c3a, 0x545a, 
	0x4395, 0x4396, 0x4396, 0x4396, 0x4396, 0x4396, 0x4396, 0x4396, 0x4396, 0x4395, 0x4396, 0x4396, 0x4396, 0x4396, 0x4396, 0x4396, 
	0x4376, 0x4376, 0x4396, 0x4396, 0x4396, 0x4396, 0x4396, 0x43b6, 0x43b6, 0x43b6, 0x4396, 0x43b6, 0x43b6, 0x4396, 0x4396, 0x4396, 
	0x4396, 0x4396, 0x4396, 0x4396, 0x4396, 0x4396, 0x4396, 0x4396, 0x4396, 0x4396, 0x4396, 0x4396, 0x4396, 0x4396, 0x4396, 0x4396, 
	0x4396, 0x4396, 0x43b6, 0x43b6, 0x43b6, 0x43b6, 0x4396, 0x4396, 0x4396, 0x4396, 0x4bb7, 0x4bb7, 0x43b6, 0x43b6, 0x43b6, 0x4396, 
	0x43b6, 0x43b7, 0x4bb7, 0x43b7, 0x4396, 0x4396, 0x43b6, 0x4396, 0x43b7, 0x43b7, 0x43b7, 0x4396, 0x4396, 0x4396, 0x4396, 0x43b6, 
	0x43b6, 0x43b6, 0x4396, 0x43b7, 0x43b7, 0x43b7, 0x43b7, 0x43b7, 0x43b7, 0x43b7, 0x43b6, 0x4bb7, 0x4bb7, 0x4bd7, 0x4bb7, 0x43b7, 
	0x43b7, 0x43b6, 0x43b7, 0x4bb7, 0x4bb7, 0x4396, 0x43b6, 0x4bb7, 0x4bd7, 0x5c79, 0x5438, 0x4bd7, 0x53f7, 0x5418, 0x4bd7, 0x4bd7, 
	0x53f7, 0x5418, 0x53f7, 0x53d7, 0x53f7, 0x53f7, 0x53f7, 0x53d7, 0x53d7, 0x4bb6, 0x4bd7, 0x4bd7, 0x4bd7, 0x53f7, 0x53d7, 0x5bf8, 
	0x5bf7, 0x53d7, 0x53d7, 0x53d7, 0x53d7, 0x53d7, 0x4bb6, 0x4bb7, 0x43b6, 0x43b6, 0x4396, 0x4397, 0x43b6, 0x43b6, 0x43b6, 0x4396, 
	0x43b7, 0x43b7, 0x4397, 0x4bb7, 0x43b7, 0x43b7, 0x43b7, 0x43b7, 0x43b7, 0x43b6, 0x43b6, 0x4396, 0x4396, 0x4396, 0x43b7, 0x4396, 
	0x4396, 0x4396, 0x43b6, 0x4396, 0x43b6, 0x43b6, 0x43b7, 0x43b6, 0x43b7, 0x43b7, 0x43b7, 0x43b7, 0x4bd7, 0x4bd7, 0x4bd7, 0x43d7, 
	0x4bf7, 0x4bf8, 0x4bf7, 0x4bd7, 0x43b7, 0x43b7, 0x4bb7, 0x43b7, 0x43b7, 0x4bd7, 0x4bd7, 0x4bf7, 0x4bf7, 0x4bf8, 0x4bf7, 0x4bf8, 
	0x4bf8, 0x4bf8, 0x4bf8, 0x4bf8, 0x4bf8, 0x43f7, 0x4bf7, 0x4bd7, 0x4bf7, 0x4bf8, 0x4bf8, 0x4c18, 0x4bf8, 0x4bf8, 0x4bd7, 0x4bd7, 
	0x4bd7, 0x43d7, 0x43d7, 0x43d7, 0x43b7, 0x43d7, 0x43d7, 0x43d7, 0x43b7, 0x43b7, 0x43b7, 0x43b7, 0x43b7, 0x43d7, 0x43d7, 0x43b7, 
	0x43d7, 0x43b7, 0x43b6, 0x43b6, 0x43b6, 0x43b7, 0x43b7, 0x43b6, 0x43b6, 0x43b6, 0x43b6, 0x3b96, 0x3b96, 0x43b6, 0x43b6, 0x4396, 
	0x43b6, 0x4396, 0x43b7, 0x4396, 0x3b75, 0x4396, 0x43b6, 0x4396, 0x4396, 0x43b6, 0x43b6, 0x43b6, 0x43b6, 0x4396, 0x4396, 0x4396, 
	0x4396, 0x4396, 0x4396, 0x43b6, 0x4396, 0x43b6, 0x4396, 0x43b6, 0x43b6, 0x43b7, 0x43b7, 0x43b7, 0x43b7, 0x43b6, 0x43b7, 0x43b6, 
	0x43b6, 0x43b6, 0x43b7, 0x43b7, 0x43b7, 0x43b6, 0x43b7, 0x43d7, 0x43d7, 0x43d7, 0x4bd7, 0x4bf7, 0x4bf8, 0x4bf8, 0x4bf8, 0x4c18, 
	0x4c18, 0x4bf8, 0x4bf8, 0x4bf7, 0x4bf8, 0x43d7, 0x4bf8, 0x4bf8, 0x43f8, 0x43d7, 0x43f8, 0x4bf8, 0x4bf8, 0x4bf8, 0x4c18, 0x545a, 
	0x545a, 0x4c19, 0x4c39, 0x545a, 0x5cbc, 0x5cbc, 0x547b, 0x4c5a, 0x4c39, 0x4c19, 0x4c19, 0x4c19, 0x5439, 0x545a, 0x545a, 0x545a, 
	0x43b6, 0x43b6, 0x4396, 0x4396, 0x4396, 0x4396, 0x4396, 0x4396, 0x4396, 0x4396, 0x4396, 0x4396, 0x4396, 0x4395, 0x4396, 0x4396, 
	0x4396, 0x4396, 0x4396, 0x4396, 0x4396, 0x4396, 0x4bb6, 0x4bb6, 0x4bb6, 0x4bb7, 0x4396, 0x4396, 0x4396, 0x4396, 0x4396, 0x4396, 
	0x4396, 0x4396, 0x4396, 0x4396, 0x4396, 0x4396, 0x4396, 0x4396, 0x4396, 0x4396, 0x4396, 0x4396, 0x4396, 0x4396, 0x4396, 0x4396, 
	0x4396, 0x4396, 0x4396, 0x4396, 0x43b6, 0x4396, 0x43b6, 0x43b6, 0x4396, 0x4396, 0x4bb7, 0x4396, 0x43b6, 0x4396, 0x4396, 0x4396, 
	0x4396, 0x43b7, 0x4bb7, 0x43b7, 0x43b6, 0x43b6, 0x4396, 0x4396, 0x43b7, 0x43b7, 0x43b7, 0x43b7, 0x43b7, 0x4396, 0x43b7, 0x4396, 
	0x43b6, 0x4396, 0x43b7, 0x4bb7, 0x43b7, 0x4bd7, 0x4bd7, 0x4bf7, 0x4bd7, 0x4bb7, 0x4bd7, 0x4bd7, 0x4bd7, 0x4bd7, 0x4bb7, 0x4bb7, 
	0x43b6, 0x43b7, 0x4bb7, 0x4bb7, 0x4bd7, 0x43b6, 0x4bd7, 0x4bb7, 0x4bd7, 0x4bb6, 0x4bb7, 0x4bd7, 0x4bd7, 0x53d7, 0x4bd7, 0x53d7, 
	0x53f7, 0x53f7, 0x53f7, 0x5c17, 0x53d7, 0x5bf7, 0x5c18, 0x5bf7, 0x5bf7, 0x53f7, 0x53d7, 0x53f7, 0x53d7, 0x53d7, 0x5bd7, 0x53d7, 
	0x5bf7, 0x5bf7, 0x5bd7, 0x5bd7, 0x5bd7, 0x53d7, 0x53d7, 0x4bb6, 0x4bb6, 0x4bb6, 0x4b96, 0x4b96, 0x4bb6, 0x4396, 0x4bb6, 0x4bb7, 
	0x4bb7, 0x4bb7, 0x4bb7, 0x4bb7, 0x4bd7, 0x4bd7, 0x4bd7, 0x4bd7, 0x4bb7, 0x43b6, 0x4bb6, 0x43b6, 0x4396, 0x4396, 0x4396, 0x4396, 
	0x4396, 0x4396, 0x4396, 0x4396, 0x43b6, 0x43b6, 0x43b6, 0x43b6, 0x4bb7, 0x43b7, 0x4bb7, 0x4bd7, 0x53f8, 0x5418, 0x4bf8, 0x5418, 
	0x5418, 0x5418, 0x4bf8, 0x4bd7, 0x4bd7, 0x4bf8, 0x4bf8, 0x4bd7, 0x4bf7, 0x53f8, 0x5418, 0x53f8, 0x5418, 0x5418, 0x53f8, 0x53f8, 
	0x5418, 0x5418, 0x4c18, 0x4c18, 0x4bf8, 0x4bf8, 0x4bf8, 0x4c18, 0x4c18, 0x4bf8, 0x4c18, 0x4bf8, 0x4bf8, 0x4c18, 0x4bf8, 0x4bf8, 
	0x4c18, 0x4bf8, 0x4bd7, 0x4bd7, 0x4bd7, 0x4bd7, 0x4bd7, 0x4bd7, 0x4bd7, 0x4bd7, 0x43d7, 0x4bd7, 0x4bd7, 0x4bd7, 0x4bd7, 0x4bd7, 
	0x4bd7, 0x4bd7, 0x4bd7, 0x43b6, 0x43b7, 0x43b7, 0x4396, 0x4396, 0x43b6, 0x43b6, 0x43b6, 0x43b6, 0x43b6, 0x4396, 0x43b6, 0x43b6, 
	0x43b6, 0x4396, 0x43b6, 0x43b7, 0x43b6, 0x4396, 0x43b6, 0x4396, 0x43b6, 0x43b6, 0x43b6, 0x43b6, 0x4396, 0x43b6, 0x43b6, 0x4396, 
	0x4396, 0x43b6, 0x43b6, 0x43b6, 0x43b6, 0x43b6, 0x4396, 0x43b7, 0x43b6, 0x43b6, 0x43b7, 0x43b7, 0x43b7, 0x43b7, 0x43b7, 0x43b7, 
	0x43b6, 0x43b6, 0x43b7, 0x43b7, 0x43b6, 0x43b6, 0x43d7, 0x43d7, 0x43d7, 0x43d7, 0x4bd7, 0x4bf7, 0x4c18, 0x4c18, 0x4bf8, 0x4bf8, 
	0x4bf8, 0x4bf7, 0x4bf8, 0x4bf7, 0x4bf8, 0x4bf8, 0x4bf8, 0x4bf8, 0x4bf8, 0x4bf8, 0x4c18, 0x4bf8, 0x4bf8, 0x4c18, 0x4c39, 0x5439, 
	0x5439, 0x543a, 0x543a, 0x545a, 0x5c9b, 0x5c9b, 0x547a, 0x5439, 0x4c19, 0x4c18, 0x5439, 0x4c39, 0x5439, 0x545a, 0x545a, 0x545a, 
	0x4396, 0x4bb6, 0x4396, 0x4396, 0x4396, 0x4396, 0x4bb6, 0x4b96, 0x4b96, 0x4bb6, 0x4bb6, 0x4bb6, 0x4396, 0x4396, 0x4396, 0x43b6, 
	0x4396, 0x4396, 0x4396, 0x4bb6, 0x4396, 0x4396, 0x4bb6, 0x4bb6, 0x4bb6, 0x4bb6, 0x4b96, 0x4b96, 0x4b96, 0x4b96, 0x4b96, 0x4b96, 
	0x4396, 0x4396, 0x4bb6, 0x4b96, 0x4b96, 0x4396, 0x4b96, 0x4b96, 0x4b96, 0x4b96, 0x4b96, 0x4b96, 0x4b96, 0x4b96, 0x4b96, 0x4b96, 
	0x4bb6, 0x4bb6, 0x4396, 0x4b96, 0x4bb6, 0x4b96, 0x4396, 0x4396, 0x4b96, 0x4396, 0x4bb7, 0x4bb7, 0x4bb7, 0x43b6, 0x4bb7, 0x4bb7, 
	0x4bb7, 0x4bb7, 0x4bb7, 0x4bb7, 0x4bb7, 0x43b6, 0x4bb7, 0x4bb7, 0x4bb6, 0x4bb7, 0x4bb7, 0x4bb7, 0x4bb7, 0x4bb7, 0x4bb7, 0x4396, 
	0x4396, 0x4bb7, 0x4396, 0x4bb7, 0x4bb7, 0x4bd7, 0x4bf7, 0x4bd7, 0x4bd7, 0x4bd7, 0x4bd7, 0x4bd7, 0x4bf7, 0x4bd7, 0x4bd7, 0x4bb7, 
	0x4bb7, 0x4bb7, 0x4bb7, 0x4bd7, 0x4bb7, 0x4bb7, 0x4bd7, 0x4bb7, 0x4bd7, 0x4bf7, 0x4bd7, 0x4bd7, 0x4bd7, 0x53d7, 0x53d7, 0x53d7, 
	0x53d7, 0x53d7, 0x53f7, 0x53d7, 0x5bf7, 0x5c17, 0x5bf7, 0x5bf7, 0x5bf7, 0x5bf7, 0x5bf7, 0x5bf7, 0x5bd7, 0x5bd7, 0x5bd7, 0x5bd7, 
	0x5bf7, 0x5bf7, 0x5bf7, 0x5bf7, 0x5bf7, 0x5bf7, 0x5bd7, 0x53d7, 0x53d6, 0x53d7, 0x53d7, 0x53b7, 0x53b7, 0x53d7, 0x53d7, 0x53d7, 
	0x53d7, 0x53d7, 0x53f7, 0x53d7, 0x53d7, 0x53d7, 0x53d7, 0x4bb7, 0x4bb7, 0x4bb6, 0x4bb6, 0x4bb7, 0x4bb7, 0x4bb7, 0x4bb7, 0x4bb7, 
	0x4bb7, 0x4bb7, 0x4bb7, 0x4bd7, 0x4bd7, 0x4bd7, 0x4bd7, 0x4bd7, 0x4bd7, 0x4bd7, 0x4bd7, 0x4bf7, 0x5418, 0x5418, 0x5418, 0x5439, 
	0x5439, 0x4c18, 0x5418, 0x5418, 0x53f8, 0x53f8, 0x5418, 0x53f8, 0x53f8, 0x53f8, 0x53f8, 0x53f8, 0x5418, 0x5418, 0x5418, 0x5418, 
	0x5418, 0x5418, 0x5418, 0x5418, 0x5418, 0x5418, 0x5418, 0x5419, 0x4c18, 0x4c18, 0x5418, 0x5418, 0x5418, 0x5418, 0x53f8, 0x5418, 
	0x5418, 0x4bf8, 0x4bf8, 0x4bf8, 0x4bf8, 0x4bf8, 0x4bf8, 0x4bf8, 0x4bf8, 0x4bf8, 0x4bf8, 0x4bf8, 0x4bf7, 0x4bf7, 0x4bf7, 0x4bf7, 
	0x4bf7, 0x4bf7, 0x4bd7, 0x43b7, 0x4bd7, 0x4bd7, 0x4396, 0x43b7, 0x43b7, 0x43b6, 0x43b6, 0x43b6, 0x43b6, 0x4396, 0x43b6, 0x43b6, 
	0x43b6, 0x43b6, 0x43b6, 0x43b6, 0x43b6, 0x43b6, 0x43b6, 0x43b6, 0x43b6, 0x43b6, 0x43b7, 0x43b6, 0x43b6, 0x43b6, 0x43b6, 0x4396, 
	0x4396, 0x4396, 0x4396, 0x43b6, 0x4396, 0x43b6, 0x43b6, 0x43b6, 0x43b6, 0x43b7, 0x43b7, 0x43b7, 0x43b7, 0x43b7, 0x43b7, 0x43b7, 
	0x43d7, 0x4bd7, 0x4bd7, 0x4bd7, 0x43d7, 0x4bd7, 0x4bf7, 0x4bf7, 0x4bf7, 0x4bd7, 0x4bf7, 0x4c18, 0x4c18, 0x4c18, 0x4bf8, 0x4bf7, 
	0x4bd7, 0x4bf7, 0x4bf7, 0x4bf8, 0x4bf8, 0x4c18, 0x4c18, 0x4c18, 0x4c18, 0x5439, 0x5439, 0x5419, 0x5419, 0x5439, 0x545a, 0x543a, 
	0x545a, 0x545a, 0x5459, 0x5459, 0x5459, 0x5c7a, 0x547a, 0x5439, 0x4c18, 0x4c18, 0x4c18, 0x5439, 0x5459, 0x545a, 0x5439, 0x5439, 
	0x4b96, 0x4396, 0x4b96, 0x4b96, 0x4bb6, 0x4bb6, 0x4b96, 0x4b96, 0x4b96, 0x4b96, 0x4b96, 0x4b96, 0x4bb6, 0x4b96, 0x4396, 0x4bb6, 
	0x4bb6, 0x4bb6, 0x4bb6, 0x4bb6, 0x4bb6, 0x4bb6, 0x4b96, 0x4b96, 0x4b96, 0x4b96, 0x5376, 0x5396, 0x5b96, 0x63d7, 0x5bb6, 0x5b96, 
	0x5396, 0x5396, 0x5396, 0x53b6, 0x5396, 0x5396, 0x5b76, 0x5b76, 0x5b96, 0x5375, 0x5396, 0x5396, 0x4b96, 0x4b96, 0x4b96, 0x4b96, 
	0x4b96, 0x4b96, 0x4b96, 0x4b96, 0x4b96, 0x4b96, 0x4b96, 0x4396, 0x4396, 0x4b96, 0x4bb6, 0x4bb7, 0x4bb7, 0x4bb6, 0x4bb7, 0x4bb7, 
	0x4bb7, 0x4bb7, 0x4bb7, 0x4bd7, 0x53d7, 0x4bb7, 0x4bb7, 0x4bb7, 0x4bb7, 0x4bb7, 0x4bd7, 0x4bb7, 0x4bb7, 0x4bb7, 0x4bb7, 0x4bb7, 
	0x5418, 0x4bb6, 0x4bb7, 0x4bb7, 0x4bb7, 0x4bd7, 0x4bd7, 0x4bf7, 0x4bf7, 0x4bd7, 0x4bd7, 0x4bd7, 0x53f7, 0x4bd7, 0x4bd7, 0x4bd7, 
	0x4bd7, 0x4bd7, 0x4bd7, 0x4bf7, 0x53f7, 0x53f8, 0x4bf7, 0x4bd7, 0x4bd7, 0x4bd7, 0x4bd7, 0x4bd7, 0x53d7, 0x53f7, 0x53d7, 0x53d7, 
	0x53d7, 0x53d7, 0x53d7, 0x53d7, 0x53f7, 0x5bf7, 0x5bf7, 0x5c17, 0x6438, 0x5bf7, 0x5bf7, 0x5bf7, 0x5bf7, 0x5bf7, 0x5bf7, 0x5bf7, 
	0x5bf7, 0x5bf7, 0x5bf7, 0x5bf7, 0x63f7, 0x5bf7, 0x5bd7, 0x5bd7, 0x5bd7, 0x5bd7, 0x5bf7, 0x5bf7, 0x5bf7, 0x5bf7, 0x5c17, 0x5bf7, 
	0x5c17, 0x5bf7, 0x5bf7, 0x5bf7, 0x5bf7, 0x5bf7, 0x53d7, 0x53d7, 0x53f7, 0x53d7, 0x4bb6, 0x4bb7, 0x4bd7, 0x4bb7, 0x53d7, 0x53d7, 
	0x53d7, 0x53d7, 0x53d7, 0x53d7, 0x53f7, 0x53f7, 0x53f7, 0x53f7, 0x53f7, 0x53f8, 0x53f8, 0x5418, 0x5418, 0x5418, 0x5439, 0x5c59, 
	0x5418, 0x5439, 0x5c59, 0x5c39, 0x5439, 0x5439, 0x5438, 0x5418, 0x53f8, 0x5418, 0x53f8, 0x5c18, 0x5c18, 0x5c18, 0x5c18, 0x5c18, 
	0x5c18, 0x5c18, 0x5c18, 0x5438, 0x5438, 0x5439, 0x5439, 0x5439, 0x5419, 0x5419, 0x5439, 0x5439, 0x5439, 0x5418, 0x5418, 0x5418, 
	0x5418, 0x5418, 0x5418, 0x5418, 0x5418, 0x5419, 0x5418, 0x5418, 0x5418, 0x5418, 0x53f8, 0x4bf7, 0x4bf8, 0x4bf8, 0x4bf8, 0x4bf7, 
	0x4bd7, 0x4bd7, 0x4bd7, 0x4bd7, 0x4bd7, 0x43b7, 0x4bb7, 0x4bb7, 0x43b6, 0x43b6, 0x4bb6, 0x4bb7, 0x4bb6, 0x43b6, 0x43b6, 0x4396, 
	0x43b6, 0x43b6, 0x43b6, 0x43b6, 0x43b6, 0x43b6, 0x43b6, 0x43b6, 0x43b6, 0x43b6, 0x43b7, 0x43b6, 0x43b6, 0x43b6, 0x43b6, 0x43b6, 
	0x4396, 0x43b6, 0x4bb6, 0x43b7, 0x43b6, 0x43b7, 0x43b7, 0x43b6, 0x43b6, 0x43b7, 0x4bd7, 0x4bd7, 0x4bd7, 0x43b7, 0x43d7, 0x43d7, 
	0x4bd7, 0x4bf7, 0x4bd7, 0x4bd7, 0x4bf7, 0x4bf7, 0x4bf7, 0x4bf7, 0x4bf7, 0x4bf7, 0x4bf7, 0x4c18, 0x4c18, 0x4c18, 0x4bf7, 0x4bf7, 
	0x4bf7, 0x4bf7, 0x4bf8, 0x4bf8, 0x4c18, 0x4c18, 0x5418, 0x5418, 0x5418, 0x5439, 0x5459, 0x5459, 0x5459, 0x5c7a, 0x5c7a, 0x545a, 
	0x5c5a, 0x545a, 0x5439, 0x5c7a, 0x649a, 0x5c9a, 0x5439, 0x5418, 0x4c18, 0x4bf8, 0x4c18, 0x5439, 0x5459, 0x5439, 0x5418, 0x5439, 
	0x4b96, 0x4b96, 0x4b96, 0x4b96, 0x4b96, 0x4bb6, 0x4b96, 0x4b96, 0x4b96, 0x4b96, 0x4b96, 0x4b96, 0x4b96, 0x4b96, 0x4b96, 0x4bb6, 
	0x4b96, 0x4b96, 0x4bb6, 0x4b96, 0x4b96, 0x4bb6, 0x4b96, 0x5396, 0x5396, 0x5b96, 0x6b96, 0x7bd7, 0x8c38, 0x9438, 0x9438, 0x9458, 
	0x8c58, 0x8438, 0x7c38, 0x7c38, 0x7438, 0x7bf7, 0x8c18, 0x9418, 0x8c38, 0x7bd7, 0x6bb6, 0x63b7, 0x5bb6, 0x5396, 0x5396, 0x4b96, 
	0x4b96, 0x4b96, 0x4b96, 0x4b96, 0x4b96, 0x4b96, 0x4b96, 0x4b96, 0x4b96, 0x4bb6, 0x4b96, 0x4bb6, 0x4bb6, 0x4bb7, 0x4bb7, 0x4b96, 
	0x4b96, 0x4bb7, 0x4bb6, 0x53b7, 0x4bb7, 0x4bb7, 0x4bb7, 0x4bb7, 0x4bb7, 0x4bb7, 0x4bb7, 0x53d7, 0x5c39, 0x4bb6, 0x4bd7, 0x4bb7, 
	0x53f7, 0x4bb6, 0x4bd7, 0x4bb6, 0x4bd7, 0x4bd7, 0x4bd7, 0x4bf7, 0x4bf7, 0x53f7, 0x5c18, 0x53f7, 0x4bd7, 0x4bd7, 0x53d7, 0x4bd7, 
	0x4bf7, 0x4bf7, 0x53f7, 0x53d7, 0x5418, 0x6479, 0x4bb7, 0x53d7, 0x4bd7, 0x4bd7, 0x53d7, 0x53f7, 0x53d7, 0x53d7, 0x53d7, 0x53d7, 
	0x53d7, 0x53d7, 0x53d7, 0x53d7, 0x53d7, 0x5bf7, 0x5bf7, 0x5bf7, 0x5bf7, 0x5bf7, 0x5bf7, 0x5bf7, 0x5bf7, 0x5bf7, 0x5bf7, 0x5bf7, 
	0x5bf7, 0x5bf7, 0x5bf7, 0x5bf7, 0x5bf7, 0x5bf7, 0x63f7, 0x5bf7, 0x5c17, 0x5bf7, 0x6418, 0x6418, 0x5bf7, 0x5bf7, 0x63f7, 0x5bf7, 
	0x6417, 0x63f7, 0x5bf7, 0x5bf7, 0x5bf7, 0x5bf7, 0x5bf7, 0x5bf7, 0x6418, 0x5bf7, 0x5bf7, 0x5bf7, 0x53d7, 0x53d7, 0x53d7, 0x53d7, 
	0x53d7, 0x53d7, 0x53d7, 0x53d7, 0x53d7, 0x53d7, 0x53f7, 0x5c18, 0x5c18, 0x5c18, 0x5c18, 0x5c18, 0x5c18, 0x5c38, 0x5c59, 0x5c59, 
	0x5c59, 0x5c59, 0x5c39, 0x5c39, 0x5c39, 0x5418, 0x53f8, 0x5418, 0x5c18, 0x53f8, 0x4355, 0x4bb7, 0x5c18, 0x5c18, 0x5c18, 0x5c18, 
	0x5c18, 0x5c18, 0x5c18, 0x5c18, 0x5c38, 0x5c38, 0x5c18, 0x5c18, 0x53f8, 0x5c39, 0x5c39, 0x5c39, 0x5c39, 0x5c59, 0x6cbb, 0x5c39, 
	0x5c39, 0x5c39, 0x5c39, 0x5c39, 0x5c39, 0x5c39, 0x5c39, 0x5c19, 0x5c18, 0x5418, 0x5418, 0x53f8, 0x53f8, 0x53f8, 0x53f7, 0x53f7, 
	0x4bf7, 0x4bf7, 0x4bd7, 0x4bd7, 0x4bf7, 0x4bb6, 0x4bd7, 0x4bd7, 0x4bb6, 0x4bb6, 0x4bb7, 0x4bb7, 0x4bd6, 0x4bd7, 0x4bb7, 0x4bb7, 
	0x4bd7, 0x4bd7, 0x4bb6, 0x4bd7, 0x4bb6, 0x4bb6, 0x4bb6, 0x4bb6, 0x4bb6, 0x4bb7, 0x4bb6, 0x4bb6, 0x43b6, 0x43b6, 0x4bb6, 0x4bb6, 
	0x4bb7, 0x4bb6, 0x4bb7, 0x4bb7, 0x4bb7, 0x4bb7, 0x4bb6, 0x4bb6, 0x4bd6, 0x4bd6, 0x4bd7, 0x4bd7, 0x4bf7, 0x4bd7, 0x4bd7, 0x4bf7, 
	0x4bf7, 0x4bf7, 0x4bf7, 0x4bf7, 0x4bf7, 0x4bf7, 0x4bf7, 0x4bf7, 0x4bf7, 0x4bf7, 0x4bf7, 0x4bf7, 0x5417, 0x4bf7, 0x4bf7, 0x4bf7, 
	0x4bf7, 0x4bf7, 0x4bf8, 0x5418, 0x5418, 0x5438, 0x5438, 0x5418, 0x5438, 0x5439, 0x5459, 0x5c7a, 0x5c9a, 0x5c7a, 0x5c9b, 0x5c7a, 
	0x5459, 0x5c59, 0x5439, 0x5439, 0x5c59, 0x5418, 0x4bf7, 0x4bd7, 0x4bf7, 0x5418, 0x5418, 0x5438, 0x5438, 0x5418, 0x4bd7, 0x53f7, 
	0x4b96, 0x4bb6, 0x4bb6, 0x4bb6, 0x4bb6, 0x53d6, 0x4bb6, 0x4bb6, 0x4b96, 0x4b96, 0x4b96, 0x4b96, 0x4b96, 0x4b96, 0x4b96, 0x4b96, 
	0x4b96, 0x4bb6, 0x4bb6, 0x4b96, 0x4bb6, 0x4bb6, 0x53b6, 0x5bb6, 0x5bd7, 0x6bd7, 0x73d7, 0x9459, 0xa4db, 0x9c99, 0x9c9a, 0xa4da, 
	0x94ba, 0x8c9a, 0x8479, 0x849a, 0x7c79, 0x8439, 0x9c79, 0xa49a, 0xa4db, 0x9cdb, 0x949a, 0x7c18, 0x6bd7, 0x63d7, 0x53b6, 0x53b6, 
	0x4bb6, 0x4b96, 0x4b96, 0x4b96, 0x4b96, 0x4b96, 0x4bb7, 0x4b96, 0x4b96, 0x4bb6, 0x4bb6, 0x4bb6, 0x4bb6, 0x4b96, 0x4b96, 0x4bb6, 
	0x4b96, 0x4bb6, 0x53b7, 0x53d7, 0x53b7, 0x53b7, 0x4bb6, 0x53b7, 0x4bb7, 0x4bb7, 0x4bb7, 0x4bb6, 0x4bb6, 0x4bd7, 0x53b7, 0x4bb6, 
	0x4bb6, 0x4bd7, 0x53d7, 0x53f7, 0x53f7, 0x4bd7, 0x53f7, 0x53f7, 0x53f7, 0x53f7, 0x6c9a, 0x5c18, 0x53d7, 0x53f8, 0x53f7, 0x53d7, 
	0x53f7, 0x53f7, 0x53f7, 0x53f7, 0x53f7, 0x53f7, 0x53f7, 0x53f7, 0x53d7, 0x53d7, 0x53d7, 0x53d7, 0x53d7, 0x53d7, 0x53d7, 0x53d7, 
	0x53d7, 0x53f7, 0x53d7, 0x53d7, 0x53d7, 0x53d7, 0x53d7, 0x53d7, 0x5bd7, 0x5bd7, 0x5bf7, 0x5bf7, 0x5bf7, 0x5bf7, 0x5bf7, 0x5bf7, 
	0x5bf7, 0x5bf7, 0x63f7, 0x63f7, 0x5bf7, 0x5bf7, 0x63f7, 0x63f7, 0x5bf7, 0x5bf7, 0x5bf7, 0x5bf7, 0x63f7, 0x63f7, 0x5bf7, 0x5bf7, 
	0x63f7, 0x5bf7, 0x63f7, 0x5bf7, 0x5bf7, 0x5bf7, 0x63f7, 0x63f7, 0x5bf7, 0x63f7, 0x5bf7, 0x63f7, 0x5bf7, 0x5bf7, 0x5c17, 0x5c18, 
	0x5bf8, 0x5bf8, 0x5c18, 0x5c18, 0x5bf7, 0x5bf7, 0x5bf8, 0x6418, 0x5c18, 0x5c18, 0x6439, 0x6418, 0x5c18, 0x6438, 0x6459, 0x5c18, 
	0x5bf8, 0x53f7, 0x5bf8, 0x53d7, 0x4bb7, 0x3334, 0x3b35, 0x4375, 0x53b7, 0x5c18, 0x4bb7, 0x53b7, 0x5bf7, 0x6438, 0x6418, 0x6438, 
	0x6418, 0x6418, 0x5bf8, 0x5c18, 0x4bd7, 0x4b96, 0x5bf8, 0x5c38, 0x5418, 0x53f8, 0x53f8, 0x5c39, 0x6459, 0x5c39, 0x5c39, 0x6439, 
	0x5c38, 0x5c39, 0x5c39, 0x5c38, 0x5c39, 0x5c39, 0x5c18, 0x5c18, 0x5c18, 0x5c18, 0x5c18, 0x5bf8, 0x53f8, 0x53f7, 0x53f8, 0x53f8, 
	0x53f7, 0x53f7, 0x53f7, 0x53f7, 0x53f7, 0x4bd7, 0x4bd7, 0x4bd7, 0x4bd7, 0x4bd7, 0x4bd7, 0x53d7, 0x53d6, 0x53d6, 0x4bb6, 0x53d7, 
	0x4bd7, 0x4bd7, 0x53d7, 0x4bd7, 0x4bb6, 0x4bd7, 0x4bb7, 0x4bb7, 0x4bd7, 0x4bd7, 0x4bd7, 0x4bd7, 0x4bd7, 0x4bd7, 0x4bd7, 0x4bd7, 
	0x4bd7, 0x4bd7, 0x4bd7, 0x4bd7, 0x4bd7, 0x4bd7, 0x4bd7, 0x4bd7, 0x4bd7, 0x4bd7, 0x4bd7, 0x4bd7, 0x4bd7, 0x4bd7, 0x4bf7, 0x53f7, 
	0x4bf7, 0x4bf7, 0x4bf7, 0x4bf7, 0x4bf7, 0x4bf7, 0x4bf7, 0x4bf7, 0x4bf7, 0x4bd7, 0x4bf7, 0x53f7, 0x53f7, 0x53f7, 0x4bd7, 0x4bf7, 
	0x4bf7, 0x4bf7, 0x53f8, 0x5418, 0x5438, 0x5418, 0x5418, 0x5418, 0x5418, 0x5438, 0x5439, 0x5c59, 0x5c7a, 0x5c7a, 0x5c7a, 0x5c5a, 
	0x5c59, 0x5c59, 0x5439, 0x5439, 0x5418, 0x53f8, 0x4bd7, 0x4bd7, 0x5418, 0x5418, 0x5c59, 0x5c59, 0x5418, 0x5418, 0x4bd7, 0x4bd7, 
	0x4bb6, 0x4bb6, 0x4bb6, 0x53d6, 0x53d6, 0x53d6, 0x53d7, 0x4bb6, 0x4bb6, 0x4b96, 0x4bb6, 0x4bb6, 0x4bb6, 0x4bb6, 0x4bb6, 0x4b96, 
	0x4bb6, 0x4bb6, 0x4bb6, 0x4bb6, 0x4bb6, 0x4bb6, 0x4bb6, 0x5396, 0x5396, 0x5bb6, 0x5b95, 0x6c18, 0x7458, 0x5b95, 0x5b96, 0x5bb6, 
	0x5b96, 0x5396, 0x5396, 0x5396, 0x53b6, 0x5375, 0x5b96, 0x63b6, 0x7438, 0x6bf7, 0x8459, 0x8458, 0x6bd7, 0x63b7, 0x5bb7, 0x53d7, 
	0x53b6, 0x4bb6, 0x4bb6, 0x4bb6, 0x4bb6, 0x4bb6, 0x4bb7, 0x4bb6, 0x4bb6, 0x4bb6, 0x53b6, 0x53b6, 0x53d6, 0x4bb6, 0x4bb7, 0x53b7, 
	0x53d7, 0x53d7, 0x53d7, 0x53d7, 0x53d7, 0x53f7, 0x53d7, 0x53d7, 0x53d7, 0x53d7, 0x53d7, 0x53d6, 0x53d7, 0x53d7, 0x53b6, 0x53b6, 
	0x53d7, 0x53d7, 0x5418, 0x5c18, 0x53f7, 0x53f8, 0x53f7, 0x53f7, 0x53f7, 0x53f7, 0x53f7, 0x53f7, 0x53f8, 0x53f7, 0x53f7, 0x53f7, 
	0x53f7, 0x53f7, 0x53f7, 0x53f7, 0x53f7, 0x53f7, 0x53d7, 0x53d7, 0x53f7, 0x53d7, 0x53d7, 0x53f7, 0x53d7, 0x53d7, 0x53d7, 0x53d6, 
	0x53d6, 0x5bf7, 0x5bd7, 0x5bd7, 0x5bd7, 0x5bf7, 0x5bd7, 0x5bd7, 0x5bd7, 0x5bd7, 0x5bf7, 0x5bf7, 0x5bf7, 0x5bf7, 0x5bf7, 0x5bf7, 
	0x63f7, 0x63f7, 0x63f7, 0x63f7, 0x63f7, 0x63f7, 0x63f7, 0x63f7, 0x63f7, 0x63f7, 0x5bf7, 0x63f7, 0x5bf7, 0x5bf7, 0x5bf7, 0x5bf7, 
	0x63f7, 0x63f7, 0x63f7, 0x63f7, 0x5bf7, 0x5bf7, 0x5bf7, 0x6417, 0x5bf7, 0x5bf7, 0x63f7, 0x63f7, 0x63f7, 0x6418, 0x6418, 0x63f7, 
	0x6418, 0x6418, 0x6438, 0x6438, 0x6418, 0x6418, 0x6418, 0x6418, 0x6438, 0x6418, 0x6438, 0x6438, 0x6418, 0x6418, 0x6418, 0x5bf7, 
	0x5bd7, 0x5bf7, 0x6418, 0x53d6, 0x4b96, 0x4b96, 0x53b7, 0x4b76, 0x5bd7, 0x5bf7, 0x5c18, 0x5c17, 0x6438, 0x6418, 0x5bf7, 0x5bf8, 
	0x5bf7, 0x5bf7, 0x53b6, 0x4b96, 0x3b55, 0x3314, 0x4375, 0x4376, 0x3b35, 0x3334, 0x53f7, 0x6459, 0x5c18, 0x6459, 0x6459, 0x6459, 
	0x6439, 0x6459, 0x6439, 0x6439, 0x6439, 0x6438, 0x5c18, 0x5c18, 0x5bf7, 0x5c18, 0x5c18, 0x5bf7, 0x5bf7, 0x5bf7, 0x5bf7, 0x5bf7, 
	0x53f7, 0x53f7, 0x53f7, 0x53f7, 0x53f7, 0x53d7, 0x53d7, 0x53d7, 0x53d6, 0x53d7, 0x53d7, 0x53d7, 0x53d7, 0x53d7, 0x53d7, 0x53d7, 
	0x53b7, 0x53d7, 0x53d7, 0x53d7, 0x53d7, 0x53d7, 0x53d7, 0x4bd6, 0x53d7, 0x53d7, 0x53d7, 0x53d7, 0x53d7, 0x4bd7, 0x53d7, 0x4bd7, 
	0x4bd7, 0x4bd7, 0x53d7, 0x53d7, 0x4bd7, 0x4bd7, 0x53d7, 0x53d7, 0x53f7, 0x53f7, 0x53d7, 0x53f7, 0x53f7, 0x53f7, 0x53f7, 0x53f7, 
	0x53f7, 0x53f7, 0x53f7, 0x5418, 0x53f8, 0x5418, 0x53f7, 0x53f7, 0x53f7, 0x53f7, 0x53f7, 0x53f7, 0x53d7, 0x53d7, 0x53d7, 0x4bd7, 
	0x4bd7, 0x4bd7, 0x53f7, 0x5418, 0x5418, 0x5418, 0x5418, 0x53f7, 0x53f7, 0x5418, 0x5c38, 0x5438, 0x5c7a, 0x5c7a, 0x5c59, 0x5c39, 
	0x5c59, 0x5438, 0x5418, 0x5418, 0x5438, 0x5418, 0x53f8, 0x53f8, 0x5438, 0x5438, 0x5c39, 0x5438, 0x53f7, 0x53f7, 0x53f7, 0x53d7, 
	0x53d7, 0x53d7, 0x53d7, 0x53d7, 0x53d7, 0x53d7, 0x53b6, 0x53f7, 0x53f7, 0x4bb6, 0x53b6, 0x53b6, 0x53b6, 0x53b6, 0x53b6, 0x53b6, 
	0x53b6, 0x53b6, 0x53b6, 0x4bb6, 0x53b6, 0x53b6, 0x53b6, 0x53b6, 0x53b6, 0x53b6, 0x53b6, 0x6438, 0x6c58, 0x4b95, 0x4b96, 0x4b96, 
	0x4396, 0x4395, 0x4396, 0x4396, 0x4396, 0x4395, 0x4b95, 0x5396, 0x5c18, 0x4b55, 0x5b95, 0x6bf7, 0x63d7, 0x5bb6, 0x5bd7, 0x53b6, 
	0x53b6, 0x53b6, 0x53b6, 0x53b6, 0x53b6, 0x53b6, 0x53b7, 0x53b7, 0x53b6, 0x53b6, 0x53b6, 0x53d6, 0x53d7, 0x5bf7, 0x53d7, 0x53d7, 
	0x53f7, 0x53f7, 0x53d7, 0x53d7, 0x53d7, 0x53d7, 0x53d7, 0x53d7, 0x53d7, 0x53d7, 0x53f7, 0x53f7, 0x53f7, 0x53f7, 0x53d7, 0x53d7, 
	0x53d7, 0x53d7, 0x53f7, 0x5bf8, 0x5bf8, 0x5c18, 0x5bf8, 0x5bf8, 0x5bf7, 0x5bf7, 0x5bf8, 0x5bf8, 0x5bf8, 0x5bf7, 0x5bf7, 0x53d7, 
	0x53f7, 0x53f7, 0x53d7, 0x53d7, 0x53f7, 0x53f7, 0x5bf7, 0x53d7, 0x53f7, 0x5bf7, 0x5bf7, 0x5bf7, 0x5bf7, 0x5bf7, 0x5bf7, 0x5bf7, 
	0x5bf7, 0x5bd7, 0x6417, 0x5bf7, 0x5bf7, 0x5bf7, 0x5bf7, 0x5bf7, 0x5bf7, 0x5bf7, 0x63f7, 0x63f7, 0x6417, 0x63f7, 0x6417, 0x63f7, 
	0x63f7, 0x63f7, 0x63f7, 0x63f7, 0x63f7, 0x63f7, 0x63f7, 0x63f7, 0x63f7, 0x63f7, 0x63f7, 0x63f7, 0x5bf7, 0x63f7, 0x63f7, 0x63f7, 
	0x63f7, 0x5bf7, 0x63f7, 0x63f7, 0x5bf7, 0x63f7, 0x5bf7, 0x5bf7, 0x5bf7, 0x63f7, 0x5bf7, 0x63f7, 0x6418, 0x6418, 0x6418, 0x6418, 
	0x6418, 0x6c38, 0x6c38, 0x6438, 0x6c38, 0x6438, 0x6438, 0x6418, 0x6418, 0x6418, 0x6418, 0x6418, 0x6418, 0x6418, 0x6418, 0x6418, 
	0x6418, 0x6418, 0x6438, 0x6438, 0x6438, 0x6438, 0x6438, 0x6418, 0x6418, 0x6438, 0x6438, 0x6438, 0x6438, 0x6438, 0x6418, 0x6418, 
	0x6418, 0x5c18, 0x5c18, 0x5c18, 0x5c38, 0x53f8, 0x53f8, 0x53d7, 0x53f8, 0x5c18, 0x6439, 0x6459, 0x6438, 0x6459, 0x6c59, 0x6c59, 
	0x6c59, 0x6c59, 0x6439, 0x6439, 0x6438, 0x5c18, 0x6418, 0x6418, 0x5c18, 0x5bf7, 0x6418, 0x5bf7, 0x5c18, 0x5c18, 0x5c18, 0x5c18, 
	0x5bf7, 0x5c18, 0x5bf7, 0x5bf7, 0x53f7, 0x53f7, 0x53f7, 0x53d7, 0x53f7, 0x53d7, 0x53f7, 0x53f7, 0x53f7, 0x53f7, 0x53f7, 0x53d7, 
	0x53d7, 0x53d7, 0x53d7, 0x53d7, 0x53d7, 0x53d7, 0x53d7, 0x53d7, 0x53d6, 0x53d6, 0x53d6, 0x53d6, 0x53d6, 0x53d7, 0x53d7, 0x53d7, 
	0x53d7, 0x53d7, 0x53d7, 0x53d7, 0x53f7, 0x53f7, 0x53d7, 0x53f7, 0x53d7, 0x53f7, 0x53f7, 0x53f7, 0x53f7, 0x53f7, 0x53f7, 0x53f7, 
	0x53d7, 0x53d7, 0x53d7, 0x53f7, 0x53f7, 0x5418, 0x5418, 0x5c18, 0x53f7, 0x53f7, 0x53d7, 0x53d6, 0x5bd6, 0x5bd6, 0x5bd7, 0x53b6, 
	0x53d7, 0x53d7, 0x53d7, 0x53d7, 0x53f8, 0x53f7, 0x53f7, 0x53f7, 0x53f7, 0x53f7, 0x5418, 0x53f7, 0x5418, 0x5c59, 0x5c38, 0x5c38, 
	0x5c38, 0x5c59, 0x5c18, 0x5c18, 0x5418, 0x5418, 0x5418, 0x53f7, 0x5418, 0x5418, 0x5c38, 0x53f7, 0x53d7, 0x53d7, 0x53d7, 0x53d7, 
	0x53d7, 0x53d7, 0x53d7, 0x53d7, 0x53d7, 0x53d6, 0x53b6, 0x53d7, 0x53d6, 0x53b6, 0x53b6, 0x53b6, 0x53d6, 0x53b6, 0x53b6, 0x53b6, 
	0x53b6, 0x53b6, 0x53d6, 0x53b6, 0x53b6, 0x53b6, 0x53b6, 0x53b6, 0x53b6, 0x53d6, 0x53b6, 0x6438, 0x6c78, 0x53d6, 0x4bb6, 0x4bb6, 
	0x4bd6, 0x4bd6, 0x43b6, 0x4bb6, 0x43b6, 0x43b6, 0x4bb6, 0x4bb6, 0x5418, 0x4375, 0x5396, 0x63f7, 0x5bb6, 0x5bb6, 0x53b6, 0x53b6, 
	0x53b6, 0x53b6, 0x53b6, 0x53b6, 0x53b6, 0x53d7, 0x53b7, 0x53d7, 0x53d7, 0x53b6, 0x53d6, 0x53d7, 0x53d7, 0x53d7, 0x53d7, 0x5bf7, 
	0x53f7, 0x53f7, 0x53f7, 0x53f7, 0x53f7, 0x53f7, 0x5bf7, 0x5bf7, 0x5bf7, 0x5bf7, 0x5bf7, 0x5bf7, 0x53f7, 0x5bf7, 0x5bf7, 0x5bf7, 
	0x5bf7, 0x5bf7, 0x5bf7, 0x5bf7, 0x5bf7, 0x5bf7, 0x5c18, 0x6418, 0x6418, 0x6418, 0x6418, 0x6418, 0x6418, 0x5c17, 0x5bf7, 0x6c79, 
	0x5bd7, 0x5bf7, 0x5bf7, 0x5bf7, 0x5bf7, 0x5bf7, 0x5bf7, 0x5bf7, 0x63f7, 0x63f7, 0x63f7, 0x63f7, 0x63f7, 0x63f7, 0x5bf7, 0x6417, 
	0x5bf7, 0x5bf7, 0x63f7, 0x63f7, 0x5bf7, 0x5bf7, 0x63f7, 0x63f7, 0x63f7, 0x63f7, 0x63f7, 0x63f7, 0x63f7, 0x63f7, 0x63f7, 0x63f7, 
	0x63f7, 0x63f7, 0x63f7, 0x63f7, 0x63f7, 0x63f7, 0x63f7, 0x6417, 0x63f7, 0x63f7, 0x63f7, 0x6417, 0x5bf7, 0x5bf7, 0x63f7, 0x63f7, 
	0x5bf7, 0x5bf7, 0x5bf7, 0x5bf7, 0x5bf7, 0x63f7, 0x63f7, 0x63f7, 0x63f7, 0x63f7, 0x63f7, 0x6417, 0x6418, 0x6418, 0x6438, 0x6c59, 
	0x6c39, 0x6c39, 0x6c38, 0x6438, 0x6418, 0x6418, 0x6438, 0x6438, 0x6418, 0x6418, 0x6418, 0x6418, 0x6418, 0x6418, 0x6418, 0x6418, 
	0x6417, 0x6417, 0x6418, 0x6418, 0x6418, 0x6418, 0x6418, 0x6418, 0x6418, 0x6418, 0x6418, 0x6438, 0x6c38, 0x6438, 0x6c38, 0x6438, 
	0x6c39, 0x6c59, 0x6c59, 0x6c59, 0x6459, 0x6c59, 0x6c79, 0x6c79, 0x6c79, 0x6c7a, 0x6c79, 0x6c59, 0x6c59, 0x6439, 0x6439, 0x6c39, 
	0x6c39, 0x6c39, 0x6438, 0x6438, 0x6438, 0x6438, 0x6418, 0x6418, 0x6418, 0x6418, 0x6418, 0x6418, 0x5c18, 0x5c18, 0x5c18, 0x5c18, 
	0x5c18, 0x5c18, 0x5bf8, 0x5bf7, 0x5c17, 0x5bf7, 0x5bf7, 0x53f7, 0x5bf7, 0x53f7, 0x53f7, 0x53f7, 0x53f7, 0x53f7, 0x53f7, 0x53f7, 
	0x53d7, 0x53d7, 0x53f7, 0x53f7, 0x53f7, 0x53d7, 0x53d7, 0x53d7, 0x53d7, 0x53d7, 0x53d7, 0x53f7, 0x53f7, 0x53f7, 0x53f7, 0x53f7, 
	0x53f7, 0x53f7, 0x53f7, 0x53d7, 0x53f7, 0x53f7, 0x53d7, 0x53f7, 0x53d7, 0x53f7, 0x53f7, 0x53f7, 0x53f7, 0x53f7, 0x53f7, 0x53f7, 
	0x53d7, 0x53d7, 0x53d7, 0x53d7, 0x53d6, 0x53d7, 0x53d7, 0x53f7, 0x5bf7, 0x5bf7, 0x63f7, 0x63f7, 0x6bd7, 0x73d6, 0x6bb6, 0x6bb6, 
	0x63d6, 0x5bd6, 0x53d7, 0x53d7, 0x53f7, 0x53f7, 0x53d7, 0x53d7, 0x53d7, 0x53d7, 0x53d7, 0x53d6, 0x53d7, 0x53f7, 0x53f7, 0x53f8, 
	0x5c18, 0x5418, 0x53f7, 0x53d7, 0x53f7, 0x5c18, 0x53f7, 0x53d7, 0x53f7, 0x53f7, 0x5417, 0x53d7, 0x53d6, 0x53d7, 0x53d7, 0x53d7, 
	0x53d6, 0x53b6, 0x53b6, 0x53b6, 0x53d6, 0x53d6, 0x53b6, 0x53b6, 0x53d6, 0x53d6, 0x53d6, 0x53b6, 0x53d6, 0x53d6, 0x53d6, 0x53b6, 
	0x53d6, 0x53b6, 0x53b6, 0x53d6, 0x53b6, 0x53d6, 0x5bd7, 0x5bd7, 0x53b6, 0x5bd7, 0x5bd7, 0x5c18, 0x74fb, 0x6499, 0x4bd6, 0x5438, 
	0x6479, 0x53f7, 0x4bd7, 0x4bf7, 0x4bd6, 0x4bd6, 0x4bb6, 0x4bd6, 0x5438, 0x4395, 0x53d7, 0x5c38, 0x53d7, 0x53b6, 0x5bb6, 0x53d6, 
	0x53d6, 0x53d6, 0x5bb6, 0x5bb6, 0x53d6, 0x53b6, 0x53b6, 0x53d6, 0x53d6, 0x53d6, 0x53d6, 0x5bd6, 0x5bd7, 0x5bd7, 0x5bd7, 0x5bf7, 
	0x5bf7, 0x5bf7, 0x5bf7, 0x5bf7, 0x5bf7, 0x5bf7, 0x5bf7, 0x5bf8, 0x5bf7, 0x5bf8, 0x5c18, 0x5bf7, 0x5c18, 0x5c18, 0x5c18, 0x6418, 
	0x6418, 0x5c18, 0x6418, 0x6418, 0x5c18, 0x5c18, 0x6418, 0x6418, 0x6438, 0x6438, 0x6438, 0x6418, 0x6418, 0x6418, 0x5bf7, 0x5bf7, 
	0x5bf7, 0x5bd7, 0x5bf7, 0x5bf7, 0x5bf7, 0x63f7, 0x5bf7, 0x5bf7, 0x63f7, 0x63f7, 0x63f7, 0x63f7, 0x63f7, 0x63f7, 0x63f7, 0x63f7, 
	0x6417, 0x63f7, 0x63f7, 0x63f7, 0x63f7, 0x63f7, 0x63f7, 0x63f7, 0x63f7, 0x63f7, 0x63f7, 0x63f7, 0x63f7, 0x63f7, 0x63f7, 0x6417, 
	0x6417, 0x63f7, 0x63f7, 0x63f7, 0x63f7, 0x63f7, 0x63f7, 0x6417, 0x6417, 0x63f7, 0x63f7, 0x63f7, 0x63f7, 0x63f7, 0x6417, 0x63f7, 
	0x63f7, 0x6417, 0x63f7, 0x63f7, 0x63f7, 0x6417, 0x63f7, 0x6417, 0x6417, 0x6417, 0x6418, 0x6418, 0x6417, 0x6417, 0x6438, 0x6c38, 
	0x6c38, 0x6c38, 0x6c38, 0x6c38, 0x6438, 0x6438, 0x6438, 0x6438, 0x6c38, 0x6418, 0x6418, 0x6418, 0x6418, 0x6418, 0x6418, 0x6417, 
	0x6417, 0x6417, 0x6418, 0x6418, 0x6418, 0x6418, 0x6418, 0x6418, 0x6438, 0x6418, 0x6438, 0x6c38, 0x6c38, 0x6c58, 0x6c58, 0x6c38, 
	0x6c38, 0x6c39, 0x6c38, 0x6c59, 0x6c38, 0x6438, 0x6438, 0x6c39, 0x6c59, 0x6c59, 0x6c59, 0x6c59, 0x6c59, 0x6439, 0x6438, 0x6c39, 
	0x6c39, 0x6438, 0x6438, 0x6418, 0x6438, 0x6418, 0x6418, 0x6418, 0x6418, 0x6418, 0x63f8, 0x6418, 0x6418, 0x5c18, 0x5c18, 0x5c18, 
	0x5bf7, 0x5c18, 0x5c18, 0x5bf7, 0x5bf7, 0x5c17, 0x5bf7, 0x5bf7, 0x5bf7, 0x5bf7, 0x5bf7, 0x5bf7, 0x5bf7, 0x5bf7, 0x5bf7, 0x53d7, 
	0x5bf7, 0x53d7, 0x53f7, 0x53d7, 0x53d7, 0x5bf7, 0x5bf7, 0x5bf7, 0x5bf7, 0x5bf7, 0x53f7, 0x5bf7, 0x5bf7, 0x5bf7, 0x5bf7, 0x5bf7, 
	0x5bf7, 0x5bf7, 0x5bf7, 0x5bf7, 0x5bf7, 0x5bf7, 0x5bf7, 0x5bf7, 0x5bf7, 0x5bf7, 0x5bf7, 0x5bf7, 0x5bf7, 0x5bf7, 0x5bf7, 0x5bf7, 
	0x5bf7, 0x53d7, 0x53d6, 0x53d7, 0x53d7, 0x53d6, 0x53d7, 0x53d6, 0x5bf7, 0x6417, 0x6c18, 0x73f7, 0x7bd6, 0x8c38, 0x8417, 0x6bb6, 
	0x63d6, 0x63f7, 0x5bf7, 0x5bd7, 0x53d7, 0x53d7, 0x53d6, 0x53d7, 0x53d6, 0x53f7, 0x53d6, 0x53d6, 0x53d6, 0x53d6, 0x53d7, 0x53d7, 
	0x53d7, 0x53d7, 0x53d7, 0x53d7, 0x53f7, 0x53d7, 0x53d6, 0x53d6, 0x53d6, 0x53b6, 0x53b6, 0x53b6, 0x53b6, 0x53d6, 0x53d6, 0x53f7, 
	0x53b6, 0x53b6, 0x53b6, 0x5396, 0x53b6, 0x53b6, 0x53b6, 0x5bd6, 0x5bd6, 0x5bb6, 0x5bb6, 0x5bd6, 0x5bd6, 0x5bd6, 0x5bb6, 0x5bd6, 
	0x5bd6, 0x5bd6, 0x5bd6, 0x5bd6, 0x5bd6, 0x5bd6, 0x5bd6, 0x5bd7, 0x5bd6, 0x5bd6, 0x5bd6, 0x5c17, 0x6cb9, 0x5c58, 0x53f6, 0x5c57, 
	0x6498, 0x5c37, 0x5c37, 0x5c17, 0x5c17, 0x53f6, 0x53f6, 0x53f7, 0x5438, 0x4395, 0x4bf7, 0x5c38, 0x53d7, 0x5bd6, 0x5bb6, 0x5bd6, 
	0x5bd6, 0x5bd6, 0x5bd6, 0x5bd6, 0x5bd6, 0x5bd6, 0x5bd6, 0x5bd7, 0x5bd6, 0x5bd6, 0x5bd6, 0x5bd7, 0x5bf7, 0x5bf7, 0x5bf7, 0x5bf7, 
	0x5bf7, 0x5bf7, 0x5bf7, 0x5bf7, 0x5bf7, 0x63f7, 0x63f8, 0x63f8, 0x6418, 0x6418, 0x6418, 0x6418, 0x6418, 0x6438, 0x6438, 0x6c59, 
	0x6438, 0x6438, 0x6438, 0x6c39, 0x6438, 0x6438, 0x6418, 0x6418, 0x6c39, 0x6c39, 0x6438, 0x6438, 0x6418, 0x6418, 0x63f7, 0x5bf7, 
	0x6417, 0x63f7, 0x63f7, 0x63f7, 0x63f7, 0x5bf7, 0x63f7, 0x63f7, 0x63f7, 0x63f7, 0x63f7, 0x63f7, 0x63f7, 0x63f7, 0x63f7, 0x63f7, 
	0x63f7, 0x63f7, 0x63f7, 0x63f7, 0x6417, 0x63f7, 0x63f7, 0x63f7, 0x63f7, 0x63f7, 0x63f7, 0x6417, 0x6417, 0x63f7, 0x6417, 0x6417, 
	0x63f7, 0x6c18, 0x63f7, 0x63f7, 0x6417, 0x63f7, 0x63f7, 0x63f7, 0x6417, 0x63f7, 0x63f7, 0x6417, 0x63f6, 0x6c37, 0x6c58, 0x63f7, 
	0x6417, 0x6417, 0x6417, 0x6417, 0x6417, 0x6417, 0x6417, 0x6c18, 0x6417, 0x6418, 0x6438, 0x6437, 0x6417, 0x6417, 0x6418, 0x6418, 
	0x6418, 0x6438, 0x6c58, 0x6c38, 0x6c59, 0x6c38, 0x6c38, 0x6c38, 0x6c38, 0x6c38, 0x6c18, 0x6418, 0x6418, 0x6417, 0x6418, 0x6418, 
	0x6417, 0x6418, 0x6418, 0x6418, 0x6417, 0x6418, 0x6418, 0x6418, 0x6438, 0x6c38, 0x6c38, 0x6c38, 0x6c58, 0x6c59, 0x6c58, 0x6c38, 
	0x6c38, 0x6c38, 0x6c59, 0x6c59, 0x6c59, 0x6439, 0x6c59, 0x6c59, 0x6c5a, 0x6c7a, 0x6c59, 0x6c59, 0x6c59, 0x6c59, 0x6c59, 0x6c59, 
	0x6c39, 0x6439, 0x6438, 0x6418, 0x6438, 0x6438, 0x6418, 0x6418, 0x6418, 0x6418, 0x6418, 0x63f8, 0x6418, 0x6418, 0x6418, 0x6438, 
	0x6418, 0x5bf7, 0x63f7, 0x63f7, 0x5bf7, 0x5bf7, 0x5bf7, 0x5bf7, 0x63f7, 0x5bf7, 0x5bf7, 0x5bf7, 0x5bf7, 0x5bf7, 0x5bf7, 0x5bd7, 
	0x5bf7, 0x5bf7, 0x5bf7, 0x5bf7, 0x5bf7, 0x5bf7, 0x6417, 0x5bf7, 0x63f7, 0x6417, 0x63f7, 0x6418, 0x6417, 0x63f7, 0x6417, 0x6417, 
	0x6417, 0x63f7, 0x5bf7, 0x63f7, 0x5bf7, 0x63f7, 0x63f7, 0x63f7, 0x5bf7, 0x63f7, 0x6417, 0x5bf7, 0x5bf7, 0x5bf7, 0x5bf7, 0x5bf7, 
	0x5bf7, 0x5bd7, 0x5bb6, 0x53b6, 0x53b6, 0x53b6, 0x5bd6, 0x5bb6, 0x5bb6, 0x63b6, 0x6bd6, 0x73d6, 0x7bb6, 0x7bb5, 0x73b6, 0x6bb6, 
	0x63d6, 0x5bb6, 0x5bd6, 0x5bd6, 0x5bd7, 0x5bd6, 0x5bd6, 0x53d6, 0x53d6, 0x53d6, 0x53d7, 0x53d6, 0x53d6, 0x53b6, 0x53b6, 0x53b6, 
	0x53d6, 0x53d6, 0x5bb6, 0x53b6, 0x5bd6, 0x5bd6, 0x53b6, 0x53b6, 0x53d6, 0x53d6, 0x53b6, 0x53b6, 0x53b6, 0x53b6, 0x5bb6, 0x53b6, 
	0x53b5, 0x53b5, 0x53b6, 0x53b6, 0x5395, 0x5395, 0x5395, 0x5bb6, 0x5bd6, 0x5bd6, 0x5bd6, 0x5bd6, 0x5bd6, 0x5bd6, 0x5bb6, 0x5bb6, 
	0x5bd6, 0x5bd6, 0x5bd6, 0x5bd6, 0x5bd6, 0x5bd6, 0x5bd6, 0x5bd6, 0x5bd6, 0x5bd6, 0x63f7, 0x6438, 0x5c38, 0x5417, 0x6cb9, 0x855b, 
	0x8d9b, 0x8d9c, 0x74f9, 0x7d1a, 0x7cf9, 0x7d3a, 0x6478, 0x5417, 0x5c58, 0x4395, 0x53f7, 0x6458, 0x5bf7, 0x5bd6, 0x5bd6, 0x5bd6, 
	0x5bd6, 0x5bd6, 0x5bd6, 0x5bd6, 0x5bd6, 0x5bd6, 0x5bd6, 0x5bd6, 0x5bd6, 0x5bd6, 0x5bd7, 0x5bd7, 0x5bf7, 0x6417, 0x6417, 0x6417, 
	0x6438, 0x6438, 0x6438, 0x63f7, 0x63f7, 0x6418, 0x6418, 0x6418, 0x6418, 0x6418, 0x6438, 0x6438, 0x6438, 0x6c39, 0x6c59, 0x6439, 
	0x6c38, 0x6c38, 0x6c39, 0x6c39, 0x6c38, 0x6c39, 0x6438, 0x6c38, 0x6c59, 0x6c59, 0x6c59, 0x6c59, 0x6418, 0x6418, 0x63f7, 0x63f7, 
	0x63f7, 0x63f7, 0x63f7, 0x63f7, 0x63f7, 0x63f7, 0x63f7, 0x63f7, 0x63f7, 0x63f7, 0x63f7, 0x63f7, 0x63d7, 0x63d7, 0x63d7, 0x6417, 
	0x6417, 0x63d7, 0x63f7, 0x63f7, 0x63f7, 0x63f7, 0x63f7, 0x63f7, 0x63f7, 0x63f7, 0x6417, 0x63f7, 0x63f7, 0x6417, 0x6417, 0x6417, 
	0x63f7, 0x6c38, 0x6417, 0x63f7, 0x6417, 0x63f7, 0x63f7, 0x63f7, 0x63f7, 0x63f7, 0x63f7, 0x63f7, 0x63f7, 0x63f7, 0x63f7, 0x6417, 
	0x6417, 0x6417, 0x6417, 0x6417, 0x6417, 0x6c18, 0x6c18, 0x6418, 0x6418, 0x6417, 0x63f7, 0x6417, 0x6417, 0x6417, 0x6417, 0x6418, 
	0x6418, 0x6438, 0x6438, 0x6418, 0x6418, 0x6418, 0x6c38, 0x6c38, 0x6418, 0x6417, 0x6417, 0x6417, 0x6417, 0x6417, 0x6417, 0x63f7, 
	0x6c17, 0x6bf7, 0x6bf7, 0x6bf7, 0x6c17, 0x6c17, 0x63f7, 0x6c18, 0x6c38, 0x6c38, 0x6c38, 0x6c18, 0x6c38, 0x6c18, 0x6c18, 0x6c18, 
	0x6c18, 0x6c38, 0x747a, 0x747a, 0x6c79, 0x6c59, 0x6c79, 0x6c59, 0x6c59, 0x6c7a, 0x6c59, 0x6c59, 0x6c7a, 0x749a, 0x6c7a, 0x6c79, 
	0x6c7a, 0x6c7a, 0x6c59, 0x6438, 0x6438, 0x6438, 0x6418, 0x6418, 0x6418, 0x6418, 0x6418, 0x6418, 0x6418, 0x6418, 0x6418, 0x6c39, 
	0x6418, 0x63f7, 0x63f7, 0x63f7, 0x6417, 0x63f7, 0x63f7, 0x63f7, 0x63f7, 0x63f7, 0x63f7, 0x63f7, 0x5bf7, 0x63f7, 0x63d7, 0x63d7, 
	0x5bf7, 0x63f7, 0x63f7, 0x63f7, 0x63f7, 0x63f7, 0x5bd7, 0x63f7, 0x63f7, 0x6417, 0x63f7, 0x6418, 0x6417, 0x6417, 0x6417, 0x6417, 
	0x63f7, 0x63f7, 0x6417, 0x63f7, 0x63f7, 0x63f7, 0x63f7, 0x63f7, 0x63f7, 0x63f7, 0x63f7, 0x63f6, 0x5bf6, 0x5bd6, 0x5bd7, 0x5bd7, 
	0x5bd6, 0x5bd6, 0x5bb6, 0x53b6, 0x53b6, 0x53b6, 0x5bb6, 0x5bb6, 0x63d6, 0x63d6, 0x6bb5, 0x7bf6, 0x7bf6, 0x73b5, 0x6bb5, 0x63d6, 
	0x63d6, 0x5bb6, 0x53b6, 0x53b6, 0x5bd6, 0x5bd6, 0x5bd7, 0x5bd6, 0x5bd7, 0x5bd6, 0x5bd6, 0x5bf7, 0x5bd6, 0x5bb6, 0x5bb6, 0x5bb6, 
	0x5bd6, 0x5bd6, 0x5bd6, 0x5bd6, 0x5bb6, 0x5bf7, 0x5bb6, 0x5bb6, 0x5bd6, 0x5bd6, 0x5bb6, 0x5bd6, 0x53b6, 0x5bb6, 0x5bd6, 0x5bb6, 
	0x53b5, 0x53b5, 0x5bb6, 0x5bb6, 0x5bb6, 0x5bb6, 0x5bb6, 0x5bd6, 0x63d6, 0x63d6, 0x63d6, 0x63d6, 0x63d6, 0x63d6, 0x63d6, 0x63d6, 
	0x63d6, 0x63d6, 0x63d6, 0x63d6, 0x63d6, 0x63d6, 0x63d6, 0x63d6, 0x5bd6, 0x5bd6, 0x63d6, 0x6437, 0x6458, 0x5c37, 0x6c98, 0x7d19, 
	0x853a, 0x853a, 0x74b8, 0x74d8, 0x7cf8, 0x7cf9, 0x6457, 0x5c37, 0x5c58, 0x4395, 0x4bf6, 0x5c38, 0x5bf7, 0x5bd6, 0x5bd6, 0x63d7, 
	0x5bd6, 0x5bd6, 0x63d7, 0x63d6, 0x5bd6, 0x5bd6, 0x63d6, 0x63d6, 0x63d7, 0x63d7, 0x63d7, 0x63f7, 0x6c18, 0x6c38, 0x6c38, 0x6c38, 
	0x6c38, 0x6c38, 0x6418, 0x63f8, 0x63f7, 0x6418, 0x63f8, 0x6c18, 0x6c59, 0x6c59, 0x6c59, 0x6c38, 0x6438, 0x6c38, 0x6c59, 0x6c38, 
	0x6c39, 0x6c59, 0x6c59, 0x6c59, 0x6c59, 0x6c59, 0x6c59, 0x6c38, 0x6c59, 0x6c59, 0x6c38, 0x6418, 0x6418, 0x6418, 0x6418, 0x63f7, 
	0x63f7, 0x63f7, 0x63f8, 0x63f8, 0x6417, 0x63f7, 0x63d7, 0x63f7, 0x63f7, 0x63f7, 0x63f7, 0x63f7, 0x63f7, 0x63f7, 0x63f7, 0x63f7, 
	0x6417, 0x63f7, 0x63f7, 0x63f7, 0x63f7, 0x63f7, 0x63f7, 0x63f7, 0x63f7, 0x63f7, 0x63f7, 0x6417, 0x6417, 0x6417, 0x6c17, 0x6417, 
	0x63f7, 0x6417, 0x63f7, 0x63f7, 0x6417, 0x63f7, 0x63f7, 0x63f7, 0x63f7, 0x63f7, 0x63f7, 0x63f7, 0x63f7, 0x6417, 0x6c18, 0x6c18, 
	0x6418, 0x6417, 0x63f7, 0x6417, 0x6418, 0x6418, 0x6c18, 0x6c18, 0x6c18, 0x6418, 0x6417, 0x6417, 0x6417, 0x6417, 0x6418, 0x6418, 
	0x6418, 0x6418, 0x6418, 0x6418, 0x6418, 0x6418, 0x6c18, 0x6c18, 0x6418, 0x6418, 0x63f7, 0x6417, 0x6417, 0x6417, 0x6c17, 0x6bf7, 
	0x6bf7, 0x6bd7, 0x73d7, 0x73d7, 0x73f7, 0x6bf7, 0x6c18, 0x6c18, 0x6418, 0x6418, 0x6c18, 0x6c18, 0x6bf7, 0x73f7, 0x73f7, 0x73f7, 
	0x7417, 0x7c59, 0x7479, 0x7479, 0x6c59, 0x6c38, 0x6c39, 0x6c18, 0x63f8, 0x6418, 0x6c18, 0x6c38, 0x6c38, 0x6c59, 0x6c59, 0x6c59, 
	0x6c7a, 0x749a, 0x747a, 0x6c39, 0x6c39, 0x6438, 0x6418, 0x6c18, 0x6418, 0x6418, 0x6418, 0x6418, 0x6418, 0x6418, 0x6418, 0x6418, 
	0x6418, 0x63f7, 0x63f7, 0x6417, 0x6417, 0x63f7, 0x63f7, 0x63f7, 0x63f7, 0x63f7, 0x63f7, 0x6417, 0x63f7, 0x63f7, 0x63f7, 0x63f7, 
	0x63f6, 0x63f6, 0x63f7, 0x63f7, 0x63f7, 0x6417, 0x6417, 0x63f7, 0x63f7, 0x63f7, 0x6418, 0x6418, 0x6418, 0x6418, 0x6418, 0x6418, 
	0x6417, 0x6417, 0x6417, 0x63f7, 0x63f7, 0x63f7, 0x63f7, 0x63d7, 0x63d6, 0x63f7, 0x63d6, 0x63d6, 0x5bd6, 0x5bd6, 0x5bd7, 0x5bd7, 
	0x5bd7, 0x5bb6, 0x53b6, 0x53b6, 0x53b6, 0x53d6, 0x5bb6, 0x5bb6, 0x5bb6, 0x63d6, 0x63d6, 0x6bf6, 0x6bd6, 0x6bf6, 0x63b6, 0x5bb6, 
	0x5bb6, 0x53b5, 0x53b6, 0x53b6, 0x53b6, 0x53b6, 0x53b6, 0x53b6, 0x53b6, 0x53b6, 0x53b6, 0x53b6, 0x5bb6, 0x5bd6, 0x5bd6, 0x5bd6, 
	0x5bd6, 0x5bd6, 0x5bd6, 0x5bd6, 0x5bd6, 0x5bd6, 0x5bd6, 0x5bd6, 0x5bd6, 0x5bd6, 0x5bd6, 0x5bd6, 0x5bd6, 0x5bd6, 0x5bd6, 0x5bd6, 
	0x63f6, 0x63f6, 0x63f6, 0x63f7, 0x63d6, 0x63d6, 0x63d6, 0x63d6, 0x63d6, 0x63d6, 0x63d6, 0x63d6, 0x63d6, 0x63d6, 0x63d6, 0x63d6, 
	0x63d6, 0x63d6, 0x63d6, 0x63d6, 0x63f6, 0x63d6, 0x63d6, 0x63d6, 0x63d6, 0x6c17, 0x6c38, 0x6417, 0x6c99, 0x7d5b, 0x8d9c, 0x95dc, 
	0x95bc, 0x9dfd, 0x8d9b, 0x95bc, 0x95bb, 0x95bb, 0x7cf8, 0x7d1a, 0x5c58, 0x4bd6, 0x53f7, 0x6438, 0x63f7, 0x63d6, 0x63d6, 0x6bd6, 
	0x63d6, 0x63d6, 0x63d6, 0x63d7, 0x63f6, 0x63d6, 0x63d7, 0x63d7, 0x63d7, 0x63d7, 0x6bf7, 0x6bf7, 0x6c17, 0x6c17, 0x6c18, 0x6c18, 
	0x6c18, 0x6c18, 0x63f7, 0x63f7, 0x6c18, 0x6c18, 0x6c18, 0x6c38, 0x6c39, 0x6c39, 0x6c59, 0x6c59, 0x6418, 0x6c38, 0x6c38, 0x6c38, 
	0x6c38, 0x6c38, 0x6c59, 0x6c59, 0x6c59, 0x6c59, 0x6c59, 0x6c59, 0x6c59, 0x6c59, 0x6c38, 0x6418, 0x6418, 0x63f8, 0x63f8, 0x6418, 
	0x63f8, 0x63f8, 0x63f8, 0x63f8, 0x63f7, 0x63f7, 0x63f7, 0x63f7, 0x63f7, 0x63f7, 0x63f7, 0x63f7, 0x63f7, 0x63f7, 0x63f7, 0x63f7, 
	0x63f7, 0x63f7, 0x63f7, 0x63f7, 0x63f7, 0x6bf7, 0x6c17, 0x6c18, 0x6c17, 0x6bf7, 0x6bf7, 0x63f7, 0x6417, 0x63f7, 0x6417, 0x6417, 
	0x6417, 0x6417, 0x63f7, 0x63f7, 0x63f7, 0x63f7, 0x63f7, 0x63f7, 0x63f7, 0x63f7, 0x6bf7, 0x63f7, 0x63f7, 0x63f7, 0x6c18, 0x6c18, 
	0x6418, 0x6418, 0x6418, 0x6418, 0x6418, 0x6c18, 0x6c18, 0x6c18, 0x6c18, 0x6c18, 0x63f8, 0x63f7, 0x63f7, 0x6417, 0x6418, 0x6418, 
	0x6418, 0x6418, 0x6418, 0x6418, 0x6c38, 0x6c18, 0x6c18, 0x6c18, 0x6c18, 0x63f7, 0x63f7, 0x6c17, 0x6bf7, 0x6bf7, 0x73f7, 0x7bf7, 
	0x83f7, 0x9417, 0x9c38, 0x9418, 0x8c18, 0x8418, 0x7c38, 0x7438, 0x7438, 0x6c18, 0x7418, 0x73f7, 0x7c17, 0x8417, 0x8c18, 0x9418, 
	0x9438, 0x8c38, 0x8438, 0x7c59, 0x7438, 0x6c18, 0x6c18, 0x6c18, 0x63f8, 0x6c18, 0x6c18, 0x6c18, 0x63f7, 0x6c38, 0x6c38, 0x6c38, 
	0x6c59, 0x6c79, 0x6c59, 0x6c39, 0x6c38, 0x6418, 0x6418, 0x6c18, 0x6418, 0x6418, 0x6c18, 0x6c18, 0x6c18, 0x6418, 0x6c18, 0x6418, 
	0x6418, 0x6418, 0x63f7, 0x63f7, 0x63f7, 0x63f7, 0x63f7, 0x63f7, 0x63f7, 0x63f7, 0x63f7, 0x63d6, 0x63f7, 0x63f7, 0x63f7, 0x63f6, 
	0x63f6, 0x63f6, 0x63f7, 0x63f7, 0x63f7, 0x63f7, 0x63f7, 0x63f7, 0x63f7, 0x63f7, 0x6418, 0x6c18, 0x6c18, 0x6418, 0x6c18, 0x6c18, 
	0x6c17, 0x6417, 0x63f7, 0x6417, 0x63f7, 0x63f7, 0x63f7, 0x63d7, 0x63f7, 0x63f7, 0x63f7, 0x63f7, 0x63f7, 0x63f7, 0x5bb6, 0x53b6, 
	0x53b6, 0x53b6, 0x53b6, 0x53b6, 0x53b6, 0x53b6, 0x53b6, 0x5bb6, 0x5bb6, 0x5bb6, 0x5bb6, 0x63f6, 0x63f7, 0x63f7, 0x5bb6, 0x53b6, 
	0x53b6, 0x53b6, 0x53b6, 0x53b6, 0x5395, 0x53b6, 0x53b6, 0x53b6, 0x53b6, 0x53b6, 0x53b6, 0x5395, 0x5bb6, 0x5bd6, 0x5bd6, 0x5bd6, 
	0x5bf6, 0x5bd6, 0x63f6, 0x5bd6, 0x5bd6, 0x5bd6, 0x63d6, 0x63d6, 0x63d6, 0x5bd6, 0x5bd6, 0x5bd6, 0x5bd6, 0x5bd6, 0x5bd6, 0x5bd6, 
	0x63d6, 0x63f6, 0x63f6, 0x6bf7, 0x63f6, 0x63d6, 0x63d6, 0x63d6, 0x63f6, 0x63d6, 0x6bf7, 0x63d6, 0x63d6, 0x63d6, 0x63d6, 0x63d6, 
	0x63d6, 0x63d6, 0x63d6, 0x6bd6, 0x63d6, 0x63d6, 0x63d6, 0x63d6, 0x63f7, 0x63f7, 0x6bf7, 0x6c38, 0x6458, 0x5c38, 0x6498, 0x74d9, 
	0x74f9, 0x74d9, 0x74b8, 0x7cd8, 0x7cd8, 0x8518, 0x7cd8, 0x74d8, 0x6c98, 0x4bd6, 0x53f7, 0x6438, 0x6bf6, 0x73b6, 0x73b6, 0x73b6, 
	0x6bd6, 0x6bd6, 0x6bf7, 0x63f7, 0x63f7, 0x63f7, 0x63d7, 0x63d7, 0x6bf7, 0x73f7, 0x73f7, 0x6bf7, 0x6bf7, 0x6bf7, 0x6bf7, 0x6bf7, 
	0x6c17, 0x6c17, 0x6c18, 0x6c18, 0x6c18, 0x6c18, 0x6c18, 0x6c18, 0x6c38, 0x6c18, 0x6c18, 0x6c18, 0x6c18, 0x6c18, 0x6c18, 0x6c38, 
	0x6c38, 0x6c38, 0x6c38, 0x6c38, 0x6c59, 0x6c39, 0x6c39, 0x6c39, 0x6c38, 0x6c38, 0x6c38, 0x6bf8, 0x6c18, 0x6c18, 0x6c18, 0x6c18, 
	0x6c18, 0x6c18, 0x6bf8, 0x63f7, 0x63f7, 0x63f7, 0x63f7, 0x63f7, 0x63f7, 0x63f7, 0x63d7, 0x63f7, 0x6bf7, 0x63f7, 0x6bf7, 0x6bf7, 
	0x63f7, 0x63f7, 0x63f7, 0x6bf7, 0x6c17, 0x6bf7, 0x6c18, 0x6c18, 0x6bf7, 0x6c38, 0x7438, 0x63f7, 0x6c17, 0x6bf7, 0x63f7, 0x63f7, 
	0x6c17, 0x6bf7, 0x6bf7, 0x63f7, 0x6bf7, 0x63f7, 0x6bf7, 0x6bf7, 0x6bf7, 0x6bf7, 0x6bf7, 0x6bf7, 0x63f7, 0x6bf7, 0x63f7, 0x6bf7, 
	0x63f7, 0x6c18, 0x6c18, 0x63f8, 0x6c17, 0x6c17, 0x6c18, 0x63f7, 0x6bf8, 0x6bf8, 0x63f7, 0x6418, 0x63f7, 0x63f7, 0x6418, 0x63f7, 
	0x63f7, 0x6417, 0x63f7, 0x63f7, 0x63f7, 0x6418, 0x6418, 0x6c18, 0x6418, 0x63f7, 0x63f7, 0x6bf7, 0x6bf7, 0x73f7, 0x83f7, 0x8bf7, 
	0xac38, 0xccda, 0xdd1b, 0xd4fb, 0xccfb, 0xbcdb, 0xa4da, 0x94da, 0x8c99, 0x8c79, 0x8c59, 0x9438, 0x9c38, 0xac59, 0xb479, 0xc499, 
	0xccba, 0xb459, 0x9c38, 0x8c39, 0x7c38, 0x7438, 0x6c18, 0x6c18, 0x6c18, 0x63f7, 0x6bf7, 0x6bf7, 0x63f7, 0x6c17, 0x63f7, 0x6c17, 
	0x6c18, 0x6c18, 0x6c18, 0x6c18, 0x6c18, 0x63f7, 0x6c18, 0x6c17, 0x6c18, 0x6c18, 0x6bf7, 0x6c18, 0x6c18, 0x6417, 0x6c18, 0x6c18, 
	0x6417, 0x6c17, 0x63f7, 0x63f7, 0x63f7, 0x63f7, 0x63f7, 0x63f7, 0x63f7, 0x63f7, 0x63f7, 0x63f6, 0x63f6, 0x63f6, 0x63f6, 0x63f6, 
	0x63f7, 0x63f7, 0x63f7, 0x63f7, 0x63f7, 0x63f7, 0x63f7, 0x63f7, 0x63f7, 0x6c17, 0x6c18, 0x6c18, 0x6c18, 0x6c18, 0x6c18, 0x6c17, 
	0x63f7, 0x63f7, 0x63f7, 0x63f7, 0x63f7, 0x63f7, 0x6bf7, 0x6bf7, 0x6bf7, 0x6bf7, 0x73f7, 0x73f7, 0x6c17, 0x5bb6, 0x53b6, 0x53b6, 
	0x53b6, 0x53b6, 0x53b6, 0x53b6, 0x53b6, 0x53b6, 0x5bd6, 0x5bd6, 0x5bd6, 0x5bb6, 0x5bb6, 0x5bd6, 0x63f7, 0x5bd6, 0x5bb6, 0x53b6, 
	0x53b6, 0x53b6, 0x53b6, 0x53b6, 0x53b6, 0x53b6, 0x53b6, 0x53b6, 0x53b6, 0x5395, 0x5b95, 0x5bb5, 0x5bd6, 0x63d6, 0x63d6, 0x63d6, 
	0x63d6, 0x63d6, 0x63d6, 0x63d6, 0x63f6, 0x6c17, 0x6bf7, 0x6bf7, 0x63d6, 0x63d6, 0x63d6, 0x63d6, 0x6bf7, 0x63d6, 0x63d6, 0x63d6, 
	0x6bd6, 0x6bd6, 0x6bd6, 0x6bf6, 0x6bf6, 0x6bf7, 0x6bf7, 0x6bd6, 0x6bd6, 0x6bf6, 0x6c17, 0x6bf7, 0x6bf6, 0x6bd6, 0x63d6, 0x63d6, 
	0x6bf6, 0x6bf7, 0x6bd6, 0x6bd6, 0x63d6, 0x6bf6, 0x63d6, 0x63d6, 0x6bf7, 0x6bf7, 0x6bf7, 0x6c38, 0x6438, 0x53d6, 0x5c37, 0x6cd9, 
	0x74fa, 0x6cb9, 0x6cb8, 0x855b, 0x8519, 0x8d7b, 0x95bb, 0x8d7b, 0x7cfa, 0x53d6, 0x5c17, 0x7458, 0x7bf7, 0x8c17, 0x9418, 0x9417, 
	0x7bf7, 0x73f7, 0x6bf7, 0x6bf7, 0x6bf7, 0x6c17, 0x6bf7, 0x7c38, 0x8438, 0x8c58, 0x8417, 0x7bd7, 0x73f7, 0x73f7, 0x73f7, 0x6bf7, 
	0x6bf7, 0x6bf7, 0x6bf7, 0x6c17, 0x6c17, 0x6c17, 0x6c17, 0x6c18, 0x6c18, 0x6c18, 0x6c18, 0x6c18, 0x6c18, 0x6c18, 0x6c18, 0x6c18, 
	0x6c38, 0x6c38, 0x7438, 0x6c38, 0x6c38, 0x6c38, 0x6c38, 0x6c18, 0x6c38, 0x6c38, 0x6c18, 0x7418, 0x6c18, 0x6c18, 0x6c18, 0x6c18, 
	0x6c18, 0x6bf7, 0x6bf7, 0x6bf7, 0x63f7, 0x6bf7, 0x6bf7, 0x6bf7, 0x6bf7, 0x6bf7, 0x6bf7, 0x6bf7, 0x6bf7, 0x6bf7, 0x6bf7, 0x6bf7, 
	0x6bf7, 0x6bf7, 0x6bf7, 0x6c17, 0x6bf7, 0x6bf7, 0x6c17, 0x6c17, 0x6bf7, 0x6c38, 0x7438, 0x6bf7, 0x6c17, 0x6bf7, 0x6c17, 0x6c17, 
	0x6c17, 0x6bf7, 0x6bf7, 0x6bf7, 0x6c17, 0x6bf7, 0x6bf7, 0x6bf7, 0x6bf7, 0x6c17, 0x6c18, 0x6bf7, 0x6bf7, 0x6bf7, 0x6bf7, 0x6bf7, 
	0x63f7, 0x6bf7, 0x6c18, 0x63f7, 0x6bf7, 0x6bf7, 0x63f7, 0x6c18, 0x6c18, 0x6c18, 0x63f7, 0x63f7, 0x63d6, 0x5bb6, 0x63f7, 0x63d6, 
	0x63d6, 0x63d6, 0x5bb6, 0x5bd6, 0x63d7, 0x5bd6, 0x63d7, 0x63d7, 0x63d7, 0x63f7, 0x63f7, 0x6bf7, 0x7418, 0x7bf7, 0x83f7, 0x9c38, 
	0xc4ba, 0xd4da, 0xd4b9, 0xcc99, 0xbc58, 0xb479, 0x9c58, 0x8417, 0x7bf7, 0x7c17, 0x83f7, 0x8bf7, 0x93f7, 0xa417, 0xb438, 0xc458, 
	0xd499, 0xc479, 0xa438, 0x8c18, 0x8418, 0x7418, 0x7418, 0x6c18, 0x6bf7, 0x6bf7, 0x6bf7, 0x6bf7, 0x6bf7, 0x6c17, 0x6bf7, 0x6bf7, 
	0x6bf7, 0x6bf7, 0x6bf7, 0x6bf7, 0x6c17, 0x6bf7, 0x6bf7, 0x6c17, 0x6c17, 0x6c17, 0x7418, 0x7418, 0x6c17, 0x6c17, 0x6c17, 0x6c17, 
	0x63f7, 0x6bf7, 0x6bf7, 0x6bf7, 0x6bf7, 0x6bf7, 0x6bf7, 0x6bf7, 0x6bf7, 0x6bf7, 0x63f7, 0x6bf7, 0x63f6, 0x63f6, 0x6bf7, 0x6bf7, 
	0x63d6, 0x6bf6, 0x6bf7, 0x63d7, 0x63f7, 0x6bf7, 0x6c17, 0x6c17, 0x6c17, 0x6c17, 0x6c17, 0x6c17, 0x6bf7, 0x6bf7, 0x6bf7, 0x6bf7, 
	0x6bf7, 0x6bf7, 0x6bf7, 0x63d7, 0x63f7, 0x6bf7, 0x6bf7, 0x6bf7, 0x7417, 0x7417, 0x7437, 0x7438, 0x6c17, 0x5bb6, 0x53b6, 0x53b6, 
	0x53b6, 0x53b6, 0x53b6, 0x5395, 0x5395, 0x5bb5, 0x5bb6, 0x63d6, 0x63b6, 0x5bb6, 0x5bb6, 0x63f6, 0x5bd6, 0x53b6, 0x5395, 0x5395, 
	0x5395, 0x5bb5, 0x53b6, 0x5396, 0x53b6, 0x53b5, 0x53b6, 0x53b6, 0x53b6, 0x5bb6, 0x6417, 0x6c17, 0x63f7, 0x63f6, 0x63f7, 0x63f6, 
	0x5bd6, 0x5bd6, 0x63f6, 0x63f6, 0x63d6, 0x6bf7, 0x7417, 0x7417, 0x6bf7, 0x6bd6, 0x6bd6, 0x6bf6, 0x6bf7, 0x6bf6, 0x6bf6, 0x6bf6, 
	0x6bf6, 0x6bd6, 0x6bd6, 0x6bd6, 0x6bd6, 0x6bf7, 0x6bd6, 0x6bd6, 0x6bd6, 0x6bd6, 0x6bd6, 0x6bf7, 0x6bf6, 0x6bd6, 0x6bd6, 0x6bd6, 
	0x6bd6, 0x6bf6, 0x6bd6, 0x6bd6, 0x6bd6, 0x6bf6, 0x6c17, 0x6bf7, 0x6bd6, 0x6bd7, 0x6bf7, 0x6c38, 0x6c78, 0x7d3a, 0x7d3a, 0x7d3a, 
	0x74f9, 0x6478, 0x74fa, 0x6437, 0x74b8, 0x853a, 0x74d9, 0x6c78, 0x6cb9, 0x6417, 0x6c38, 0x7c58, 0x9437, 0xbcb9, 0xccfa, 0xc4da, 
	0xa4ba, 0x8c79, 0x8cba, 0x8499, 0x7c99, 0x7c99, 0x8cba, 0x9cfb, 0xa49a, 0xb4db, 0xb4db, 0xa479, 0x9458, 0x8438, 0x7c18, 0x7417, 
	0x6c17, 0x6c17, 0x7417, 0x6bf7, 0x6bf7, 0x6bf7, 0x6bf7, 0x6bf7, 0x6bf7, 0x6bf7, 0x7417, 0x7417, 0x6bf7, 0x7417, 0x6bf7, 0x6bf7, 
	0x6c17, 0x7418, 0x7438, 0x7418, 0x7418, 0x7418, 0x7439, 0x7418, 0x7438, 0x7438, 0x7418, 0x7438, 0x6c18, 0x6c18, 0x6c18, 0x6c17, 
	0x6c17, 0x6bf7, 0x6bf7, 0x6bf7, 0x6bf7, 0x6bf7, 0x6bf7, 0x6bf7, 0x6bf7, 0x6bf7, 0x6bd7, 0x6bf7, 0x6bf7, 0x6bf7, 0x6bf7, 0x6bf7, 
	0x6bf7, 0x6bf7, 0x6bf7, 0x6bf7, 0x6bf7, 0x6bf7, 0x6bf7, 0x6bf7, 0x6bf7, 0x6bf7, 0x6bf7, 0x6bf7, 0x6bf7, 0x6bf7, 0x6bf7, 0x6bf7, 
	0x6c17, 0x6bf7, 0x6bf7, 0x6bf7, 0x6bf7, 0x6bf7, 0x6bf7, 0x6bf7, 0x6bf7, 0x6bf7, 0x6c17, 0x6c18, 0x6bf7, 0x6bf7, 0x6bf7, 0x6bf7, 
	0x6bf7, 0x6c17, 0x6c17, 0x6c17, 0x6bf7, 0x6c18, 0x6417, 0x6417, 0x63f7, 0x63f7, 0x6417, 0x63f7, 0x63f6, 0x63f6, 0x5bb5, 0x5bb4, 
	0x5bd5, 0x5bb5, 0x5bb5, 0x5bb5, 0x5bb6, 0x63d6, 0x63d6, 0x63d6, 0x63d7, 0x6bf7, 0x63d6, 0x6bd7, 0x73f7, 0x7bf7, 0x83f7, 0x9418, 
	0xa438, 0xac58, 0x9374, 0x9374, 0x8334, 0x7b34, 0x6b74, 0x5b13, 0x4ad2, 0x5313, 0x5b13, 0x6333, 0x7313, 0x72f3, 0x8313, 0x9354, 
	0xabf7, 0xac18, 0x93f7, 0x83f7, 0x7c17, 0x7417, 0x7417, 0x6bf7, 0x6bf7, 0x6bf7, 0x6bf7, 0x6bf7, 0x6bf7, 0x6bf7, 0x6bf7, 0x6bf7, 
	0x6bf7, 0x6bf7, 0x7438, 0x6bd7, 0x7417, 0x6bf7, 0x6bf7, 0x73f7, 0x7417, 0x7c38, 0x7c38, 0x7c38, 0x7417, 0x7417, 0x7418, 0x6bf7, 
	0x6bf7, 0x6bf7, 0x6bf7, 0x6bf7, 0x6bf7, 0x73f7, 0x73f7, 0x73f7, 0x73f7, 0x6bf7, 0x6bf7, 0x6bd6, 0x6bf7, 0x6bf7, 0x6bf7, 0x6bf7, 
	0x73f7, 0x6bf7, 0x6bf7, 0x7417, 0x6c17, 0x63f7, 0x63f7, 0x63f7, 0x6417, 0x63f7, 0x6c17, 0x6c17, 0x6bf7, 0x6bf7, 0x6c17, 0x6bf7, 
	0x6bf7, 0x7417, 0x6bf7, 0x6bf7, 0x6bf7, 0x7417, 0x73f7, 0x7417, 0x7417, 0x6bf7, 0x6bf7, 0x63f6, 0x5bb6, 0x53b6, 0x53b6, 0x53b6, 
	0x53b6, 0x53b6, 0x5bb6, 0x5bd6, 0x63d6, 0x7417, 0x7c58, 0x8cba, 0x94ba, 0x8c99, 0x8499, 0x7c79, 0x6c58, 0x63f7, 0x63f7, 0x6bf7, 
	0x7417, 0x6bd6, 0x5bb6, 0x5bb6, 0x5bb6, 0x53b6, 0x53b5, 0x5bb6, 0x5395, 0x63d6, 0x6c38, 0x63f6, 0x5bb5, 0x5bd6, 0x5bd6, 0x5bb6, 
	0x53b5, 0x5bd6, 0x63f6, 0x5bd6, 0x5bb5, 0x63d6, 0x6bf6, 0x6bf6, 0x7417, 0x7417, 0x7417, 0x73f7, 0x7c17, 0x7c17, 0x7c17, 0x73f6, 
	0x6bd6, 0x6bd6, 0x6bd6, 0x6bd6, 0x6bd6, 0x6bd6, 0x73f7, 0x6bd6, 0x6bd6, 0x6bd6, 0x73f7, 0x73f7, 0x73f7, 0x73f7, 0x73d6, 0x73f7, 
	0x73f7, 0x6bd6, 0x73d7, 0x73d7, 0x6bd6, 0x6bf6, 0x6bf7, 0x6bf7, 0x6bd6, 0x6bf7, 0x6bf7, 0x7438, 0x6c78, 0x751a, 0x7d5b, 0x7d3b, 
	0x6cb9, 0x6478, 0x74fa, 0x6478, 0x74d9, 0x7d1a, 0x6cb9, 0x6c98, 0x6cb9, 0x5bf7, 0x63f7, 0x7c38, 0x93f7, 0xb499, 0xbc99, 0x9c17, 
	0x8417, 0x73f7, 0x7417, 0x6c17, 0x63f7, 0x6c17, 0x7418, 0x7c17, 0x83f7, 0x9c58, 0xa479, 0x9417, 0x8c38, 0x8438, 0x7c17, 0x6bf7, 
	0x63b6, 0x63d6, 0x6bf7, 0x6bf7, 0x7417, 0x6bf7, 0x6bf7, 0x73f7, 0x73f7, 0x73f7, 0x73f7, 0x73f7, 0x6bf7, 0x73f7, 0x73f7, 0x73f7, 
	0x73f7, 0x7417, 0x7418, 0x7418, 0x7418, 0x7418, 0x7c38, 0x7418, 0x7438, 0x7418, 0x7418, 0x7418, 0x7418, 0x7417, 0x6bf7, 0x6bf7, 
	0x6bf7, 0x6bf7, 0x6bf7, 0x6bf7, 0x6bf7, 0x6bf7, 0x6bf7, 0x6bf7, 0x6bf7, 0x6bf7, 0x6bf7, 0x6bf7, 0x6bf7, 0x6bf7, 0x73f7, 0x73f7, 
	0x6bf7, 0x6bf7, 0x6bf7, 0x6bf7, 0x6bf7, 0x6bf7, 0x6bf7, 0x6bf7, 0x6bf7, 0x6bf7, 0x6bf7, 0x6bf7, 0x6bf7, 0x6c17, 0x6bf7, 0x6bf7, 
	0x6c17, 0x6c17, 0x6c17, 0x6bf7, 0x6bf7, 0x6bf7, 0x6bd7, 0x6bf7, 0x6bf7, 0x6bf7, 0x6bf7, 0x63d7, 0x6bf7, 0x6bf7, 0x6c18, 0x6bf7, 
	0x6bf7, 0x6bf7, 0x6bf7, 0x6bf7, 0x63d6, 0x63d6, 0x5bd6, 0x5bb6, 0x5395, 0x5395, 0x5bd5, 0x6c16, 0x6c57, 0x6c57, 0x7477, 0x6c57, 
	0x7477, 0x6c57, 0x6c57, 0x6c37, 0x6416, 0x63f6, 0x63d6, 0x63f6, 0x6c17, 0x6c17, 0x6c17, 0x6bf7, 0x73f7, 0x73f7, 0x7bd7, 0x83f7, 
	0x9418, 0x93f7, 0x7b34, 0x7b54, 0x7333, 0x6b53, 0x6374, 0x5333, 0x5333, 0x5b53, 0x6353, 0x6b53, 0x6b53, 0x7353, 0x7b33, 0x8374, 
	0x9c17, 0xa438, 0x8bf7, 0x83f7, 0x7bf7, 0x73f7, 0x7418, 0x7417, 0x7417, 0x73f7, 0x6bf7, 0x6bf7, 0x73f7, 0x73f7, 0x7417, 0x6bf7, 
	0x73f7, 0x73f7, 0x7c38, 0x73f7, 0x7417, 0x7417, 0x7417, 0x73f7, 0x7bf7, 0x8438, 0x7c17, 0x7c17, 0x7c17, 0x7c38, 0x7c38, 0x73f7, 
	0x6bf7, 0x6bf7, 0x6bf7, 0x6bf7, 0x73f7, 0x7417, 0x73f7, 0x73f7, 0x73f7, 0x73f7, 0x6bf7, 0x6bf7, 0x6bf7, 0x6bf7, 0x6bf7, 0x7417, 
	0x7417, 0x7417, 0x73f7, 0x6bd7, 0x63d6, 0x63f7, 0x5bd6, 0x5bb6, 0x5bd6, 0x5bb6, 0x63d6, 0x6bf7, 0x6bf7, 0x6bf7, 0x6bd7, 0x6bf7, 
	0x7417, 0x7417, 0x7417, 0x7417, 0x6c17, 0x7417, 0x7417, 0x73f7, 0x6bd6, 0x63b6, 0x5b95, 0x5395, 0x53b6, 0x53b6, 0x53b6, 0x53b6, 
	0x53b6, 0x53b6, 0x53b5, 0x5bb6, 0x63d6, 0x7438, 0x7438, 0x7c58, 0x7c37, 0x7c17, 0x7417, 0x6c17, 0x63f7, 0x5bb6, 0x5bd6, 0x5bb6, 
	0x7417, 0x6bd6, 0x5b95, 0x5bb5, 0x5bb5, 0x5bb5, 0x5b95, 0x5395, 0x63d6, 0x6c17, 0x5bd6, 0x5b95, 0x5395, 0x53b5, 0x5395, 0x53b5, 
	0x5395, 0x53b5, 0x5395, 0x5395, 0x5395, 0x5bb5, 0x63d6, 0x6bf6, 0x7417, 0x7417, 0x7c17, 0x7c17, 0x7bf7, 0x7bf7, 0x7bf7, 0x7bf6, 
	0x6bd6, 0x6bd6, 0x6bd6, 0x6bd6, 0x73d7, 0x73f7, 0x73d7, 0x73d6, 0x73f7, 0x73f7, 0x73f7, 0x73d7, 0x7bf7, 0x7bf7, 0x73d7, 0x73d7, 
	0x73f7, 0x73d6, 0x73d7, 0x73d7, 0x73f7, 0x73f7, 0x73d7, 0x73d7, 0x73f7, 0x73f7, 0x6bd7, 0x7438, 0x6458, 0x5417, 0x5437, 0x5417, 
	0x5c37, 0x5c37, 0x5c37, 0x6458, 0x5c58, 0x5c37, 0x5c37, 0x6458, 0x6479, 0x53d6, 0x5bd6, 0x6c37, 0x7bf7, 0x8c58, 0x8437, 0x6bb5, 
	0x5bb5, 0x5bd6, 0x5bd6, 0x5bf6, 0x5bf6, 0x5bf6, 0x53b6, 0x5bb6, 0x5b95, 0x6bf7, 0x7437, 0x6395, 0x6bd6, 0x6bf7, 0x63b6, 0x6395, 
	0x5b95, 0x5b95, 0x5bb6, 0x5bb6, 0x63b6, 0x6bd7, 0x73f7, 0x6bd6, 0x6bd6, 0x73f7, 0x6bd7, 0x63b6, 0x6396, 0x63b6, 0x6bd7, 0x7417, 
	0x73f7, 0x73f7, 0x7c18, 0x7c18, 0x7c38, 0x7c38, 0x7418, 0x7418, 0x7418, 0x73f7, 0x73f7, 0x73f7, 0x73f7, 0x7417, 0x7417, 0x73f7, 
	0x73f7, 0x73f7, 0x73d7, 0x73f7, 0x73f7, 0x73f7, 0x73f7, 0x73f7, 0x73f7, 0x73f7, 0x73f7, 0x73f7, 0x73f7, 0x73f7, 0x73f7, 0x73f7, 
	0x73f7, 0x73f7, 0x73f7, 0x73f7, 0x73f7, 0x73f7, 0x73f7, 0x73f7, 0x73f7, 0x73f7, 0x73f7, 0x73f7, 0x6bf7, 0x63d6, 0x5bb6, 0x5bb6, 
	0x63d7, 0x5bb6, 0x5396, 0x5b96, 0x63f7, 0x6bf7, 0x6bf7, 0x6bf7, 0x6bf7, 0x63d6, 0x5bb6, 0x5b96, 0x5bb6, 0x63f7, 0x6c18, 0x6bf7, 
	0x6bf7, 0x63f7, 0x5bb6, 0x5bb6, 0x5bb6, 0x5395, 0x5394, 0x5394, 0x6415, 0x7477, 0x7477, 0x6c57, 0x6436, 0x5bf5, 0x5bd4, 0x5bb4, 
	0x53b4, 0x5bd5, 0x6415, 0x6415, 0x6c36, 0x6c57, 0x7477, 0x7457, 0x63f5, 0x63d5, 0x63b5, 0x6bd6, 0x73f7, 0x73f7, 0x7bf7, 0x7bf7, 
	0x8c17, 0x8bf7, 0x7354, 0x7374, 0x6b53, 0x6b94, 0x6395, 0x5374, 0x5b93, 0x6bf5, 0x73f4, 0x73d4, 0x73b4, 0x7394, 0x7394, 0x7b95, 
	0x8c17, 0x9458, 0x83f7, 0x7bf7, 0x73f7, 0x73f7, 0x7417, 0x7417, 0x7418, 0x7417, 0x73f7, 0x7417, 0x7c18, 0x7417, 0x73f7, 0x73f7, 
	0x73f7, 0x7418, 0x7417, 0x7c18, 0x7c17, 0x7c18, 0x7c38, 0x7c18, 0x7c18, 0x7c18, 0x7c18, 0x7c18, 0x7c17, 0x7c17, 0x7417, 0x7417, 
	0x73f7, 0x6bf7, 0x73f7, 0x73f7, 0x73f7, 0x73f7, 0x73d7, 0x73f7, 0x73f7, 0x73f7, 0x73d7, 0x73f7, 0x6bf7, 0x6bf7, 0x6bf7, 0x73f7, 
	0x7417, 0x73f7, 0x63d6, 0x5bb6, 0x5bb6, 0x5bb6, 0x5bb6, 0x5396, 0x5bb6, 0x5bb6, 0x5bd6, 0x5bd6, 0x5bb6, 0x63b6, 0x63d6, 0x6bf7, 
	0x6bf7, 0x6bf7, 0x6bf7, 0x63d6, 0x5bb6, 0x5bb6, 0x63b6, 0x63b6, 0x5bb5, 0x5b95, 0x5bb6, 0x5bb6, 0x5bb6, 0x53b6, 0x53b6, 0x53b6, 
	0x53b6, 0x53b6, 0x53b6, 0x53b5, 0x5bb5, 0x6437, 0x5bd6, 0x5bd6, 0x5bf6, 0x63f6, 0x6416, 0x5bf6, 0x53d6, 0x53d6, 0x53b6, 0x4b75, 
	0x5bf7, 0x5bd6, 0x5bb5, 0x5b95, 0x5b95, 0x63d6, 0x6c17, 0x7417, 0x6c17, 0x6417, 0x5bb6, 0x5395, 0x53b5, 0x53b5, 0x53b5, 0x53b5, 
	0x53b5, 0x53b5, 0x53b5, 0x53b5, 0x53b5, 0x53b5, 0x5bb5, 0x5bb5, 0x5bb5, 0x6bf6, 0x7417, 0x7c17, 0x73f6, 0x73f6, 0x73f7, 0x73f7, 
	0x73d6, 0x73f7, 0x73f7, 0x73d6, 0x73d7, 0x73f7, 0x73f7, 0x73f7, 0x73f7, 0x7bf7, 0x7bd7, 0x7bd6, 0x7bf7, 0x7bf7, 0x7bf7, 0x7bf7, 
	0x7bf7, 0x7bf7, 0x7bf7, 0x7bf7, 0x7bf7, 0x73f7, 0x73d7, 0x73f7, 0x73f7, 0x73f7, 0x73f7, 0x7438, 0x6c58, 0x5c17, 0x5437, 0x5c38, 
	0x5c58, 0x5c58, 0x6458, 0x6478, 0x6478, 0x6478, 0x6478, 0x6478, 0x6478, 0x53d6, 0x5bf6, 0x6417, 0x7417, 0x8479, 0x955b, 0x959c, 
	0x6c99, 0x6478, 0x74fa, 0x8d9c, 0x857b, 0x6cb8, 0x5c16, 0x6437, 0x4b95, 0x5bf7, 0x6c58, 0x6437, 0x6417, 0x6c38, 0x6c17, 0x6bf7, 
	0x6bf7, 0x6bd7, 0x63d6, 0x63d6, 0x6bf7, 0x73f7, 0x73f7, 0x73f7, 0x73f7, 0x73f7, 0x73f7, 0x6bf7, 0x6bf7, 0x6bf7, 0x73f7, 0x7438, 
	0x7c38, 0x7c38, 0x73f7, 0x7c18, 0x7c38, 0x7c38, 0x7c18, 0x7c17, 0x7bf7, 0x73f7, 0x73f7, 0x73f7, 0x73d6, 0x8479, 0x7c17, 0x73d7, 
	0x73f7, 0x73f7, 0x73f7, 0x73f7, 0x73f7, 0x73f7, 0x73f7, 0x73f7, 0x73d7, 0x73f7, 0x73f7, 0x73d7, 0x73f7, 0x73f7, 0x73f7, 0x73f7, 
	0x73f7, 0x73f7, 0x73f7, 0x73f7, 0x73f7, 0x73f7, 0x73f7, 0x73f7, 0x73f7, 0x73f7, 0x73f7, 0x6bf7, 0x5b96, 0x4b55, 0x4b75, 0x4b75, 
	0x5375, 0x5396, 0x5395, 0x5396, 0x5396, 0x5b96, 0x5b95, 0x63f7, 0x6c17, 0x63d6, 0x63d7, 0x5bb6, 0x5bb6, 0x5bb6, 0x63b6, 0x5b96, 
	0x5b96, 0x5bb6, 0x63d6, 0x5bb5, 0x5394, 0x5bd5, 0x6c36, 0x7497, 0x6435, 0x5393, 0x3af0, 0x328f, 0x328f, 0x2a4e, 0x2a2e, 0x2a2e, 
	0x2a2e, 0x2a4e, 0x2a4e, 0x2a6f, 0x326f, 0x3ad0, 0x4b52, 0x5bb4, 0x6c36, 0x7477, 0x63d5, 0x5bb4, 0x63b5, 0x73f7, 0x7bf7, 0x7bf7, 
	0x8417, 0x7bf7, 0x6354, 0x6bb5, 0x94fa, 0x6394, 0x5bd5, 0x6416, 0x7477, 0xadfc, 0xaddb, 0xaddb, 0xb61d, 0x9519, 0x8498, 0xa57c, 
	0x94da, 0x8c78, 0x8418, 0x7c18, 0x73f7, 0x73f7, 0x73f7, 0x73f7, 0x7417, 0x7417, 0x73f7, 0x73f7, 0x73f7, 0x73f7, 0x73f7, 0x73f7, 
	0x73f7, 0x73f7, 0x73f7, 0x73f7, 0x7c17, 0x7c17, 0x7c17, 0x7c18, 0x7c18, 0x7c17, 0x7c18, 0x7c17, 0x73f7, 0x73f7, 0x73f7, 0x73f7, 
	0x73f7, 0x73d7, 0x73f7, 0x73f7, 0x73f7, 0x73f7, 0x73f7, 0x73f7, 0x73d7, 0x73d7, 0x73f7, 0x73f7, 0x6bf7, 0x6bf7, 0x63d6, 0x63d6, 
	0x6bf7, 0x6bf7, 0x63f7, 0x63d7, 0x63d7, 0x5bb6, 0x53b6, 0x53b6, 0x53b5, 0x53b6, 0x5bb6, 0x5bb6, 0x63d6, 0x6417, 0x63f7, 0x6c18, 
	0x6c17, 0x63f7, 0x63d6, 0x5bd6, 0x5bf7, 0x6417, 0x6bf7, 0x6bf7, 0x63d6, 0x63f7, 0x63d6, 0x63d6, 0x63d6, 0x63d6, 0x5bb6, 0x5bb6, 
	0x5bb6, 0x63d6, 0x5bd6, 0x63d6, 0x63f7, 0x6458, 0x53f7, 0x5417, 0x74d9, 0x855b, 0x857c, 0x74d9, 0x6cb9, 0x7d1b, 0x5c17, 0x4bb6, 
	0x6438, 0x6c58, 0x6c17, 0x7437, 0x6bf6, 0x6bf7, 0x73f6, 0x73f6, 0x63b5, 0x5b95, 0x53b5, 0x53b5, 0x53b5, 0x53b5, 0x53b5, 0x53b5, 
	0x53b5, 0x53b5, 0x53b5, 0x53b5, 0x5395, 0x5395, 0x5395, 0x5395, 0x5b95, 0x5b95, 0x6bd6, 0x6bb6, 0x6bd6, 0x6bd6, 0x6bd6, 0x6395, 
	0x73f7, 0x73f7, 0x73f6, 0x7bf7, 0x7bf7, 0x7bf7, 0x7bf7, 0x7bf7, 0x7bf6, 0x7bf6, 0x7bf7, 0x7bf7, 0x8417, 0x8417, 0x8417, 0x8417, 
	0x8417, 0x83f7, 0x8417, 0x8417, 0x7bf7, 0x7bf7, 0x7bf7, 0x7bf7, 0x73d6, 0x6bb6, 0x7c17, 0x7c58, 0x6c58, 0x6478, 0x6478, 0x6478, 
	0x6c98, 0x74d9, 0x7d1a, 0x7d3a, 0x7d3b, 0x751a, 0x7d3b, 0x6cd9, 0x6cb9, 0x5c37, 0x6437, 0x63f7, 0x6bf7, 0x7c79, 0x6c58, 0x53d6, 
	0x53f7, 0x53f7, 0x6c98, 0x7d19, 0x7cf8, 0x7cd8, 0x74b8, 0x7498, 0x6437, 0x5c17, 0x5c17, 0x53d6, 0x63f7, 0x7438, 0x73f7, 0x73f7, 
	0x73f7, 0x73f7, 0x73f7, 0x73f7, 0x73f7, 0x7bf7, 0x73f7, 0x7bf7, 0x7bf7, 0x7bf7, 0x7bf7, 0x7c18, 0x7417, 0x63d7, 0x63d6, 0x63d6, 
	0x63d6, 0x6c17, 0x7418, 0x73f7, 0x6bd6, 0x73f7, 0x7417, 0x7c17, 0x7c17, 0x7c17, 0x7c17, 0x7bf7, 0x7c17, 0x7bf7, 0x7bf7, 0x7bf7, 
	0x7bf7, 0x7bf7, 0x7bf7, 0x7bf7, 0x7bf7, 0x7bf7, 0x7bf7, 0x7bf7, 0x7bf7, 0x73f7, 0x73f7, 0x73f7, 0x73f7, 0x7bf7, 0x73f7, 0x73f7, 
	0x73f7, 0x7c17, 0x73f7, 0x73f7, 0x73f7, 0x73f7, 0x73f7, 0x73f7, 0x6bf7, 0x63b6, 0x5bb6, 0x5bb6, 0x4b75, 0x4b75, 0x4b75, 0x4b75, 
	0x4b75, 0x4b75, 0x4b75, 0x4b75, 0x4b95, 0x4b95, 0x5396, 0x5396, 0x5bd7, 0x5bd6, 0x63f7, 0x6c18, 0x6c17, 0x6c17, 0x6c17, 0x7418, 
	0x7417, 0x7417, 0x6bf6, 0x6416, 0x6416, 0x6436, 0x5bb4, 0x3af1, 0x326f, 0x220d, 0x21ed, 0x21cc, 0x198b, 0x198b, 0x198b, 0x116a, 
	0x196b, 0x116b, 0x198b, 0x198b, 0x198c, 0x19cc, 0x21ed, 0x220e, 0x3290, 0x4312, 0x63f5, 0x6c56, 0x6c16, 0x63d5, 0x7417, 0x7c17, 
	0x7c17, 0x6bd6, 0x5333, 0x5b95, 0x7c98, 0x5394, 0x53d5, 0x6436, 0x7497, 0x9ddc, 0x9dbb, 0x959b, 0x9ddc, 0x7cf9, 0x7498, 0x955b, 
	0x8cda, 0x8479, 0x7c38, 0x7c18, 0x7bf7, 0x73f7, 0x7418, 0x6bf7, 0x63d7, 0x63f7, 0x6bf7, 0x73f7, 0x73f7, 0x7417, 0x6bf7, 0x7418, 
	0x7418, 0x73f7, 0x7418, 0x7417, 0x7418, 0x7418, 0x7418, 0x7417, 0x7417, 0x7417, 0x7c18, 0x7c18, 0x7417, 0x73f7, 0x73f7, 0x73f7, 
	0x73f7, 0x73f7, 0x73f7, 0x73f7, 0x73f7, 0x7c17, 0x73f7, 0x73f7, 0x73f7, 0x73f7, 0x73f7, 0x73f7, 0x6bd7, 0x5bb6, 0x5bb6, 0x5b96, 
	0x5bb6, 0x5bb6, 0x5bb6, 0x5bd6, 0x63d6, 0x63f7, 0x5bd6, 0x5bb6, 0x53b6, 0x53b6, 0x5bd6, 0x6417, 0x6c58, 0x6458, 0x6438, 0x6458, 
	0x6458, 0x6438, 0x6458, 0x6458, 0x6459, 0x7479, 0x7458, 0x6bf7, 0x6bf7, 0x6bf7, 0x6bf7, 0x6bd6, 0x6bf6, 0x6bd6, 0x6bd6, 0x6bd6, 
	0x6bd6, 0x6bf7, 0x73f7, 0x7417, 0x7458, 0x6c78, 0x53f7, 0x5417, 0x6478, 0x6c98, 0x6cb9, 0x6cb9, 0x6457, 0x6498, 0x5c37, 0x53d6, 
	0x6c78, 0x6c78, 0x7437, 0x7417, 0x6bd6, 0x6395, 0x63b5, 0x63b6, 0x5bb6, 0x5395, 0x53b5, 0x53b5, 0x53b5, 0x5395, 0x5395, 0x5395, 
	0x53b5, 0x53b5, 0x53b5, 0x5bb5, 0x5bb5, 0x5bb5, 0x5bb5, 0x63d6, 0x63d6, 0x63b6, 0x63b5, 0x6395, 0x6395, 0x6395, 0x6395, 0x63b5, 
	0x6bd6, 0x73d6, 0x73f7, 0x7bf7, 0x7bf7, 0x73f7, 0x7bf7, 0x73f6, 0x73f6, 0x7c17, 0x7bf7, 0x7c17, 0x8417, 0x8417, 0x83f7, 0x8417, 
	0x8417, 0x8437, 0x8437, 0x8438, 0x8437, 0x8437, 0x8438, 0x7c38, 0x7c37, 0x7c38, 0x7c37, 0x7c58, 0x6c57, 0x6457, 0x6457, 0x6c97, 
	0x6c77, 0x74b8, 0x7cf9, 0x853a, 0x7d3a, 0x7cf9, 0x7d1a, 0x74d9, 0x6cb9, 0x6457, 0x6458, 0x6c38, 0x7417, 0x7c58, 0x6c58, 0x53f6, 
	0x5417, 0x5c37, 0x74f9, 0x95bc, 0x95bc, 0x8d7b, 0x8d7a, 0x855a, 0x6c98, 0x5c37, 0x5c17, 0x4bb6, 0x63f7, 0x7438, 0x7c17, 0x7c17, 
	0x7bf7, 0x7bf7, 0x7bf7, 0x7bf7, 0x7bf7, 0x7bf7, 0x7bf7, 0x7bf7, 0x7bf7, 0x7bf7, 0x7bf7, 0x6bd6, 0x5b95, 0x5354, 0x4b55, 0x4b55, 
	0x4b54, 0x5375, 0x5b96, 0x63b6, 0x63b6, 0x5b95, 0x63b6, 0x7417, 0x8438, 0x8438, 0x8438, 0x8418, 0x8417, 0x8417, 0x7c17, 0x7c17, 
	0x8417, 0x7c17, 0x7c17, 0x7c17, 0x7c17, 0x7c17, 0x7bf7, 0x73f7, 0x7417, 0x7418, 0x7417, 0x7418, 0x7418, 0x7418, 0x7417, 0x73f7, 
	0x6bf7, 0x6bf7, 0x7418, 0x7417, 0x7417, 0x73f7, 0x7418, 0x7418, 0x5b96, 0x4b55, 0x4b75, 0x4b75, 0x4b75, 0x4b75, 0x4b75, 0x4b75, 
	0x4b75, 0x4b75, 0x4b75, 0x4b75, 0x4375, 0x4b75, 0x4b75, 0x4b75, 0x4b75, 0x4b54, 0x5375, 0x5bb6, 0x5b96, 0x5375, 0x5b95, 0x63b6, 
	0x6bd6, 0x6bd6, 0x6c16, 0x6c15, 0x5b93, 0x3ab0, 0x2a2e, 0x21cd, 0x21ed, 0x324e, 0x29ed, 0x198b, 0x0929, 0x08e8, 0x08c8, 0x08c8, 
	0x00c8, 0x08c8, 0x00c8, 0x08c8, 0x0909, 0x112a, 0x198b, 0x21ed, 0x19ac, 0x19ac, 0x21ed, 0x42f1, 0x5bf5, 0x63f5, 0x63b5, 0x6bd6, 
	0x7437, 0x63b5, 0x4b33, 0x4b74, 0x4333, 0x4bb4, 0x4bd5, 0x5c36, 0x6c97, 0x74b7, 0x6c97, 0x6cb7, 0x6c77, 0x6456, 0x5c36, 0x6437, 
	0x6c37, 0x7c78, 0x7c38, 0x73f7, 0x73f7, 0x73f7, 0x6bd7, 0x6396, 0x5b96, 0x5b96, 0x6396, 0x6bf7, 0x7438, 0x6c17, 0x6c17, 0x7479, 
	0x7479, 0x7c79, 0x7459, 0x6c18, 0x6c18, 0x7438, 0x7438, 0x7438, 0x6c18, 0x7438, 0x7438, 0x7438, 0x7418, 0x7417, 0x73f7, 0x7bf7, 
	0x7bf7, 0x7bf7, 0x7bf7, 0x73f7, 0x73f7, 0x73f7, 0x8459, 0x73d6, 0x73f7, 0x6bd6, 0x6bb6, 0x6bd7, 0x6bf7, 0x63d6, 0x5bd6, 0x5bb6, 
	0x5b96, 0x5b96, 0x5bb6, 0x63d6, 0x63d6, 0x63d6, 0x5bd6, 0x5396, 0x5bb6, 0x5bb6, 0x5b95, 0x5bf7, 0x5c17, 0x53f6, 0x4bb6, 0x4b95, 
	0x4b95, 0x4bb6, 0x4b95, 0x4bb6, 0x4b95, 0x5bd6, 0x7458, 0x7417, 0x7417, 0x73f7, 0x7c17, 0x7c17, 0x7417, 0x7417, 0x7417, 0x7c17, 
	0x7c17, 0x7c17, 0x7c17, 0x7c17, 0x6c17, 0x6c58, 0x53f7, 0x5417, 0x6478, 0x6cd9, 0x6cda, 0x6cb9, 0x6458, 0x6c99, 0x5c37, 0x53d6, 
	0x6c78, 0x6417, 0x63d6, 0x6bf6, 0x7c37, 0x7c58, 0x7417, 0x6bd6, 0x5bb5, 0x5bb5, 0x5bb5, 0x5b95, 0x5b95, 0x5bb6, 0x63d6, 0x63b5, 
	0x5b95, 0x5b95, 0x5bb5, 0x63f6, 0x6bf7, 0x63d6, 0x6bf7, 0x6bf6, 0x7417, 0x7417, 0x73f7, 0x6bf7, 0x6c17, 0x6bf7, 0x6bf7, 0x7417, 
	0x5375, 0x5b95, 0x6bf7, 0x7417, 0x7417, 0x7417, 0x73f7, 0x7417, 0x7417, 0x73f7, 0x6bf6, 0x63b6, 0x6bf6, 0x73f7, 0x7bf7, 0x8438, 
	0x8458, 0x8478, 0x8c78, 0x8458, 0x8458, 0x8458, 0x8458, 0x8458, 0x8478, 0x8499, 0x8499, 0x7c78, 0x74b8, 0x7d19, 0x8d7a, 0x8d79, 
	0x957a, 0x9ddb, 0x95db, 0x8d9b, 0x8d7a, 0x95dc, 0x7d1a, 0x7d1a, 0x74f9, 0x5c36, 0x6457, 0x6c58, 0x7417, 0x7c58, 0x84d9, 0x7cd9, 
	0x74f9, 0x7d19, 0x6cb9, 0x6c98, 0x6cd8, 0x7519, 0x7d3a, 0x74f9, 0x5c57, 0x6cb9, 0x6498, 0x53d6, 0x5bf6, 0x7c58, 0x7c37, 0x8417, 
	0x8417, 0x8417, 0x8417, 0x8417, 0x8417, 0x8417, 0x8417, 0x8417, 0x7c37, 0x7c58, 0x7c58, 0x7417, 0x5bb6, 0x5395, 0x4b55, 0x4b75, 
	0x4b75, 0x4b75, 0x4b75, 0x5395, 0x53b6, 0x5375, 0x5375, 0x5b96, 0x6bd6, 0x7417, 0x7c17, 0x8438, 0x8417, 0x8417, 0x83f7, 0x7bf7, 
	0x83f7, 0x7bf7, 0x8417, 0x7bf7, 0x7bf7, 0x7c17, 0x7c38, 0x7c38, 0x6bf7, 0x63b6, 0x5bb6, 0x5bb6, 0x63d6, 0x63d7, 0x63f7, 0x5bb6, 
	0x5395, 0x5395, 0x5bb6, 0x6c18, 0x7438, 0x7418, 0x7418, 0x5bb6, 0x5375, 0x4b75, 0x4b95, 0x4b75, 0x4b75, 0x4b75, 0x4b75, 0x4b75, 
	0x4b75, 0x4b75, 0x4b75, 0x4b75, 0x4b75, 0x4375, 0x4b75, 0x4b75, 0x4b75, 0x4b75, 0x4b75, 0x4b55, 0x4b75, 0x4b75, 0x4b75, 0x4b54, 
	0x5353, 0x63f5, 0x5bd4, 0x42f1, 0x220e, 0x21ed, 0x324e, 0x4acf, 0x42cf, 0x29ec, 0x1149, 0x08c7, 0x08a7, 0x0887, 0x0086, 0x08a7, 
	0x08a7, 0x0087, 0x08a7, 0x0087, 0x0887, 0x0087, 0x08e8, 0x194a, 0x322d, 0x3a4e, 0x2a0d, 0x198c, 0x21ed, 0x4b32, 0x5bb4, 0x5bb4, 
	0x63d5, 0x63f6, 0x4333, 0x4b94, 0x6c77, 0x53d4, 0x4bf5, 0x6497, 0x7d39, 0x8d9a, 0x74f9, 0x5c57, 0x6cd8, 0x7519, 0x7519, 0x5c36, 
	0x6416, 0x7458, 0x6bf7, 0x6bd6, 0x6bd6, 0x6bd7, 0x63b6, 0x63b6, 0x63b6, 0x63b6, 0x6396, 0x6bd7, 0x6c38, 0x5bd6, 0x53b6, 0x5396, 
	0x53b6, 0x53b6, 0x4b96, 0x53b6, 0x4b75, 0x4b75, 0x4b75, 0x4b75, 0x4b75, 0x4b75, 0x5395, 0x5395, 0x5bb6, 0x7458, 0x7c17, 0x7c17, 
	0x7bf7, 0x7bf7, 0x7bf7, 0x73f7, 0x73d6, 0x73d7, 0x7c38, 0x73f7, 0x73d6, 0x6bb6, 0x6396, 0x6bb6, 0x73f6, 0x73f7, 0x6bd6, 0x63b6, 
	0x63b6, 0x63b6, 0x63d6, 0x63d6, 0x5b95, 0x5395, 0x5b96, 0x5bb6, 0x5b95, 0x5b95, 0x5bb6, 0x63f7, 0x53d6, 0x4395, 0x4b95, 0x53d6, 
	0x6458, 0x4b95, 0x53f6, 0x53d6, 0x53f6, 0x5c17, 0x6c38, 0x6bd6, 0x7c17, 0x7c17, 0x8417, 0x8437, 0x7c37, 0x8437, 0x8437, 0x8437, 
	0x7c17, 0x8437, 0x8417, 0x7c37, 0x7c37, 0x7458, 0x53f7, 0x53f7, 0x4bf7, 0x4bd6, 0x53f7, 0x5417, 0x5417, 0x4bd6, 0x4bb6, 0x4b95, 
	0x5bf6, 0x6c58, 0x7437, 0x7c37, 0x7c37, 0x7c57, 0x7417, 0x73f6, 0x6bf6, 0x7417, 0x7417, 0x6bf6, 0x73f6, 0x7417, 0x7c37, 0x7c17, 
	0x73f6, 0x73f7, 0x7417, 0x73f6, 0x7437, 0x7417, 0x6bf6, 0x7417, 0x7c17, 0x73f6, 0x73f7, 0x7417, 0x63d6, 0x63b5, 0x5b95, 0x6395, 
	0x5354, 0x5354, 0x5b54, 0x6375, 0x6375, 0x5b54, 0x5b54, 0x6374, 0x6375, 0x5b54, 0x5b54, 0x5b54, 0x5b54, 0x6bb6, 0x7bf7, 0x8458, 
	0x8499, 0x8499, 0x7c78, 0x7c58, 0x7c58, 0x7c58, 0x7c58, 0x7c58, 0x7c78, 0x7cb9, 0x84ba, 0x7499, 0x6c77, 0x74d8, 0x84f7, 0x8517, 
	0x8517, 0x8d38, 0x8539, 0x8539, 0x8539, 0x8d5a, 0x7cf9, 0x74d9, 0x74d9, 0x5c16, 0x6457, 0x7478, 0x7417, 0x7c78, 0x8d3a, 0x8d5b, 
	0x855a, 0x7d3a, 0x74d9, 0x6458, 0x6cd9, 0x751a, 0x7d5b, 0x7d5a, 0x6498, 0x6cd9, 0x6498, 0x53f6, 0x63f7, 0x7458, 0x7c37, 0x7c37, 
	0x8437, 0x8417, 0x8437, 0x8438, 0x8437, 0x8417, 0x8437, 0x73f7, 0x63b6, 0x6395, 0x63b6, 0x5b95, 0x5375, 0x4b75, 0x4b75, 0x4b75, 
	0x4b75, 0x4b75, 0x4b75, 0x4b54, 0x4b75, 0x4b75, 0x4b55, 0x5354, 0x5b75, 0x6375, 0x6b75, 0x7bd6, 0x8bf7, 0x83f7, 0x83f7, 0x8417, 
	0x8438, 0x7bf7, 0x7c17, 0x7c17, 0x7c18, 0x6bd7, 0x5b95, 0x5b75, 0x5375, 0x4b55, 0x4b75, 0x4b75, 0x4b75, 0x5375, 0x4b75, 0x4b75, 
	0x4b55, 0x4b75, 0x4b55, 0x5395, 0x5bb6, 0x5b95, 0x5375, 0x4b75, 0x4b75, 0x4b75, 0x4b75, 0x4b75, 0x4375, 0x4375, 0x4b75, 0x4b75, 
	0x4b75, 0x4b75, 0x4b75, 0x4b75, 0x4b95, 0x4375, 0x4375, 0x4b95, 0x4375, 0x4375, 0x4b75, 0x4b75, 0x4375, 0x4b75, 0x4b95, 0x4b54, 
	0x5bb4, 0x4b32, 0x3290, 0x19cd, 0x326f, 0x5b93, 0x5b72, 0x4aef, 0x218a, 0x08e7, 0x08c7, 0x08c7, 0x08a7, 0x08a7, 0x0886, 0x0886, 
	0x0886, 0x08a7, 0x08a7, 0x08a7, 0x08a7, 0x08a7, 0x08c7, 0x08c7, 0x1928, 0x426e, 0x52f0, 0x4af1, 0x29ed, 0x198c, 0x3ab0, 0x4b53, 
	0x4b53, 0x4b53, 0x4333, 0x53b4, 0x853a, 0x53d4, 0x4bd5, 0x7519, 0x9e3d, 0x9e5d, 0x753a, 0x5c57, 0x74f9, 0x859c, 0x8ddc, 0x5c36, 
	0x6c58, 0x7499, 0x7458, 0x7438, 0x7417, 0x7438, 0x7418, 0x7417, 0x7417, 0x7417, 0x7418, 0x7438, 0x6c38, 0x4b95, 0x4b95, 0x3b34, 
	0x4354, 0x4354, 0x4375, 0x4b96, 0x4354, 0x4354, 0x4354, 0x4355, 0x4354, 0x4355, 0x4355, 0x4334, 0x5395, 0x7c79, 0x7c37, 0x8417, 
	0x8417, 0x7bf7, 0x7c17, 0x7bf7, 0x7c17, 0x73f7, 0x7bf7, 0x7c17, 0x7c17, 0x7c37, 0x7417, 0x7c38, 0x7c37, 0x7c17, 0x7c17, 0x7417, 
	0x7c17, 0x7417, 0x7417, 0x7438, 0x6bf7, 0x63b6, 0x63b6, 0x63d6, 0x6c17, 0x7437, 0x7458, 0x7499, 0x53d6, 0x4bb6, 0x53f7, 0x6458, 
	0x7d1b, 0x53d6, 0x5c37, 0x5bf7, 0x6c99, 0x7478, 0x7417, 0x7bd6, 0x8c17, 0x8bf6, 0x8c17, 0x8417, 0x8417, 0x8417, 0x8417, 0x8437, 
	0x8437, 0x8437, 0x8437, 0x8437, 0x8499, 0x7458, 0x53f7, 0x53f7, 0x53f7, 0x5417, 0x5417, 0x5418, 0x5417, 0x53f7, 0x4bd6, 0x4bb6, 
	0x5bf7, 0x6417, 0x6c38, 0x7458, 0x7458, 0x7437, 0x7437, 0x7458, 0x7458, 0x7437, 0x7437, 0x7c17, 0x7bf7, 0x7c17, 0x8437, 0x8437, 
	0x8437, 0x8417, 0x7c17, 0x73f6, 0x7417, 0x6bb5, 0x6395, 0x73d6, 0x7c17, 0x7c16, 0x7bf6, 0x7c17, 0x6bb5, 0x6395, 0x6bd6, 0x7417, 
	0x6bb5, 0x73d6, 0x73b5, 0x73b5, 0x6bb5, 0x6b95, 0x6b95, 0x6b95, 0x73b6, 0x6bb5, 0x6b95, 0x6bb5, 0x73b5, 0x73d6, 0x7c17, 0x7417, 
	0x5395, 0x53b6, 0x5395, 0x5396, 0x53b6, 0x5395, 0x5bd6, 0x53b6, 0x5bf6, 0x5bf6, 0x5c17, 0x6c79, 0x6458, 0x7cf9, 0x7d18, 0x8d79, 
	0x8d59, 0x8519, 0x74d8, 0x95dd, 0x95dd, 0x95dc, 0x95dd, 0x8d9c, 0x74fa, 0x6457, 0x6c78, 0x7478, 0x7417, 0x7c78, 0x6c98, 0x5c57, 
	0x6cb9, 0x6cb8, 0x6cb9, 0x74d9, 0x7d1a, 0x7d19, 0x7d1a, 0x7519, 0x6cd9, 0x6498, 0x5c37, 0x53f6, 0x5bd6, 0x7458, 0x6c17, 0x6bd6, 
	0x6395, 0x5b75, 0x6395, 0x6bf7, 0x7c37, 0x7c37, 0x6bb6, 0x5b95, 0x5395, 0x4b75, 0x4b55, 0x4b75, 0x4355, 0x4b75, 0x4b75, 0x4b75, 
	0x4b95, 0x4b95, 0x4b75, 0x4b75, 0x5375, 0x5b95, 0x5b74, 0x5b95, 0x5b75, 0x6354, 0x7b95, 0x9c38, 0xa458, 0x93f7, 0x83f7, 0x73f7, 
	0x73f7, 0x7417, 0x7417, 0x6bd6, 0x5b75, 0x5355, 0x4b55, 0x4b75, 0x4b55, 0x4b75, 0x4b75, 0x4b75, 0x4b75, 0x4b75, 0x4b75, 0x4b75, 
	0x4b75, 0x4b75, 0x4b75, 0x4b75, 0x4b75, 0x4b55, 0x4b75, 0x4b75, 0x4b75, 0x4b75, 0x4b75, 0x4b75, 0x4b75, 0x4b75, 0x4b75, 0x4b75, 
	0x4b75, 0x4b75, 0x4b75, 0x4b75, 0x4b75, 0x4b95, 0x4b75, 0x4b75, 0x4375, 0x4b75, 0x4b75, 0x4375, 0x4375, 0x4b75, 0x4b33, 0x5374, 
	0x32b0, 0x220e, 0x21ee, 0x3ad1, 0x5331, 0x5b72, 0x42ae, 0x1949, 0x1108, 0x08e7, 0x08c7, 0x08c7, 0x08a7, 0x08a7, 0x08a7, 0x0886, 
	0x0886, 0x08a7, 0x08a7, 0x08a7, 0x08a7, 0x08a7, 0x08a7, 0x08c7, 0x08c7, 0x1929, 0x4a8e, 0x6351, 0x6b94, 0x4290, 0x21ac, 0x2a2f, 
	0x3ab1, 0x3af2, 0x3af2, 0x4b94, 0x53d5, 0x4bb4, 0x4bd5, 0x5437, 0x6498, 0x64b8, 0x5c57, 0x5416, 0x5c37, 0x5c77, 0x5c57, 0x5416, 
	0x6417, 0x7479, 0x6c58, 0x6417, 0x6c17, 0x7438, 0x7c38, 0x7c38, 0x7417, 0x7438, 0x7417, 0x6c38, 0x6438, 0x4b75, 0x4b95, 0x4354, 
	0x4375, 0x4375, 0x4375, 0x4b96, 0x4354, 0x4354, 0x4355, 0x4375, 0x4375, 0x4355, 0x4355, 0x4355, 0x5395, 0x7479, 0x8458, 0x8437, 
	0x8437, 0x8437, 0x8438, 0x8438, 0x8438, 0x8437, 0x8437, 0x8437, 0x8438, 0x8438, 0x7bf7, 0x7c37, 0x8457, 0x7bf6, 0x8417, 0x8438, 
	0x8437, 0x8437, 0x8438, 0x7c37, 0x7c38, 0x7c38, 0x7c37, 0x8438, 0x7c38, 0x7c38, 0x6bf7, 0x6417, 0x5c17, 0x4bb6, 0x53f7, 0x53f7, 
	0x5c17, 0x53d6, 0x53f7, 0x5bf7, 0x63f7, 0x73f7, 0x8c17, 0xa417, 0xb417, 0xb417, 0x93f6, 0x8c17, 0x8c17, 0x8c17, 0x8417, 0x8437, 
	0x8437, 0x8437, 0x8417, 0x8417, 0x7c58, 0x7458, 0x5c17, 0x5417, 0x5c58, 0x5c78, 0x53f7, 0x6458, 0x74fa, 0x4bd6, 0x4bd6, 0x4b95, 
	0x53f7, 0x4bb6, 0x4b75, 0x4b95, 0x4b95, 0x4b95, 0x4b95, 0x4b95, 0x4b95, 0x4b54, 0x6bf6, 0x7c17, 0x7bf7, 0x7bf7, 0x8417, 0x8417, 
	0x8417, 0x8417, 0x7bd6, 0x73d6, 0x7bf6, 0x7c16, 0x7bf6, 0x7bf6, 0x7c16, 0x8417, 0x8437, 0x7c16, 0x7c17, 0x7c17, 0x8417, 0x8417, 
	0x8417, 0x8c37, 0x8c57, 0x8437, 0x8437, 0x8437, 0x8437, 0x8437, 0x8437, 0x8437, 0x8438, 0x8417, 0x8417, 0x8437, 0x8438, 0x7417, 
	0x4b54, 0x4375, 0x4375, 0x4375, 0x4b95, 0x53d6, 0x53d6, 0x5c37, 0x5417, 0x5c37, 0x53f7, 0x6458, 0x5c38, 0x5c16, 0x6436, 0x6435, 
	0x6435, 0x6436, 0x6437, 0x5c37, 0x5c37, 0x6457, 0x6437, 0x6457, 0x6c98, 0x53d5, 0x6417, 0x7478, 0x7417, 0x7438, 0x6437, 0x5417, 
	0x6478, 0x6498, 0x6cb9, 0x7d1a, 0x857b, 0x855b, 0x859c, 0x855b, 0x7d3b, 0x74fa, 0x6478, 0x5c17, 0x5bd6, 0x63d7, 0x5b75, 0x5b54, 
	0x5b75, 0x6395, 0x5b75, 0x5b54, 0x6bb6, 0x73f7, 0x63d6, 0x5355, 0x4b55, 0x4b55, 0x4b55, 0x4b75, 0x4b75, 0x4b75, 0x4b55, 0x4b75, 
	0x4b95, 0x4b75, 0x5375, 0x5375, 0x5b75, 0x73f7, 0x6b95, 0x7c17, 0x8458, 0x7395, 0x8395, 0x93d6, 0x8bb6, 0x8375, 0x6b75, 0x6375, 
	0x5b55, 0x5b55, 0x5b54, 0x5b34, 0x5b54, 0x5354, 0x5355, 0x5375, 0x4b75, 0x4b75, 0x4b75, 0x4b75, 0x4b75, 0x4b75, 0x4b75, 0x4b75, 
	0x4b75, 0x4b75, 0x4b75, 0x4b75, 0x4b75, 0x4b75, 0x4b75, 0x4b75, 0x4b75, 0x4b75, 0x4b75, 0x4b95, 0x4b95, 0x4b75, 0x4b75, 0x4b75, 
	0x4b75, 0x4b95, 0x4b75, 0x4b95, 0x4b75, 0x4b75, 0x4b75, 0x4b75, 0x4b75, 0x4b55, 0x4b55, 0x4b55, 0x4b54, 0x4b34, 0x4b33, 0x3290, 
	0x19cd, 0x220e, 0x4312, 0x4b32, 0x5b72, 0x4aaf, 0x1949, 0x1128, 0x08e7, 0x08c7, 0x08c7, 0x08c7, 0x08c7, 0x08c7, 0x0886, 0x0886, 
	0x0886, 0x0886, 0x08a7, 0x08a7, 0x08a7, 0x08c7, 0x08a7, 0x08a7, 0x08c7, 0x10e7, 0x1948, 0x4aae, 0x6b73, 0x7bf5, 0x52f2, 0x21cd, 
	0x21ee, 0x3290, 0x32b1, 0x4353, 0x4374, 0x4374, 0x4395, 0x4394, 0x43d5, 0x4bf6, 0x5c57, 0x5c78, 0x6498, 0x6478, 0x6478, 0x5416, 
	0x5c17, 0x5bf7, 0x53d6, 0x53b6, 0x5bd6, 0x7438, 0x7438, 0x6bd7, 0x6395, 0x5b75, 0x5b75, 0x5375, 0x5bb6, 0x4b75, 0x4b95, 0x4355, 
	0x4354, 0x4354, 0x4b75, 0x4b96, 0x4354, 0x4354, 0x4355, 0x4375, 0x4354, 0x4b75, 0x4354, 0x4354, 0x53b5, 0x7c99, 0x8458, 0x8437, 
	0x8437, 0x8437, 0x8437, 0x8437, 0x8437, 0x8437, 0x8437, 0x8417, 0x8417, 0x8417, 0x7bd6, 0x8458, 0x94d9, 0x8457, 0x8437, 0x8437, 
	0x8437, 0x8437, 0x7bf6, 0x73d5, 0x73d6, 0x7bf6, 0x8437, 0x8437, 0x8417, 0x73d6, 0x6395, 0x6417, 0x5c37, 0x4bb6, 0x5c17, 0x5c17, 
	0x5c38, 0x53f6, 0x5c17, 0x6438, 0x5bf6, 0x7417, 0x9417, 0xb458, 0xcc79, 0xb3f7, 0x93b6, 0x9438, 0x9458, 0x8c17, 0x83f7, 0x8417, 
	0x83f7, 0x83f7, 0x83f7, 0x7bf7, 0x7417, 0x6c17, 0x53f7, 0x5417, 0x5c37, 0x53f7, 0x53f6, 0x53d6, 0x4bd5, 0x4bd5, 0x4bb6, 0x4b95, 
	0x53f7, 0x4bb6, 0x4395, 0x4b95, 0x4bb5, 0x4bb5, 0x4395, 0x4375, 0x4375, 0x4b75, 0x6bf7, 0x7c38, 0x7c17, 0x7bf6, 0x8417, 0x8417, 
	0x8417, 0x8417, 0x8417, 0x8417, 0x8417, 0x8417, 0x8417, 0x8417, 0x8417, 0x8416, 0x8417, 0x8c58, 0x8417, 0x8437, 0x8417, 0x8417, 
	0x8c37, 0x83f6, 0x8c57, 0x8c57, 0x8c37, 0x8417, 0x8c17, 0x8c17, 0x8417, 0x8417, 0x8c37, 0x8417, 0x8417, 0x8437, 0x8437, 0x7417, 
	0x4b75, 0x4375, 0x4b75, 0x4375, 0x4bb6, 0x5c17, 0x53d6, 0x6c99, 0x5c37, 0x5c37, 0x5c17, 0x6458, 0x5c38, 0x53f6, 0x53f6, 0x5c16, 
	0x5c16, 0x5c37, 0x5c37, 0x5c37, 0x5c37, 0x5c37, 0x5c37, 0x5c57, 0x6478, 0x53d5, 0x5c17, 0x7458, 0x73f7, 0x7437, 0x7cd9, 0x6478, 
	0x5c57, 0x6499, 0x7d3a, 0x7d1a, 0x7d3a, 0x74d9, 0x5c37, 0x5417, 0x53d6, 0x53f6, 0x4bd6, 0x4b95, 0x5bb6, 0x6bf7, 0x6bd6, 0x73d6, 
	0x7bf7, 0x7bf7, 0x7bd7, 0x73b6, 0x6bb6, 0x6bb6, 0x63b6, 0x5bb6, 0x5bb6, 0x5bb6, 0x5bb6, 0x5396, 0x5395, 0x4b75, 0x5395, 0x5395, 
	0x4b75, 0x5375, 0x5b96, 0x6395, 0x7bb6, 0x8bd6, 0x93d6, 0x9417, 0xa4ba, 0x8c38, 0x9418, 0x8bf7, 0x7bb6, 0x7395, 0x6395, 0x6395, 
	0x6395, 0x6bb6, 0x6b75, 0x7375, 0x6b34, 0x6b34, 0x6354, 0x5334, 0x5355, 0x5375, 0x5375, 0x4b54, 0x4b55, 0x4b75, 0x4b55, 0x4b55, 
	0x4b55, 0x4b55, 0x4b75, 0x4b55, 0x4b55, 0x4b55, 0x4b54, 0x4b55, 0x4b75, 0x4b55, 0x4b75, 0x4b55, 0x4b75, 0x4b75, 0x4b55, 0x4b55, 
	0x4b75, 0x4b75, 0x4b75, 0x4b75, 0x4b75, 0x4b75, 0x4b75, 0x5375, 0x5354, 0x5b75, 0x5355, 0x5b95, 0x5b95, 0x42d2, 0x3270, 0x19cd, 
	0x222f, 0x4312, 0x5373, 0x5b92, 0x4b10, 0x1969, 0x1149, 0x0908, 0x08e8, 0x08c7, 0x08c7, 0x08c7, 0x08c7, 0x08a7, 0x0886, 0x08a7, 
	0x0886, 0x0886, 0x08a7, 0x08c7, 0x08c7, 0x08c7, 0x08c7, 0x08c7, 0x08a7, 0x08e7, 0x10e7, 0x218a, 0x5af0, 0x73b4, 0x8437, 0x52f2, 
	0x21ad, 0x220e, 0x3270, 0x3af1, 0x53d5, 0x4374, 0x4394, 0x4395, 0x4bd6, 0x5416, 0x6cd9, 0x7d5a, 0x8dbc, 0x7d5a, 0x857b, 0x5c37, 
	0x5c17, 0x53f7, 0x53d6, 0x53b6, 0x53d6, 0x5bd7, 0x5bd7, 0x5bd6, 0x5375, 0x4b54, 0x5354, 0x4b54, 0x53b6, 0x4b95, 0x4bb6, 0x4355, 
	0x6417, 0x5bf6, 0x4b75, 0x4b96, 0x4355, 0x4375, 0x4375, 0x53b6, 0x6c78, 0x53b5, 0x5bf6, 0x63f6, 0x5bb6, 0x7c78, 0x8458, 0x8437, 
	0x8417, 0x8417, 0x8417, 0x8417, 0x8417, 0x8417, 0x8417, 0x8417, 0x8417, 0x8417, 0x7bf6, 0x73d6, 0x7c17, 0x8457, 0x8417, 0x8417, 
	0x8436, 0x8c77, 0x8c36, 0x7bf5, 0x9498, 0x8416, 0x8437, 0x8c58, 0x8417, 0x8417, 0x7c37, 0x7c78, 0x6417, 0x53d6, 0x5c37, 0x5c37, 
	0x5c58, 0x5417, 0x53f6, 0x74b9, 0x7d1a, 0x7437, 0x8c37, 0xac99, 0xa417, 0xac38, 0x9c17, 0x8c17, 0x8bf7, 0x8bf7, 0x83f6, 0x83f6, 
	0x83f7, 0x83f7, 0x83f7, 0x8417, 0x7c37, 0x7458, 0x53f7, 0x5417, 0x5c58, 0x53f6, 0x53f6, 0x53d6, 0x53d5, 0x53d5, 0x4bb5, 0x4b95, 
	0x5417, 0x4bb6, 0x4b96, 0x4b95, 0x4374, 0x4bb5, 0x4395, 0x4b95, 0x4395, 0x4b75, 0x6c17, 0x7c37, 0x7bf7, 0x83f6, 0x83f7, 0x8417, 
	0x8417, 0x8416, 0x8416, 0x8416, 0x8417, 0x8417, 0x8417, 0x8417, 0x8417, 0x7c16, 0x7c37, 0x8478, 0x73f6, 0x7bf6, 0x8417, 0x8417, 
	0x8c37, 0x83f5, 0x8c57, 0x8c36, 0x8c37, 0x8c17, 0x8c17, 0x8c17, 0x8c17, 0x8c17, 0x8c17, 0x8c37, 0x8c17, 0x8417, 0x8438, 0x7417, 
	0x4b54, 0x53f7, 0x53d6, 0x5c38, 0x4bb5, 0x53b6, 0x5bf7, 0x53d6, 0x6cb9, 0x7d1a, 0x6478, 0x5c38, 0x5c37, 0x53d6, 0x5c17, 0x6478, 
	0x6478, 0x5c17, 0x5c58, 0x6458, 0x6479, 0x6cb9, 0x5c58, 0x5c58, 0x6478, 0x5bf6, 0x5bf6, 0x7478, 0x7417, 0x7417, 0x7498, 0x5c37, 
	0x5417, 0x5c58, 0x6cb9, 0x6cb8, 0x6cb8, 0x6478, 0x5417, 0x53d7, 0x4bd6, 0x53f7, 0x4bd6, 0x4b95, 0x5bb6, 0x7417, 0x73f7, 0x8417, 
	0x8c17, 0x8c17, 0x8417, 0x7bd6, 0x73d6, 0x6bb6, 0x63b6, 0x6395, 0x6375, 0x6395, 0x5b75, 0x5b75, 0x5375, 0x5375, 0x5b95, 0x5b95, 
	0x5375, 0x5355, 0x6395, 0x6b75, 0x8bd6, 0x9c18, 0xac59, 0xb4ba, 0x9c78, 0x8c38, 0x8c58, 0x8438, 0x73f7, 0x6bd6, 0x6bf7, 0x63d6, 
	0x6bf7, 0x8458, 0x9479, 0x9c79, 0x9c58, 0x9438, 0x7bd6, 0x73b6, 0x63b6, 0x63b6, 0x5b95, 0x5b95, 0x5b95, 0x5b95, 0x5bb6, 0x5bb6, 
	0x5bb6, 0x5bb6, 0x5b96, 0x5b96, 0x5bb6, 0x5bb6, 0x5bb6, 0x63d6, 0x63d6, 0x5bb6, 0x63b6, 0x63d6, 0x63d6, 0x63b6, 0x63b6, 0x5bb6, 
	0x5b96, 0x5b95, 0x5375, 0x5395, 0x5375, 0x5395, 0x5b96, 0x63f7, 0x6bf7, 0x6bf7, 0x5b95, 0x5b95, 0x5354, 0x322f, 0x21ee, 0x220e, 
	0x3b12, 0x5394, 0x5b72, 0x63b3, 0x29cb, 0x1149, 0x1129, 0x08e8, 0x08e8, 0x08c8, 0x08c7, 0x08a7, 0x08a7, 0x08a6, 0x08a7, 0x08a7, 
	0x08a7, 0x0886, 0x08a7, 0x08c7, 0x08c7, 0x08c7, 0x08c7, 0x08e7, 0x08c7, 0x08a7, 0x1108, 0x1108, 0x3a0c, 0x6b72, 0x7c16, 0x8458, 
	0x4b12, 0x19ad, 0x2a2f, 0x2a70, 0x4353, 0x4374, 0x4394, 0x4394, 0x4bb5, 0x53f6, 0x6497, 0x74d8, 0x74f8, 0x74d8, 0x6cb8, 0x5c16, 
	0x5417, 0x5417, 0x53d6, 0x53d6, 0x4b96, 0x53f7, 0x5c17, 0x5c17, 0x63d7, 0x63b6, 0x6c17, 0x7c99, 0x63f7, 0x4b75, 0x4bb6, 0x4354, 
	0x6c78, 0x6437, 0x4b95, 0x4bb6, 0x4354, 0x4bb6, 0x4b95, 0x5bf7, 0x8d9d, 0x53b5, 0x6c78, 0x7cda, 0x5bb5, 0x7c78, 0x8458, 0x8437, 
	0x8417, 0x8417, 0x8417, 0x8417, 0x8417, 0x8417, 0x8417, 0x8417, 0x8c17, 0x8417, 0x8417, 0x8478, 0x8458, 0x7bf6, 0x83f7, 0x8417, 
	0x8c77, 0xa519, 0xa519, 0xa53a, 0x9498, 0x8c57, 0x8c78, 0x8c57, 0x8417, 0x8417, 0x8437, 0x7c58, 0x6417, 0x53f6, 0x5c17, 0x5c37, 
	0x5c37, 0x5417, 0x53f6, 0x6478, 0x6cb8, 0x6c16, 0x7bf6, 0x9417, 0x7b75, 0x8bf7, 0x8bf7, 0x8bf7, 0x8bf7, 0x83f7, 0x83f7, 0x83f7, 
	0x83f7, 0x8417, 0x83f7, 0x8417, 0x8438, 0x7458, 0x53d6, 0x5417, 0x5417, 0x5417, 0x53f6, 0x6478, 0x74da, 0x53d6, 0x5c37, 0x5c17, 
	0x53f7, 0x4bd6, 0x4b95, 0x5c38, 0x7d3c, 0x5417, 0x6c99, 0x53d6, 0x4bb5, 0x4b75, 0x6bf7, 0x7c17, 0x83f7, 0x83f7, 0x83f7, 0x83f6, 
	0x83f6, 0x83f6, 0x83f6, 0x83f6, 0x7c17, 0x73d6, 0x73d6, 0x73d6, 0x7bf6, 0x73d6, 0x73d5, 0x73d5, 0x6b95, 0x7c17, 0x7c17, 0x7c17, 
	0x7bd5, 0x83f5, 0x83f5, 0x83f5, 0x8c16, 0x8c16, 0x8c17, 0x8c17, 0x8c16, 0x83f6, 0x7bd5, 0x7bd5, 0x83f6, 0x83f7, 0x7bf7, 0x6bf7, 
	0x4b75, 0x53d6, 0x53d6, 0x5c17, 0x53d6, 0x5bf7, 0x6437, 0x5bd6, 0x74b9, 0x7cfa, 0x6478, 0x5c37, 0x5417, 0x53d6, 0x53f7, 0x5c37, 
	0x6458, 0x5c37, 0x5c37, 0x6458, 0x6499, 0x6c99, 0x5c37, 0x5c38, 0x6458, 0x6437, 0x5bd6, 0x7458, 0x7417, 0x73f7, 0x5bd6, 0x4bb6, 
	0x4bd6, 0x4bd6, 0x4bd6, 0x4bd6, 0x53d6, 0x4bb6, 0x4bb6, 0x4b96, 0x4bb6, 0x4bd6, 0x4bd6, 0x4b75, 0x5bb6, 0x7c38, 0x7bf6, 0x83f7, 
	0x8c17, 0x8c17, 0x8c17, 0x83d6, 0x7bf6, 0x73d6, 0x73b6, 0x6bb5, 0x6b95, 0x73b6, 0x73d6, 0x73d6, 0x73d6, 0x6bb6, 0x6b95, 0x6b95, 
	0x6395, 0x6b95, 0x6b95, 0x7375, 0x8bb6, 0x9c37, 0x9c38, 0x83b6, 0x7bb6, 0x6bb6, 0x63b6, 0x63b6, 0x5bd6, 0x5bb6, 0x5bd6, 0x5bd6, 
	0x5bd6, 0x6bd6, 0x7bf7, 0x9418, 0x9bf8, 0x93d7, 0x8bf7, 0x8417, 0x7bf7, 0x73f7, 0x73b6, 0x73b6, 0x73b6, 0x73d6, 0x73d6, 0x6bd6, 
	0x63b6, 0x6bb6, 0x73d6, 0x7bf7, 0x7bf7, 0x7c17, 0x7c17, 0x7c38, 0x7438, 0x7c38, 0x7c38, 0x7c58, 0x8458, 0x8438, 0x8438, 0x8438, 
	0x8438, 0x7c38, 0x7417, 0x6bf7, 0x73f7, 0x7438, 0x6c17, 0x7437, 0x7c58, 0x6bf7, 0x5395, 0x5395, 0x3ab1, 0x21ee, 0x19ee, 0x3af2, 
	0x5395, 0x5394, 0x7414, 0x42ae, 0x1128, 0x1169, 0x0908, 0x08e8, 0x08e8, 0x08c8, 0x08c8, 0x08c7, 0x08a7, 0x08a7, 0x08a7, 0x08a7, 
	0x08a7, 0x08a7, 0x08a7, 0x08c7, 0x08c7, 0x08c7, 0x08c7, 0x08c7, 0x08e7, 0x08c7, 0x08e7, 0x1108, 0x1948, 0x4acf, 0x5b52, 0x5b74, 
	0x5b94, 0x2a4f, 0x19cd, 0x222e, 0x2a6f, 0x4373, 0x4bb4, 0x4bb4, 0x4bd4, 0x5c35, 0x6456, 0x6456, 0x6456, 0x6456, 0x6436, 0x5c16, 
	0x5c37, 0x5c37, 0x53f7, 0x53d6, 0x53f7, 0x5bf7, 0x53d6, 0x5bd6, 0x7438, 0x8437, 0x8437, 0x8499, 0x6c37, 0x4b75, 0x4b96, 0x4b75, 
	0x53d6, 0x53b6, 0x4bb6, 0x4bb6, 0x4375, 0x4bb6, 0x4bb6, 0x53d6, 0x5c37, 0x53d6, 0x5bf7, 0x53d6, 0x5bd6, 0x7c79, 0x8478, 0x8438, 
	0x8437, 0x7c17, 0x7c38, 0x8438, 0x8417, 0x8437, 0x8437, 0x8c37, 0x8c17, 0x8417, 0x7bf6, 0x8437, 0x8457, 0x8437, 0x8417, 0x8417, 
	0x8c57, 0x94b8, 0x94b8, 0x8c77, 0x73d5, 0x8436, 0x8437, 0x8416, 0x8417, 0x8417, 0x8437, 0x7c58, 0x63f7, 0x53f6, 0x851a, 0x855b, 
	0x7cfa, 0x5c17, 0x5c17, 0x5c57, 0x5c37, 0x63f6, 0x7c17, 0x8437, 0x7395, 0x8417, 0x8bf7, 0x8bf7, 0x8bf7, 0x8bf7, 0x8bf7, 0x8bf7, 
	0x83f7, 0x83f7, 0x83f7, 0x83f7, 0x8437, 0x7437, 0x53d6, 0x5417, 0x5417, 0x5417, 0x5417, 0x5c58, 0x6458, 0x53f6, 0x5c17, 0x53f7, 
	0x53f7, 0x4bd6, 0x4bd6, 0x5417, 0x6479, 0x53f6, 0x6457, 0x5c16, 0x4bd6, 0x4b75, 0x6bd6, 0x7c17, 0x83f7, 0x8bf7, 0x83f7, 0x83f7, 
	0x83f6, 0x83f7, 0x83f7, 0x83f7, 0x73f6, 0x5b74, 0x5354, 0x5b74, 0x73d6, 0x73d5, 0x94d9, 0x94d9, 0x73d5, 0x8478, 0x73f6, 0x5b74, 
	0x9477, 0x9cf9, 0xa53a, 0x8c36, 0x8c16, 0x9417, 0x9417, 0x8c17, 0x8c17, 0x8c17, 0x8c17, 0x8c17, 0x8c17, 0x8c17, 0x8458, 0x7417, 
	0x5395, 0x53b6, 0x5c17, 0x6437, 0x6458, 0x53f6, 0x7cfa, 0x6457, 0x74b9, 0x5c16, 0x5bf6, 0x6438, 0x5c17, 0x53d6, 0x53d6, 0x5bf7, 
	0x5c17, 0x6cb9, 0x74fa, 0x5c37, 0x5c37, 0x5c37, 0x5c37, 0x5c37, 0x5c17, 0x53d6, 0x5bd6, 0x6c37, 0x7417, 0x73f7, 0x5bd6, 0x4b96, 
	0x4bb6, 0x4bb6, 0x4bb6, 0x4bb6, 0x4bb6, 0x53d6, 0x4bb6, 0x53d6, 0x4bd6, 0x53f7, 0x53d6, 0x4b75, 0x5b95, 0x8458, 0x8c37, 0x8c17, 
	0x8c17, 0x9417, 0x8c17, 0x8c17, 0x8c37, 0x8c37, 0x8c37, 0x8c17, 0x8c37, 0x8c37, 0x8c37, 0x8c37, 0x8c37, 0x8c37, 0x8c37, 0x8c37, 
	0x8c37, 0x8c37, 0x8c38, 0x8c37, 0x93f7, 0x9417, 0x8c17, 0x7396, 0x6bb6, 0x63b6, 0x5bd6, 0x5bd7, 0x5bf7, 0x5bf7, 0x53d6, 0x5bf7, 
	0x5bd6, 0x63d6, 0x6b96, 0x7bd6, 0x83b6, 0x8bd7, 0x8c38, 0x8c79, 0x7c38, 0x7c38, 0x8438, 0x8c58, 0x8c38, 0x9458, 0x7bf6, 0x73d6, 
	0x73b6, 0x73b6, 0x8c17, 0x8c37, 0x8c17, 0x8c37, 0x8458, 0x7c17, 0x7417, 0x7c38, 0x7c38, 0x8458, 0x8c99, 0x8c99, 0x8c79, 0x8c78, 
	0x8c78, 0x8c79, 0x8458, 0x7c58, 0x8478, 0x73f7, 0x6bd6, 0x63b6, 0x63b5, 0x5b95, 0x5395, 0x4354, 0x222f, 0x19cd, 0x2a70, 0x5bf6, 
	0x6416, 0x6415, 0x63b2, 0x29eb, 0x1148, 0x1149, 0x0908, 0x08e8, 0x08e8, 0x08e8, 0x08e8, 0x08e8, 0x08a7, 0x08a7, 0x08c7, 0x08c7, 
	0x08a7, 0x08c7, 0x08c7, 0x08c7, 0x08e8, 0x08e8, 0x08c8, 0x08c8, 0x08c7, 0x08c7, 0x08c7, 0x1108, 0x1107, 0x322c, 0x5311, 0x42f1, 
	0x42f2, 0x3af2, 0x21ee, 0x19ed, 0x220e, 0x3af1, 0x53b4, 0x6cb8, 0x95dc, 0x8d9b, 0x853a, 0x8dbb, 0x6477, 0x74f9, 0x95bc, 0x5c36, 
	0x6458, 0x5c38, 0x5c17, 0x53f7, 0x5c17, 0x5bf7, 0x4b96, 0x5bb6, 0x8458, 0x8c57, 0x83f6, 0x7c16, 0x7458, 0x5395, 0x53b6, 0x4b95, 
	0x53b6, 0x53b6, 0x4bb6, 0x53b6, 0x4b95, 0x4bb5, 0x53b6, 0x53d6, 0x5bf6, 0x5bf6, 0x5bf6, 0x53b5, 0x5bd6, 0x7438, 0x8438, 0x8c38, 
	0x6b95, 0x6374, 0x6b95, 0x6b95, 0x73b6, 0x7bd6, 0x83f7, 0x8c17, 0x8c17, 0x8c17, 0x7bf6, 0x7c17, 0x7bf6, 0x7bf6, 0x83f6, 0x8417, 
	0x7bf6, 0x7bf5, 0x73d5, 0x8416, 0x7c16, 0x9498, 0x8c57, 0x7bf6, 0x8c17, 0x8c17, 0x8c37, 0x8458, 0x63f7, 0x5bf6, 0x6c78, 0x7498, 
	0x6c98, 0x5c17, 0x5c17, 0x6458, 0x5c37, 0x5bd6, 0x7c17, 0x8438, 0x6b75, 0x8437, 0x8c17, 0x8bf7, 0x9458, 0x8c17, 0x8c17, 0x8c17, 
	0x8c17, 0x8c17, 0x8bf7, 0x83f7, 0x8417, 0x7417, 0x53d6, 0x5417, 0x5417, 0x5c37, 0x5c57, 0x5c57, 0x5c16, 0x53f6, 0x53d6, 0x4bb6, 
	0x5417, 0x4bd6, 0x4bb5, 0x53d6, 0x53f7, 0x5417, 0x7cfa, 0x855b, 0x5c38, 0x4b75, 0x6bf7, 0x8438, 0x8417, 0x8c17, 0x8c17, 0x8c17, 
	0x8417, 0x8417, 0x83f7, 0x7c17, 0x6bd6, 0x5374, 0x5354, 0x5354, 0x73f6, 0x8c98, 0x9498, 0x7c16, 0x73f6, 0x6bd6, 0x63b6, 0x5374, 
	0x8416, 0x8c57, 0x7bf6, 0x8416, 0x8c17, 0x9417, 0x9417, 0x9417, 0x9417, 0x9417, 0x9417, 0x9417, 0x9417, 0x8c37, 0x8c58, 0x7c37, 
	0x63d5, 0x6436, 0x6416, 0x6437, 0x6457, 0x6437, 0x74b9, 0x6437, 0x6c78, 0x5bf6, 0x53d6, 0x5c18, 0x5c17, 0x53d6, 0x53d6, 0x5c16, 
	0x5c37, 0x7cf9, 0x857b, 0x6477, 0x6457, 0x5c36, 0x5c16, 0x5c36, 0x5c37, 0x5bf6, 0x5bf6, 0x7437, 0x73f7, 0x73f7, 0x5bd6, 0x4b95, 
	0x4bb6, 0x4bb6, 0x4bb6, 0x4bb6, 0x4bb5, 0x5c17, 0x53f7, 0x6478, 0x5c16, 0x5c37, 0x53d6, 0x4b75, 0x6395, 0x8458, 0x8c37, 0x9417, 
	0x9417, 0x9417, 0x9417, 0x9437, 0x9437, 0x9437, 0x9417, 0x9417, 0x9417, 0x9417, 0x9437, 0x9437, 0x9417, 0x9417, 0x9417, 0x9437, 
	0x9437, 0x9437, 0x9417, 0x9c38, 0x8bf7, 0x8c17, 0x8437, 0x6bd6, 0x63f6, 0x63f7, 0x5c17, 0x5c37, 0x5c37, 0x5c38, 0x5c18, 0x5c17, 
	0x5c17, 0x5bf7, 0x63d6, 0x6bd6, 0x73f7, 0x7c17, 0x6bf6, 0x6bf7, 0x6c37, 0x6c17, 0x5b95, 0x73d6, 0x9458, 0x9437, 0x9437, 0x9437, 
	0x9437, 0x9458, 0x9437, 0x9417, 0x9437, 0x8c58, 0x8499, 0x84b9, 0x8499, 0x84b9, 0x8cda, 0x8cda, 0x84b9, 0x8499, 0x8499, 0x8499, 
	0x84b9, 0x84b9, 0x8499, 0x8499, 0x8499, 0x7c78, 0x7c79, 0x8499, 0x84b9, 0x7437, 0x53b5, 0x32b2, 0x222f, 0x19ee, 0x4312, 0x6c57, 
	0x7476, 0x6c14, 0x3a8d, 0x19aa, 0x1149, 0x0928, 0x0929, 0x0908, 0x08e8, 0x08e8, 0x08e8, 0x08e8, 0x08c8, 0x08a7, 0x08c8, 0x08c7, 
	0x08c8, 0x08e8, 0x08a7, 0x08c7, 0x08e8, 0x08c8, 0x08e8, 0x08e8, 0x08e8, 0x08e8, 0x08c7, 0x08e7, 0x1108, 0x1949, 0x5b30, 0x4ad0, 
	0x42f1, 0x4353, 0x3290, 0x19cd, 0x1a0d, 0x2a6f, 0x53b4, 0x6c98, 0x8d9b, 0x855a, 0x7d3a, 0x857b, 0x6c98, 0x751a, 0x859b, 0x6457, 
	0x6458, 0x5c38, 0x6478, 0x5c38, 0x6458, 0x5c17, 0x4b96, 0x5395, 0x8c99, 0x8c78, 0x9cb8, 0xad7b, 0x8cfa, 0x5375, 0x53b6, 0x4b75, 
	0x74b9, 0x6c58, 0x4b95, 0x53d6, 0x4354, 0x8d7c, 0x7499, 0x5c17, 0x959c, 0x6436, 0x7cd9, 0x853b, 0x5bd6, 0x6c37, 0x73b6, 0x7bb6, 
	0x7395, 0x6b74, 0x6354, 0x6374, 0x6354, 0x6b54, 0x7bb5, 0x8c17, 0x8c17, 0x83f6, 0x7bf6, 0x8c78, 0x7bf6, 0x7c16, 0x83f6, 0x8417, 
	0x7bf6, 0x7c16, 0x8436, 0x8416, 0x8437, 0x7bf6, 0x7bd6, 0x83f6, 0x8c37, 0x8c17, 0x8c37, 0x8437, 0x63f7, 0x5c17, 0x7cfa, 0x7cfa, 
	0x857c, 0x6c78, 0x53f6, 0x7d1b, 0x6c99, 0x6417, 0x7c17, 0x8c58, 0x6b75, 0x8417, 0x8c17, 0x9417, 0x8bf7, 0x8c17, 0x8c17, 0x8c17, 
	0x8c17, 0x8c17, 0x8c17, 0x8c17, 0x8c38, 0x7417, 0x53b6, 0x5437, 0x6498, 0x6cd9, 0x74f9, 0x74d8, 0x6cb8, 0x74b8, 0x6457, 0x53d6, 
	0x5c17, 0x53d6, 0x5c17, 0x5c17, 0x53d6, 0x53f7, 0x5c17, 0x5c17, 0x53d6, 0x4b75, 0x63b6, 0x73f7, 0x7bf6, 0x8417, 0x8417, 0x6b95, 
	0x6b95, 0x6b95, 0x6354, 0x6375, 0x5354, 0x5334, 0x4b34, 0x5354, 0x73d6, 0x7bf6, 0x7bf6, 0x73f6, 0x6bf6, 0x5b95, 0x5395, 0x5396, 
	0x7bd5, 0x7bd5, 0x7bf5, 0x83d5, 0x9437, 0x9416, 0x9c16, 0x9416, 0x9c16, 0x9c37, 0x9416, 0x9416, 0x9416, 0x9437, 0x8c58, 0x7c37, 
	0x84b9, 0x8d7b, 0x7478, 0x74b9, 0x853a, 0x7cd9, 0x7499, 0x6437, 0x6417, 0x6437, 0x5bf7, 0x5c17, 0x5bf7, 0x53d6, 0x53f6, 0x5c37, 
	0x74d9, 0x7d19, 0x8d7b, 0x8539, 0x7d19, 0x855b, 0x95dd, 0x7cf9, 0x6478, 0x5bf6, 0x63f6, 0x7c58, 0x7c17, 0x73f7, 0x63f7, 0x4bb6, 
	0x53b6, 0x4bb6, 0x53f7, 0x5bf7, 0x6458, 0x6458, 0x5c17, 0x53d6, 0x5c16, 0x6c78, 0x5c17, 0x53b5, 0x63b6, 0x8c58, 0x9437, 0x9c17, 
	0x9c17, 0x9c17, 0x9c17, 0x9c17, 0x9c37, 0x9c17, 0x9c17, 0x9c17, 0x9c17, 0x9c17, 0x9c37, 0x9c37, 0x9c17, 0x9c17, 0x9c17, 0x9c17, 
	0x9c17, 0x9c17, 0x9c17, 0x9c37, 0x8bf6, 0x83f7, 0x7c37, 0x6bf6, 0x5bf6, 0x6437, 0x74b9, 0x74da, 0x74d9, 0x6cb9, 0x6458, 0x6458, 
	0x5c17, 0x5bf7, 0x5bd6, 0x5bb6, 0x6bf7, 0x6c17, 0x63f6, 0x7498, 0x7cfa, 0x7cfa, 0x5bb5, 0x6bd7, 0x9458, 0x9417, 0x9437, 0x9c78, 
	0x9c78, 0x9417, 0x9c37, 0x9c37, 0x9c37, 0x9458, 0x6bd6, 0x5b95, 0x5bb5, 0x5bb5, 0x5bb5, 0x5bd5, 0x5bb5, 0x5bb5, 0x5bb5, 0x5bb5, 
	0x63d5, 0x63d5, 0x5bb5, 0x63b5, 0x5bb5, 0x5bb5, 0x5b95, 0x63b5, 0x63d6, 0x63f6, 0x5395, 0x2a91, 0x19ce, 0x2a4f, 0x6c78, 0x74b8, 
	0x7434, 0x4b0f, 0x19aa, 0x198a, 0x1148, 0x0928, 0x0929, 0x0929, 0x0909, 0x0929, 0x0929, 0x1129, 0x08e8, 0x08c7, 0x08c8, 0x08e8, 
	0x0909, 0x08e8, 0x08c7, 0x08c8, 0x08e8, 0x08e8, 0x0909, 0x0909, 0x0908, 0x08e8, 0x08c7, 0x08e7, 0x0908, 0x08e7, 0x4aae, 0x5310, 
	0x42f1, 0x4b74, 0x4353, 0x1a0e, 0x19ed, 0x222e, 0x4373, 0x53d4, 0x5bf4, 0x6c76, 0x6c76, 0x6c76, 0x6c77, 0x6456, 0x6436, 0x6436, 
	0x6457, 0x6458, 0x5bf7, 0x53d6, 0x53d6, 0x6417, 0x6418, 0x6c58, 0x73f7, 0x8437, 0x9cb8, 0x9cf9, 0x7c78, 0x5375, 0x53b6, 0x4b75, 
	0x6c58, 0x6417, 0x4b95, 0x53d6, 0x4b74, 0x7d1a, 0x6c78, 0x5c16, 0x8d5b, 0x6416, 0x7478, 0x7cd9, 0x53b5, 0x7c79, 0x8c79, 0x9458, 
	0x8c38, 0x8c58, 0x9cda, 0x7bf6, 0x8438, 0x8438, 0x8c38, 0x9437, 0x9437, 0x8c17, 0x7bd6, 0x73b5, 0x73d6, 0x73d5, 0x83f7, 0x8c37, 
	0x8416, 0x8457, 0x8c78, 0x8c98, 0x8457, 0x7bf6, 0x7bf6, 0x83f6, 0x9437, 0x9437, 0x9437, 0x8437, 0x63f6, 0x5c17, 0x6c78, 0x6c78, 
	0x6c78, 0x5c17, 0x5c17, 0x5c37, 0x5c37, 0x63f6, 0x7c17, 0x8c58, 0x6374, 0x7c17, 0x8c37, 0x9417, 0x8c17, 0x8c17, 0x8c17, 0x8c37, 
	0x8c37, 0x8c37, 0x8c17, 0x8c37, 0x8c38, 0x7c17, 0x5bd6, 0x5417, 0x74d9, 0x7d1a, 0x7d3a, 0x7d3a, 0x7d19, 0x853a, 0x6c98, 0x4bb5, 
	0x5c17, 0x53d6, 0x6c78, 0x6437, 0x4b95, 0x4bb6, 0x4bb6, 0x4b95, 0x4b95, 0x4b75, 0x5b95, 0x73d6, 0x7bd6, 0x8417, 0x7c17, 0x73b5, 
	0x6bb5, 0x6b95, 0x63b5, 0x63b5, 0x63b5, 0x63b5, 0x6395, 0x63b5, 0x73f6, 0x73d6, 0x7bf6, 0x73f6, 0x63d6, 0x5395, 0x4b95, 0x4b96, 
	0x83f5, 0x8c36, 0x83f4, 0xa4b8, 0x9c57, 0xa457, 0x9c16, 0xa477, 0xa456, 0x9c36, 0x9c36, 0xa477, 0x9c77, 0x9c98, 0x9478, 0x7c17, 
	0x6c37, 0x6c78, 0x6417, 0x6437, 0x6457, 0x6437, 0x6417, 0x5bd6, 0x5bd6, 0x5bd6, 0x5bd6, 0x5c17, 0x5bf6, 0x5bf6, 0x5c16, 0x6436, 
	0x6c98, 0x74d8, 0x84f9, 0x7cd8, 0x74b8, 0x7cf9, 0x853a, 0x7498, 0x6437, 0x5bd5, 0x63d6, 0x7c78, 0x7c17, 0x7417, 0x63f6, 0x53d6, 
	0x53f6, 0x53f6, 0x5c17, 0x6437, 0x7cfa, 0x74d9, 0x6417, 0x53d6, 0x6c78, 0x855b, 0x6cb9, 0x5bd6, 0x6bd6, 0x8c58, 0x9c37, 0x9c37, 
	0x9c17, 0x9c17, 0x9c17, 0x9c37, 0x9c37, 0x9c37, 0x9c17, 0x9c17, 0x9c17, 0x9c37, 0x9c37, 0x9c37, 0x9c17, 0x9c17, 0x9c37, 0xa437, 
	0x9c37, 0x9c37, 0x9c37, 0x9c37, 0x8bf6, 0x7c17, 0x7c58, 0x6c78, 0x6437, 0x6c78, 0x8d7c, 0x95bc, 0x8d9c, 0x855b, 0x6478, 0x6458, 
	0x6438, 0x6437, 0x5bf7, 0x5bd6, 0x6417, 0x63f6, 0x6417, 0x74b9, 0x7cb9, 0x7cd9, 0x5bb6, 0x6bf7, 0x9478, 0x8c16, 0xa4d8, 0xb57b, 
	0xa4d9, 0x8bf6, 0x9c37, 0x9c37, 0x9c37, 0x8c57, 0x5b94, 0x4333, 0x4b53, 0x4b54, 0x4b74, 0x4b94, 0x4b74, 0x4b54, 0x4b53, 0x4b33, 
	0x4b54, 0x4b33, 0x4b33, 0x4b53, 0x4b53, 0x4b33, 0x4b33, 0x4b54, 0x42f2, 0x4b74, 0x4333, 0x3291, 0x19ee, 0x3af2, 0x6437, 0x6c57, 
	0x7454, 0x2a2b, 0x1989, 0x1169, 0x1149, 0x0928, 0x1149, 0x114a, 0x0949, 0x094a, 0x114a, 0x114a, 0x0909, 0x08c8, 0x08e8, 0x08e8, 
	0x08e9, 0x08e8, 0x08c8, 0x08c8, 0x0909, 0x0909, 0x0929, 0x0929, 0x1129, 0x08e8, 0x08c7, 0x08c7, 0x08e8, 0x08e7, 0x3a2b, 0x5b71, 
	0x5b93, 0x5bd5, 0x4b94, 0x2a70, 0x19ed, 0x220e, 0x3af2, 0x6415, 0x84d7, 0x9d78, 0x9d78, 0x9d58, 0x8d38, 0x8d59, 0x8d39, 0x7cd8, 
	0x6c78, 0x6437, 0x5bf7, 0x6417, 0x6417, 0x6c58, 0x6418, 0x6c18, 0x73f7, 0x7bf7, 0x7bd6, 0x73d6, 0x6bf7, 0x5395, 0x4b95, 0x4b75, 
	0x4b95, 0x4b75, 0x4b96, 0x53b6, 0x53b5, 0x4b95, 0x53b5, 0x53d6, 0x53b5, 0x5395, 0x5395, 0x4b74, 0x5b95, 0x8479, 0x9479, 0x9c58, 
	0x9437, 0x9c98, 0xa51a, 0x7bd5, 0x8c58, 0x8417, 0x8c17, 0x9c58, 0x9c57, 0x9437, 0x83f6, 0x7bf6, 0x7c16, 0x8417, 0x8c17, 0x9437, 
	0x7bf6, 0x7bf6, 0x7bf6, 0x7c17, 0x7c16, 0x7bf6, 0x7bf6, 0x83f6, 0x9c37, 0x9c37, 0x9c58, 0x8c58, 0x63f6, 0x5c17, 0x6c78, 0x6c78, 
	0x6c98, 0x6437, 0x5c17, 0x6458, 0x6478, 0x5bf6, 0x7c38, 0x8c99, 0x6395, 0x8478, 0x9499, 0x9478, 0x9478, 0x9478, 0x9478, 0x9478, 
	0x9478, 0x9458, 0x9458, 0x8c38, 0x8c58, 0x7bf7, 0x5396, 0x53f7, 0x53f6, 0x5c17, 0x5c37, 0x6457, 0x6457, 0x6457, 0x6457, 0x6458, 
	0x53f7, 0x53b6, 0x4b95, 0x53b5, 0x4bb6, 0x4bb6, 0x53b6, 0x4bb6, 0x4bb6, 0x4b75, 0x6bf7, 0x8478, 0x8458, 0x8c58, 0x8c78, 0x8c78, 
	0x8437, 0x7bf6, 0x7bf7, 0x73d6, 0x73f6, 0x7c17, 0x7c37, 0x7c17, 0x7bf6, 0x8457, 0x8416, 0x7c17, 0x63f6, 0x4b75, 0x4b75, 0x4b95, 
	0x8c77, 0xb57b, 0x9cb7, 0xbd7b, 0xa497, 0xa457, 0xbcf8, 0xcd7b, 0xcd7b, 0xbd19, 0xbd39, 0xacd8, 0x9436, 0xb55a, 0x8c78, 0x73d6, 
	0x5bb5, 0x53b5, 0x5bd6, 0x5bb6, 0x53b5, 0x53b5, 0x53b5, 0x53b5, 0x53b5, 0x5395, 0x53b6, 0x5bf6, 0x74b9, 0x74b9, 0x95bc, 0x7d19, 
	0x6c77, 0x7cd9, 0x9dbc, 0x9ddc, 0x7cd9, 0x6c77, 0x6416, 0x63f6, 0x63f6, 0x5b95, 0x63d5, 0x7c57, 0x7c17, 0x73f6, 0x7458, 0x6417, 
	0x6437, 0x6437, 0x5c16, 0x5bf6, 0x5c16, 0x5bf6, 0x5bf6, 0x6437, 0x6416, 0x6c98, 0x6c77, 0x5bb5, 0x6bb5, 0x8c58, 0x9c57, 0xa437, 
	0xa437, 0xa437, 0xa437, 0xa437, 0xa416, 0xa416, 0xa437, 0x9c17, 0x9c37, 0x9c37, 0x9c37, 0x9c37, 0xa437, 0x9c37, 0xa437, 0x9c37, 
	0xa437, 0xa437, 0xa437, 0xa457, 0x8c16, 0x7c17, 0x7458, 0x6437, 0x6437, 0x6c78, 0x74d9, 0x74d9, 0x7cf9, 0x74d9, 0x6c78, 0x6458, 
	0x6438, 0x6437, 0x5c17, 0x5bf7, 0x5bf6, 0x53b5, 0x5bf6, 0x6437, 0x6c57, 0x6c37, 0x63d6, 0x73f7, 0x9478, 0x8bf5, 0x8415, 0x8c36, 
	0x83f6, 0x9437, 0xa437, 0x9c37, 0x9c57, 0x8c58, 0x5b94, 0x4b54, 0x4b74, 0x4b94, 0x53d5, 0x53b5, 0x4b94, 0x4b74, 0x4b54, 0x4b54, 
	0x4b54, 0x4b54, 0x4b54, 0x4353, 0x4353, 0x4333, 0x4353, 0x4b74, 0x4313, 0x4b74, 0x4b53, 0x220f, 0x222f, 0x5394, 0x53d5, 0x5bd4, 
	0x5b92, 0x21ca, 0x1189, 0x1169, 0x1149, 0x0929, 0x1149, 0x094a, 0x116a, 0x094a, 0x114a, 0x0929, 0x08e8, 0x08c8, 0x08c8, 0x08c8, 
	0x08c8, 0x08e8, 0x08c8, 0x08e8, 0x0909, 0x0929, 0x114a, 0x0929, 0x1129, 0x08e8, 0x08c7, 0x08c7, 0x08e8, 0x08e7, 0x29ca, 0x52ef, 
	0x4b11, 0x6415, 0x4b94, 0x3af2, 0x1a0e, 0x19cd, 0x3af2, 0x6c56, 0x8d18, 0x9d78, 0x9d78, 0x9d78, 0x9558, 0x9559, 0x9579, 0x8519, 
	0x6c98, 0x6437, 0x5c17, 0x6438, 0x6c58, 0x7479, 0x63f7, 0x63d6, 0x73f7, 0x7bf7, 0x7c17, 0x7c17, 0x6c17, 0x5375, 0x5396, 0x4b75, 
	0x5bf7, 0x53d7, 0x4b96, 0x53b6, 0x4b95, 0x74da, 0x6c78, 0x53b6, 0x5bd6, 0x4b75, 0x4b95, 0x4b95, 0x5395, 0x8478, 0x9478, 0x9417, 
	0x8bf6, 0x83f6, 0x8416, 0x7bd5, 0x7bd6, 0x7bd6, 0x83f6, 0x9c58, 0x9c58, 0x9437, 0x83f6, 0x8c98, 0x8457, 0x8437, 0x8c17, 0x9437, 
	0x8437, 0x7bf6, 0x7bf6, 0x7bf6, 0x94b9, 0x8c57, 0x7c16, 0x8416, 0x9c37, 0x9c37, 0x9c58, 0x8c58, 0x63f6, 0x5c17, 0x6457, 0x74d9, 
	0x6c99, 0x5c17, 0x5c16, 0x6c78, 0x5c17, 0x5bd6, 0x7c58, 0x8458, 0x63b6, 0x7438, 0x7437, 0x7417, 0x7417, 0x73f7, 0x73f6, 0x73f7, 
	0x73f7, 0x7c17, 0x7bf6, 0x8437, 0x9458, 0x7bf7, 0x5395, 0x53f7, 0x53f7, 0x5c17, 0x5c17, 0x5c17, 0x5c17, 0x5c17, 0x5c17, 0x6458, 
	0x53f7, 0x53b6, 0x4bb5, 0x53b6, 0x5c17, 0x5c17, 0x5c17, 0x6438, 0x6458, 0x6417, 0x6c17, 0x7437, 0x7417, 0x7c17, 0x7c37, 0x7c37, 
	0x7bf6, 0x7bd6, 0x7395, 0x7375, 0x7374, 0x7395, 0x7b95, 0x7b95, 0x7bd5, 0x8437, 0x7bf6, 0x73f6, 0x63d6, 0x4b75, 0x4b95, 0x4b95, 
	0x7bf5, 0x8416, 0x7bf5, 0x83f5, 0x9c57, 0xa437, 0xac77, 0xac77, 0xac77, 0xac98, 0xacf9, 0x83d5, 0x83d5, 0x8416, 0x7c16, 0x73f6, 
	0x5bb5, 0x5b95, 0x5b95, 0x5b95, 0x5bb5, 0x5bb5, 0x5395, 0x5bb5, 0x53b6, 0x53b5, 0x53b5, 0x5bf6, 0x6416, 0x6416, 0x6437, 0x6416, 
	0x6416, 0x6437, 0x6c57, 0x6c57, 0x6c37, 0x6c17, 0x63f6, 0x63f6, 0x63d6, 0x5b95, 0x6bd5, 0x8c78, 0x8416, 0x8437, 0x84b9, 0x7478, 
	0x8d5b, 0x6c78, 0x6c78, 0x53d6, 0x5bf6, 0x53d5, 0x5bd5, 0x6437, 0x6437, 0x74b9, 0x6c78, 0x5bb5, 0x63b5, 0x8c78, 0x9c37, 0xa436, 
	0xa416, 0xac36, 0xac77, 0xa436, 0xac76, 0xac76, 0xa416, 0x9c16, 0x9c37, 0xa457, 0x9c37, 0x9c37, 0xacd9, 0xb4d9, 0x9436, 0xa498, 
	0x9c57, 0x9c57, 0xa437, 0x9c37, 0x8bf6, 0x7c17, 0x7458, 0x6437, 0x6c58, 0x6c78, 0x6c98, 0x6c98, 0x6c98, 0x6c98, 0x6c78, 0x6c78, 
	0x6c78, 0x6c58, 0x6437, 0x6417, 0x5bf6, 0x53b5, 0x5bd6, 0x6437, 0x6c77, 0x6c37, 0x5bd6, 0x73f6, 0x9478, 0x8c16, 0x8c57, 0x8c57, 
	0x83f6, 0x9437, 0xa457, 0xa457, 0x9437, 0x7bf6, 0x5b95, 0x4333, 0x4b94, 0x5c16, 0x6c77, 0x6477, 0x6456, 0x5c16, 0x4b94, 0x4b54, 
	0x4b54, 0x4333, 0x4333, 0x4b53, 0x4333, 0x4333, 0x4333, 0x4b74, 0x4313, 0x4b74, 0x4b74, 0x19ce, 0x222f, 0x5bf6, 0x6c77, 0x6c35, 
	0x3acf, 0x19aa, 0x1189, 0x1169, 0x1149, 0x0928, 0x1149, 0x114a, 0x094a, 0x114a, 0x0909, 0x08e8, 0x08e8, 0x08c7, 0x08c7, 0x08c7, 
	0x08c8, 0x08c8, 0x08a7, 0x08c8, 0x08e8, 0x0909, 0x0929, 0x1129, 0x1129, 0x08e8, 0x08c7, 0x08c7, 0x08e8, 0x08e7, 0x2169, 0x428d, 
	0x428e, 0x63f4, 0x53b4, 0x4354, 0x1a0e, 0x19cd, 0x3af2, 0x4b94, 0x53b3, 0x6414, 0x6c55, 0x6c55, 0x6c55, 0x6456, 0x6436, 0x6436, 
	0x5c37, 0x6437, 0x6437, 0x6417, 0x7499, 0x7cda, 0x6c58, 0x7c99, 0x7417, 0x7c17, 0x7c17, 0x7c17, 0x6c17, 0x5375, 0x53b6, 0x4b75, 
	0x6438, 0x5bf7, 0x4b95, 0x53d6, 0x4354, 0x95bd, 0x7cda, 0x53b6, 0x6c79, 0x4b55, 0x4b96, 0x5395, 0x5b95, 0x8478, 0x9478, 0x9417, 
	0x8c37, 0x8c37, 0x83f6, 0x8416, 0x8416, 0x83f6, 0x83f6, 0x9c58, 0x9c38, 0x9c37, 0x83f6, 0x7bf6, 0x7c16, 0x7bd6, 0x8c17, 0x9437, 
	0x8416, 0x7bf6, 0x7bf6, 0x7bf6, 0x7bf6, 0x7bf6, 0x7bf6, 0x83f6, 0x9437, 0xa478, 0x9c78, 0x8c57, 0x63f6, 0x5bf6, 0x6c58, 0x7cd9, 
	0x74b9, 0x6417, 0x6416, 0x6c99, 0x6437, 0x5bf6, 0x7437, 0x63b6, 0x53b5, 0x53b6, 0x4334, 0x4314, 0x4313, 0x4313, 0x42f3, 0x42f3, 
	0x42f3, 0x42f3, 0x52f3, 0x7c37, 0x9458, 0x8437, 0x5bb6, 0x53d7, 0x53d6, 0x53d6, 0x53d6, 0x53d6, 0x53d6, 0x4bb6, 0x4bb6, 0x4bb5, 
	0x53d6, 0x4bb6, 0x4b95, 0x53d6, 0x5c17, 0x4b95, 0x53d6, 0x53b6, 0x53b5, 0x53b5, 0x5395, 0x5395, 0x5b95, 0x5b95, 0x5b95, 0x63b5, 
	0x8437, 0x9457, 0x9417, 0x9c16, 0x9c17, 0x9c17, 0x9c37, 0x9437, 0x7bd5, 0x7bd5, 0x7bf6, 0x73f6, 0x63d6, 0x5375, 0x4b75, 0x4b95, 
	0x7c16, 0x8437, 0x7bd6, 0x83f6, 0x8c17, 0x8c16, 0x9416, 0xa457, 0xa457, 0xa458, 0x8bf6, 0x7bd5, 0x73b5, 0x73d6, 0x73f6, 0x6bd6, 
	0x6395, 0x5b95, 0x5395, 0x5395, 0x5395, 0x5395, 0x5bb5, 0x5bd6, 0x5bf6, 0x4b95, 0x53d6, 0x5bd6, 0x5bd6, 0x5bd6, 0x5bd6, 0x5bd6, 
	0x6416, 0x63f6, 0x6416, 0x6416, 0x6bf6, 0x6bf6, 0x6bd6, 0x6bd6, 0x6bb6, 0x6375, 0x73d5, 0x9cb9, 0x9478, 0x8c78, 0x6bf6, 0x5bd5, 
	0x5bd5, 0x5bd5, 0x5bd5, 0x5bd6, 0x5bd5, 0x6c57, 0x6c57, 0x6c56, 0x63f5, 0x6436, 0x6417, 0x5395, 0x6bd5, 0x8c78, 0x9457, 0xacd9, 
	0xb4d9, 0xacb8, 0xb4d9, 0xac97, 0xcdbb, 0xd5dc, 0xacd8, 0xa498, 0x9436, 0x9437, 0x8c37, 0x8bf6, 0x9437, 0x9c77, 0x8c16, 0x9c98, 
	0x8c16, 0x8bf5, 0xa457, 0xa478, 0x8bf6, 0x8437, 0x7c98, 0x6c57, 0x6c78, 0x6c78, 0x6c78, 0x6c78, 0x7498, 0x6c98, 0x6c78, 0x6c58, 
	0x6c78, 0x6c78, 0x6437, 0x6437, 0x5c17, 0x53b5, 0x5bd6, 0x6437, 0x7498, 0x6c57, 0x5bb6, 0x73f6, 0x9478, 0x9c77, 0x9477, 0x8c37, 
	0x8c37, 0x9457, 0xa457, 0xa457, 0x9437, 0x7c16, 0x5b95, 0x4353, 0x4b94, 0x74d9, 0x8d7b, 0x8d9b, 0x855a, 0x7d19, 0x5394, 0x4b54, 
	0x4b54, 0x4333, 0x4b33, 0x4b54, 0x4333, 0x4353, 0x4333, 0x4b74, 0x4333, 0x4b74, 0x4313, 0x19ee, 0x2a50, 0x5bf6, 0x6c36, 0x6c35, 
	0x2a2c, 0x118a, 0x1189, 0x1149, 0x1129, 0x0908, 0x0929, 0x0949, 0x0929, 0x0909, 0x08e8, 0x08c8, 0x08c7, 0x08c7, 0x08a7, 0x08a7, 
	0x08c7, 0x08a7, 0x08a7, 0x08c7, 0x08e8, 0x0909, 0x08e8, 0x0909, 0x0908, 0x08e8, 0x08c7, 0x08c7, 0x08e8, 0x08c7, 0x2169, 0x320b, 
	0x426d, 0x5bb3, 0x4b73, 0x4b94, 0x2a50, 0x19ee, 0x3b12, 0x4353, 0x5c15, 0x74d8, 0x7cd8, 0x7d19, 0x7d19, 0x74f8, 0x7cf9, 0x6477, 
	0x6437, 0x6458, 0x6417, 0x63f6, 0x6417, 0x6c37, 0x6416, 0x6c37, 0x7417, 0x7c17, 0x7c16, 0x7c17, 0x6c17, 0x5395, 0x53b6, 0x4b95, 
	0x5395, 0x4b95, 0x4b95, 0x53b6, 0x4b95, 0x5bd6, 0x5bd6, 0x5395, 0x53b6, 0x4b75, 0x4b75, 0x4b75, 0x5b95, 0x8478, 0x9478, 0x8bf6, 
	0x7bf6, 0x7bf6, 0x7c16, 0x8457, 0x8457, 0x8437, 0x7bf6, 0x9458, 0x9c38, 0x9437, 0x8416, 0x8437, 0x8416, 0x7bd6, 0x8c17, 0x9437, 
	0x8c57, 0x8437, 0x7bf6, 0x8457, 0x8436, 0x7bf6, 0x7bf6, 0x8437, 0x9437, 0x9c98, 0x9cb8, 0x8457, 0x63f6, 0x5bf7, 0x6417, 0x6417, 
	0x6437, 0x6416, 0x5bf6, 0x7cd9, 0x6458, 0x5bd6, 0x6c37, 0x5bd6, 0x4bb5, 0x4bb6, 0x3b13, 0x3b13, 0x3b13, 0x3b13, 0x3b13, 0x3b13, 
	0x3b13, 0x3b13, 0x4b13, 0x7c58, 0x9499, 0x7c37, 0x5bb6, 0x5bf7, 0x53f6, 0x53f6, 0x53d6, 0x53d6, 0x53b6, 0x53f6, 0x53f6, 0x53d6, 
	0x5bf6, 0x53d6, 0x53b6, 0x53d6, 0x53d6, 0x4b75, 0x5bf7, 0x53b6, 0x53b5, 0x53b6, 0x5bd6, 0x5bd6, 0x53b5, 0x53b5, 0x53b5, 0x5bb5, 
	0x7c37, 0x9498, 0x9c78, 0xa457, 0xa437, 0xa417, 0xa437, 0x9c37, 0x8c16, 0x8c78, 0x7bf6, 0x73f6, 0x63b6, 0x5395, 0x4b95, 0x53b5, 
	0x8457, 0x7bf6, 0x7bf6, 0x7bf6, 0x7c17, 0x7c17, 0x8437, 0x9478, 0x9479, 0x8c37, 0x7bd6, 0x7bf6, 0x73d6, 0x73b5, 0x7c17, 0x73d6, 
	0x6bd6, 0x63d6, 0x5bd6, 0x5bb6, 0x53b6, 0x53b6, 0x53b5, 0x3b12, 0x3b13, 0x32f2, 0x4334, 0x4b75, 0x5bf6, 0x5bf6, 0x5bf6, 0x6417, 
	0x5bd6, 0x63d6, 0x63d6, 0x6bf6, 0x7417, 0x7c37, 0x8437, 0x7bf6, 0x7bb6, 0x7395, 0x7bb5, 0x9437, 0x9437, 0x83f6, 0x6bf6, 0x63d5, 
	0x63d5, 0x63d5, 0x5bd5, 0x63d5, 0x5bb4, 0x7456, 0x7c56, 0x7435, 0x6bf5, 0x6415, 0x6416, 0x5b95, 0x63b5, 0x73f6, 0x8c57, 0xa4d9, 
	0xa4f9, 0xb55a, 0x9c98, 0x9cd9, 0xa4f9, 0xa519, 0xbdbc, 0x94b8, 0x8c98, 0x7c16, 0x7c16, 0x7c37, 0x7c16, 0x73f6, 0x8c98, 0x7c16, 
	0x8457, 0x8c57, 0x9c57, 0xac98, 0x8c36, 0x8c57, 0x84b9, 0x851a, 0x9dbc, 0x95bc, 0x95bb, 0x8d7b, 0x74b8, 0x7498, 0x851a, 0x853a, 
	0x6c77, 0x6c78, 0x6c57, 0x6437, 0x63f6, 0x5395, 0x5bd6, 0x6c58, 0x6437, 0x5bf6, 0x5395, 0x7417, 0x9478, 0x83d5, 0x8416, 0x73d5, 
	0x7bb4, 0x9c77, 0xa476, 0xa4b8, 0x8c57, 0x7c37, 0x5b95, 0x4b54, 0x4b94, 0x5c16, 0x6437, 0x6457, 0x6416, 0x5bd5, 0x5374, 0x4b54, 
	0x4b54, 0x4b54, 0x4b54, 0x4b54, 0x4b33, 0x4b33, 0x4b33, 0x4b54, 0x4333, 0x5374, 0x3ad1, 0x19ce, 0x3291, 0x5bd5, 0x5373, 0x63f4, 
	0x220c, 0x1189, 0x1169, 0x1149, 0x1129, 0x0909, 0x00e8, 0x0929, 0x08e8, 0x0908, 0x08e8, 0x08c7, 0x08a7, 0x08a7, 0x08c7, 0x08c7, 
	0x08c7, 0x08a7, 0x08a7, 0x08c7, 0x08c7, 0x08c8, 0x08e8, 0x0908, 0x08e8, 0x08c8, 0x08c7, 0x08e8, 0x08e8, 0x08c7, 0x31eb, 0x2148, 
	0x3a2b, 0x5b92, 0x4b32, 0x5395, 0x32b1, 0x19ee, 0x32d1, 0x53b4, 0x7cf9, 0x95dc, 0x9dfc, 0x9dfc, 0xa63d, 0x9dfc, 0xa63d, 0x855a, 
	0x6c98, 0x6c78, 0x6417, 0x6417, 0x63f6, 0x63f6, 0x63f7, 0x63f6, 0x7417, 0x7c17, 0x7c17, 0x7c17, 0x6c17, 0x5396, 0x5396, 0x4b75, 
	0x53b5, 0x53b5, 0x4b95, 0x5396, 0x4b95, 0x4b95, 0x4b75, 0x4b95, 0x4b75, 0x4b75, 0x4b95, 0x4b75, 0x5395, 0x7c78, 0x9499, 0x8c17, 
	0x7bf6, 0x7c16, 0x8478, 0x7417, 0x6bd6, 0x63d6, 0x6bd6, 0x73f6, 0x8c37, 0x9437, 0x8c37, 0x8c57, 0x8416, 0x8437, 0x8c17, 0x8c37, 
	0x9478, 0x8c77, 0x7bf5, 0xa53a, 0xad5a, 0x8c56, 0x7bd5, 0x8c58, 0x9478, 0x7bf6, 0x8416, 0x8457, 0x63f6, 0x6417, 0x6417, 0x6417, 
	0x6437, 0x5bf6, 0x6416, 0x7cda, 0x6c58, 0x5bd6, 0x6417, 0x5bf7, 0x53d6, 0x53f6, 0x53f7, 0x53d6, 0x4bd6, 0x4bb6, 0x4bb5, 0x4bb5, 
	0x4bb5, 0x4bb5, 0x5395, 0x7499, 0x84b9, 0x7458, 0x6438, 0x6458, 0x6458, 0x6458, 0x6458, 0x5c17, 0x53d6, 0x5c37, 0x6458, 0x6458, 
	0x6437, 0x6458, 0x6458, 0x6458, 0x5c17, 0x5bf6, 0x6437, 0x5bf6, 0x5bf6, 0x6417, 0x6437, 0x6437, 0x6437, 0x6417, 0x6416, 0x6416, 
	0x7437, 0x8c98, 0x8c78, 0x9478, 0xa478, 0xa457, 0xa437, 0x9c36, 0x9457, 0x9cd9, 0x8437, 0x7c37, 0x63b6, 0x5395, 0x5395, 0x4b95, 
	0x8416, 0x7bf6, 0x7bf6, 0x73f6, 0x63d6, 0x5374, 0x5b54, 0x6354, 0x6b54, 0x6b54, 0x7355, 0x7375, 0x7375, 0x7354, 0x6b34, 0x6b54, 
	0x6355, 0x5b55, 0x5354, 0x4b54, 0x53b6, 0x4b95, 0x3b13, 0x32f2, 0x32f2, 0x32d2, 0x3b13, 0x4334, 0x4374, 0x4354, 0x4b54, 0x5395, 
	0x63d6, 0x6bd6, 0x6bf6, 0x73f6, 0x8417, 0x9437, 0x9c57, 0x9416, 0x8bd6, 0x8b95, 0x8bb5, 0x9c57, 0x9417, 0x83d6, 0x73d6, 0x63b5, 
	0x7478, 0x7437, 0x6c16, 0x6bf6, 0x8cf9, 0x9d39, 0xa57a, 0x9d59, 0x7c97, 0xa5dc, 0x7457, 0x5395, 0x63b5, 0x7417, 0x7c16, 0x7bf5, 
	0x7bf5, 0x8cb8, 0x8498, 0x8458, 0x7c57, 0x7c57, 0x8cb8, 0x7c56, 0x7c78, 0x7c78, 0x7437, 0x7437, 0x7437, 0x7437, 0x7457, 0x7437, 
	0x7c57, 0x8457, 0x8bf5, 0xa477, 0x8c36, 0x8416, 0x84d9, 0x957b, 0x9dfc, 0x9dfc, 0x9dfc, 0x95bc, 0x7cf9, 0x74b8, 0x8d3a, 0x8d5b, 
	0x7498, 0x7498, 0x7478, 0x6c37, 0x6417, 0x5395, 0x6417, 0x6c78, 0x6c58, 0x6c38, 0x6417, 0x6bf6, 0x9cfa, 0x9498, 0x8cb9, 0x8cb8, 
	0x9d1a, 0xa53a, 0xb55a, 0xb55a, 0x8416, 0x8cb9, 0x63b5, 0x4b33, 0x5374, 0x5bd5, 0x63f6, 0x6416, 0x63f5, 0x5bb4, 0x5374, 0x4b54, 
	0x4b34, 0x4b54, 0x4b54, 0x4b54, 0x4b54, 0x4b54, 0x4b53, 0x4b74, 0x4333, 0x4b74, 0x3291, 0x19cd, 0x3290, 0x53b4, 0x63d4, 0x63f4, 
	0x19cb, 0x1169, 0x1169, 0x1149, 0x1129, 0x1129, 0x0909, 0x0909, 0x08e8, 0x08c8, 0x08c7, 0x08a7, 0x08a7, 0x08a7, 0x08c7, 0x08a7, 
	0x08c7, 0x08c7, 0x08c7, 0x08a7, 0x08c7, 0x08c8, 0x08e8, 0x08c8, 0x08c8, 0x08e8, 0x08c7, 0x1108, 0x08e7, 0x08c7, 0x29cb, 0x1107, 
	0x31ea, 0x5b51, 0x4b32, 0x4b94, 0x2a70, 0x19ee, 0x32d1, 0x4bb4, 0x5c15, 0x6455, 0x6c96, 0x6c76, 0x6456, 0x6c76, 0x6c56, 0x6436, 
	0x6437, 0x6c78, 0x6417, 0x6bf7, 0x63f6, 0x63f6, 0x63f6, 0x6bf6, 0x7416, 0x7c16, 0x8417, 0x7c17, 0x6bf7, 0x5b96, 0x53b6, 0x4b54, 
	0x74b9, 0x6c58, 0x4b95, 0x53b6, 0x4b96, 0x53d7, 0x53b6, 0x5396, 0x5bd6, 0x4b95, 0x4b95, 0x4b75, 0x5395, 0x7437, 0x8458, 0x8417, 
	0x73f6, 0x73f6, 0x7417, 0x7417, 0x6c17, 0x6c17, 0x63d6, 0x6bb5, 0x8417, 0x9457, 0x7bf6, 0x7c16, 0x8c78, 0x8c57, 0x8417, 0x83f6, 
	0x7bd5, 0x7bf6, 0x8457, 0x94d8, 0x9cf9, 0x8c77, 0x7c16, 0x8437, 0x8c98, 0x8457, 0x8478, 0x7437, 0x63f6, 0x6417, 0x6417, 0x6417, 
	0x6417, 0x63f6, 0x63f6, 0x63f6, 0x63f6, 0x5bf6, 0x53b6, 0x4b75, 0x4374, 0x53f6, 0x5c17, 0x5c17, 0x5417, 0x5c17, 0x53f6, 0x53f6, 
	0x53f6, 0x53f6, 0x5bf6, 0x6417, 0x63f7, 0x63f7, 0x6417, 0x5bf7, 0x5bf6, 0x5c17, 0x5bf6, 0x5c17, 0x4b95, 0x4354, 0x4b74, 0x4b54, 
	0x5395, 0x5c16, 0x5c16, 0x5bf6, 0x5bf6, 0x5bf6, 0x5bd6, 0x5bd6, 0x53d5, 0x5bd5, 0x5bd6, 0x5bd6, 0x5bd5, 0x5bd5, 0x5bd5, 0x5bb5, 
	0x63b5, 0x63b5, 0x6394, 0x7bf6, 0xa4b8, 0xa457, 0xa457, 0x9c57, 0x8c16, 0x7bf5, 0x8416, 0x7c16, 0x63b5, 0x5395, 0x5395, 0x53b5, 
	0x7bf5, 0x7bf5, 0x7bf6, 0x7bf6, 0x5b95, 0x4313, 0x4b13, 0x52f3, 0x5ad3, 0x62d3, 0x6ad2, 0x72d2, 0x7ab2, 0x72b2, 0x72b2, 0x6af3, 
	0x5ad3, 0x4af3, 0x42d3, 0x3ad2, 0x4334, 0x32d2, 0x4333, 0x3b13, 0x32f2, 0x2ab1, 0x32d2, 0x3b13, 0x3af2, 0x32d1, 0x32b1, 0x42f2, 
	0x63d5, 0x73d5, 0x8416, 0x9437, 0xac98, 0xbcb8, 0xc4b8, 0xbc78, 0xabf6, 0xa3d6, 0x9bb5, 0xa437, 0x9c17, 0x83d6, 0x73d6, 0x63b5, 
	0x6bf6, 0x6bd5, 0x6bd6, 0x6bd5, 0x7c36, 0x8c97, 0x8cb8, 0x84b7, 0x7456, 0x84d8, 0x6c37, 0x5b95, 0x63b5, 0x7c57, 0x94d8, 0x8c98, 
	0x7437, 0x5bb5, 0x5bb5, 0x5b95, 0x5b95, 0x5b95, 0x5394, 0x5b94, 0x53b5, 0x4b74, 0x4b54, 0x4b54, 0x4333, 0x4b54, 0x4b33, 0x4b33, 
	0x63d5, 0x73d5, 0x8bf5, 0xa498, 0x9437, 0x8437, 0x8498, 0x7498, 0x7cb8, 0x7cd9, 0x7cd9, 0x7cb8, 0x7498, 0x7498, 0x7498, 0x7478, 
	0x7478, 0x6c37, 0x6c37, 0x6c17, 0x63f6, 0x5bb5, 0x5bf6, 0x63f6, 0x6416, 0x6417, 0x63f7, 0x63d6, 0x7437, 0x7437, 0x7437, 0x7c98, 
	0x84d9, 0x7c77, 0x8cb8, 0xa51a, 0xa55a, 0x8c78, 0x5b95, 0x4b54, 0x5b94, 0x63d4, 0x6bf4, 0x73f4, 0x6bf4, 0x63b4, 0x5374, 0x4b54, 
	0x4b54, 0x4b54, 0x4b54, 0x4b74, 0x4b74, 0x4b74, 0x4b74, 0x5395, 0x4b53, 0x4b74, 0x2a70, 0x19cd, 0x3290, 0x53b4, 0x6c35, 0x63f4, 
	0x19cb, 0x1169, 0x1169, 0x1149, 0x1149, 0x0929, 0x0909, 0x08e8, 0x08c8, 0x08a7, 0x08a7, 0x08a7, 0x08a7, 0x08a7, 0x08c7, 0x1149, 
	0x1129, 0x08c7, 0x08a7, 0x08c7, 0x08a7, 0x08c7, 0x08a7, 0x08c7, 0x08e8, 0x08e8, 0x0908, 0x0908, 0x08c7, 0x1949, 0x1948, 0x1128, 
	0x29a9, 0x530f, 0x4b32, 0x4b74, 0x2a70, 0x19ee, 0x32d1, 0x4b94, 0x5c15, 0x6476, 0x6476, 0x6456, 0x5c36, 0x5c36, 0x5c15, 0x53d5, 
	0x5bf6, 0x7478, 0x7458, 0x7458, 0x7458, 0x7c58, 0x6c17, 0x7417, 0x7c16, 0x8437, 0x8416, 0x7c37, 0x6bf7, 0x5395, 0x5396, 0x4b75, 
	0x6c58, 0x5c17, 0x4b95, 0x53b6, 0x4b95, 0x5396, 0x4b95, 0x4b95, 0x5395, 0x4b95, 0x4b95, 0x4b75, 0x53b6, 0x6c17, 0x6bd6, 0x6bd6, 
	0x6bd6, 0x6bd6, 0x6bf6, 0x7417, 0x6c17, 0x6bf7, 0x6bf6, 0x6bd6, 0x8c37, 0x9478, 0x8417, 0x7c37, 0x7c57, 0x8458, 0x8458, 0x7c37, 
	0x8478, 0x8cb8, 0x9d3a, 0x94f9, 0x8cb8, 0x8498, 0x8cb9, 0x8478, 0x8478, 0x8478, 0x8499, 0x7c98, 0x6c57, 0x6c78, 0x6c57, 0x6c37, 
	0x6c37, 0x6416, 0x6c16, 0x6c57, 0x6c36, 0x6c37, 0x5bf6, 0x3b33, 0x4334, 0x53f6, 0x53d6, 0x4b95, 0x4b95, 0x4b95, 0x4b95, 0x4b95, 
	0x4b95, 0x4bb5, 0x4bb5, 0x53b5, 0x53b5, 0x5395, 0x53b5, 0x4bb5, 0x4bb5, 0x4bb5, 0x4b95, 0x5bf6, 0x4b94, 0x32d1, 0x32b1, 0x3ad2, 
	0x4b74, 0x5bd5, 0x5bd5, 0x5bf5, 0x5c15, 0x6416, 0x5bf6, 0x5bf6, 0x5bf5, 0x5bd5, 0x5394, 0x5394, 0x5374, 0x5374, 0x5374, 0x5374, 
	0x5354, 0x5374, 0x5354, 0x73d5, 0xad19, 0xc55a, 0xa457, 0x9c77, 0x8c16, 0x9477, 0x8436, 0x8c97, 0x8cf9, 0x5354, 0x53b5, 0x5395, 
	0x7c16, 0x7c16, 0x7bf6, 0x73f7, 0x5b95, 0x4b13, 0x4af3, 0x5b13, 0x6af3, 0x72f3, 0x8313, 0x9313, 0x92f2, 0x92f2, 0x8b13, 0x7b13, 
	0x6af3, 0x5b13, 0x4af3, 0x3ad2, 0x3af3, 0x32d2, 0x3b13, 0x32f2, 0x32f2, 0x2ab1, 0x32d2, 0x3af3, 0x42f2, 0x3ab1, 0x3a91, 0x42d2, 
	0x73f6, 0x83f6, 0x9c37, 0xac78, 0xcd1a, 0xdd5a, 0xe51a, 0xdcd9, 0xd478, 0xc457, 0xabf6, 0xac78, 0xa438, 0x8bf6, 0x7bf6, 0x6bf6, 
	0x6bd6, 0x6bd6, 0x73f6, 0x7bf6, 0x7bd5, 0x8416, 0x7c56, 0x9519, 0x8cf9, 0x7436, 0x63f6, 0x5bb5, 0x63b5, 0x7437, 0x7c36, 0x8457, 
	0x6c37, 0x4b74, 0x4b54, 0x4b74, 0x4b54, 0x5395, 0x5395, 0x5395, 0x53b5, 0x4b54, 0x4333, 0x4333, 0x4313, 0x4333, 0x4313, 0x4333, 
	0x63d5, 0x7c16, 0x83f5, 0xb53a, 0x9477, 0x94b8, 0x8498, 0x7457, 0x7477, 0x7497, 0x7497, 0x7c97, 0x7c97, 0x7497, 0x7477, 0x7477, 
	0x6c57, 0x6c37, 0x6416, 0x6416, 0x6417, 0x63f6, 0x6417, 0x6417, 0x6417, 0x6c37, 0x6c37, 0x6c58, 0x6c57, 0x7478, 0x7498, 0x7498, 
	0x7477, 0x6c36, 0x7436, 0x8cb8, 0x94d9, 0x7c16, 0x63b5, 0x5354, 0x63b4, 0x8d19, 0xa559, 0xad9a, 0xa559, 0x9d5a, 0x5bb5, 0x5395, 
	0x53b5, 0x5bd6, 0x5bd6, 0x5bd6, 0x5bd6, 0x5bf6, 0x5bf6, 0x5bf6, 0x53b5, 0x5395, 0x2a70, 0x11cd, 0x32b1, 0x6c57, 0x7c96, 0x63d3, 
	0x19aa, 0x1169, 0x1169, 0x1129, 0x0928, 0x0929, 0x0909, 0x0929, 0x08e8, 0x08a7, 0x0887, 0x08a7, 0x08a7, 0x10e8, 0x1949, 0x1129, 
	0x198a, 0x1129, 0x00a7, 0x08c7, 0x08c7, 0x08a7, 0x08a7, 0x10e8, 0x08e8, 0x08e8, 0x0929, 0x08e8, 0x08e8, 0x1128, 0x1108, 0x1128, 
	0x2189, 0x5310, 0x4b52, 0x5394, 0x3290, 0x19ed, 0x32d1, 0x6456, 0x95bb, 0x9e1d, 0x857b, 0x6cb8, 0x5c36, 0x74d9, 0x7d1a, 0x53b5, 
	0x6437, 0x7c99, 0x7458, 0x7c78, 0x7c78, 0x8498, 0x7437, 0x7437, 0x8c98, 0x94b8, 0x8c57, 0x8437, 0x6bf6, 0x5375, 0x5396, 0x5395, 
	0x4b95, 0x4b95, 0x5396, 0x53b6, 0x4b95, 0x4b75, 0x4b95, 0x4b95, 0x4b75, 0x5395, 0x5395, 0x5375, 0x5bb6, 0x6c17, 0x6bd6, 0x6bd6, 
	0x7417, 0x7437, 0x7457, 0x7437, 0x7437, 0x6c17, 0x6bf6, 0x73d6, 0x8c37, 0x9cb9, 0x8478, 0x7417, 0x7437, 0x7458, 0x7478, 0x7458, 
	0x7478, 0x7477, 0x7c77, 0x7457, 0x7c78, 0x7458, 0x7458, 0x7458, 0x7458, 0x7458, 0x7478, 0x7478, 0x6c78, 0x6c78, 0x7478, 0x7478, 
	0x6c57, 0x6c16, 0x84b8, 0x955b, 0x8d3a, 0x6c37, 0x53b5, 0x32d2, 0x32f2, 0x5bf6, 0x53d6, 0x4374, 0x4b95, 0x4b95, 0x4b95, 0x4b95, 
	0x4b95, 0x4b95, 0x4b95, 0x4b95, 0x4b95, 0x4374, 0x4354, 0x4374, 0x4354, 0x4b95, 0x4b95, 0x53b5, 0x4b94, 0x4312, 0x3b12, 0x4312, 
	0x4b74, 0x6c57, 0x9ddc, 0x8d9b, 0x853a, 0xa65e, 0x9ddc, 0x74b8, 0x9ddc, 0x7cf9, 0x5bb5, 0x5395, 0x5374, 0x5374, 0x5394, 0x5374, 
	0x5374, 0x5b95, 0x5374, 0x63b4, 0x9497, 0xad19, 0x8c15, 0x8c16, 0x8415, 0x9497, 0x8c77, 0x9cf9, 0x7416, 0x5b95, 0x5bb5, 0x5bd6, 
	0x7c58, 0x7458, 0x7437, 0x7417, 0x73d7, 0x73b6, 0x6b75, 0x83d6, 0x9bf7, 0xabf7, 0xbc17, 0xcc37, 0xd417, 0xc3b5, 0xab95, 0x9b75, 
	0x8375, 0x6b34, 0x5b34, 0x5354, 0x4b75, 0x4354, 0x4354, 0x4334, 0x4374, 0x4334, 0x4b54, 0x4b54, 0x6375, 0x6bd6, 0x6bb6, 0x6354, 
	0x8c17, 0xa499, 0xb478, 0xc499, 0xd4b9, 0xe4b9, 0xecb9, 0xecb9, 0xec98, 0xdc78, 0xbc37, 0xac37, 0xa458, 0x8bf6, 0x8417, 0x7c17, 
	0x7c17, 0x8417, 0x8c37, 0x9458, 0x9c78, 0x8c57, 0x8477, 0x7c57, 0x7c57, 0x7c98, 0x7437, 0x63b5, 0x63b5, 0x73f6, 0x7c16, 0x7c16, 
	0x63d6, 0x4b74, 0x4b54, 0x5394, 0x4b74, 0x5395, 0x5395, 0x5395, 0x53d5, 0x4b74, 0x4333, 0x4333, 0x4313, 0x4333, 0x4333, 0x4333, 
	0x5b95, 0x73f6, 0x7bf6, 0x9cb9, 0x8436, 0x8c77, 0x8cd8, 0x953a, 0x9d7a, 0xa5ba, 0xa5db, 0xa5da, 0xa5db, 0xa5db, 0xa5db, 0x9dbb, 
	0x8d5a, 0x8519, 0x84f9, 0x84f9, 0x7c98, 0x63f6, 0x63d6, 0x63d6, 0x63d6, 0x63f6, 0x6c37, 0x851a, 0x95bc, 0x95dc, 0x95dc, 0x95bb, 
	0x8d9b, 0x7cd8, 0x7477, 0x7c78, 0x7c36, 0x7c57, 0x5b95, 0x5354, 0x5bb4, 0x84b8, 0x94f8, 0x94f8, 0x8cb7, 0x8497, 0x63b5, 0x5bd6, 
	0x5bf6, 0x5bf6, 0x5bf6, 0x5bf6, 0x5bf6, 0x5bf6, 0x5bf6, 0x5bf6, 0x53d6, 0x53b5, 0x2a50, 0x11cd, 0x3290, 0x53b4, 0x5bb3, 0x5b92, 
	0x19aa, 0x1149, 0x1149, 0x1129, 0x0908, 0x08e8, 0x08e8, 0x08e8, 0x08c8, 0x08c7, 0x08c7, 0x0886, 0x08a7, 0x1129, 0x08e8, 0x1149, 
	0x1149, 0x1149, 0x08e8, 0x08a7, 0x08a7, 0x08c7, 0x08c8, 0x08e8, 0x00c8, 0x0909, 0x0929, 0x0908, 0x08c7, 0x08c7, 0x0908, 0x1108, 
	0x31ca, 0x5b71, 0x4b52, 0x5395, 0x2a90, 0x19ee, 0x32f1, 0x6c77, 0x857b, 0x8d9b, 0x751a, 0x6498, 0x5c37, 0x6c98, 0x6478, 0x53b5, 
	0x6437, 0x7cb9, 0x7457, 0x84b9, 0x84b8, 0x94fa, 0x7c37, 0x7416, 0x7c16, 0x8c57, 0xa51a, 0x9498, 0x7437, 0x5395, 0x5395, 0x4b75, 
	0x5bd6, 0x5bd6, 0x5396, 0x53b6, 0x4b76, 0x4b75, 0x4b76, 0x5396, 0x53b6, 0x5395, 0x6417, 0x6c37, 0x5bb6, 0x6c37, 0x73f7, 0x73f6, 
	0x8cd9, 0x951a, 0x8cda, 0x7c57, 0x84b9, 0x7c78, 0x6bf6, 0x73f6, 0x7c16, 0x9cfa, 0x8499, 0x5354, 0x4b54, 0x53d6, 0x5bf7, 0x53d6, 
	0x53d6, 0x53d6, 0x5bd6, 0x53b6, 0x53b6, 0x53b6, 0x53b6, 0x53b6, 0x53b5, 0x53b6, 0x53b6, 0x53b6, 0x53d6, 0x53b6, 0x6417, 0x7499, 
	0x6c37, 0x6c16, 0x6c16, 0x7c98, 0x7457, 0x6c37, 0x4b94, 0x32d1, 0x32f2, 0x5c16, 0x5c17, 0x4bd6, 0x53b6, 0x53f6, 0x5c17, 0x5c17, 
	0x5c17, 0x5c17, 0x5c17, 0x53d6, 0x53d6, 0x4b95, 0x4b95, 0x4b74, 0x4374, 0x4b95, 0x4b95, 0x53b5, 0x4b95, 0x4333, 0x4313, 0x4313, 
	0x5395, 0x7498, 0xae7e, 0xa61c, 0x95ba, 0xbedf, 0xae7e, 0x8519, 0xa65e, 0x8d7a, 0x6416, 0x63f6, 0x5bd5, 0x5bd5, 0x5bf5, 0x63f5, 
	0x5bd5, 0x63f6, 0x5bd5, 0x63d5, 0x73f5, 0x8456, 0x8c97, 0x8456, 0x8c97, 0x9cf8, 0x9cf8, 0x8c97, 0x7416, 0x5bb5, 0x5bd5, 0x5bb5, 
	0x63f6, 0x63d6, 0x63d6, 0x63d6, 0x6bd6, 0x7bf7, 0x83f7, 0x8bf7, 0xa417, 0xb437, 0xc458, 0xdc78, 0xdc58, 0xcbd5, 0xb3d5, 0x9b95, 
	0x8354, 0x6b33, 0x6375, 0x5395, 0x4b95, 0x4b95, 0x4b95, 0x4bb6, 0x4bb6, 0x53d6, 0x53b6, 0x5bb6, 0x63b6, 0x6bd6, 0x73d6, 0x73d6, 
	0x73b6, 0x83d6, 0x9bd6, 0xabf6, 0xbc17, 0xd458, 0xdc78, 0xe478, 0xc3b5, 0xb374, 0x9b54, 0x8354, 0x7333, 0x6b33, 0x5b33, 0x5b33, 
	0x5b33, 0x5b33, 0x6313, 0x7395, 0x9478, 0x8c57, 0x8478, 0x7c77, 0x7c98, 0x84d9, 0x7457, 0x63b5, 0x6bd5, 0x73f6, 0x8437, 0x7c17, 
	0x63d6, 0x5374, 0x4b74, 0x5374, 0x6416, 0x5bb5, 0x5394, 0x5395, 0x53b5, 0x4b74, 0x4b33, 0x4b54, 0x4b54, 0x4333, 0x4333, 0x4333, 
	0x5b95, 0x73f6, 0x7bf6, 0x73d5, 0x7bf6, 0x8477, 0x94f9, 0xadfc, 0xb63c, 0xc6bd, 0xcefe, 0xc6de, 0xcf1f, 0xc6fe, 0xbedf, 0xbedf, 
	0xa61d, 0x9dbc, 0x9dbc, 0x9d9c, 0x84fa, 0x6bf6, 0x6bf6, 0x6bf6, 0x6bd6, 0x6c17, 0x7478, 0x95bc, 0xb6bf, 0xb6df, 0xb6df, 0xb6df, 
	0xb6df, 0x8d7b, 0x7c98, 0x8cd9, 0x8478, 0x8458, 0x5b95, 0x5374, 0x5b94, 0x6bd5, 0x73f5, 0x73f4, 0x6bd4, 0x63b4, 0x5b94, 0x5bb5, 
	0x4b74, 0x4353, 0x4b53, 0x4b74, 0x4b74, 0x4b74, 0x4b74, 0x4353, 0x4353, 0x4332, 0x224f, 0x19cd, 0x2a4f, 0x3af1, 0x5352, 0x5351, 
	0x21eb, 0x1149, 0x1149, 0x0928, 0x1129, 0x0929, 0x0909, 0x08e8, 0x08c8, 0x08a7, 0x08a7, 0x08a7, 0x10e8, 0x1108, 0x08c8, 0x1129, 
	0x08c8, 0x1109, 0x1109, 0x08a7, 0x08c7, 0x08c7, 0x08c7, 0x08c7, 0x08e8, 0x1129, 0x1109, 0x08c8, 0x08c7, 0x08e7, 0x0908, 0x1148, 
	0x29a9, 0x4ace, 0x5373, 0x4b73, 0x224f, 0x1a0e, 0x3b12, 0x4bb4, 0x5415, 0x5c36, 0x5c36, 0x5c16, 0x53f6, 0x4b94, 0x4b95, 0x4b94, 
	0x63f6, 0x7c99, 0x8cfa, 0x7c37, 0x7c36, 0x7416, 0x7417, 0x7c16, 0x8436, 0x9498, 0x8c56, 0x94b8, 0x8498, 0x5b95, 0x53b6, 0x4b75, 
	0x6437, 0x6417, 0x5395, 0x53b6, 0x5395, 0x4b75, 0x5375, 0x5396, 0x53d6, 0x5395, 0x7cb9, 0x84fa, 0x5bb5, 0x6c17, 0x7c37, 0x7c17, 
	0x7c37, 0x7c57, 0x7416, 0x8477, 0x8478, 0x7c37, 0x7416, 0x73f6, 0x7bf6, 0x8c78, 0x7c78, 0x5374, 0x4354, 0x4bb6, 0x53d6, 0x4bb6, 
	0x53d6, 0x53d6, 0x53d6, 0x53d6, 0x53d6, 0x53d6, 0x4bb6, 0x4bb6, 0x53d6, 0x4bb6, 0x4bb6, 0x53b6, 0x4bb6, 0x4bb6, 0x5c17, 0x7499, 
	0x7437, 0x7416, 0x7437, 0x951a, 0x7c98, 0x6c37, 0x5394, 0x32d1, 0x3af2, 0x6436, 0x6436, 0x5c16, 0x5c16, 0x6457, 0x6c97, 0x6c77, 
	0x6477, 0x6c98, 0x6457, 0x6416, 0x6436, 0x53d5, 0x53b5, 0x4b94, 0x4b74, 0x4b95, 0x4b95, 0x53b5, 0x53b5, 0x4313, 0x4313, 0x4333, 
	0x53b5, 0x6c77, 0x95db, 0x8d59, 0x8518, 0x95bb, 0x8d7b, 0x74b8, 0x8539, 0x7cd8, 0x6c57, 0x6437, 0x6437, 0x6437, 0x6c57, 0x6c57, 
	0x6c57, 0x6c77, 0x6416, 0x5bd5, 0x5b94, 0x6bf5, 0x7436, 0x7415, 0x7415, 0x8cd8, 0x8cd8, 0x7c57, 0x6c16, 0x63d6, 0x5bd6, 0x5bd6, 
	0x5395, 0x5395, 0x5395, 0x5bb6, 0x63b6, 0x63b6, 0x73b6, 0x7bb6, 0x83b5, 0x9bd6, 0xabd6, 0xbbf6, 0xc3d6, 0xab54, 0x9b53, 0x8313, 
	0x6ad2, 0x5af2, 0x5333, 0x4334, 0x4334, 0x4354, 0x4354, 0x4355, 0x4375, 0x4b95, 0x4b96, 0x5396, 0x5395, 0x5395, 0x5395, 0x5b95, 
	0x63b6, 0x6bb6, 0x73b5, 0x83b6, 0x93d6, 0xabf6, 0xb3f7, 0xbbf7, 0x9b54, 0x8b13, 0x7b13, 0x6b13, 0x62f3, 0x52f3, 0x4af3, 0x42f3, 
	0x42f3, 0x42f2, 0x4ad2, 0x5b74, 0x8457, 0x7c56, 0x7c77, 0x7c77, 0x7c57, 0x7c77, 0x7457, 0x6bf6, 0x6bd5, 0x73f6, 0x7bf6, 0x7c16, 
	0x63d6, 0x5374, 0x4b54, 0x4b54, 0x7cb9, 0x63f5, 0x5394, 0x5395, 0x53b5, 0x4b74, 0x4b33, 0x5374, 0x5394, 0x4333, 0x4b33, 0x4b33, 
	0x5b95, 0x7417, 0x8457, 0x8437, 0x7c16, 0x7c37, 0x8cf9, 0x9d9b, 0xa5fb, 0xae1b, 0xae3c, 0xae5c, 0xae5c, 0xae3c, 0xa61c, 0x9dfc, 
	0x959b, 0x8d3a, 0x8d3a, 0x84f9, 0x7c98, 0x7416, 0x6bf6, 0x6bf6, 0x6bf6, 0x7417, 0x7458, 0x8d3a, 0x9dfc, 0x9e3c, 0xa63c, 0x9e3c, 
	0x9e3d, 0x8539, 0x84b8, 0x8cb9, 0x7c37, 0x7c37, 0x5b95, 0x5374, 0x5b95, 0x63b5, 0x63d5, 0x63d5, 0x63b4, 0x5bb4, 0x5374, 0x5bb5, 
	0x4b74, 0x4b53, 0x4b53, 0x5373, 0x5373, 0x5373, 0x4b73, 0x4b53, 0x4b53, 0x4332, 0x2a4f, 0x19ac, 0x328f, 0x5bb3, 0x5bb3, 0x3a8e, 
	0x3a6d, 0x1148, 0x1128, 0x0908, 0x0928, 0x1149, 0x114a, 0x0908, 0x08e8, 0x08c7, 0x08a7, 0x08a7, 0x1109, 0x08c7, 0x08e8, 0x08e8, 
	0x08e8, 0x1109, 0x1108, 0x08a7, 0x08c7, 0x08c7, 0x08c7, 0x08c7, 0x08e8, 0x1109, 0x08c7, 0x08a7, 0x08c7, 0x08e8, 0x1108, 0x1128, 
	0x2189, 0x322c, 0x4b11, 0x5393, 0x2a6f, 0x19ed, 0x3b12, 0x4b94, 0x53f5, 0x6498, 0x7519, 0x6497, 0x5c36, 0x6cb8, 0x5c37, 0x5395, 
	0x6c57, 0x84d9, 0x8cb9, 0x8477, 0x8457, 0x8457, 0x8437, 0x7c16, 0x8c57, 0xad5a, 0x8c57, 0x94b8, 0x7c78, 0x5bb5, 0x5bf6, 0x5bd6, 
	0x5bf6, 0x5bd6, 0x5bd6, 0x5bf7, 0x5bf6, 0x5bd6, 0x53b6, 0x53b6, 0x53b6, 0x53b6, 0x5bf6, 0x5bd6, 0x5bb5, 0x7437, 0x7417, 0x7c16, 
	0x8457, 0x8457, 0x8457, 0x8457, 0x7c57, 0x7c37, 0x7c17, 0x7c16, 0x7c16, 0x8437, 0x7c78, 0x5374, 0x4354, 0x4bb6, 0x53f7, 0x53b6, 
	0x53d6, 0x53d6, 0x53f6, 0x53d6, 0x53d6, 0x53d6, 0x53d6, 0x53d6, 0x53d6, 0x53d6, 0x53b6, 0x53b6, 0x53d6, 0x53b6, 0x6437, 0x7cb9, 
	0x8cd9, 0x8498, 0x7c36, 0x7416, 0x7437, 0x7457, 0x5374, 0x3ad1, 0x3b12, 0x6436, 0x8d7a, 0xbeff, 0x9ddb, 0xa61c, 0xc6ff, 0xa61b, 
	0x9dda, 0xc6ff, 0xa63c, 0x9ddb, 0xbedf, 0x959a, 0x53d5, 0x53b5, 0x4bb5, 0x53d5, 0x4bb5, 0x53d6, 0x53b5, 0x4333, 0x4313, 0x4333, 
	0x53b5, 0x6c77, 0x9dfc, 0x8d7a, 0x6436, 0x5bf5, 0x53b5, 0x53b4, 0x4b94, 0x5394, 0x53b5, 0x4b94, 0x4b74, 0x4b74, 0x53b4, 0x53b5, 
	0x4b74, 0x5394, 0x4b74, 0x4333, 0x3af2, 0x4b53, 0x5394, 0x4b53, 0x4312, 0x4b33, 0x4b53, 0x4b53, 0x5b94, 0x63f6, 0x63d6, 0x63d6, 
	0x5bd6, 0x53b5, 0x5bd6, 0x6416, 0x6c16, 0x6c16, 0x7416, 0x7c16, 0x83d5, 0x93d6, 0x9bd6, 0xac17, 0xb3f6, 0x9313, 0x8313, 0x7b12, 
	0x62d1, 0x52d2, 0x4b33, 0x4334, 0x4354, 0x4354, 0x4375, 0x4375, 0x53d5, 0x5c37, 0x5c17, 0x5c17, 0x6457, 0x6437, 0x5c16, 0x6c58, 
	0x6c57, 0x6c16, 0x7437, 0x8437, 0x8c16, 0x9c37, 0xa457, 0xa416, 0x8333, 0x7313, 0x6b13, 0x5b13, 0x52f3, 0x4af3, 0x4313, 0x4313, 
	0x3af3, 0x4313, 0x3af2, 0x5374, 0x7c98, 0x8cd8, 0x8cd9, 0x8cd8, 0x8cd9, 0x84b8, 0x7c57, 0x6bf6, 0x6bd5, 0x7c37, 0x8457, 0x7bf6, 
	0x63d5, 0x5374, 0x4b54, 0x4b54, 0x63f5, 0x5394, 0x5374, 0x5394, 0x53b5, 0x4b74, 0x4b33, 0x4b54, 0x4b33, 0x4b53, 0x4b33, 0x4b33, 
	0x6395, 0x7416, 0x7c16, 0x8c98, 0x8c98, 0x7c37, 0x94f9, 0xa5fc, 0xae5d, 0xbebe, 0xbede, 0xbebe, 0xbede, 0xb69d, 0xae5d, 0xae3d, 
	0x9d9b, 0x953a, 0x953a, 0x8cf9, 0x8498, 0x7416, 0x73f6, 0x73f6, 0x73f6, 0x7437, 0x7c78, 0x9d9b, 0xb69e, 0xb6be, 0xb6df, 0xb6be, 
	0xb6bf, 0x8d7a, 0x8498, 0x8478, 0x8437, 0x7c37, 0x6395, 0x5374, 0x5b74, 0x7cb9, 0x8cfa, 0x84d9, 0x7cb9, 0x7478, 0x5b95, 0x5394, 
	0x6416, 0x8519, 0x8519, 0x8d3a, 0x8d19, 0x8d3a, 0x84f9, 0x8519, 0x7cf9, 0x6c56, 0x3ab0, 0x19ac, 0x2a2e, 0x326e, 0x2a2d, 0x198a, 
	0x3a4d, 0x1948, 0x1108, 0x0908, 0x0908, 0x1149, 0x114a, 0x0908, 0x08e8, 0x08c7, 0x08c7, 0x08c7, 0x1108, 0x00a7, 0x08e8, 0x08c8, 
	0x08e9, 0x1109, 0x1108, 0x08a7, 0x08c7, 0x08c7, 0x08c7, 0x08c7, 0x08c7, 0x08c8, 0x08c7, 0x08c7, 0x08c7, 0x08e7, 0x0908, 0x1128, 
	0x218a, 0x29cb, 0x21ec, 0x2a4e, 0x220d, 0x19ac, 0x3ad1, 0x53d5, 0x53d5, 0x6498, 0x7d3a, 0x6477, 0x6477, 0x74f9, 0x5c37, 0x53b5, 
	0x7478, 0x8cf9, 0x8477, 0x8c77, 0x8c77, 0x8c77, 0x8457, 0x8457, 0x8c36, 0x8c77, 0x8436, 0x8457, 0x6c37, 0x53b5, 0x5bf6, 0x6417, 
	0x6437, 0x6437, 0x6437, 0x6437, 0x6c58, 0x6438, 0x6437, 0x6438, 0x6438, 0x6438, 0x6c58, 0x6417, 0x5bb5, 0x7417, 0x7c16, 0x8437, 
	0x8457, 0x8c98, 0x9cf9, 0x94d9, 0x8c77, 0x7c37, 0x8437, 0x7c17, 0x8437, 0x8457, 0x7c98, 0x5374, 0x4354, 0x4bb6, 0x53f7, 0x53d6, 
	0x53d6, 0x5bf6, 0x5bf6, 0x53d6, 0x53d6, 0x53d6, 0x53f6, 0x53d6, 0x53f6, 0x53f6, 0x53d6, 0x53d6, 0x53d6, 0x5bf6, 0x6c58, 0x84fa, 
	0x8cd9, 0x8c97, 0x7c37, 0x7c37, 0x7c57, 0x7457, 0x5374, 0x3ad1, 0x4312, 0x6436, 0x95ba, 0xc73f, 0xa61c, 0xb67d, 0xd77f, 0xb67b, 
	0xae5b, 0xd79f, 0xbebd, 0xb67c, 0xd75f, 0x9dda, 0x6435, 0x5bf5, 0x5bd5, 0x5bf5, 0x53d5, 0x5bf6, 0x53b5, 0x4b33, 0x4333, 0x4b33, 
	0x5395, 0x6c57, 0x959b, 0x8519, 0x53b4, 0x3b12, 0x3af2, 0x3af2, 0x3af2, 0x3b12, 0x3b12, 0x3b12, 0x3b12, 0x32d1, 0x3b12, 0x3af2, 
	0x3af2, 0x3af2, 0x32f2, 0x3b12, 0x32d1, 0x3af1, 0x3af2, 0x3af2, 0x3af1, 0x3af2, 0x3af2, 0x4333, 0x5395, 0x6c16, 0x63f6, 0x63d5, 
	0x6416, 0x5bf6, 0x6c36, 0x9dbb, 0xc6bf, 0x9d79, 0xbe1b, 0xdeff, 0xb57a, 0x83f6, 0x8bf6, 0x9417, 0x93b5, 0x7af2, 0x72f2, 0x62d2, 
	0x5ad1, 0x52f2, 0x5353, 0x4b74, 0x4354, 0x4374, 0x4bb6, 0x4354, 0x74d8, 0xcf9f, 0xae7e, 0x95db, 0xd79f, 0xb6df, 0x7cf8, 0xc73f, 
	0xc71f, 0x8d39, 0xa5dc, 0xb61d, 0xa57a, 0xdedf, 0xf77f, 0xb55a, 0x6b33, 0x6313, 0x5b13, 0x5313, 0x4b13, 0x4313, 0x4313, 0x3af3, 
	0x3b13, 0x4313, 0x3af3, 0x5395, 0x7c77, 0x7416, 0x7c36, 0x7c36, 0x7416, 0x7c37, 0x7416, 0x6bd5, 0x73d5, 0x73f6, 0x7c16, 0x73f6, 
	0x63b5, 0x4b74, 0x4b74, 0x4b74, 0x4b53, 0x4b74, 0x4b74, 0x4b74, 0x4b95, 0x4b74, 0x4b53, 0x4b53, 0x4b33, 0x4b54, 0x4b33, 0x4b33, 
	0x6394, 0x7c16, 0x8436, 0x8416, 0x8416, 0x7c16, 0x94f9, 0x9d9b, 0xa5db, 0xae1c, 0xae3c, 0xae5d, 0xae3c, 0xae3c, 0xa61c, 0xa5db, 
	0x9d7a, 0x9519, 0x9519, 0x8cb8, 0x8497, 0x7c16, 0x7c16, 0x73f6, 0x7c16, 0x7c37, 0x7c78, 0x955b, 0xa63d, 0xae7d, 0xae7d, 0xa65d, 
	0xa63d, 0x853a, 0x84b9, 0x8c78, 0x8437, 0x8437, 0x6395, 0x5b75, 0x5b95, 0x6c17, 0x7437, 0x6c17, 0x6c17, 0x6c17, 0x5b95, 0x5b94, 
	0x6c36, 0x8519, 0x8539, 0x8d5a, 0x84f9, 0x8d3a, 0x7cf9, 0x853a, 0x8519, 0x7cd8, 0x4311, 0x21ed, 0x19ac, 0x198b, 0x198b, 0x196a, 
	0x1969, 0x218a, 0x08e7, 0x08e8, 0x0908, 0x1109, 0x1129, 0x1109, 0x08c7, 0x08a7, 0x08c7, 0x10c8, 0x08c7, 0x08a7, 0x08c8, 0x08e9, 
	0x0909, 0x1129, 0x1108, 0x08a7, 0x08c7, 0x08c7, 0x08a7, 0x08a7, 0x08c8, 0x08e8, 0x08e8, 0x08c7, 0x08c7, 0x08e7, 0x1108, 0x1128, 
	0x1949, 0x196a, 0x1149, 0x116b, 0x19ac, 0x21ed, 0x3ad1, 0x4b94, 0x4b94, 0x5416, 0x5c57, 0x5c16, 0x5c16, 0x5c16, 0x53d5, 0x53b5, 
	0x6c36, 0x951a, 0x9d3a, 0x94b8, 0x9d3a, 0xad7b, 0x9d19, 0xa51a, 0x94b8, 0xa53a, 0x8cb8, 0x7416, 0x5bb5, 0x53b5, 0x4b74, 0x4b94, 
	0x5bf6, 0x5bf6, 0x5bf6, 0x5bf6, 0x6417, 0x6417, 0x6417, 0x6437, 0x6438, 0x6437, 0x6c58, 0x6417, 0x5bb5, 0x7417, 0x7c36, 0x8436, 
	0x8457, 0x94b8, 0x9cd8, 0x94b8, 0x8c98, 0x8c57, 0x8457, 0x8437, 0x8437, 0x8457, 0x7c78, 0x5374, 0x4354, 0x4bb6, 0x53f7, 0x5bd6, 
	0x5bf5, 0x5bf5, 0x63f6, 0x5bf6, 0x5bf6, 0x5bf6, 0x5bf6, 0x5bf6, 0x5c16, 0x5bf6, 0x5c17, 0x5c16, 0x6417, 0x63f6, 0x6c78, 0x957b, 
	0xa57a, 0x8c77, 0x8457, 0x8437, 0x7c37, 0x7c77, 0x5374, 0x3ad1, 0x4332, 0x6c56, 0x8d79, 0xa61b, 0x959a, 0x95ba, 0xa61b, 0x95b9, 
	0x95b9, 0xae5c, 0x9dba, 0x9579, 0xae3b, 0x9578, 0x84f7, 0x7cd7, 0x7496, 0x7496, 0x7cb7, 0x7476, 0x5bf5, 0x4b53, 0x4b33, 0x4b33, 
	0x5394, 0x63f6, 0x6c57, 0x6c57, 0x4b94, 0x3af2, 0x3af2, 0x3af2, 0x3af2, 0x3af2, 0x3af2, 0x3af2, 0x4312, 0x3ad2, 0x3af2, 0x3af2, 
	0x3b12, 0x3af2, 0x3af2, 0x4333, 0x3ad1, 0x32d1, 0x32d1, 0x3af2, 0x3af2, 0x3ad1, 0x32d2, 0x4333, 0x5394, 0x6c16, 0x5b74, 0x5333, 
	0x6436, 0x6436, 0x6c56, 0x955a, 0xae1c, 0x9538, 0xadb9, 0xc65c, 0x9d39, 0x8416, 0x8417, 0x8c37, 0x83d5, 0x6b33, 0x6312, 0x62f2, 
	0x52f2, 0x52f2, 0x5374, 0x5395, 0x4b74, 0x4b74, 0x53d6, 0x4b74, 0x7cf8, 0xbf1f, 0xa63c, 0x8d59, 0xb69e, 0xa61c, 0x7496, 0xa61d, 
	0xa61d, 0x7cb7, 0x8d5a, 0x8d5a, 0x8cf8, 0xbe5d, 0xd6df, 0x9d39, 0x6353, 0x5b33, 0x5334, 0x4b13, 0x4313, 0x4313, 0x3b13, 0x3b13, 
	0x3af3, 0x3b13, 0x3af2, 0x5395, 0x7c77, 0x73f5, 0x7c16, 0x7c15, 0x73f5, 0x7c36, 0x7c16, 0x73d5, 0x73f5, 0x73f6, 0x7c16, 0x7c17, 
	0x63d6, 0x5374, 0x4b54, 0x4b54, 0x4b54, 0x4b54, 0x4b54, 0x4b54, 0x4b95, 0x4b54, 0x4b54, 0x4b33, 0x4b33, 0x4b34, 0x4333, 0x4b13, 
	0x63d5, 0x8cd9, 0x9d1a, 0x8c98, 0x7c36, 0x8cb8, 0x8cb8, 0x9d7b, 0xa5dc, 0xae1c, 0xae3c, 0xb65d, 0xa5fc, 0xadfc, 0xb63d, 0xaddb, 
	0x9d7a, 0x9519, 0x8cd8, 0x8c98, 0x8c97, 0x7c16, 0x7c16, 0x7c16, 0x7c16, 0x8457, 0x8478, 0x955a, 0xae5d, 0xae7d, 0xae9e, 0xae5d, 
	0xae3e, 0x8d3a, 0x8cb9, 0x8478, 0x8437, 0x8437, 0x6395, 0x5b55, 0x5b75, 0x5b95, 0x5b95, 0x5b95, 0x5b95, 0x5374, 0x5b75, 0x5bb5, 
	0x53b4, 0x5bd4, 0x6415, 0x6415, 0x5bf5, 0x5bf5, 0x5bd5, 0x5bf5, 0x5bd5, 0x5bf5, 0x3ad0, 0x2a2e, 0x094a, 0x0909, 0x0909, 0x0908, 
	0x1108, 0x08e8, 0x08c7, 0x00c7, 0x00c7, 0x00c7, 0x08c7, 0x08c7, 0x08c7, 0x08c7, 0x08a7, 0x10e8, 0x08a7, 0x08a7, 0x08e8, 0x08e9, 
	0x0929, 0x0929, 0x08e8, 0x08a7, 0x08c7, 0x08a7, 0x08a7, 0x08c7, 0x08e8, 0x0908, 0x08e8, 0x08c7, 0x08c7, 0x08e7, 0x0908, 0x1949, 
	0x21aa, 0x1109, 0x0909, 0x0909, 0x08e9, 0x21cc, 0x42f1, 0x4b94, 0x4b94, 0x53f6, 0x5c16, 0x5c16, 0x5c16, 0x53f6, 0x53f6, 0x53d5, 
	0x6c16, 0x8cd8, 0x8cb8, 0x94d8, 0x94f9, 0x94f9, 0x8cd8, 0x8cd8, 0x94d8, 0x9d3a, 0x8cd9, 0x6c37, 0x5394, 0x4b74, 0x4333, 0x4353, 
	0x53b5, 0x53b5, 0x5bd6, 0x5bd6, 0x5bd6, 0x5394, 0x53b5, 0x5bd6, 0x5bd5, 0x5bd6, 0x5bd5, 0x5bd6, 0x5bb5, 0x7c58, 0x8cd9, 0x94d9, 
	0x94f9, 0x9cf9, 0x9cf9, 0x94d8, 0x8c98, 0x94b8, 0x8c57, 0x8c37, 0x8c37, 0x8457, 0x7c78, 0x5354, 0x4354, 0x53d6, 0x53d6, 0x5395, 
	0x7cd8, 0x8d5a, 0x7498, 0x8d3a, 0x7477, 0x853a, 0x7498, 0x959c, 0x7cd9, 0x959c, 0x7498, 0x959c, 0x7cd9, 0x8d5b, 0x851a, 0x955b, 
	0xa55a, 0x9477, 0x8c57, 0x8437, 0x8457, 0x8498, 0x5b94, 0x3ad1, 0x4332, 0x6436, 0x9ddb, 0xd79f, 0xa63d, 0xae7e, 0xcf5f, 0xb69d, 
	0xae7d, 0xdfdf, 0xbede, 0xbe9e, 0xdfbf, 0xb65c, 0xbebe, 0xd79f, 0xb65d, 0xae3d, 0xd79f, 0x9dbb, 0x63f5, 0x5374, 0x5353, 0x5353, 
	0x5b94, 0x5b94, 0x5b94, 0x63d5, 0x4b74, 0x3ad1, 0x3ad1, 0x3ad2, 0x3af2, 0x3af2, 0x3af2, 0x3af2, 0x4313, 0x3ad2, 0x3af2, 0x3af2, 
	0x3b13, 0x3af2, 0x32d2, 0x4353, 0x3af2, 0x32b1, 0x3ad1, 0x3af2, 0x3b12, 0x32d1, 0x3ad2, 0x4333, 0x4b53, 0x5373, 0x5353, 0x5333, 
	0x6c37, 0x6c37, 0x6c16, 0x84f9, 0x957a, 0x84d7, 0x8d18, 0xa5bb, 0x8cd8, 0x7c36, 0x7c37, 0x8458, 0x73f6, 0x6353, 0x5b12, 0x5b12, 
	0x52f2, 0x4b12, 0x5354, 0x5395, 0x4b74, 0x4b74, 0x53d6, 0x4b95, 0x6cb8, 0x95fd, 0x853a, 0x6c97, 0x8d7a, 0x7d39, 0x6436, 0x7d1a, 
	0x851a, 0x6457, 0x6c98, 0x7498, 0x7477, 0x8d3a, 0x9d9c, 0x7c98, 0x5353, 0x5334, 0x4b34, 0x4313, 0x4313, 0x4313, 0x3b13, 0x3b13, 
	0x3b13, 0x3b13, 0x3af3, 0x5374, 0x7c57, 0x8456, 0x8c97, 0x9497, 0x8c77, 0x8c76, 0x7c15, 0x73d5, 0x7416, 0x8478, 0x8478, 0x7c78, 
	0x6c37, 0x63d6, 0x5bd6, 0x5bb5, 0x5bb5, 0x5bb5, 0x5395, 0x4b74, 0x4b74, 0x4b74, 0x4b54, 0x4b54, 0x4b54, 0x4b54, 0x4b34, 0x4b54, 
	0x5b95, 0x6bf6, 0x6bf6, 0x6bf6, 0x6bd5, 0x8498, 0x8497, 0x9d39, 0xa59a, 0xa5bb, 0xadfc, 0xadfc, 0xaddc, 0xaddc, 0xaddb, 0xa59b, 
	0x9d5a, 0x9d19, 0x94d8, 0x8c98, 0x8c77, 0x8436, 0x8416, 0x8436, 0x8436, 0x8457, 0x8c98, 0x9d5a, 0xae1c, 0xae3d, 0xae5d, 0xa61d, 
	0xae1d, 0x8d1a, 0x8cd9, 0x8c78, 0x8457, 0x8457, 0x6395, 0x5b55, 0x5b75, 0x5b75, 0x5b95, 0x5b95, 0x5b75, 0x5b75, 0x5b74, 0x5bb5, 
	0x53b4, 0x5394, 0x53b4, 0x5394, 0x4b73, 0x4b94, 0x4b53, 0x4353, 0x4b53, 0x4332, 0x42f1, 0x2a2e, 0x0909, 0x0909, 0x0909, 0x08e8, 
	0x08e8, 0x1128, 0x08e8, 0x08e8, 0x00c7, 0x00c7, 0x08e8, 0x0908, 0x08e8, 0x08c7, 0x08a7, 0x10e8, 0x08a7, 0x08c8, 0x08c8, 0x0909, 
	0x092a, 0x0929, 0x08e8, 0x08a7, 0x08c7, 0x08c7, 0x08c7, 0x08c8, 0x0909, 0x1129, 0x0908, 0x08e8, 0x08e7, 0x08e7, 0x0908, 0x198a, 
	0x29ec, 0x08e8, 0x0909, 0x0909, 0x090a, 0x21ed, 0x4311, 0x5394, 0x53d5, 0x5c37, 0x6457, 0x6437, 0x5c37, 0x5c37, 0x5c17, 0x53d5, 
	0x7457, 0x94f9, 0x8cb8, 0x7416, 0x6c57, 0x6c36, 0x6c37, 0x6c37, 0x6c36, 0x6416, 0x63f6, 0x63f6, 0x53d5, 0x4b94, 0x4b54, 0x4b74, 
	0x53b5, 0x5bd5, 0x5bf6, 0x5bf6, 0x5bf6, 0x5394, 0x5bd5, 0x5bf6, 0x5bf6, 0x5bf6, 0x5bf6, 0x5bf6, 0x63d6, 0x7478, 0x8cfa, 0x953a, 
	0x9d5b, 0x953a, 0x9d5b, 0x953a, 0x94d9, 0x8c77, 0x8c57, 0x8c37, 0x8c57, 0x8c77, 0x8498, 0x4b33, 0x4b54, 0x53d6, 0x53d6, 0x5395, 
	0x8d3a, 0xadfc, 0x7c97, 0x959b, 0x7cb8, 0xa61d, 0x7cd8, 0xae7e, 0x8519, 0xa63e, 0x7cf8, 0xae5e, 0x7cf9, 0xae3e, 0x957b, 0x8d1a, 
	0x94b7, 0x9476, 0x9457, 0x8c57, 0x8c97, 0x8cb8, 0x5b94, 0x3af1, 0x4312, 0x6415, 0x8d5a, 0xae7e, 0x8d7b, 0x959b, 0xa63d, 0x95bb, 
	0x9ddb, 0xbedf, 0xa61c, 0xa5fc, 0xbedf, 0x9dba, 0xa5fb, 0xbe9e, 0x9dbb, 0x9ddb, 0xbebf, 0x957a, 0x63d5, 0x5354, 0x5353, 0x5353, 
	0x5b74, 0x5bb4, 0x5bb4, 0x63f6, 0x4b74, 0x3ad1, 0x3ad1, 0x3ad1, 0x3af2, 0x3ad1, 0x3af2, 0x3af2, 0x4333, 0x3ad2, 0x3af2, 0x3ad2, 
	0x3b13, 0x3af2, 0x3ad1, 0x4333, 0x3af1, 0x32b1, 0x3ad2, 0x3af2, 0x3b12, 0x3ad1, 0x3ad1, 0x4312, 0x4b53, 0x5374, 0x5b53, 0x5b53, 
	0x5bf6, 0x5bf6, 0x5bd5, 0x6c36, 0x6c57, 0x6c16, 0x6c56, 0x7477, 0x6c16, 0x63f6, 0x6bf6, 0x7437, 0x6bd5, 0x5312, 0x4ad1, 0x4ad1, 
	0x42d1, 0x42d1, 0x4312, 0x4333, 0x4333, 0x4354, 0x4b74, 0x4354, 0x4bb5, 0x5c16, 0x53d5, 0x53d5, 0x5416, 0x53f5, 0x4bb5, 0x5bf6, 
	0x53f6, 0x53b5, 0x53d6, 0x53f6, 0x5bf6, 0x6417, 0x6437, 0x63f6, 0x4b34, 0x4b33, 0x4334, 0x4313, 0x4313, 0x3b13, 0x3b13, 0x3b13, 
	0x3b13, 0x3b13, 0x3af3, 0x5374, 0x8477, 0x8c76, 0x9497, 0x9cb7, 0x9cb7, 0x9497, 0x8436, 0x7c16, 0x7c16, 0x7436, 0x7416, 0x7436, 
	0x6c17, 0x6c37, 0x7437, 0x6c17, 0x6c37, 0x6c37, 0x6c37, 0x5bb5, 0x5374, 0x5374, 0x5374, 0x5374, 0x4b54, 0x4b54, 0x5374, 0x5354, 
	0x5354, 0x5333, 0x5333, 0x4b13, 0x5333, 0x5333, 0x8477, 0x94d8, 0x9d19, 0x9d39, 0x9d39, 0xa55a, 0x9d59, 0x9d39, 0x9d39, 0x9d39, 
	0x9cf9, 0x9cf8, 0x9cd8, 0x94b7, 0x9497, 0x8c36, 0x8c36, 0x8c36, 0x8c36, 0x8c57, 0x8cb8, 0x9d5a, 0xb63d, 0xb65d, 0xa61c, 0xae1c, 
	0x9dbc, 0x8cf9, 0x94d9, 0x8c78, 0x8437, 0x8437, 0x6395, 0x5b75, 0x5b75, 0x5b75, 0x5b75, 0x5b75, 0x5b74, 0x5b74, 0x5b75, 0x5bb5, 
	0x6c57, 0x853a, 0x7d19, 0x7d19, 0x74b8, 0x53b4, 0x4b74, 0x4b94, 0x53b5, 0x5bf5, 0x4311, 0x2a2e, 0x0909, 0x08e9, 0x0909, 0x00c8, 
	0x0908, 0x1128, 0x08e8, 0x0908, 0x0908, 0x0908, 0x1129, 0x0909, 0x08e8, 0x08a7, 0x08a7, 0x10e8, 0x08a8, 0x08c8, 0x08e9, 0x0929, 
	0x092a, 0x0929, 0x08c7, 0x0887, 0x08c7, 0x08a7, 0x08c7, 0x08e8, 0x1129, 0x1149, 0x0909, 0x08e8, 0x08e7, 0x08e7, 0x0908, 0x1149, 
	0x196a, 0x08e8, 0x0909, 0x0909, 0x090a, 0x220d, 0x4312, 0x4b73, 0x53d5, 0x5c16, 0x6416, 0x5c16, 0x5c16, 0x5c16, 0x5c16, 0x5bd5, 
	0x7436, 0x94f9, 0x94f9, 0x6bd5, 0x5bd5, 0x53b5, 0x4b94, 0x4b95, 0x53b5, 0x4b94, 0x4b74, 0x4b74, 0x4b74, 0x4354, 0x4b74, 0x4b74, 
	0x4b74, 0x4b74, 0x4b74, 0x5395, 0x4b74, 0x4353, 0x5395, 0x4b74, 0x4b74, 0x4b95, 0x4b94, 0x4b74, 0x5394, 0x53b5, 0x5bd5, 0x63f5, 
	0x63f5, 0x6416, 0x6c16, 0x63f5, 0x7416, 0x94f9, 0x9477, 0x9457, 0x8c36, 0x8c57, 0x8498, 0x5374, 0x4b54, 0x53d6, 0x53f6, 0x5bf5, 
	0x6c35, 0x6c15, 0x6415, 0x6416, 0x6415, 0x7477, 0x6c56, 0x7497, 0x6c76, 0x6456, 0x6c76, 0x6c77, 0x6c56, 0x7477, 0x7498, 0x953a, 
	0x94b8, 0x9476, 0x9477, 0x9497, 0x9cb8, 0x94d8, 0x5b94, 0x3ad1, 0x4312, 0x6416, 0x6c77, 0x6c77, 0x6c77, 0x74b8, 0x8519, 0x7cf8, 
	0x8518, 0x8d7a, 0x8519, 0x7cd8, 0x8d39, 0x7cb7, 0x7cd7, 0x84d8, 0x7477, 0x7497, 0x7cb7, 0x7497, 0x63f5, 0x5353, 0x5353, 0x5374, 
	0x5b94, 0x5b94, 0x5b94, 0x63f6, 0x4b74, 0x3ad1, 0x3ad1, 0x3ad1, 0x3af2, 0x3ad1, 0x3af2, 0x3af2, 0x4313, 0x3ad1, 0x3af2, 0x3ad2, 
	0x3b12, 0x3af2, 0x3ad2, 0x4333, 0x3ad1, 0x32d1, 0x3ad1, 0x3af2, 0x3b12, 0x3ad1, 0x3af2, 0x4312, 0x4b33, 0x5353, 0x5b53, 0x5b53, 
	0x5bb5, 0x53b5, 0x5bb5, 0x5bd5, 0x5bb5, 0x5bb5, 0x5bd5, 0x5bd5, 0x5bd5, 0x5bb5, 0x5bb5, 0x6416, 0x63f5, 0x4af1, 0x42d1, 0x42b1, 
	0x42d1, 0x42d1, 0x4313, 0x4333, 0x4333, 0x4354, 0x4354, 0x4354, 0x4374, 0x4374, 0x4b95, 0x4b95, 0x4bb5, 0x4b95, 0x4bb5, 0x4bb5, 
	0x4bb5, 0x4bb6, 0x53d6, 0x53d6, 0x53d6, 0x53b6, 0x53b6, 0x5bd6, 0x4334, 0x4334, 0x4334, 0x4313, 0x3b13, 0x3b13, 0x3b13, 0x3b13, 
	0x3b13, 0x3b13, 0x3af2, 0x5374, 0x8c97, 0x9476, 0x9cb7, 0x9c96, 0x9c96, 0x9476, 0x8c36, 0x8416, 0x7c16, 0x6bf5, 0x6bf5, 0x6bf5, 
	0x7416, 0x7436, 0x7c36, 0x7416, 0x7416, 0x7416, 0x6bf6, 0x5bb5, 0x5354, 0x5354, 0x5374, 0x5375, 0x5354, 0x5374, 0x5b94, 0x5354, 
	0x5354, 0x5354, 0x5354, 0x5333, 0x5333, 0x5b53, 0x8457, 0x9cd8, 0x9d18, 0x9d19, 0x9d18, 0xa539, 0xa539, 0xa518, 0xa539, 0xa539, 
	0xa518, 0x9cf8, 0x9cf8, 0x9cb7, 0x9c97, 0x9436, 0x9436, 0x9436, 0x9436, 0x9477, 0x9cb8, 0xad7b, 0xb61d, 0xb63d, 0xb63d, 0xae1c, 
	0xa5bc, 0x8cf9, 0x94d9, 0x8c77, 0x8437, 0x8457, 0x6bb6, 0x5b75, 0x5b75, 0x6395, 0x6395, 0x6395, 0x5b75, 0x5b75, 0x5b75, 0x63b5, 
	0x7497, 0x8d7a, 0x855a, 0x855a, 0x7cf9, 0x5bf5, 0x4b94, 0x5bf6, 0x6416, 0x7477, 0x4311, 0x2a2e, 0x092a, 0x0909, 0x0909, 0x08c8, 
	0x08e8, 0x1129, 0x1129, 0x0908, 0x0908, 0x08e8, 0x08e8, 0x08e8, 0x08c7, 0x08c7, 0x08a7, 0x10e8, 0x08c8, 0x08e9, 0x08e9, 0x092a, 
	0x114a, 0x1129, 0x08a7, 0x0886, 0x08a7, 0x08c7, 0x08c7, 0x08e8, 0x1149, 0x0909, 0x0908, 0x08e8, 0x08c7, 0x08c7, 0x08e7, 0x1129, 
	0x08e8, 0x08e9, 0x08e9, 0x0909, 0x090a, 0x220e, 0x42f1, 0x5373, 0x5bd4, 0x6c15, 0x6c35, 0x6415, 0x6415, 0x6415, 0x6415, 0x63f5, 
	0x7415, 0x94f9, 0x9d3a, 0x6394, 0x53b5, 0x4b95, 0x3b13, 0x4354, 0x4b94, 0x4333, 0x4354, 0x4354, 0x4354, 0x4354, 0x4354, 0x4374, 
	0x4354, 0x4354, 0x4354, 0x4b74, 0x4354, 0x4333, 0x4b95, 0x4353, 0x4353, 0x4374, 0x4354, 0x4354, 0x4b54, 0x4b54, 0x4353, 0x4353, 
	0x4353, 0x4b74, 0x4b53, 0x4b12, 0x63b4, 0x94d9, 0x9cb8, 0x9436, 0xa4f8, 0x9cd8, 0x8477, 0x5bb5, 0x4b74, 0x5bf6, 0x6457, 0x6c77, 
	0x6c77, 0x6c36, 0x6416, 0x5bd6, 0x5bf6, 0x5bf6, 0x6c56, 0x6c77, 0x74b8, 0x74b8, 0x74b7, 0x6c77, 0x6c77, 0x6c56, 0x7477, 0x953a, 
	0x9cd8, 0xa497, 0xa4b7, 0xc5db, 0xce1c, 0x9cf8, 0x63b4, 0x42d1, 0x4b32, 0x63f5, 0x6436, 0x6416, 0x6436, 0x6c77, 0x7cf9, 0x7cd8, 
	0x7cf8, 0x8539, 0x7cf9, 0x7cb8, 0x7cd8, 0x7497, 0x7457, 0x6c56, 0x6c36, 0x6416, 0x63f5, 0x6c36, 0x63f5, 0x5374, 0x5b74, 0x5353, 
	0x5b94, 0x5b94, 0x5b94, 0x63f6, 0x4b53, 0x3ad1, 0x3ad1, 0x3ad1, 0x3af2, 0x3ad1, 0x3af1, 0x3ad1, 0x4312, 0x3ad1, 0x3af2, 0x3ad1, 
	0x3af2, 0x3af2, 0x3ad1, 0x4333, 0x3af1, 0x3ad1, 0x3ad1, 0x3af2, 0x3af2, 0x3ad1, 0x3af1, 0x4312, 0x4b12, 0x5b54, 0x5b74, 0x5b74, 
	0x63f5, 0x5bf5, 0x5bd6, 0x5bd6, 0x5bd5, 0x5bd5, 0x5bd5, 0x63f6, 0x5bf5, 0x5bf5, 0x5bf5, 0x6c57, 0x6416, 0x4b32, 0x4b12, 0x42f1, 
	0x42d1, 0x4312, 0x4b33, 0x4333, 0x4b53, 0x4b74, 0x4b74, 0x4b74, 0x4b95, 0x4bb5, 0x4bb5, 0x4b95, 0x4bb5, 0x4b95, 0x4bb5, 0x53d6, 
	0x53d6, 0x53d6, 0x53f6, 0x53d5, 0x53d6, 0x53b5, 0x53b5, 0x5bf6, 0x4354, 0x4354, 0x4334, 0x4334, 0x3b13, 0x3b13, 0x3b13, 0x3b13, 
	0x3b33, 0x3b13, 0x3af2, 0x5373, 0x8c97, 0x9cb7, 0x9cb7, 0x9cb7, 0x9cb7, 0x8c76, 0x8436, 0x8436, 0x7c16, 0x7416, 0x7c77, 0x7c57, 
	0x8c98, 0x8477, 0x94d8, 0x8c77, 0x8477, 0x7c77, 0x7437, 0x63b5, 0x5374, 0x5374, 0x5354, 0x5b95, 0x5374, 0x5b74, 0x7437, 0x7437, 
	0x5354, 0x5334, 0x5354, 0x5354, 0x5334, 0x5b53, 0x8c77, 0xa519, 0xad59, 0xad79, 0xad7a, 0xad7a, 0xad79, 0xa518, 0xa518, 0xad38, 
	0xad38, 0xad18, 0xa4f8, 0xa4d7, 0x9c97, 0x9c76, 0x9c57, 0x9c57, 0x9c77, 0x9c97, 0x9cd8, 0xad7a, 0xb5fc, 0xb61c, 0xb61c, 0xaddc, 
	0xadbb, 0x94f9, 0x9cf9, 0x94b8, 0x8c98, 0x8457, 0x6bb6, 0x6375, 0x6395, 0x63b6, 0x63b6, 0x63b6, 0x6395, 0x6395, 0x6395, 0x63b5, 
	0x5bf5, 0x6415, 0x6435, 0x5c15, 0x5bf5, 0x53d5, 0x5394, 0x5394, 0x53b4, 0x53b4, 0x4332, 0x2a4e, 0x0909, 0x0909, 0x0909, 0x08c8, 
	0x00c7, 0x1129, 0x0908, 0x08e8, 0x08e8, 0x08c7, 0x08c8, 0x08c8, 0x10e8, 0x08c7, 0x08a7, 0x10e8, 0x08c8, 0x0909, 0x092a, 0x114a, 
	0x114a, 0x1129, 0x08a7, 0x0886, 0x08c7, 0x08c7, 0x08c7, 0x08e8, 0x1129, 0x0908, 0x08e8, 0x08e8, 0x08e8, 0x08c7, 0x08e8, 0x0908, 
	0x08e8, 0x08e8, 0x08e9, 0x0909, 0x092a, 0x220e, 0x42f1, 0x63f5, 0x8d39, 0x9dbb, 0x9d9a, 0x8d59, 0x8d39, 0x8d5a, 0x959b, 0x8cf8, 
	0x94f9, 0xa53a, 0x9d3a, 0x63b4, 0x63f6, 0x53d6, 0x4333, 0x4374, 0x53b5, 0x4354, 0x4b54, 0x4b74, 0x4b94, 0x4354, 0x4b74, 0x53b5, 
	0x4b74, 0x4353, 0x4b74, 0x4b94, 0x4353, 0x4333, 0x4b95, 0x4354, 0x4333, 0x4b94, 0x4374, 0x4333, 0x4354, 0x4b74, 0x4354, 0x4353, 
	0x4354, 0x4b74, 0x4353, 0x4333, 0x5b94, 0x8cb8, 0x9c97, 0x9c76, 0x9c76, 0xbdbb, 0x9d1a, 0x5353, 0x5395, 0x53d6, 0x8d5b, 0xa5fd, 
	0x853a, 0x9ddd, 0x6437, 0x5bf7, 0x5bf6, 0x6416, 0x7498, 0xa61d, 0x855a, 0x9e3d, 0x855a, 0x9e1d, 0x853a, 0x9dbc, 0x8d1a, 0x9d1a, 
	0xa4d8, 0xacb7, 0xacf7, 0xb538, 0xb539, 0xad39, 0x63b4, 0x42f1, 0x4b32, 0x63f5, 0x6416, 0x6416, 0x6416, 0x6436, 0x7498, 0x7497, 
	0x7cd8, 0x8d39, 0x7cf8, 0x7cd8, 0x7cf8, 0x74b7, 0x7477, 0x6c57, 0x6c16, 0x6c16, 0x63f5, 0x6c16, 0x6bf6, 0x5b74, 0x5b73, 0x5b73, 
	0x63b5, 0x63b5, 0x5bb5, 0x6416, 0x4b74, 0x3af1, 0x3af2, 0x42f2, 0x4312, 0x4312, 0x4312, 0x42f2, 0x4b33, 0x3af2, 0x42f2, 0x42f2, 
	0x4312, 0x4312, 0x3af2, 0x4353, 0x3af2, 0x3ad1, 0x3af2, 0x4312, 0x4312, 0x3ad1, 0x42f2, 0x4312, 0x4b33, 0x5b74, 0x5b54, 0x5b54, 
	0x63f4, 0x63f5, 0x63f5, 0x63f6, 0x63f6, 0x63f5, 0x63f5, 0x63f5, 0x6415, 0x63f5, 0x6415, 0x7477, 0x6c56, 0x5372, 0x5352, 0x4b12, 
	0x4af1, 0x4b12, 0x5bd4, 0x6c56, 0x6415, 0x53b4, 0x5bd5, 0x53b5, 0x53b5, 0x53d6, 0x53d5, 0x6416, 0x7497, 0x6c77, 0x5bf6, 0x5bf6, 
	0x5c16, 0x6437, 0x74b8, 0x74b7, 0x6c77, 0x7497, 0x7498, 0x6c37, 0x4354, 0x4334, 0x4334, 0x3b13, 0x3b13, 0x3b13, 0x3b13, 0x3b13, 
	0x3b13, 0x3b33, 0x3b12, 0x5353, 0x9497, 0xa518, 0x8456, 0x7c36, 0x7c16, 0x73f6, 0x73f6, 0x73f6, 0x6bf6, 0x7417, 0x7c57, 0x8457, 
	0x94d8, 0x94b8, 0xa53a, 0x8c97, 0x8497, 0x8498, 0x7c78, 0x63d6, 0x5374, 0x5b75, 0x5355, 0x5b95, 0x5b75, 0x5b95, 0x63b5, 0x6bd6, 
	0x5b54, 0x5b54, 0x5b54, 0x5354, 0x5354, 0x6354, 0x9497, 0xb59a, 0xc63c, 0xc63c, 0xce5d, 0xce3c, 0xc61c, 0xad79, 0xad18, 0xb579, 
	0xbdba, 0xbdba, 0xb559, 0xacf8, 0xacd8, 0xa497, 0xa477, 0xa497, 0xa497, 0xa4b7, 0xa4f8, 0xbddc, 0xc67e, 0xc67d, 0xc65d, 0xbe3d, 
	0xbe1c, 0xa559, 0x9cd8, 0xa519, 0xa53a, 0x8c57, 0x73d6, 0x6395, 0x63b6, 0x6395, 0x6bb6, 0x63b6, 0x6395, 0x6395, 0x6395, 0x63b5, 
	0x5394, 0x4b74, 0x4b74, 0x4b74, 0x4b53, 0x4b53, 0x4353, 0x4b53, 0x4b53, 0x4b33, 0x4312, 0x220e, 0x092a, 0x0909, 0x0909, 0x08c8, 
	0x00a7, 0x1128, 0x0908, 0x08e8, 0x08e7, 0x08e7, 0x08c8, 0x08e8, 0x08c7, 0x08a7, 0x08a7, 0x08e8, 0x08e8, 0x0909, 0x092a, 0x114b, 
	0x116b, 0x112a, 0x0887, 0x0886, 0x08a7, 0x08c7, 0x08e8, 0x08e8, 0x08e8, 0x08e8, 0x08c7, 0x08e7, 0x08e8, 0x08e8, 0x08e8, 0x08c8, 
	0x08e9, 0x08e9, 0x08e9, 0x0909, 0x094b, 0x19cd, 0x4312, 0x6415, 0x7cb8, 0x8519, 0x84f9, 0x7cb8, 0x7cb8, 0x7cd8, 0x8519, 0x7cb7, 
	0x94f8, 0xa53a, 0x9d3a, 0x63b4, 0x6416, 0x5c16, 0x53b4, 0x5c16, 0x5bf5, 0x5bf5, 0x6c56, 0x6415, 0x63f5, 0x6c57, 0x6c57, 0x5bf5, 
	0x6415, 0x6c56, 0x5bf5, 0x5bf5, 0x6c56, 0x5bd4, 0x5bd5, 0x4b94, 0x4b94, 0x53b5, 0x53b4, 0x5c16, 0x5c16, 0x4b94, 0x4b74, 0x4b54, 
	0x4b54, 0x4b74, 0x4354, 0x4333, 0x5b94, 0x8cb8, 0xa4b7, 0xa476, 0xb518, 0xbdbb, 0x94f9, 0x5353, 0x5374, 0x5bd6, 0x8d7b, 0x9dfd, 
	0x855a, 0x9dfd, 0x6437, 0x5bf6, 0x5bf6, 0x6437, 0x7497, 0x9e1d, 0x855a, 0xa63e, 0x855a, 0x9dfd, 0x7cf9, 0x95bc, 0x84f9, 0x9d19, 
	0xb518, 0xb4d7, 0xc559, 0xcdba, 0xbd38, 0xad19, 0x6bb4, 0x4af2, 0x4b32, 0x63f5, 0x6416, 0x5bd5, 0x5bf5, 0x6416, 0x6c36, 0x6c56, 
	0x9579, 0xb69d, 0x9ddb, 0x959a, 0xa61b, 0x8518, 0x7456, 0x6c36, 0x6c15, 0x8519, 0x9ddb, 0x84d8, 0x6bf5, 0x6394, 0x5b73, 0x6394, 
	0x6c16, 0x6416, 0x63d5, 0x5bd5, 0x53b5, 0x5394, 0x5394, 0x5394, 0x5394, 0x5394, 0x53b4, 0x5394, 0x5394, 0x5374, 0x5374, 0x5394, 
	0x5394, 0x5394, 0x5394, 0x5bd5, 0x5394, 0x5374, 0x5bb4, 0x5bb5, 0x5bb5, 0x5bb4, 0x5bb4, 0x5bb4, 0x5bb4, 0x63f5, 0x63d5, 0x63d5, 
	0xa5fc, 0x9dbb, 0x7c97, 0x6c57, 0x7477, 0x7457, 0x957a, 0xae3d, 0x8d39, 0x959b, 0xae5d, 0x9ddb, 0x9559, 0x957a, 0x7c76, 0x6393, 
	0x5352, 0x5352, 0x84d8, 0xb65e, 0x8d3a, 0x6415, 0x6c77, 0x6416, 0x6417, 0x6457, 0x6416, 0x851a, 0xb69f, 0xa63d, 0x6457, 0x6458, 
	0x6457, 0x7cf9, 0xbedf, 0xbebf, 0x95bb, 0xbebf, 0xc71f, 0x853a, 0x4353, 0x4354, 0x4333, 0x4333, 0x4333, 0x4333, 0x4333, 0x4313, 
	0x4313, 0x4313, 0x3b12, 0x5353, 0x9497, 0xa518, 0x73f5, 0x63b5, 0x63d5, 0x63b5, 0x63b5, 0x63b5, 0x63b6, 0x7417, 0x73f6, 0x7c16, 
	0x8457, 0x8456, 0x8c77, 0x7c15, 0x7c16, 0x7c36, 0x7416, 0x6bd6, 0x5b75, 0x5b75, 0x5b75, 0x5b95, 0x5b95, 0x6395, 0x6375, 0x5b75, 
	0x6375, 0x6375, 0x5b75, 0x5b54, 0x5b54, 0x6374, 0x9497, 0xb559, 0xb599, 0xbdba, 0xbdda, 0xbdba, 0xbd99, 0xb538, 0xad17, 0xb538, 
	0xb558, 0xb558, 0xbd59, 0xbd38, 0xb4f8, 0xacb7, 0xacb7, 0xac97, 0xac97, 0xacb7, 0xacf8, 0xb57a, 0xbdfb, 0xb5fb, 0xb5fb, 0xb5bb, 
	0xb59a, 0xa539, 0xa4f8, 0xbd9b, 0xa519, 0x8c77, 0x73d6, 0x6395, 0x6bd6, 0x8478, 0x8479, 0x8cb9, 0x7c78, 0x7c58, 0x63b6, 0x63b5, 
	0x4b54, 0x4333, 0x4353, 0x4353, 0x4333, 0x4333, 0x4333, 0x4333, 0x4b33, 0x4b53, 0x3af1, 0x21ed, 0x114a, 0x0909, 0x0909, 0x08e8, 
	0x08c7, 0x08e8, 0x0908, 0x08e8, 0x08e7, 0x08e7, 0x08c7, 0x08c7, 0x08a7, 0x08c7, 0x08c7, 0x1108, 0x08e8, 0x0909, 0x094b, 0x118c, 
	0x118c, 0x0909, 0x0087, 0x0887, 0x0886, 0x08c7, 0x10e8, 0x08e8, 0x08e8, 0x08c8, 0x08c7, 0x08c7, 0x08e8, 0x08e8, 0x08e8, 0x00c8, 
	0x0909, 0x0909, 0x0909, 0x0909, 0x116b, 0x19ac, 0x4b33, 0x5bb5, 0x5393, 0x63f5, 0x63f4, 0x63f5, 0x5bf5, 0x5bf5, 0x5bf4, 0x63d4, 
	0x7c35, 0xa519, 0xa53a, 0x6394, 0x6416, 0x6457, 0x7d1a, 0x95bc, 0x6c57, 0x8d5a, 0xbebf, 0x84f8, 0x7456, 0xbebf, 0xb67f, 0x6c15, 
	0x9d9b, 0xbebf, 0x7cb8, 0x7497, 0xbedf, 0x959b, 0x6416, 0x6436, 0x6457, 0x5bf6, 0x5bf5, 0x9dfd, 0x8d7b, 0x53b4, 0x5395, 0x5bd6, 
	0x53b5, 0x4b94, 0x4b74, 0x4b53, 0x5b94, 0x94f9, 0xacd8, 0xa497, 0xacf8, 0x9cb7, 0x94d8, 0x5b94, 0x5374, 0x5bf6, 0x7477, 0x7477, 
	0x7497, 0x6c56, 0x6416, 0x63f6, 0x63f6, 0x6416, 0x6c56, 0x7476, 0x74b7, 0x74b8, 0x74b8, 0x6c57, 0x6436, 0x6416, 0x7457, 0xa55a, 
	0xb539, 0xbd18, 0xbd38, 0xbd18, 0xbd59, 0xad19, 0x6bb4, 0x4b12, 0x5332, 0x63f5, 0x6c16, 0x63f6, 0x63f6, 0x6c36, 0x6c57, 0x7477, 
	0x9dbb, 0xbebe, 0xa5fc, 0x9ddb, 0xb67d, 0x9579, 0x7476, 0x7457, 0x7456, 0x9d7a, 0xb67e, 0x8d39, 0x6bf5, 0x6394, 0x6373, 0x6bd5, 
	0x63f6, 0x5374, 0x5394, 0x5394, 0x53b4, 0x53b5, 0x5394, 0x5394, 0x5394, 0x5394, 0x53b4, 0x5394, 0x63d5, 0x5bd5, 0x63f6, 0x63f6, 
	0x63f6, 0x6416, 0x6c16, 0x6416, 0x6c16, 0x6c37, 0x6c37, 0x6c17, 0x6c37, 0x6c57, 0x6c37, 0x6c36, 0x6c36, 0x6c37, 0x7457, 0x7457, 
	0xbe9e, 0xbe7d, 0x84f8, 0x7cb8, 0x84d9, 0x7c97, 0xae1c, 0xcf1f, 0xa5fb, 0xae5d, 0xcf5f, 0xbebe, 0xa5fb, 0xb65d, 0x84d8, 0x63d4, 
	0x5b72, 0x5b73, 0x7c97, 0x957b, 0x7cd9, 0x6416, 0x6c57, 0x6417, 0x6437, 0x6c58, 0x6437, 0x74b9, 0x8d9b, 0x8d5b, 0x6457, 0x6c58, 
	0x6458, 0x74b9, 0x9ddc, 0x9dbc, 0x853a, 0x9ddd, 0x9dfd, 0x74b9, 0x4354, 0x4354, 0x3b33, 0x4333, 0x4333, 0x4333, 0x4313, 0x3b13, 
	0x4312, 0x3af2, 0x3af2, 0x5332, 0x94b7, 0xad5a, 0x73f5, 0x63d5, 0x63b5, 0x63b5, 0x63b6, 0x63b6, 0x6bb6, 0x73f7, 0x6bd6, 0x7c17, 
	0x8c98, 0x8c77, 0x94d8, 0x8c97, 0x8c97, 0x6bd5, 0x6bf6, 0x6bd6, 0x6375, 0x6375, 0x6375, 0x63b6, 0x6395, 0x6395, 0x6395, 0x6375, 
	0x6375, 0x6bb6, 0x6375, 0x5b55, 0x5b55, 0x6b74, 0x9c97, 0xb518, 0xbd79, 0xce1b, 0xcdfa, 0xc5b9, 0xc578, 0xbd38, 0xbd38, 0xc558, 
	0xc538, 0xc558, 0xcdb9, 0xd5ba, 0xcd58, 0xbcf7, 0xbcf7, 0xb4d7, 0xb4d7, 0xb4d7, 0xb4f8, 0xbd79, 0xc61c, 0xc61c, 0xc61c, 0xbddb, 
	0xbdbb, 0xb539, 0xacf8, 0xb519, 0xa4d8, 0x9c98, 0x73d6, 0x6b96, 0x73d6, 0x951b, 0x9d3b, 0xa57c, 0x94fa, 0x8cfa, 0x6bb6, 0x63b6, 
	0x4b54, 0x4333, 0x4333, 0x4333, 0x4333, 0x4333, 0x4333, 0x4b53, 0x5374, 0x5bd5, 0x42f1, 0x21ed, 0x116b, 0x0909, 0x08e8, 0x1109, 
	0x08c7, 0x08a7, 0x1108, 0x08e7, 0x08e7, 0x08e7, 0x08c7, 0x08a7, 0x08c7, 0x08c7, 0x00a7, 0x1109, 0x08e9, 0x0909, 0x116b, 0x118c, 
	0x116b, 0x0909, 0x0086, 0x08a7, 0x08a7, 0x08a7, 0x08c7, 0x08e8, 0x10e8, 0x08c8, 0x08c7, 0x08c7, 0x08e8, 0x08e8, 0x08a7, 0x08c8, 
	0x0909, 0x08e9, 0x08e9, 0x0909, 0x116b, 0x19ac, 0x4b33, 0x6c57, 0x63f5, 0x7477, 0x8d38, 0x9538, 0x8519, 0x6c36, 0x7cb8, 0x6c15, 
	0x8436, 0xa519, 0xa53a, 0x6394, 0x63f6, 0x6437, 0x6c98, 0x74b8, 0x6416, 0x7498, 0x8d7b, 0x7498, 0x6415, 0x957b, 0x957b, 0x6415, 
	0x84f8, 0x959b, 0x7498, 0x6c57, 0x9dbc, 0x8519, 0x5c16, 0x5bf6, 0x5c16, 0x5c16, 0x5c16, 0x851a, 0x74d9, 0x53b5, 0x53b5, 0x53d5, 
	0x4b94, 0x4b94, 0x4b74, 0x4b33, 0x63b4, 0x9d1a, 0xad19, 0xb519, 0xa4f8, 0x9cf8, 0xb5fd, 0x63b4, 0x5374, 0x63f6, 0x7457, 0x7456, 
	0x7476, 0x7456, 0x6c35, 0x6c15, 0x7436, 0x7436, 0x7c56, 0x7c76, 0x7c97, 0x7477, 0x6c57, 0x6c57, 0x6437, 0x6c16, 0x7437, 0xa55a, 
	0xbd9a, 0xc579, 0xc579, 0xc57a, 0xc59a, 0xb55a, 0x6bb4, 0x5312, 0x5332, 0x6bf5, 0x6c16, 0x6416, 0x6c16, 0x6c36, 0x6c36, 0x7457, 
	0x84f9, 0x955a, 0x8d19, 0x8519, 0x8d39, 0x84d8, 0x7456, 0x7436, 0x7436, 0x7c98, 0x84d8, 0x7c77, 0x6bd5, 0x6394, 0x6374, 0x63b5, 
	0x5b94, 0x42f2, 0x3af2, 0x3af2, 0x42f2, 0x4312, 0x4332, 0x4333, 0x4b33, 0x4b33, 0x4b53, 0x4b54, 0x63f6, 0x5bb5, 0x5bb5, 0x5bb5, 
	0x5bb5, 0x5bb5, 0x5bb5, 0x5bb5, 0x5bb5, 0x5bb5, 0x5bb5, 0x5bb5, 0x5bb5, 0x5bb5, 0x5bb5, 0x5bb5, 0x5bb5, 0x5bb5, 0x5bb5, 0x5bb5, 
	0x9559, 0x9d79, 0x7cb7, 0x7c97, 0x84b8, 0x7c77, 0x957a, 0xae1c, 0x9559, 0x9d9a, 0xae3c, 0xa5db, 0x8d38, 0x8d18, 0x7456, 0x63b3, 
	0x5b72, 0x5b73, 0x7436, 0x84d9, 0x7477, 0x63f5, 0x6c37, 0x63f6, 0x6416, 0x6437, 0x6417, 0x6c57, 0x74d9, 0x74b8, 0x6437, 0x6437, 
	0x6437, 0x6c57, 0x7cd9, 0x7cd9, 0x7498, 0x7cd9, 0x7cd9, 0x6c57, 0x4333, 0x4333, 0x4333, 0x4313, 0x4313, 0x4333, 0x4b33, 0x4b74, 
	0x5394, 0x5bb5, 0x5bd5, 0x6bf6, 0x8457, 0x8477, 0x7436, 0x7437, 0x6c16, 0x6bf6, 0x63b6, 0x63b6, 0x6bb6, 0x7417, 0x6bd6, 0x7c17, 
	0x8c78, 0x8c78, 0x9cf9, 0x8c97, 0x8cb8, 0x6bd5, 0x6bd6, 0x6bd7, 0x6395, 0x6396, 0x6396, 0x6bb6, 0x6396, 0x6bb6, 0x6b96, 0x6375, 
	0x6b95, 0x6b95, 0x6375, 0x6355, 0x6375, 0x6b95, 0xacb7, 0xc558, 0xcdb9, 0xd5fa, 0xd5fa, 0xd5da, 0xcd98, 0xcd78, 0xcd58, 0xcd78, 
	0xcd78, 0xcd78, 0xd599, 0xd5b9, 0xd578, 0xcd38, 0xcd17, 0xc517, 0xc4f7, 0xbcf7, 0xbd18, 0xbd79, 0xc5da, 0xc5da, 0xc5da, 0xbd9a, 
	0xbd9a, 0xb538, 0xb4f8, 0xacd7, 0xacb7, 0xa4d8, 0x7bd6, 0x6b96, 0x73d6, 0x73f7, 0x73f6, 0x73f6, 0x73f6, 0x6bf6, 0x6bb6, 0x5b95, 
	0x4b54, 0x4b54, 0x4b74, 0x4b54, 0x4b74, 0x4b74, 0x4b54, 0x4b53, 0x5373, 0x5394, 0x42f1, 0x220e, 0x116b, 0x0909, 0x0909, 0x08e8, 
	0x08c7, 0x08c7, 0x1108, 0x08e8, 0x08e8, 0x08e7, 0x08c7, 0x08c7, 0x08c7, 0x08a7, 0x08a7, 0x0908, 0x08e8, 0x0909, 0x114b, 0x116b, 
	0x114b, 0x0909, 0x0087, 0x10c7, 0x10a7, 0x08a7, 0x08a7, 0x08a7, 0x08c7, 0x08c7, 0x08c8, 0x08c8, 0x10e8, 0x08c7, 0x08c8, 0x08e8, 
	0x0909, 0x00e9, 0x08e9, 0x0909, 0x118b, 0x21ed, 0x5374, 0x7457, 0x63f6, 0x7497, 0x9539, 0x9518, 0x84f8, 0x6c36, 0x7cb8, 0x63d5, 
	0x8c76, 0xad3a, 0xa519, 0x6b93, 0x63f6, 0x5bd6, 0x4b94, 0x53b5, 0x5bd5, 0x5394, 0x53b4, 0x5bd5, 0x5bd4, 0x5bb4, 0x5bd5, 0x5bd4, 
	0x5bb4, 0x5bb4, 0x5bd4, 0x5bf5, 0x5bb4, 0x53b4, 0x5bf5, 0x5394, 0x4b94, 0x5bd5, 0x5bd5, 0x5394, 0x53b4, 0x53b4, 0x4b74, 0x4b94, 
	0x4b74, 0x53b5, 0x4b74, 0x4b53, 0x63f5, 0x7c36, 0x7bd4, 0x7bd4, 0x73d4, 0x73d5, 0x7c57, 0x5353, 0x5395, 0x63f6, 0x953a, 0xa5bb, 
	0x8cf8, 0xa5bb, 0x8cd8, 0xa59b, 0x8cd8, 0xadbb, 0x8cd8, 0xb5fc, 0x94f8, 0xa5dc, 0x7478, 0x5bd6, 0x5bd6, 0x5bb5, 0x6c16, 0x8498, 
	0x8435, 0x8c14, 0x8c15, 0x8c15, 0x8c56, 0x8c97, 0x6bb4, 0x5332, 0x5b53, 0x6bf5, 0x7457, 0x6c36, 0x7457, 0x7477, 0x7477, 0x7477, 
	0x7477, 0x7c98, 0x7c98, 0x7c97, 0x7c97, 0x7457, 0x7456, 0x7416, 0x7416, 0x7416, 0x6bd5, 0x73f5, 0x6bb4, 0x6394, 0x6374, 0x6374, 
	0x63d5, 0x4b53, 0x4312, 0x4312, 0x4312, 0x4312, 0x4312, 0x4312, 0x4312, 0x42f2, 0x42f2, 0x4312, 0x5374, 0x5374, 0x5374, 0x5374, 
	0x5374, 0x5374, 0x5374, 0x5374, 0x5374, 0x5374, 0x5b74, 0x5374, 0x5374, 0x5374, 0x5374, 0x5374, 0x5374, 0x5b74, 0x5b74, 0x5374, 
	0x8cf8, 0x8cd8, 0x7c77, 0x7c77, 0x7c77, 0x7456, 0x8cf9, 0x955a, 0x84b8, 0x8d19, 0x955a, 0x8d19, 0x84b7, 0x7435, 0x63b3, 0x5b72, 
	0x5b32, 0x5b52, 0x6394, 0x63d4, 0x63d4, 0x63d5, 0x63d5, 0x63d5, 0x63d5, 0x63d5, 0x63f6, 0x63f6, 0x6416, 0x6416, 0x63f6, 0x63f6, 
	0x63f6, 0x6416, 0x6c37, 0x6437, 0x6437, 0x6c37, 0x6c37, 0x6416, 0x5394, 0x5bd5, 0x63f6, 0x6c37, 0x6c37, 0x6c37, 0x63f6, 0x63f6, 
	0x6c16, 0x63f6, 0x5bb5, 0x5bb5, 0x5b74, 0x5b53, 0x5353, 0x5353, 0x5333, 0x63b5, 0x6bf6, 0x6bd6, 0x6bd6, 0x7417, 0x6bd6, 0x73f7, 
	0x7c37, 0x8458, 0x8c78, 0x7c17, 0x8438, 0x73f6, 0x73f7, 0x73d7, 0x6b96, 0x6b96, 0x6b96, 0x6bb7, 0x6bb6, 0x6bb7, 0x6bb7, 0x6b96, 
	0x6b96, 0x6b96, 0x6b96, 0x6375, 0x6376, 0x7395, 0xb4b7, 0xcd78, 0xddf9, 0xe63a, 0xe63a, 0xe63a, 0xddf9, 0xd578, 0xd558, 0xd558, 
	0xd558, 0xd578, 0xd578, 0xdd99, 0xdd98, 0xd578, 0xd558, 0xcd17, 0xcd38, 0xc538, 0xc538, 0xc579, 0xcdda, 0xd61b, 0xd5fa, 0xd5fa, 
	0xcdba, 0xc559, 0xbd18, 0xbcf8, 0xb4f8, 0xacd8, 0x7bf7, 0x6b96, 0x73b7, 0x73d7, 0x73d7, 0x73d7, 0x6bd6, 0x6bb6, 0x6bb6, 0x63b6, 
	0x5374, 0x4b74, 0x4b74, 0x4b74, 0x4b74, 0x4b54, 0x4b53, 0x4b53, 0x4b53, 0x4b33, 0x4b53, 0x222e, 0x118b, 0x0109, 0x1129, 0x08e8, 
	0x00a7, 0x08e7, 0x1129, 0x0908, 0x08c7, 0x08c7, 0x08c7, 0x08c7, 0x08c7, 0x08c7, 0x08c7, 0x08e8, 0x08e8, 0x08e8, 0x090a, 0x092a, 
	0x114a, 0x1129, 0x00a7, 0x10c7, 0x08c7, 0x08a7, 0x08a7, 0x08a7, 0x08a7, 0x08c7, 0x08c7, 0x10c8, 0x10e8, 0x08a8, 0x08e8, 0x08e9, 
	0x08e9, 0x0909, 0x00e9, 0x092a, 0x116b, 0x324f, 0x63d5, 0x5b95, 0x5374, 0x5bb5, 0x63d5, 0x63d5, 0x5bb5, 0x5bb5, 0x5bb5, 0x5b74, 
	0x7bf5, 0xad19, 0xad39, 0x6b73, 0x63d5, 0x53b5, 0x4b74, 0x4b74, 0x53d5, 0x4b74, 0x5394, 0x53b4, 0x53b4, 0x53b4, 0x5bd5, 0x5bd5, 
	0x5bf4, 0x63f5, 0x5bf5, 0x6415, 0x6415, 0x63f4, 0x6415, 0x5bf5, 0x5bf5, 0x6435, 0x5bf5, 0x6415, 0x6415, 0x53b4, 0x5394, 0x5395, 
	0x4b74, 0x5bd5, 0x6416, 0x5bd4, 0x6416, 0x6c36, 0x63b5, 0x63b4, 0x63b5, 0x63b5, 0x6bf6, 0x5b74, 0x5395, 0x63f6, 0x8d19, 0x9539, 
	0x8cd8, 0x953a, 0x8cd8, 0xa55a, 0x8cd8, 0xad9b, 0x8cb7, 0xad9b, 0x94d8, 0xa59b, 0x7457, 0x63d6, 0x5bd6, 0x5bb5, 0x6c17, 0x7c57, 
	0x6bd5, 0x6bb5, 0x6bd5, 0x6bf5, 0x7416, 0x7c57, 0x63b4, 0x5332, 0x5b53, 0x6bf5, 0x7477, 0x7cb8, 0x7cb8, 0x7cb8, 0x84d8, 0x7cb8, 
	0x7c77, 0x7477, 0x7457, 0x7457, 0x7c77, 0x7c56, 0x7436, 0x73f5, 0x6bf5, 0x6bf5, 0x6bb4, 0x6bd5, 0x6bb4, 0x6b94, 0x6b94, 0x6394, 
	0x6bf6, 0x5374, 0x4333, 0x4333, 0x4333, 0x4333, 0x4333, 0x4333, 0x4333, 0x4333, 0x4333, 0x4b33, 0x5bb5, 0x5bb5, 0x5b95, 0x5b95, 
	0x5bb5, 0x5bb5, 0x5b95, 0x5b95, 0x5b95, 0x5b95, 0x5b95, 0x5b95, 0x5b95, 0x5b95, 0x5b95, 0x5bb5, 0x5b95, 0x5b95, 0x5b95, 0x5bb5, 
	0x6c15, 0x6c15, 0x6c15, 0x6c15, 0x6c16, 0x6c16, 0x7415, 0x7416, 0x7436, 0x7436, 0x6c16, 0x7456, 0x7435, 0x5b52, 0x5b52, 0x5b32, 
	0x5b32, 0x5b52, 0x6393, 0x63b4, 0x63b4, 0x63b4, 0x63d5, 0x63d5, 0x63d5, 0x63d5, 0x63f5, 0x63d5, 0x63d5, 0x63f6, 0x63f6, 0x6416, 
	0x63f6, 0x63f6, 0x6416, 0x63f6, 0x63f6, 0x6416, 0x6416, 0x6c16, 0x7478, 0x7478, 0x7457, 0x7457, 0x7457, 0x7437, 0x5b94, 0x5333, 
	0x4b33, 0x4b33, 0x4b33, 0x5333, 0x5353, 0x5353, 0x5353, 0x5353, 0x5333, 0x5b94, 0x63b5, 0x6395, 0x6395, 0x6395, 0x63b5, 0x6bb5, 
	0x6bb5, 0x6bb6, 0x7bf7, 0x8c79, 0x8458, 0x7c17, 0x7c38, 0x7bf7, 0x6bb6, 0x73b7, 0x6bb6, 0x73d7, 0x6bb7, 0x73d8, 0x73b7, 0x6b96, 
	0x6bb6, 0x7c17, 0x7c18, 0x6bb6, 0x6355, 0x7b95, 0xbcf8, 0xe5da, 0xf67b, 0xf69b, 0xf69b, 0xf69b, 0xee9c, 0xde1b, 0xd5ba, 0xd5ba, 
	0xcd9a, 0xcd79, 0xcd79, 0xcd79, 0xcd79, 0xc558, 0xbd18, 0xbd17, 0xbd18, 0xb4f7, 0xbd59, 0xd5db, 0xde5c, 0xe65c, 0xe69c, 0xe67c, 
	0xde3b, 0xcd99, 0xc559, 0xc539, 0xcd9a, 0xb519, 0x83f7, 0x7396, 0x73d7, 0x73f8, 0x73d7, 0x73d7, 0x73d7, 0x6bb7, 0x6bb6, 0x6bf7, 
	0x63f6, 0x5bd5, 0x5bb5, 0x5395, 0x53d5, 0x53b5, 0x53b5, 0x5bb5, 0x5394, 0x5394, 0x5394, 0x42f1, 0x19cc, 0x0909, 0x1129, 0x0908, 
	0x08c7, 0x08c7, 0x21ab, 0x3a6e, 0x0908, 0x08e7, 0x08e8, 0x08c7, 0x08c7, 0x08c7, 0x08a7, 0x08c8, 0x08e8, 0x08c8, 0x08e9, 0x08e9, 
	0x112a, 0x1129, 0x0066, 0x10e8, 0x10c7, 0x08a7, 0x08a7, 0x08a7, 0x08a7, 0x08c7, 0x10c8, 0x08c7, 0x214a, 0x194a, 0x08e9, 0x0909, 
	0x08e9, 0x0909, 0x0909, 0x114a, 0x324f, 0x4b12, 0x63b5, 0x5b74, 0x63b5, 0x63d6, 0x63b6, 0x5bb5, 0x5bb5, 0x5bb5, 0x5bb5, 0x6394, 
	0x7bb4, 0xacf9, 0xb55a, 0x6b73, 0x63d5, 0x53b5, 0x4b94, 0x53b5, 0x53b5, 0x5bd5, 0x6c78, 0x6437, 0x5bf5, 0x7cf9, 0x7cf9, 0x63f5, 
	0x8d7a, 0xb69f, 0x84f9, 0x7497, 0xbedf, 0x9ddb, 0x6c56, 0x9dbc, 0xb6bf, 0x8d5a, 0x6c76, 0xb69f, 0xae3e, 0x5bd5, 0x6416, 0x6417, 
	0x5374, 0x6437, 0xae5f, 0x8519, 0x6416, 0x6c57, 0x5bb4, 0x63b4, 0x5bb4, 0x63d5, 0x6c17, 0x6bf6, 0x5395, 0x6c17, 0x7457, 0x7415, 
	0x7416, 0x7416, 0x7c36, 0x7c36, 0x7c56, 0x7c36, 0x8476, 0x8c96, 0x8c76, 0x8456, 0x7436, 0x6bf6, 0x63d6, 0x63f6, 0x6c37, 0x7478, 
	0x6bf6, 0x63b5, 0x63b4, 0x63d5, 0x63f5, 0x7477, 0x6bd4, 0x5b32, 0x5b52, 0x6bf5, 0x84f8, 0x9dbb, 0x955a, 0x957a, 0x9dbb, 0x9559, 
	0x7c97, 0x7c97, 0x7456, 0x7436, 0x7436, 0x7436, 0x7415, 0x6bd5, 0x6bf5, 0x6bf5, 0x6b94, 0x6bd5, 0x6bb4, 0x6b94, 0x6b94, 0x6394, 
	0x6c16, 0x5374, 0x4b33, 0x4333, 0x4b33, 0x4333, 0x4333, 0x4b33, 0x4333, 0x4b33, 0x4b53, 0x4b33, 0x5bb5, 0x63b5, 0x5bb5, 0x5bb5, 
	0x5bb5, 0x5bb5, 0x63b5, 0x63b5, 0x5bb5, 0x5bb5, 0x63b5, 0x63b5, 0x63b5, 0x63b5, 0x63b5, 0x63b5, 0x5bb5, 0x5b95, 0x5bb5, 0x5bb5, 
	0x7cb7, 0x7c97, 0x7476, 0x7456, 0x7cb8, 0x7c77, 0x7416, 0x7436, 0x7436, 0x7436, 0x7436, 0x7c56, 0x7435, 0x6372, 0x6372, 0x6352, 
	0x6352, 0x6373, 0x6bb3, 0x6bd4, 0x6bd4, 0x6bf5, 0x6bf5, 0x6bf5, 0x63d5, 0x63f5, 0x63d5, 0x63f5, 0x63f6, 0x63f6, 0x6c16, 0x6c36, 
	0x6c36, 0x6c36, 0x6c37, 0x6c37, 0x6c36, 0x6c37, 0x6c37, 0x6c37, 0x7457, 0x7c57, 0x7c57, 0x7c57, 0x7c57, 0x7457, 0x63b5, 0x5353, 
	0x5353, 0x5353, 0x5353, 0x5353, 0x5353, 0x5353, 0x5353, 0x5353, 0x5333, 0x5b74, 0x5b74, 0x5333, 0x5354, 0x5333, 0x5333, 0x5333, 
	0x5333, 0x5b33, 0x73d6, 0x9cfb, 0x94da, 0x7bd7, 0x7bf8, 0x7c18, 0x73b7, 0x73d7, 0x73d7, 0x73d7, 0x73b7, 0x7bd8, 0x73b7, 0x7397, 
	0x73b6, 0x73b7, 0x73b7, 0x7396, 0x6b96, 0x7b95, 0xc518, 0xedfa, 0xf63a, 0xf65a, 0xf63a, 0xe63b, 0xcdda, 0xb57a, 0xad39, 0x9cd8, 
	0x9497, 0x8c77, 0x8456, 0x8436, 0x7c15, 0x73b4, 0x73b3, 0x7393, 0x6b73, 0x6b73, 0x6b72, 0xa4f8, 0xde7d, 0xe67c, 0xe69d, 0xe69d, 
	0xe65c, 0xd5fb, 0xcdba, 0xc57a, 0xcdbb, 0xbd7b, 0x8418, 0x73b7, 0x7bd8, 0x7bf8, 0x7c19, 0x7bf8, 0x73f8, 0x73d7, 0x6396, 0x5b74, 
	0x5374, 0x5394, 0x5353, 0x5374, 0x5374, 0x4b74, 0x4b74, 0x5374, 0x4b33, 0x4b33, 0x4b12, 0x42f1, 0x3ab0, 0x116b, 0x0909, 0x1108, 
	0x08c7, 0x00a7, 0x21cc, 0x5b93, 0x322d, 0x08e8, 0x08e8, 0x08e8, 0x08c7, 0x08c7, 0x08a7, 0x08c7, 0x08e8, 0x08c8, 0x08c8, 0x08e8, 
	0x0909, 0x1129, 0x0066, 0x10e8, 0x10e8, 0x08a7, 0x08a7, 0x08a7, 0x10c7, 0x08c7, 0x10e8, 0x10e8, 0x4acf, 0x29ec, 0x0909, 0x114a, 
	0x0909, 0x0909, 0x0109, 0x21cc, 0x8498, 0x63b5, 0x63b5, 0x63b5, 0x6c17, 0x6c17, 0x63f7, 0x6417, 0x63f6, 0x63f6, 0x63f7, 0x6bb5, 
	0x9477, 0xb55a, 0xb53a, 0x6b73, 0x63d5, 0x53b5, 0x5374, 0x53b5, 0x5bd5, 0x5bd5, 0x6437, 0x6416, 0x5bd5, 0x7498, 0x74b8, 0x63f5, 
	0x7cd8, 0x8d7b, 0x7477, 0x6c57, 0x8d7a, 0x7cf8, 0x6436, 0x84f9, 0x959c, 0x7cd8, 0x6c56, 0x9ddd, 0x957b, 0x5bd5, 0x63f6, 0x5bd5, 
	0x5394, 0x63f6, 0x7478, 0x6416, 0x6c37, 0x6c57, 0x8cf9, 0x9519, 0x9519, 0x7456, 0x6bf6, 0x63d6, 0x5b95, 0x6bf7, 0x7458, 0x7437, 
	0x7437, 0x7437, 0x7437, 0x7c37, 0x7c57, 0x8457, 0x8c76, 0x9455, 0x9475, 0x8c55, 0x8457, 0x7c37, 0x7417, 0x7437, 0x7c78, 0x7478, 
	0x63d5, 0x7c77, 0x9d5a, 0x9519, 0x955a, 0x84d8, 0x6bd4, 0x5b52, 0x6373, 0x7435, 0xa5ba, 0xcf3f, 0xb67d, 0xb67d, 0xcf1f, 0xae3c, 
	0x84d8, 0x84d8, 0x7c77, 0x7436, 0x7c36, 0x7c36, 0x7416, 0x6bd5, 0x73f5, 0x73f5, 0x6bb4, 0x73d5, 0x6bd4, 0x6b93, 0x6b94, 0x6b94, 
	0x7416, 0x5b94, 0x4b33, 0x4b33, 0x4333, 0x4333, 0x4b33, 0x4b53, 0x4b53, 0x4b33, 0x4b53, 0x4b53, 0x5bb5, 0x63d5, 0x63b5, 0x63b5, 
	0x5bb5, 0x63b5, 0x63b5, 0x63b5, 0x63b5, 0x63b5, 0x63b5, 0x63b5, 0x63b5, 0x63b5, 0x63b5, 0x63b5, 0x63b5, 0x63b5, 0x63b5, 0x63b5, 
	0x5bd4, 0x6436, 0x5bd5, 0x5bd4, 0x6436, 0x6c36, 0x7435, 0x7435, 0x7c56, 0x7c56, 0x7436, 0x7c56, 0x7415, 0x6372, 0x6372, 0x6372, 
	0x6372, 0x6393, 0x73f4, 0x7435, 0x7414, 0x7c55, 0x7c76, 0x7435, 0x6bf5, 0x6bf5, 0x6bf5, 0x6bf5, 0x6c16, 0x6c16, 0x7436, 0x7c77, 
	0x7476, 0x7476, 0x7c97, 0x7c97, 0x7456, 0x7c77, 0x7c97, 0x7c76, 0x8cd8, 0x94f8, 0x8497, 0x8cb8, 0x8cf8, 0x8497, 0x6394, 0x5333, 
	0x5353, 0x5353, 0x5333, 0x5353, 0x5353, 0x5353, 0x5353, 0x5b53, 0x5333, 0x5b94, 0x5b74, 0x5353, 0x5353, 0x5353, 0x5354, 0x5b74, 
	0x5354, 0x5b74, 0x7bf7, 0x8458, 0x8438, 0x7bf8, 0x8418, 0x7c18, 0x73d7, 0x73d7, 0x73d7, 0x7bf8, 0x73f8, 0x7c39, 0x8439, 0x73f7, 
	0x7bf7, 0x7c18, 0x7bf7, 0x73d7, 0x6bb6, 0x7bb5, 0xbd19, 0xddfb, 0xddfa, 0xe61a, 0xe63a, 0xd5da, 0x83f4, 0x5b32, 0x5b53, 0x5332, 
	0x5312, 0x5333, 0x5333, 0x5333, 0x5333, 0x42b1, 0x4290, 0x42b0, 0x42b1, 0x5b53, 0x5b32, 0x7bd4, 0xa4f8, 0xacf8, 0xad18, 0xad18, 
	0xa4d7, 0xad18, 0xad19, 0xa4d8, 0x9476, 0x9cb8, 0x8458, 0x73d7, 0x6b96, 0x7c18, 0x7418, 0x73f8, 0x73d7, 0x73f7, 0x63b5, 0x4b13, 
	0x4b33, 0x4b33, 0x4b33, 0x4b53, 0x4b33, 0x4b33, 0x4b53, 0x4b13, 0x42d2, 0x42d1, 0x42d1, 0x42d1, 0x4b32, 0x2a2e, 0x0909, 0x1109, 
	0x08e8, 0x08c8, 0x324e, 0x63d4, 0x63d4, 0x198a, 0x08e8, 0x08e8, 0x08c7, 0x08c7, 0x08a7, 0x08c7, 0x08e8, 0x00a7, 0x08c8, 0x08e8, 
	0x0909, 0x1129, 0x0086, 0x0887, 0x1929, 0x08a7, 0x08c7, 0x08c7, 0x10e8, 0x10e8, 0x10e8, 0x31cc, 0x7c36, 0x4ad0, 0x116a, 0x116a, 
	0x00e8, 0x0929, 0x092a, 0x42f1, 0x7c57, 0x6bb5, 0x6bb5, 0x63b5, 0x63d5, 0x63f6, 0x63f6, 0x63f6, 0x63f6, 0x63f6, 0x63f6, 0x6bd5, 
	0x9477, 0xbd7a, 0xbd5a, 0x7373, 0x63d5, 0x5bb5, 0x4b74, 0x5374, 0x5bd5, 0x5374, 0x5394, 0x53b4, 0x5bb4, 0x5bd5, 0x5bd5, 0x5bd5, 
	0x5bd4, 0x5bf5, 0x5bd5, 0x5bd5, 0x5bd5, 0x5bd4, 0x63f5, 0x5bd5, 0x63f5, 0x6416, 0x63f5, 0x63f5, 0x63f6, 0x5bb5, 0x5394, 0x5394, 
	0x5374, 0x5bb5, 0x5394, 0x5394, 0x6c37, 0x7437, 0x9519, 0x9518, 0x9519, 0x7c56, 0x6bf6, 0x6395, 0x5b95, 0x6bf7, 0x6c17, 0x63d6, 
	0x6bf6, 0x6bf6, 0x6bf7, 0x6bf6, 0x7417, 0x7c16, 0x9497, 0xbdba, 0xa4d7, 0xc5dc, 0x94b8, 0x7bf6, 0x73f7, 0x6bd6, 0x6c17, 0x7c78, 
	0x63b5, 0x7c98, 0x9d5a, 0x8cd8, 0x8cf9, 0x7c76, 0x73f5, 0x6372, 0x6393, 0x7c35, 0x9d79, 0xb65c, 0xa5da, 0xa5fb, 0xb65c, 0xa5fa, 
	0x8d38, 0x8d18, 0x84b7, 0x7c76, 0x7c76, 0x7c56, 0x7c35, 0x7415, 0x73f5, 0x73f5, 0x6bb4, 0x73d5, 0x73d4, 0x73b4, 0x6b94, 0x6b94, 
	0x7436, 0x5b94, 0x4b33, 0x4b53, 0x4b53, 0x4b53, 0x4b53, 0x4b53, 0x4b53, 0x4b53, 0x4b53, 0x5354, 0x63b5, 0x63b5, 0x63b5, 0x63b5, 
	0x63b5, 0x63b5, 0x63b5, 0x63b5, 0x63b5, 0x63b5, 0x63b5, 0x63b5, 0x63b5, 0x63b5, 0x63b5, 0x63b5, 0x63b5, 0x63b5, 0x63b5, 0x63b5, 
	0x3b32, 0x32f1, 0x2af1, 0x2ad1, 0x2ad1, 0x4b73, 0x9579, 0xadfb, 0x9539, 0x7c76, 0x7c56, 0x7c77, 0x7c35, 0x6b93, 0x6b93, 0x6b72, 
	0x6b92, 0x73d3, 0x9d18, 0xc67d, 0xadba, 0xbe1b, 0xdf3f, 0xa59a, 0x7c56, 0x7c77, 0x7436, 0x7437, 0x8498, 0x7c97, 0x8cd7, 0xc67d, 
	0xc67d, 0xa579, 0xc67c, 0xce9d, 0xa5b9, 0xc6be, 0xd71f, 0x9d58, 0xd6bd, 0xdf1f, 0xb5da, 0xc67d, 0xdf5f, 0xb61b, 0x6393, 0x5b53, 
	0x5353, 0x5353, 0x5b53, 0x5b53, 0x5b53, 0x5353, 0x5b53, 0x5b53, 0x5332, 0x6394, 0x6394, 0x5b53, 0x5b73, 0x5353, 0x5353, 0x5b53, 
	0x5b53, 0x5b74, 0x7c18, 0x8459, 0x8459, 0x8c9a, 0x8c9a, 0x8c9a, 0x847a, 0x8cba, 0x8cba, 0x94fb, 0x8cda, 0x94fb, 0x94fb, 0x8cda, 
	0x8cda, 0x8cb9, 0x8499, 0x7c58, 0x7417, 0x73f6, 0x7c16, 0x8415, 0x9456, 0xad39, 0xa4f7, 0x9476, 0x6373, 0x4b12, 0x4b12, 0x4af2, 
	0x4b12, 0x4af2, 0x4b13, 0x4b33, 0x5333, 0x42d1, 0x4290, 0x42b1, 0x42d1, 0x5b73, 0x5b53, 0x5b53, 0x5b32, 0x6373, 0x5b32, 0x6373, 
	0x5b53, 0x6373, 0x6394, 0x6373, 0x6353, 0x6394, 0x5b54, 0x5b54, 0x5313, 0x5b54, 0x5334, 0x5334, 0x5333, 0x5313, 0x5333, 0x5353, 
	0x5333, 0x4b53, 0x4b33, 0x4b33, 0x4b33, 0x4b12, 0x4b33, 0x4b33, 0x42f2, 0x42d1, 0x42f1, 0x42d1, 0x42d1, 0x42f1, 0x21ac, 0x21ab, 
	0x21ab, 0x1129, 0x4af1, 0x5b93, 0x63f4, 0x5b92, 0x198a, 0x08e8, 0x08e8, 0x08c7, 0x08a7, 0x08a7, 0x10e8, 0x08a7, 0x08a7, 0x08c8, 
	0x0909, 0x1129, 0x0887, 0x0886, 0x1108, 0x1929, 0x08a7, 0x10c7, 0x10e8, 0x1108, 0x218b, 0x6373, 0x8cb8, 0x6373, 0x21ab, 0x324d, 
	0x5311, 0x29ed, 0x4270, 0x6bb6, 0x6bb6, 0x6bb6, 0x6bd6, 0x6bd5, 0x63d5, 0x6c36, 0x6c16, 0x6c16, 0x6c16, 0x6c16, 0x6c16, 0x73f5, 
	0x8c35, 0xbd59, 0xbd7a, 0x6b73, 0x63d5, 0x5bb5, 0x4b53, 0x5374, 0x5bd5, 0x4b73, 0x5394, 0x5394, 0x5b94, 0x5394, 0x5b94, 0x5bb4, 
	0x5bb4, 0x5394, 0x5b94, 0x5bb4, 0x5393, 0x5373, 0x5bd5, 0x5394, 0x5374, 0x5bd5, 0x5bb4, 0x5b94, 0x5bb4, 0x5b94, 0x5374, 0x5374, 
	0x5374, 0x5b95, 0x5374, 0x5374, 0x6416, 0x7437, 0x63d5, 0x63b4, 0x63b5, 0x6bf5, 0x7437, 0x6bd6, 0x6395, 0x73f7, 0x6bf7, 0x6395, 
	0x6bd6, 0x6bf7, 0x6c17, 0x6bd6, 0x73f6, 0x7c37, 0x8c56, 0xad39, 0x9c76, 0xb57b, 0x8c78, 0x7c17, 0x6bf7, 0x6bd6, 0x7417, 0x7c78, 
	0x7416, 0x7416, 0x7416, 0x7436, 0x7436, 0x7c56, 0x73f4, 0x6372, 0x6bb3, 0x7c55, 0x9d99, 0xb67c, 0xae1b, 0xae3b, 0xbe9c, 0xae3b, 
	0xa5b9, 0xae3c, 0x9d9a, 0x9538, 0xa5db, 0x9538, 0x9538, 0x9d59, 0x8cd8, 0x73f5, 0x6bb4, 0x73d5, 0x73b4, 0x73b4, 0x73b4, 0x6bb4, 
	0x7436, 0x5b94, 0x4b33, 0x4b53, 0x4b53, 0x4b33, 0x4b33, 0x4b33, 0x4b53, 0x5354, 0x4b54, 0x5354, 0x63b5, 0x63b5, 0x63b5, 0x63d5, 
	0x63d5, 0x63d5, 0x63b5, 0x63d5, 0x63d5, 0x63b5, 0x63d5, 0x63b5, 0x63d5, 0x63b5, 0x63d5, 0x63b5, 0x63b5, 0x63b5, 0x63b5, 0x63b5, 
	0x3333, 0x22d1, 0x2ad2, 0x2af2, 0x2ad1, 0x4b93, 0xae5d, 0xd73f, 0xadfb, 0x84b7, 0x84b7, 0x8497, 0x7c15, 0x6bb3, 0x6bb3, 0x6b93, 
	0x6b92, 0x73d3, 0x94f7, 0xb5fb, 0xa578, 0xadb9, 0xcebd, 0xa579, 0x7c56, 0x8498, 0x7c57, 0x7c57, 0x84d9, 0x84b8, 0x8cb7, 0xb5fb, 
	0xb5fb, 0xa558, 0xbe1a, 0xbe3b, 0xa558, 0xb61b, 0xc67d, 0x9d17, 0xc63a, 0xd6fd, 0xb5da, 0xc65c, 0xdf3f, 0xb63b, 0x6393, 0x5b74, 
	0x5b53, 0x5b53, 0x5b33, 0x5333, 0x5b53, 0x5b53, 0x5b53, 0x5b73, 0x6394, 0x6bd5, 0x7c77, 0x7c78, 0x7c78, 0x7c57, 0x7437, 0x63b5, 
	0x5b74, 0x5b74, 0x7417, 0x8459, 0x8479, 0x849a, 0x847a, 0x7c79, 0x7c79, 0x7c79, 0x8499, 0x7437, 0x6c17, 0x6bf6, 0x63d5, 0x63b5, 
	0x6394, 0x5b74, 0x5374, 0x5353, 0x5353, 0x5353, 0x5353, 0x5333, 0x6373, 0x5b32, 0x5b11, 0x5b12, 0x5b74, 0x5374, 0x5374, 0x5b74, 
	0x5b74, 0x5354, 0x5374, 0x5374, 0x5b74, 0x5353, 0x5333, 0x5333, 0x5333, 0x5b74, 0x5354, 0x5354, 0x5353, 0x5374, 0x5333, 0x5353, 
	0x5354, 0x4b33, 0x5374, 0x5374, 0x5b74, 0x5b74, 0x5353, 0x5b74, 0x5b94, 0x5b94, 0x6394, 0x6bd5, 0x6bd6, 0x6bd6, 0x63b5, 0x63d5, 
	0x63b5, 0x63b5, 0x63d5, 0x63b5, 0x63b5, 0x5b74, 0x5374, 0x5374, 0x5353, 0x5b74, 0x5b94, 0x5b94, 0x5b73, 0x5332, 0x324f, 0x3a8f, 
	0x42af, 0x112a, 0x42b0, 0x5b93, 0x5352, 0x6bf5, 0x5352, 0x196a, 0x08e8, 0x08e7, 0x08c7, 0x0886, 0x10e8, 0x08a7, 0x08a7, 0x08c8, 
	0x08e8, 0x1109, 0x08a7, 0x0066, 0x08a7, 0x216a, 0x10e8, 0x08c7, 0x08e8, 0x218b, 0x5b11, 0x7c16, 0x8477, 0x73d5, 0x21cc, 0x324e, 
	0x7c36, 0x7c17, 0x73d6, 0x73d6, 0x7c17, 0x73d6, 0x73f6, 0x7c58, 0x8cfa, 0x955b, 0x8d1a, 0x953b, 0x8d3a, 0x8d1a, 0x8d1a, 0x8cd8, 
	0xa4d7, 0xc59a, 0xc59a, 0x7373, 0x6bd5, 0x5bd5, 0x53b4, 0x5bf6, 0x6416, 0x63f6, 0x7477, 0x6c16, 0x63d5, 0x7478, 0x7498, 0x5bd5, 
	0x6c36, 0x7cb8, 0x6c16, 0x63d5, 0x7457, 0x6c16, 0x63d5, 0x63d5, 0x6c16, 0x63f5, 0x5bb5, 0x6c16, 0x6c16, 0x5b94, 0x5b94, 0x5b95, 
	0x5374, 0x5bb5, 0x5374, 0x4b53, 0x6416, 0x7437, 0x63b5, 0x63b5, 0x6bd5, 0x6bd5, 0x7416, 0x7437, 0x6bb6, 0x7417, 0x7438, 0x73f7, 
	0x7417, 0x7417, 0x7417, 0x6bf7, 0x7437, 0x7c37, 0x8c57, 0x8c56, 0x8c56, 0x8c37, 0x8458, 0x7c17, 0x7418, 0x7417, 0x7c58, 0x7c78, 
	0x7437, 0x8cd9, 0x9d3b, 0x94f9, 0x9d5b, 0x94f9, 0x73d4, 0x6372, 0x6bb3, 0x8455, 0xadfb, 0xd75f, 0xbe9d, 0xbebd, 0xd75f, 0xb67c, 
	0xae3b, 0xceff, 0xb61c, 0xadfb, 0xc6de, 0xa5b9, 0xadfb, 0xb63c, 0x9d39, 0x73f5, 0x73d5, 0x73f5, 0x73b4, 0x73b4, 0x73b4, 0x73b4, 
	0x7416, 0x5b94, 0x4b33, 0x5354, 0x4b53, 0x4b53, 0x5354, 0x5354, 0x5354, 0x5354, 0x5354, 0x5354, 0x63b5, 0x63d5, 0x63b5, 0x63d5, 
	0x63b5, 0x63b5, 0x63d5, 0x63d5, 0x63d5, 0x63b5, 0x63d5, 0x63b5, 0x63b5, 0x63b5, 0x63b5, 0x63b5, 0x63b5, 0x63b5, 0x63b5, 0x63b5, 
	0x2b12, 0x22d1, 0x22b1, 0x3332, 0x3b32, 0x4bb4, 0x8d7a, 0xae1c, 0x9d59, 0x8497, 0x84b7, 0x8497, 0x7c15, 0x73b3, 0x6bb3, 0x6b92, 
	0x6b92, 0x73d3, 0x8475, 0x94f7, 0x8c96, 0x94d7, 0x9d39, 0x8cb7, 0x7c56, 0x7c77, 0x7c56, 0x7c57, 0x84b8, 0x8497, 0x8476, 0x9d39, 
	0x9d39, 0x8cb7, 0x9d59, 0xa579, 0x94f8, 0xa57a, 0xaddc, 0x94f7, 0xadda, 0xbe3c, 0xa579, 0xadbb, 0xbe5d, 0xa59a, 0x5b73, 0x5b53, 
	0x5b53, 0x5b73, 0x6374, 0x6394, 0x6bd5, 0x73f5, 0x7c36, 0x8477, 0x8498, 0x8498, 0x8cb8, 0x8498, 0x8498, 0x8457, 0x8478, 0x6bf5, 
	0x5b54, 0x5b74, 0x63b6, 0x5b95, 0x5b96, 0x5b96, 0x5b95, 0x5bb6, 0x5bb6, 0x5b95, 0x63f6, 0x5354, 0x5333, 0x5353, 0x4b33, 0x5353, 
	0x5353, 0x5353, 0x5353, 0x5353, 0x5353, 0x4b33, 0x5333, 0x5333, 0x5b74, 0x6394, 0x6394, 0x63b4, 0x6394, 0x5b95, 0x5b95, 0x63b5, 
	0x63b5, 0x5b95, 0x5b95, 0x5b75, 0x5b95, 0x5b95, 0x5b95, 0x5b94, 0x5b94, 0x5b74, 0x5b74, 0x5b74, 0x5b74, 0x5b95, 0x5b94, 0x5b95, 
	0x5bb5, 0x63d6, 0x6bf6, 0x6c16, 0x6bf6, 0x63b5, 0x5b95, 0x63b5, 0x6c16, 0x6bf6, 0x6bf6, 0x7416, 0x7416, 0x7416, 0x7416, 0x7416, 
	0x7436, 0x7416, 0x73f6, 0x73f6, 0x6bf5, 0x63b5, 0x63b5, 0x6bf6, 0x6c16, 0x5b94, 0x5353, 0x5333, 0x4b13, 0x4af2, 0x4ad1, 0x42b0, 
	0x42d0, 0x114a, 0x3a6f, 0x5b73, 0x5b53, 0x5b73, 0x6bf5, 0x5331, 0x21cc, 0x0908, 0x08c7, 0x08a7, 0x08c8, 0x08c8, 0x0887, 0x08c8, 
	0x08e8, 0x1109, 0x08a7, 0x08a7, 0x0086, 0x1108, 0x218b, 0x08e8, 0x29cb, 0x5311, 0x7bf5, 0x8c77, 0x7c16, 0x8457, 0x3a6f, 0x29ed, 
	0x6bb5, 0x7bf7, 0x73b6, 0x73d7, 0x7c18, 0x73d7, 0x73f7, 0x7c58, 0x8cfa, 0x8d1a, 0x8d1a, 0x8d3a, 0x8cf9, 0x84d9, 0x84d9, 0x8477, 
	0xa4b7, 0xcdbb, 0xc59b, 0x7373, 0x63d5, 0x5bd5, 0x5bb5, 0x63f6, 0x6416, 0x63f5, 0x7477, 0x6c36, 0x63f5, 0x7498, 0x7478, 0x63d5, 
	0x6c36, 0x7477, 0x6c16, 0x63d5, 0x6c36, 0x63f5, 0x63d5, 0x63d5, 0x63f5, 0x63f5, 0x63b4, 0x63d5, 0x63d5, 0x5b94, 0x5b94, 0x5b94, 
	0x5b94, 0x5bb5, 0x5b94, 0x5374, 0x6c16, 0x7437, 0x63b5, 0x6394, 0x6bd5, 0x6bf5, 0x7437, 0x73f6, 0x73b6, 0x7c17, 0x7c58, 0x7c18, 
	0x8458, 0x8498, 0x7c58, 0x7c38, 0x7c38, 0x7c38, 0x8458, 0x8437, 0x8458, 0x8458, 0x8438, 0x7c38, 0x7c38, 0x7c38, 0x8459, 0x8458, 
	0x73d6, 0x8478, 0x94fa, 0x8cb9, 0x94f9, 0x94d9, 0x73f4, 0x6b92, 0x6bb3, 0x8455, 0x9d79, 0xae3c, 0xa5fb, 0xa5db, 0xae1b, 0x9dba, 
	0x9d9a, 0xa5db, 0x9d9a, 0x9d59, 0xa5ba, 0x9538, 0x94f8, 0x94f8, 0x8c97, 0x7c15, 0x73d5, 0x7bf5, 0x73b4, 0x73b4, 0x73b4, 0x73b4, 
	0x7436, 0x5b94, 0x5354, 0x5354, 0x5354, 0x5353, 0x5354, 0x5354, 0x5354, 0x5354, 0x5354, 0x5b74, 0x63d5, 0x6bd5, 0x63d5, 0x63b5, 
	0x63d5, 0x63d5, 0x63d5, 0x63b5, 0x63b5, 0x63b5, 0x63b5, 0x63b5, 0x6bd5, 0x6bd5, 0x63b5, 0x63b5, 0x63b5, 0x63b5, 0x63b5, 0x6bd5, 
	0x2b12, 0x22d1, 0x22b0, 0x2af1, 0x3b53, 0x3b11, 0x74b7, 0x9d9a, 0x84d7, 0x8476, 0x8477, 0x8477, 0x7c15, 0x6b93, 0x7392, 0x6b92, 
	0x6b92, 0x73b3, 0x73f4, 0x7c15, 0x7c15, 0x7c15, 0x7c56, 0x7c35, 0x7415, 0x7436, 0x7436, 0x7436, 0x7c57, 0x7c56, 0x7436, 0x8477, 
	0x8477, 0x7c56, 0x8477, 0x8497, 0x7c77, 0x8497, 0x84b7, 0x7c76, 0x84b7, 0x8cd8, 0x84b7, 0x84b8, 0x8cd8, 0x84b7, 0x7416, 0x7416, 
	0x7c37, 0x8478, 0x8498, 0x8cd9, 0x8c98, 0x8477, 0x8457, 0x7c36, 0x7c36, 0x7c16, 0x7c16, 0x7c15, 0x73f5, 0x73f5, 0x7c36, 0x6bf6, 
	0x63b5, 0x63d6, 0x6c37, 0x6c58, 0x7458, 0x7479, 0x6c58, 0x7458, 0x7478, 0x6c58, 0x7478, 0x6c37, 0x6c37, 0x6c37, 0x6c37, 0x6c37, 
	0x6c37, 0x6c37, 0x6c17, 0x63f6, 0x63f6, 0x6416, 0x6c37, 0x7437, 0x7c78, 0x7c99, 0x84b9, 0x84b9, 0x84b9, 0x84b9, 0x7c98, 0x7c99, 
	0x7c98, 0x7c78, 0x7c79, 0x7c78, 0x7c78, 0x7c99, 0x7c78, 0x7c78, 0x7c78, 0x7478, 0x7c78, 0x7c78, 0x7458, 0x6c37, 0x6c37, 0x6c37, 
	0x6c17, 0x6c16, 0x6bf6, 0x6bf6, 0x63d5, 0x5b95, 0x5b74, 0x5b74, 0x5333, 0x5b94, 0x7416, 0x6bb4, 0x6bb4, 0x6bb5, 0x6bb4, 0x6bb4, 
	0x6bb4, 0x6bb4, 0x6374, 0x6b94, 0x6bb4, 0x6394, 0x6374, 0x6394, 0x63b5, 0x5312, 0x4af2, 0x4af2, 0x5333, 0x4af2, 0x5332, 0x4b12, 
	0x4b11, 0x21ac, 0x3a4e, 0x5b93, 0x6bf5, 0x6bd5, 0x73f5, 0x63b4, 0x4b31, 0x324d, 0x1949, 0x00a7, 0x08c7, 0x08c8, 0x0087, 0x08c8, 
	0x08e8, 0x1109, 0x08c7, 0x08a7, 0x08c8, 0x08a7, 0x1149, 0x320d, 0x5331, 0x6bb4, 0x8437, 0x8417, 0x8417, 0x8417, 0x73d5, 0x31cd, 
	0x6333, 0x7bf7, 0x7396, 0x7bd7, 0x73b6, 0x73d7, 0x7bf7, 0x73d6, 0x6bd5, 0x6c16, 0x7436, 0x7436, 0x7436, 0x6c16, 0x7416, 0x73d5, 
	0x8c15, 0xc59a, 0xcdbb, 0x7373, 0x6bd5, 0x5bd5, 0x5bb4, 0x5bd5, 0x6416, 0x63f5, 0x6c36, 0x6c15, 0x6c15, 0x6c36, 0x6c16, 0x63f5, 
	0x63d5, 0x63d5, 0x63d5, 0x63d5, 0x63b4, 0x63b4, 0x6bf5, 0x63b4, 0x63d4, 0x63f5, 0x63d5, 0x63b4, 0x63b4, 0x63b4, 0x63b4, 0x6394, 
	0x5b94, 0x63d5, 0x5b94, 0x5b94, 0x6c36, 0x7437, 0x6bd5, 0x6bd5, 0x6bb4, 0x6bd5, 0x7416, 0x73f6, 0x73d6, 0x7c17, 0x7c38, 0x6bd6, 
	0x94da, 0xb5de, 0x7c38, 0x73f7, 0x7c18, 0x7c38, 0x7c38, 0x73f7, 0x7c38, 0x7c18, 0x7c18, 0x73d7, 0x73f7, 0x73f7, 0x7c38, 0x8479, 
	0x73f6, 0x73f6, 0x7c16, 0x7c16, 0x7c57, 0x8498, 0x7c15, 0x6b92, 0x73b3, 0x8435, 0x9d59, 0xb67d, 0xae1c, 0xae1c, 0xbe9e, 0xae3c, 
	0xa5db, 0xbe7d, 0xadfb, 0xa5ba, 0xb63c, 0x9538, 0x8496, 0x8456, 0x7c36, 0x7c15, 0x73d5, 0x7bf5, 0x7bd4, 0x7bb4, 0x7bb4, 0x73b4, 
	0x7c37, 0x63b5, 0x5354, 0x5374, 0x5354, 0x5354, 0x5353, 0x5354, 0x5354, 0x5b54, 0x5b74, 0x5b74, 0x63b5, 0x6bd5, 0x6bd5, 0x6bd5, 
	0x6bd5, 0x6bd5, 0x6bd5, 0x6bd5, 0x6bb5, 0x6bb5, 0x6bd5, 0x6bd5, 0x6bb5, 0x6bb5, 0x6bb5, 0x6bb5, 0x6bb5, 0x6bb5, 0x6bb5, 0x6bb5, 
	0x2af2, 0x22b0, 0x22b1, 0x22b0, 0x3332, 0x2a90, 0x6c35, 0x8cd7, 0x7c55, 0x8455, 0x8456, 0x8476, 0x7c14, 0x6b92, 0x7392, 0x7392, 
	0x7392, 0x73b3, 0x73b3, 0x73d4, 0x73d4, 0x73f4, 0x73f4, 0x73f4, 0x7415, 0x7415, 0x7415, 0x7416, 0x7416, 0x7436, 0x7416, 0x7436, 
	0x7436, 0x7436, 0x7457, 0x7c57, 0x7c57, 0x7c57, 0x7457, 0x7457, 0x7477, 0x7457, 0x7457, 0x7c77, 0x7c77, 0x7c77, 0x84b8, 0x8cd9, 
	0x8cb9, 0x84b9, 0x84b9, 0x8cd9, 0x8477, 0x7c16, 0x7c36, 0x7c16, 0x7c16, 0x7c16, 0x7c16, 0x7c16, 0x7c16, 0x7c16, 0x7c36, 0x6bf6, 
	0x6bd6, 0x6c17, 0x6c17, 0x6c38, 0x7458, 0x6c38, 0x6c58, 0x6c58, 0x6c58, 0x6c58, 0x6c58, 0x7479, 0x7478, 0x7478, 0x7478, 0x7478, 
	0x7478, 0x7458, 0x6c58, 0x6c37, 0x6c37, 0x6c58, 0x7478, 0x7c99, 0x7c99, 0x7479, 0x7c99, 0x7c99, 0x7c99, 0x7c79, 0x7458, 0x7c99, 
	0x7478, 0x7478, 0x7c99, 0x7c99, 0x7479, 0x7499, 0x7c99, 0x7478, 0x7c98, 0x7c98, 0x7437, 0x7437, 0x6bf6, 0x63b5, 0x5b95, 0x5b94, 
	0x5b94, 0x5353, 0x5333, 0x5333, 0x4b12, 0x4b12, 0x4b13, 0x5333, 0x4b12, 0x6394, 0x7416, 0x6bb5, 0x6bd5, 0x6bd5, 0x6bd5, 0x6bb5, 
	0x6bb5, 0x6bb5, 0x6b94, 0x6b95, 0x6bb5, 0x6394, 0x6bb4, 0x6bb5, 0x6bb5, 0x5312, 0x5312, 0x5312, 0x5333, 0x5312, 0x5333, 0x5353, 
	0x5352, 0x2a0d, 0x322d, 0x63b4, 0x6bd5, 0x63b5, 0x7bf7, 0x7bd6, 0x6393, 0x4b10, 0x3a8f, 0x1109, 0x00a7, 0x10e8, 0x08a7, 0x08a7, 
	0x08c8, 0x1109, 0x10e8, 0x08a7, 0x1109, 0x2a0d, 0x198b, 0x218b, 0x5b12, 0x7bf6, 0x7bf6, 0x83f7, 0x83f7, 0x83f7, 0x8438, 0x6333, 
	0x52b1, 0x7bf6, 0x7396, 0x7bd7, 0x8c79, 0x7bd6, 0x7bd7, 0x7bf7, 0x8cd9, 0x951a, 0x8cf9, 0x8cd9, 0x8cd9, 0x8498, 0x7c78, 0x8c97, 
	0xa496, 0xcdba, 0xcddb, 0x7b93, 0x6bd5, 0x63f5, 0x5bb4, 0x5bd4, 0x6c36, 0x6c15, 0x6c35, 0x6c55, 0x6c35, 0x6c15, 0x6bf5, 0x6c16, 
	0x63d5, 0x63b4, 0x63d5, 0x6bd5, 0x63b4, 0x63b4, 0x7415, 0x6bd4, 0x63b3, 0x6bf5, 0x6bf5, 0x63b4, 0x63d5, 0x63b4, 0x63b5, 0x63b5, 
	0x63b4, 0x63d5, 0x63b4, 0x5b94, 0x7436, 0x7457, 0x6bd5, 0x6bd5, 0x8cf9, 0xa59b, 0xa59b, 0x8457, 0x7bd6, 0x8417, 0x7c17, 0x6bb6, 
	0x8c99, 0xa57d, 0x7c38, 0x73d7, 0x7417, 0x7c38, 0x7417, 0x73f7, 0x73f7, 0x73f7, 0x73f8, 0x73d7, 0x73d7, 0x73d7, 0x7c17, 0x8458, 
	0x73d6, 0x73f6, 0x73f6, 0x73f6, 0x7c17, 0x8c98, 0x7c15, 0x7392, 0x7bb3, 0x8435, 0x9d59, 0xbe7d, 0xadfb, 0xb65c, 0xc6ff, 0xb65c, 
	0xae1b, 0xcefe, 0xb63c, 0xb5fb, 0xc67d, 0xa579, 0x8c96, 0x8456, 0x7c15, 0x7c15, 0x7bd5, 0x7bf5, 0x7bd4, 0x7bb4, 0x7bd4, 0x73b4, 
	0x7c37, 0x63b5, 0x5b74, 0x5b74, 0x5b74, 0x5353, 0x5b74, 0x5b74, 0x5b74, 0x5b74, 0x5b54, 0x5b54, 0x6bb5, 0x6bd5, 0x6bd5, 0x6bd5, 
	0x6bd5, 0x6bd5, 0x6bd5, 0x6bd5, 0x6bd5, 0x6bd5, 0x6bd5, 0x6bb5, 0x6bb5, 0x6bb5, 0x6bb5, 0x6bb5, 0x6bd5, 0x6bd5, 0x6bd5, 0x6bd5, 
	0x2af2, 0x22b1, 0x22b1, 0x2ad1, 0x3332, 0x2ab0, 0x6c35, 0x84d8, 0x7c76, 0x8476, 0x8476, 0x8cb7, 0x7c35, 0x6bb3, 0x73d3, 0x6bb3, 
	0x73b3, 0x73d3, 0x73f4, 0x73f4, 0x73f4, 0x7415, 0x7415, 0x7415, 0x7415, 0x7436, 0x7436, 0x7436, 0x7456, 0x7457, 0x7436, 0x7c77, 
	0x7c57, 0x7457, 0x7c77, 0x7c57, 0x7c77, 0x7c77, 0x7c77, 0x7c77, 0x7c78, 0x7c78, 0x7477, 0x7c78, 0x7c98, 0x7c98, 0x8498, 0x8499, 
	0x8499, 0x8499, 0x8498, 0x8cb9, 0x8477, 0x7c16, 0x7c36, 0x7c36, 0x7c16, 0x7c16, 0x7c16, 0x7bf5, 0x7c15, 0x7c16, 0x7c57, 0x6bf6, 
	0x63d6, 0x63d6, 0x63d6, 0x63d6, 0x63d7, 0x63d7, 0x63f7, 0x63f7, 0x63f7, 0x63f7, 0x6417, 0x6c17, 0x6436, 0x6c36, 0x6c36, 0x6c36, 
	0x6436, 0x6416, 0x6c16, 0x6416, 0x6416, 0x6416, 0x6416, 0x6416, 0x6c36, 0x6c16, 0x6416, 0x6416, 0x63f6, 0x63f6, 0x63d6, 0x63f6, 
	0x63f5, 0x63f5, 0x63f6, 0x63f6, 0x63f5, 0x63f5, 0x63d5, 0x63d5, 0x63d5, 0x63d5, 0x5333, 0x5353, 0x5353, 0x5353, 0x5333, 0x5374, 
	0x5374, 0x5b94, 0x5b94, 0x5353, 0x5353, 0x5333, 0x5333, 0x5333, 0x5313, 0x63b5, 0x7c36, 0x6bd5, 0x73d5, 0x73d5, 0x73d5, 0x73d5, 
	0x73d5, 0x73b5, 0x6bb5, 0x6bb5, 0x6bb5, 0x6bd5, 0x6bb4, 0x6bb4, 0x6bd5, 0x5333, 0x5332, 0x5333, 0x5b53, 0x5333, 0x5b74, 0x5b94, 
	0x5b73, 0x3a8f, 0x3a6e, 0x5331, 0x5b73, 0x6374, 0x83f8, 0x8418, 0x7415, 0x5351, 0x4af0, 0x198b, 0x0086, 0x10e8, 0x08c7, 0x08a7, 
	0x08c8, 0x1109, 0x1108, 0x00a7, 0x08e8, 0x29ec, 0x4af0, 0x29ac, 0x31ad, 0x7394, 0x8417, 0x8417, 0x83f7, 0x83f7, 0x8c38, 0x8417, 
	0x6b53, 0x6b54, 0x7bb6, 0x83f7, 0x8c79, 0x7bf7, 0x7bf7, 0x7bd6, 0x8cb9, 0x9d5b, 0x951a, 0x94fa, 0x8cf9, 0x8498, 0x8458, 0x8c57, 
	0xacd7, 0xd5fb, 0xcddb, 0x7b93, 0x6bd5, 0x6c16, 0x6c36, 0x7cb8, 0x7477, 0x957a, 0xc6ff, 0x8d59, 0x7cb7, 0xc6df, 0xb63e, 0x7436, 
	0x7457, 0x7457, 0x6bf5, 0x6bf5, 0x6c16, 0x6bf5, 0x7416, 0x9d5a, 0xb63d, 0x84d8, 0x6bd4, 0x6bf5, 0x6bd5, 0x6bb5, 0x6bd5, 0x6bd5, 
	0x63b5, 0x6bf5, 0x63d5, 0x5b94, 0x7436, 0x7c37, 0x6bb5, 0x6bd4, 0x7c56, 0x8cf8, 0x9519, 0x8c77, 0x8417, 0x8c38, 0x8459, 0x7c38, 
	0x8458, 0x8458, 0x8458, 0x8438, 0x8459, 0x7c38, 0x8458, 0x8458, 0x8458, 0x8458, 0x8459, 0x8438, 0x8458, 0x8458, 0x8c58, 0x8458, 
	0x73b5, 0x73d6, 0x73d6, 0x73b5, 0x73f6, 0x8477, 0x8435, 0x7392, 0x7bb3, 0x8435, 0x8cd7, 0x9538, 0x9518, 0x9559, 0x9d99, 0x9d58, 
	0x9558, 0xa599, 0x9d59, 0x9538, 0x9d79, 0x94f7, 0x8476, 0x8435, 0x7bf5, 0x7bf5, 0x7bd5, 0x7bf5, 0x7bd4, 0x7bd4, 0x7bd4, 0x73d4, 
	0x7c37, 0x6bd5, 0x5b73, 0x5b74, 0x5b74, 0x5b74, 0x5b74, 0x5b74, 0x5b74, 0x5b74, 0x5b54, 0x5b54, 0x6bb5, 0x6bd6, 0x6bd5, 0x6bd5, 
	0x6bd5, 0x6bd5, 0x6bd5, 0x6bd5, 0x6bd5, 0x6bd5, 0x6bd5, 0x6bd5, 0x6bd5, 0x6bd5, 0x6bd5, 0x6bd5, 0x6bd5, 0x6bd5, 0x6bd5, 0x6bd5, 
	0x2af2, 0x22b1, 0x22b0, 0x22b1, 0x3312, 0x2a90, 0x53b4, 0x7497, 0x7456, 0x7456, 0x7477, 0x7c97, 0x6c36, 0x63b4, 0x63b4, 0x63b4, 
	0x63d4, 0x6bf4, 0x6bf5, 0x6bf5, 0x63f5, 0x63f5, 0x6bf5, 0x6c15, 0x6c15, 0x6c15, 0x6c15, 0x6c16, 0x6c36, 0x6c56, 0x6c56, 0x7456, 
	0x8497, 0x8cb7, 0x8cf7, 0x94f8, 0x8cb7, 0x94f8, 0x94f8, 0x8497, 0x7c98, 0x7c78, 0x7c77, 0x7c78, 0x7c98, 0x7c78, 0x8498, 0x8498, 
	0x8499, 0x84b9, 0x8499, 0x8cb9, 0x8477, 0x7c16, 0x7c16, 0x7c16, 0x7c16, 0x7c16, 0x7c16, 0x7c16, 0x7c15, 0x7c16, 0x8457, 0x73f6, 
	0x63b5, 0x63d6, 0x63b6, 0x5bb6, 0x63d6, 0x63f7, 0x63f7, 0x63f6, 0x63b6, 0x63d6, 0x7477, 0x8d7a, 0x95ba, 0x959a, 0x8d79, 0x959a, 
	0x9dba, 0x9599, 0x8d79, 0x8d58, 0x8d58, 0x9579, 0x8d58, 0x8d59, 0x8d58, 0x8d79, 0x8d79, 0x8d59, 0x84f8, 0x6415, 0x63f5, 0x7477, 
	0x7cd7, 0x84f7, 0x7cf7, 0x7cd7, 0x7cf7, 0x7cf7, 0x7497, 0x6c36, 0x6bf6, 0x63b5, 0x5b94, 0x5bb4, 0x5bd5, 0x63d5, 0x63f6, 0x6c37, 
	0x6c37, 0x6c17, 0x6c16, 0x5b94, 0x5353, 0x5333, 0x5333, 0x5333, 0x5333, 0x6395, 0x7c37, 0x6bd5, 0x73d5, 0x73d5, 0x73f6, 0x73d5, 
	0x73d5, 0x73d5, 0x73d5, 0x73f5, 0x73f5, 0x73f5, 0x8476, 0x8476, 0x7415, 0x5b33, 0x5b33, 0x5b33, 0x5b53, 0x5312, 0x7457, 0x7c98, 
	0x5bb4, 0x4af1, 0x42af, 0x3a4e, 0x5311, 0x73d5, 0x8c18, 0x8c18, 0x7c36, 0x5b72, 0x42f0, 0x21ec, 0x00a7, 0x08c7, 0x10e8, 0x08a7, 
	0x08c7, 0x1109, 0x1929, 0x0087, 0x08e8, 0x1109, 0x428f, 0x6373, 0x4a4f, 0x420e, 0x6313, 0x8417, 0x8c18, 0x83f7, 0x8c18, 0x8c17, 
	0x8417, 0x6b54, 0x7375, 0x83d7, 0x83d7, 0x83f7, 0x7bd7, 0x7bb6, 0x7bd6, 0x7c17, 0x7c17, 0x7c17, 0x7c17, 0x7bf7, 0x7bf7, 0x7bd5, 
	0x9c35, 0xd5ba, 0xd5fc, 0x7b92, 0x6bd5, 0x6c16, 0x7457, 0x84d8, 0x7c97, 0x8d19, 0x9ddc, 0x84f8, 0x7cb7, 0x9dbb, 0x957a, 0x7456, 
	0x7c77, 0x7c77, 0x6bf5, 0x73f6, 0x7436, 0x6bf5, 0x7c36, 0x8cb8, 0x9519, 0x7c77, 0x6bf5, 0x73f5, 0x73f5, 0x6bd5, 0x6bf5, 0x6bf5, 
	0x6bd5, 0x73f6, 0x6bf5, 0x63b5, 0x7416, 0x7c37, 0x73f5, 0x7415, 0x7415, 0x7415, 0x8456, 0x8c57, 0x8c17, 0x9458, 0x8c59, 0x8438, 
	0x8459, 0x8c58, 0x8c99, 0x94b9, 0x8c79, 0x8c79, 0x8c99, 0x94d9, 0x94b9, 0x94d9, 0x94b9, 0x94d9, 0x94b9, 0x9cda, 0x94b9, 0x9498, 
	0x83f6, 0x8417, 0x8437, 0x8417, 0x8437, 0x94d9, 0x8c35, 0x7392, 0x7bb3, 0x8435, 0x8476, 0x8497, 0x84b7, 0x8cd7, 0x8cd8, 0x8cd7, 
	0x8cd7, 0x94f8, 0x8cd7, 0x8cb7, 0x8cb7, 0x8476, 0x7c56, 0x7c35, 0x7c15, 0x7bf5, 0x7bf5, 0x7bf5, 0x7bd5, 0x7bd5, 0x7bd5, 0x73d5, 
	0x7c57, 0x63b5, 0x5b74, 0x5b74, 0x5b73, 0x5b74, 0x5b74, 0x5b74, 0x5b74, 0x5b74, 0x5b74, 0x5b74, 0x6bd5, 0x6bd6, 0x6bd5, 0x6bd5, 
	0x6bd5, 0x73d6, 0x6bd5, 0x73d6, 0x6bd5, 0x6bd5, 0x73d5, 0x73d5, 0x6bd5, 0x73d5, 0x73d5, 0x73d5, 0x73d6, 0x73d6, 0x73d6, 0x73d5, 
	0x2af2, 0x22b1, 0x22b0, 0x22b1, 0x3312, 0x2a90, 0x32f1, 0x3af1, 0x3b12, 0x3b12, 0x3b12, 0x3b12, 0x3af1, 0x3af1, 0x32d0, 0x3ad0, 
	0x3af1, 0x3af1, 0x3af1, 0x3af1, 0x3af1, 0x3ad1, 0x3ad1, 0x3ad1, 0x3ad1, 0x3ad1, 0x3ad1, 0x3b11, 0x4312, 0x3b11, 0x4312, 0x4b52, 
	0xa59a, 0xc67d, 0xdf3f, 0xdf3f, 0xb5fb, 0xd6ff, 0xe79f, 0xa59a, 0x8cf9, 0x8cd9, 0x8498, 0x8498, 0x84b9, 0x7c98, 0x7c98, 0x7c98, 
	0x7c78, 0x7c78, 0x7c78, 0x8498, 0x8477, 0x7c16, 0x8436, 0x8416, 0x8416, 0x8416, 0x8436, 0x8436, 0x8456, 0x8457, 0x8477, 0x7c57, 
	0x7c58, 0x7c78, 0x7c99, 0x7479, 0x7458, 0x6c17, 0x6417, 0x6bf7, 0x63b5, 0x6bf6, 0x8d19, 0xbedf, 0xcf5f, 0xcf7f, 0xc71f, 0xd77f, 
	0xd77f, 0xcf5f, 0xcf5f, 0xc73f, 0xcf5f, 0xcf7f, 0xcf5f, 0xcf5f, 0xc73f, 0xcf7f, 0xcf9f, 0xcf7f, 0xb67e, 0x6c36, 0x6415, 0x9d9b, 
	0xbede, 0xcf7f, 0xcf5f, 0xbefe, 0xc73f, 0xc73f, 0xb69e, 0x9ddb, 0x7477, 0x63b5, 0x6c36, 0x6c37, 0x6c36, 0x6c36, 0x6c36, 0x6c57, 
	0x6c57, 0x6c57, 0x6c37, 0x63b5, 0x5b53, 0x5b33, 0x5b33, 0x5b33, 0x5b33, 0x6395, 0x7c37, 0x7416, 0x7c16, 0x7c16, 0x7c37, 0x73f6, 
	0x7c16, 0x7c36, 0x7c16, 0x8477, 0x8c98, 0x8477, 0xbe3d, 0xbe3d, 0x8497, 0x5b32, 0x5b33, 0x5b53, 0x5b73, 0x5b53, 0x63b4, 0x6394, 
	0x5b73, 0x4ad0, 0x5311, 0x4ad0, 0x3a4e, 0x73b5, 0x8c18, 0x8c18, 0x7c16, 0x5b72, 0x4b31, 0x324e, 0x08e8, 0x08e8, 0x10e8, 0x08c8, 
	0x08a7, 0x1109, 0x1129, 0x0087, 0x08e8, 0x08e8, 0x21ab, 0x5311, 0x8c77, 0x6b53, 0x4a2f, 0x5290, 0x7374, 0x83f7, 0x8c38, 0x8c38, 
	0x8c37, 0x8c17, 0x6b34, 0x83d6, 0x8c18, 0x8c18, 0x83f8, 0x7bb7, 0x7bd7, 0x7bf7, 0x7bf7, 0x7bf7, 0x7bf7, 0x73d7, 0x73d7, 0x7bb5, 
	0x9c15, 0xd5ba, 0xd5fb, 0x7b92, 0x73f5, 0x6bf6, 0x63f5, 0x6c16, 0x7477, 0x7456, 0x7476, 0x7c97, 0x7c77, 0x7456, 0x7456, 0x7436, 
	0x6c15, 0x6bf5, 0x6bf5, 0x7416, 0x6bd5, 0x6bf5, 0x7c36, 0x73f5, 0x73f5, 0x7415, 0x73f5, 0x6bb4, 0x73d5, 0x73f5, 0x73f5, 0x7415, 
	0x73f5, 0x7c36, 0x73f5, 0x6bd5, 0x7c37, 0x7c37, 0x8497, 0x7c15, 0x8cb7, 0xa55a, 0x8c77, 0x8c37, 0x8bf6, 0x9438, 0x8c38, 0x7bd7, 
	0x8418, 0x83f7, 0x9cda, 0xbdde, 0x8c79, 0x8418, 0x94da, 0xbdfe, 0x9cfa, 0xbdfe, 0x9d1a, 0xbdfe, 0xa53b, 0xb5bd, 0xad5c, 0x9499, 
	0x9cda, 0x8c58, 0x8c38, 0x8417, 0x8417, 0x9498, 0x8c35, 0x7bb3, 0x7bd3, 0x8c35, 0x8476, 0x8476, 0x8476, 0x8c97, 0x8c97, 0x8c97, 
	0x8c97, 0x8cb7, 0x8477, 0x7c36, 0x7c56, 0x7435, 0x7415, 0x73f5, 0x73d4, 0x6bb4, 0x6bb4, 0x6b94, 0x6b73, 0x6b94, 0x6b94, 0x6b94, 
	0x7c37, 0x6bd5, 0x5b94, 0x5b74, 0x5b74, 0x5b74, 0x5b74, 0x5b74, 0x5b74, 0x5b74, 0x5b74, 0x5b74, 0x6bd6, 0x73f6, 0x73d5, 0x6bd5, 
	0x73d5, 0x73d5, 0x73d6, 0x73d5, 0x73d6, 0x73f6, 0x73f6, 0x73d5, 0x73d5, 0x73d5, 0x73d5, 0x73d5, 0x73f6, 0x73d6, 0x73d6, 0x73d6, 
	0x2af1, 0x22b1, 0x22b0, 0x22b1, 0x32f2, 0x2290, 0x32f1, 0x3312, 0x3312, 0x3312, 0x2af2, 0x2af2, 0x2af1, 0x2af1, 0x2ad1, 0x2ad1, 
	0x2ad1, 0x2ad1, 0x2ad1, 0x2ab0, 0x2ab0, 0x3311, 0x3b11, 0x32f1, 0x32f1, 0x32d1, 0x32f1, 0x32d1, 0x32d1, 0x32d1, 0x2ab0, 0x4352, 
	0xa5db, 0xbe5c, 0xcedd, 0xcedd, 0xadba, 0xce9d, 0xd71f, 0x9d79, 0x8cd9, 0x8cf9, 0x84b9, 0x84b9, 0x84d9, 0x7c98, 0x7c98, 0x84b9, 
	0x8499, 0x7c78, 0x7c78, 0x84b9, 0x8477, 0x7c15, 0x8436, 0x8c36, 0x8c36, 0x8436, 0x8c36, 0x8c77, 0x8c77, 0x8c98, 0x94b8, 0x9d1a, 
	0x9d5b, 0x953b, 0x8cfb, 0x84ba, 0x7c99, 0x6c17, 0x6c17, 0x63f6, 0x63b5, 0x6bf6, 0x7c98, 0x955b, 0x959b, 0x9ddc, 0x9dbb, 0xa5fc, 
	0xa61c, 0xa61c, 0xa61c, 0x9dfb, 0xa61c, 0xa63c, 0xa63c, 0xa61c, 0x9dfb, 0xa63c, 0xa65c, 0xa63c, 0x95bb, 0x6c36, 0x6c15, 0x8d5a, 
	0xa61b, 0xa61b, 0xa63c, 0x9e1b, 0xa63c, 0xa63c, 0xa61c, 0x959b, 0x7477, 0x63d5, 0x6c16, 0x6c36, 0x6c36, 0x6c36, 0x7457, 0x8d3a, 
	0x8d5a, 0x8d5a, 0x7478, 0x63d5, 0x5b74, 0x5b54, 0x5b54, 0x5b53, 0x5b33, 0x6b95, 0x7c37, 0x73f6, 0x7c16, 0x7c16, 0x73f5, 0x73f5, 
	0x7c16, 0x7c16, 0x7c16, 0x7c16, 0x7c36, 0x7c36, 0x7415, 0x7415, 0x7415, 0x6373, 0x5b53, 0x5b53, 0x6373, 0x5b53, 0x63d5, 0x6c16, 
	0x6bf5, 0x5332, 0x5332, 0x7415, 0x428f, 0x5af2, 0x9438, 0x8c18, 0x8457, 0x5b72, 0x3ad0, 0x220d, 0x0909, 0x08c8, 0x08c7, 0x1108, 
	0x08c8, 0x1108, 0x1929, 0x00a7, 0x08c8, 0x08e8, 0x0909, 0x320d, 0x6b53, 0x9477, 0x83d6, 0x62d2, 0x5270, 0x5250, 0x62f2, 0x7374, 
	0x7b94, 0x7b94, 0x6b13, 0x62f2, 0x83d6, 0x6b33, 0x7355, 0x7b96, 0x7bd7, 0x7bd7, 0x7bf7, 0x7bf7, 0x7bf7, 0x7bf7, 0x7bf7, 0x7bb5, 
	0xa476, 0xddfb, 0xd5db, 0x7b92, 0x73f5, 0x6bf6, 0x63d5, 0x6c16, 0x7c57, 0x7c76, 0x84b7, 0x7c97, 0x7c76, 0x7456, 0x7436, 0x7436, 
	0x7415, 0x73f5, 0x7415, 0x7c56, 0x7c76, 0x7435, 0x8456, 0x73f5, 0x73f5, 0x7c15, 0x73d5, 0x73d5, 0x73f5, 0x7c15, 0x7c35, 0x7c35, 
	0x7c15, 0x8477, 0x7c35, 0x7415, 0x8457, 0x7c37, 0x8cb8, 0x7c36, 0x8cb8, 0xa55a, 0x8c77, 0x9478, 0x9417, 0x9c58, 0x8c17, 0x7bd7, 
	0x8418, 0x8438, 0x9499, 0xa4fb, 0x8c79, 0x8c59, 0x9499, 0xa51b, 0x9499, 0xa51c, 0x9499, 0x9cfb, 0x94ba, 0x9cfa, 0x9cba, 0x9cba, 
	0xa4fa, 0x9458, 0x83f7, 0x83f7, 0x83f7, 0x9498, 0x8c35, 0x83d3, 0x83d3, 0x8c35, 0x8c55, 0x8456, 0x8476, 0x8476, 0x8c76, 0x8c76, 
	0x8c76, 0x8c76, 0x7c36, 0x6bd4, 0x63b4, 0x63b4, 0x63b4, 0x6394, 0x6394, 0x6394, 0x6394, 0x6394, 0x6394, 0x6bb4, 0x6bb4, 0x6394, 
	0x7c57, 0x6bf5, 0x5b74, 0x6394, 0x6394, 0x5b74, 0x5b74, 0x5b74, 0x5b74, 0x5b74, 0x5b74, 0x6374, 0x6bd5, 0x73f6, 0x73d5, 0x73d5, 
	0x73d5, 0x73d6, 0x73d6, 0x73d6, 0x73d6, 0x73f6, 0x73f6, 0x73f6, 0x73f6, 0x73f6, 0x73f6, 0x73f6, 0x73f6, 0x73d5, 0x73f6, 0x73d5, 
	0x2ad1, 0x22b0, 0x2ad1, 0x2ab1, 0x3312, 0x2290, 0x32f2, 0x3312, 0x3312, 0x2af2, 0x2af2, 0x2af2, 0x2af1, 0x2af1, 0x2af1, 0x2af1, 
	0x22d1, 0x2af1, 0x3312, 0x3312, 0x2ad1, 0x32f1, 0x2ab0, 0x2290, 0x22b0, 0x22b0, 0x2290, 0x226f, 0x1a4f, 0x226f, 0x226f, 0x3b11, 
	0x9d9a, 0xb61b, 0xbe5c, 0xc65c, 0xa599, 0xbe1c, 0xc67d, 0x9d39, 0x8cf9, 0x8cf9, 0x8498, 0x84b9, 0x84d9, 0x7c98, 0x7c98, 0x84b9, 
	0x84b9, 0x7c78, 0x84b9, 0x84b9, 0x8c98, 0x8456, 0x8c77, 0x8c57, 0x8c77, 0x8c77, 0x9498, 0x94b9, 0x94f9, 0x9d1a, 0x951a, 0x94da, 
	0x8498, 0x7437, 0x6bf7, 0x63d6, 0x6c17, 0x6c38, 0x6c17, 0x6c17, 0x6bd6, 0x7416, 0x7457, 0x7477, 0x7497, 0x7497, 0x7497, 0x7cb8, 
	0x7cd8, 0x7cf8, 0x7cf8, 0x7cf8, 0x7cf8, 0x7d18, 0x8519, 0x8519, 0x7d18, 0x8539, 0x8539, 0x8559, 0x7cf8, 0x6c15, 0x6c36, 0x8d39, 
	0x9e1b, 0xae7c, 0xae7d, 0xa63b, 0x9e3b, 0x9e3b, 0x9e1b, 0x8d59, 0x7c77, 0x6bd5, 0x6c36, 0x6c36, 0x6c36, 0x6c36, 0x7477, 0x959b, 
	0x8d7a, 0x8d3a, 0x7498, 0x63d5, 0x5b54, 0x5b54, 0x6354, 0x6354, 0x5b33, 0x6bb5, 0x8478, 0x8477, 0x8477, 0xa55a, 0xb5dc, 0x94f9, 
	0x7c16, 0x7c36, 0x7c16, 0x7c36, 0x8477, 0x8497, 0x9d3a, 0xa57b, 0x8477, 0x6373, 0x6373, 0x6373, 0x6394, 0x5b53, 0x6bd5, 0x7416, 
	0x6bd5, 0x5332, 0x4af1, 0x73f5, 0x5b11, 0x52d1, 0x8c38, 0x8c58, 0x6394, 0x2a4e, 0x19ed, 0x11ac, 0x0909, 0x08c8, 0x08e8, 0x08c8, 
	0x1109, 0x08c8, 0x1129, 0x08c8, 0x08a7, 0x08e8, 0x08e8, 0x1109, 0x426f, 0x6b73, 0x83f6, 0x9478, 0x83f5, 0x7394, 0x7373, 0x6b33, 
	0x6312, 0x6b12, 0x6b12, 0x5ad1, 0x7374, 0x7b95, 0x7bd6, 0x7bb6, 0x7bb6, 0x7bf7, 0x7bf7, 0x7bf7, 0x7c17, 0x7c17, 0x7c17, 0x7bd5, 
	0x9c56, 0xd5fb, 0xd61c, 0x7bb3, 0x7c15, 0x6c16, 0x7436, 0x7c98, 0x7c97, 0x953a, 0xb63d, 0x9519, 0x7c77, 0x8cf9, 0x8cb8, 0x7415, 
	0x7c36, 0x7c56, 0x7415, 0x8cb7, 0xbe5e, 0x9d39, 0x8477, 0x73f5, 0x7bf5, 0x7c15, 0x73d5, 0x73d5, 0x7c15, 0x7c15, 0xad9a, 0xd6df, 
	0x8cb7, 0x9cf9, 0xcebf, 0xa57a, 0x8457, 0x8437, 0x7bf5, 0x7bf5, 0x7bf5, 0x7c15, 0x8436, 0x9cb9, 0x9c37, 0xa478, 0x9c78, 0x9458, 
	0x9479, 0x9479, 0x9499, 0x9cba, 0x94ba, 0x9499, 0x949a, 0x949a, 0x949a, 0x949a, 0x949a, 0x949a, 0x949a, 0x9499, 0x9c99, 0x9479, 
	0x8417, 0x8c17, 0x8c17, 0x8c38, 0x8c38, 0x9cb9, 0x9455, 0x83d3, 0x83d3, 0x8c35, 0x8c55, 0x8435, 0x8456, 0x8456, 0x8456, 0x8c56, 
	0x8c76, 0x8476, 0x7415, 0x6394, 0x5b74, 0x5b73, 0x6394, 0x5b74, 0x6394, 0x6394, 0x6394, 0x63b4, 0x63b4, 0x63b4, 0x63b5, 0x6bd5, 
	0x7c78, 0x6bf5, 0x5b74, 0x6394, 0x6394, 0x6394, 0x5b74, 0x5b74, 0x5b74, 0x6394, 0x6394, 0x6394, 0x73f6, 0x73f6, 0x73d5, 0x73d5, 
	0x73d6, 0x73f6, 0x73f6, 0x73f6, 0x73f6, 0x73d5, 0x73f6, 0x73f6, 0x73f6, 0x73f6, 0x73f6, 0x73f6, 0x73f5, 0x73f5, 0x73f6, 0x73f5, 
	0x2af1, 0x3b32, 0x3b52, 0x4373, 0x4373, 0x32f1, 0x3b53, 0x4394, 0x4394, 0x43b4, 0x3b73, 0x3312, 0x4394, 0x43b4, 0x3b73, 0x3332, 
	0x2af1, 0x22b0, 0x22b0, 0x2290, 0x2290, 0x2290, 0x1a6f, 0x1a4f, 0x1a6f, 0x1a6f, 0x226f, 0x226f, 0x226f, 0x2290, 0x226f, 0x3b12, 
	0x84f8, 0x9518, 0x8cd8, 0x94f8, 0x8cd8, 0x94f8, 0x94f8, 0x8cb8, 0x8498, 0x84b8, 0x8478, 0x7c78, 0x8498, 0x7c98, 0x7c78, 0x7c98, 
	0x8498, 0x7c98, 0x7c78, 0x8498, 0x8498, 0x8c98, 0x94d9, 0x94d9, 0x94f9, 0x9d1a, 0x951a, 0x8cd9, 0x8498, 0x7c58, 0x7417, 0x6c17, 
	0x6bf7, 0x6bf7, 0x6bf7, 0x63f7, 0x6c38, 0x7458, 0x6c38, 0x7437, 0x6bd6, 0x7417, 0x7478, 0x7478, 0x7498, 0x7498, 0x7498, 0x7498, 
	0x74b8, 0x7cb8, 0x7cd8, 0x74b8, 0x7cd8, 0x7cf9, 0x7cf9, 0x7cf9, 0x8519, 0x8519, 0x8539, 0x8539, 0x84f9, 0x6c16, 0x6c36, 0x959b, 
	0xb6bd, 0xbf1e, 0xc73f, 0xb6dd, 0xb6dd, 0xb6dd, 0xae9d, 0x9ddb, 0x7c98, 0x6bf5, 0x7457, 0x7477, 0x7457, 0x7477, 0x7477, 0x84f9, 
	0x7cd8, 0x7cb8, 0x7477, 0x6bf6, 0x6374, 0x6354, 0x6354, 0x6374, 0x6353, 0x6bd5, 0x8cb8, 0x8cb8, 0x8c97, 0xa55a, 0xadbc, 0x94f9, 
	0x7c36, 0x8437, 0x7c36, 0x8457, 0x8c98, 0x8477, 0x9d3a, 0xa57b, 0x8477, 0x6b94, 0x6b94, 0x6b94, 0x6b94, 0x5b53, 0x6394, 0x6394, 
	0x6394, 0x5312, 0x5312, 0x73d5, 0x6b93, 0x5b12, 0x8c78, 0x7437, 0x3270, 0x11ed, 0x11cc, 0x11ac, 0x092a, 0x08e9, 0x08e8, 0x00a7, 
	0x08e8, 0x1109, 0x1108, 0x08e8, 0x00a7, 0x08e8, 0x08e8, 0x08e8, 0x114a, 0x4af0, 0x6372, 0x6b73, 0x8436, 0x8c37, 0x9478, 0x8c57, 
	0x8c37, 0x8c57, 0x8c37, 0x8436, 0x8c57, 0x9478, 0x9478, 0x8c58, 0x8c58, 0x8c78, 0x8c98, 0x8c98, 0x8c99, 0x8c98, 0x8c78, 0x8437, 
	0x83b4, 0xa4b8, 0xb55a, 0x8415, 0x7c36, 0x7416, 0x7436, 0x8498, 0x7c97, 0x8cf9, 0x9d9b, 0x8cf8, 0x7c77, 0x8cf9, 0x8cb8, 0x7416, 
	0x7c56, 0x8477, 0x7c36, 0x8c97, 0x9d5a, 0x8c97, 0x8c77, 0x7bf6, 0x7bf5, 0x7c16, 0x7bd5, 0x7bd5, 0x7c16, 0x7c35, 0xa539, 0xbe1c, 
	0x8c77, 0x94d8, 0xb5fc, 0x9d19, 0x8457, 0x8436, 0x7bd5, 0x7bf5, 0x73f5, 0x7bf5, 0x83f6, 0x9437, 0x9c37, 0xa498, 0xacd9, 0xa4b9, 
	0xa4b9, 0x9cba, 0xa4d9, 0xa4d9, 0xa4fa, 0xa4fa, 0x9cba, 0x9c9a, 0x9cba, 0x9cba, 0x9c9a, 0x9c9a, 0x9cba, 0x9c9a, 0x9c9a, 0x9459, 
	0x83f7, 0x83f7, 0x83f7, 0x83f7, 0x8417, 0x9498, 0x9456, 0x83d3, 0x8bd3, 0x9434, 0x8c55, 0x8455, 0x8c56, 0x8c56, 0x8c56, 0x8c76, 
	0x8c76, 0x8456, 0x7c15, 0x6394, 0x6393, 0x6394, 0x6394, 0x6373, 0x5b73, 0x5b73, 0x5b73, 0x5b73, 0x5b73, 0x5b73, 0x63b4, 0x6bd5, 
	0x7c57, 0x6bd5, 0x6394, 0x6394, 0x6394, 0x6394, 0x6394, 0x6394, 0x6394, 0x6394, 0x6394, 0x6394, 0x73f6, 0x7bf6, 0x73d5, 0x73d5, 
	0x73f6, 0x73f6, 0x7bf6, 0x73f6, 0x73f6, 0x7bf6, 0x7bf6, 0x7bf6, 0x7bf6, 0x73f6, 0x7bf6, 0x7bf6, 0x7bf6, 0x73f5, 0x7bf5, 0x7bf5, 
	0x3b52, 0x3b73, 0x4373, 0x4393, 0x4393, 0x4373, 0x4394, 0x4bd5, 0x53f5, 0x5416, 0x4bf5, 0x32f1, 0x2ab0, 0x22b0, 0x1a6f, 0x2270, 
	0x1a6f, 0x1a6f, 0x1a6f, 0x1a4f, 0x1a6f, 0x1a6f, 0x1a6f, 0x1a4f, 0x1a6f, 0x1a6f, 0x2270, 0x2290, 0x226f, 0x1a6f, 0x226f, 0x3b32, 
	0x84d8, 0x8cd8, 0x84b8, 0x8cb8, 0x8c98, 0x8cb8, 0x8cb8, 0x8498, 0x8cb8, 0x8cb8, 0x8cb8, 0x8cd9, 0x8cf9, 0x84b9, 0x84b9, 0x8cd9, 
	0x8cd9, 0x84b9, 0x84d9, 0x8cd9, 0x8cd9, 0x94f9, 0x94fa, 0x951a, 0x94fa, 0x951a, 0x8cda, 0x7437, 0x6c17, 0x6c17, 0x6c17, 0x6c17, 
	0x6c17, 0x6c17, 0x6c17, 0x7438, 0x6c38, 0x7438, 0x7438, 0x7417, 0x73f6, 0x7437, 0x84b8, 0x8d3a, 0x8d5a, 0x8d5a, 0x8d5a, 0x8d5a, 
	0x8d5a, 0x8d7a, 0x8d9a, 0x8d5a, 0x8d7a, 0x8d7a, 0x8d5a, 0x8539, 0x8539, 0x8d7a, 0x8d7a, 0x8d5a, 0x84f9, 0x6c36, 0x6c36, 0x8d5a, 
	0x9e1b, 0x9e3b, 0xa63b, 0x9e1b, 0x9e1b, 0x9e1b, 0x9dfb, 0x959a, 0x7c77, 0x7416, 0x7477, 0x7c97, 0x7cb8, 0x84d9, 0x84f9, 0x959b, 
	0x957b, 0x8d1a, 0x84b9, 0x73f6, 0x6b74, 0x6b74, 0x6b74, 0x6b74, 0x6354, 0x73d5, 0x8cb8, 0x8cb8, 0x8cb8, 0x8cb8, 0x8cd8, 0x8c97, 
	0x8477, 0x8477, 0x8457, 0x8477, 0x8457, 0x8477, 0x8457, 0x8457, 0x8456, 0x6bb4, 0x6bb4, 0x6bb4, 0x6bb4, 0x6353, 0x6bb4, 0x7416, 
	0x6bf5, 0x5b32, 0x5b32, 0x73f5, 0x6bd4, 0x7415, 0x7457, 0x3ab0, 0x222e, 0x120d, 0x11cc, 0x11ac, 0x116b, 0x08e9, 0x08e8, 0x08c8, 
	0x0087, 0x1108, 0x218b, 0x08e8, 0x00a7, 0x08c8, 0x08e8, 0x08e8, 0x0908, 0x116a, 0x5310, 0x6372, 0x52d0, 0x6b94, 0x8416, 0x8457, 
	0x8c57, 0x8c57, 0x8c57, 0x8457, 0x8437, 0x8437, 0x8457, 0x8c78, 0x8c78, 0x8c78, 0x8c78, 0x8c78, 0x8c78, 0x8477, 0x8457, 0x8437, 
	0x7bf5, 0x7bf5, 0x8416, 0x73b4, 0x7c36, 0x7436, 0x6bf5, 0x7436, 0x7c77, 0x7456, 0x7c56, 0x7c76, 0x7c77, 0x7c36, 0x7c36, 0x7c36, 
	0x7c35, 0x7415, 0x7c36, 0x8456, 0x7c36, 0x7c15, 0x8c57, 0x83f5, 0x7bb4, 0x7bf5, 0x7bd5, 0x7bd5, 0x7bf5, 0x8436, 0x8435, 0x8455, 
	0x8416, 0x8c57, 0x7c15, 0x7c15, 0x8c37, 0x8416, 0x73b5, 0x73d5, 0x73d5, 0x7bd5, 0x7bb5, 0x9437, 0x9c37, 0xac78, 0xc57b, 0xd5fd, 
	0x9c78, 0x9417, 0xb51b, 0xd65f, 0xb55b, 0xd67f, 0xa4db, 0x8c18, 0x9459, 0x9418, 0x9439, 0x8bd7, 0x8c18, 0x8c18, 0x9438, 0x9459, 
	0x83b6, 0x83d6, 0x83d6, 0x83d6, 0x83d6, 0x9478, 0x9456, 0x83d3, 0x8bd3, 0x9455, 0x8c55, 0x8415, 0x8455, 0x8456, 0x8456, 0x8c76, 
	0x8c56, 0x8436, 0x7415, 0x6bb4, 0x6394, 0x6393, 0x6394, 0x6393, 0x6393, 0x6393, 0x6373, 0x6393, 0x6394, 0x6394, 0x63b4, 0x6bb4, 
	0x7c57, 0x6bd5, 0x6394, 0x6394, 0x6394, 0x6394, 0x6394, 0x6394, 0x6394, 0x6394, 0x6394, 0x6394, 0x73f6, 0x7c16, 0x7bf6, 0x7bf6, 
	0x73f5, 0x7bf6, 0x7bf6, 0x7bf6, 0x7c16, 0x7bf6, 0x7bf6, 0x7bf6, 0x7bf6, 0x7bf6, 0x7bf6, 0x7bf6, 0x7bf5, 0x73f5, 0x7bd5, 0x7bf5, 
	0x2ad1, 0x2ad1, 0x2ad1, 0x2ad1, 0x2ad1, 0x2ad1, 0x2ad1, 0x2ad1, 0x2ad1, 0x2ad1, 0x2af1, 0x2ad1, 0x1a4f, 0x1a6f, 0x1a6f, 0x1a70, 
	0x1a70, 0x1a70, 0x2270, 0x1a70, 0x1a6f, 0x1a4f, 0x1a70, 0x2290, 0x2290, 0x2290, 0x22b0, 0x22b0, 0x22b0, 0x22b0, 0x2290, 0x3b32, 
	0x8cf9, 0x8cd8, 0x8cb8, 0x8cb8, 0x8cb8, 0x8cb8, 0x8cd8, 0x8cd8, 0x8cd9, 0x8cd9, 0x8cd9, 0x94f9, 0x951a, 0x8cf9, 0x8cf9, 0x8cf9, 
	0x8cf9, 0x8cf9, 0x8cf9, 0x8d1a, 0x9519, 0x951a, 0x951a, 0x9d3b, 0x951a, 0x951a, 0x8cfa, 0x7417, 0x7437, 0x6c37, 0x6c17, 0x7478, 
	0x7c99, 0x6c16, 0x7458, 0x7c99, 0x7438, 0x7458, 0x7458, 0x7c58, 0x73f7, 0x7c37, 0x955a, 0xb67e, 0xbedf, 0xc6ff, 0xb6be, 0xbede, 
	0xbf1f, 0xc73f, 0xc73f, 0xb6de, 0xbf1f, 0xbeff, 0xb6be, 0x9e1b, 0xa63c, 0xae9d, 0xae9d, 0xae7d, 0x9d9b, 0x7456, 0x7436, 0x84f9, 
	0x8d59, 0x8d59, 0x8d59, 0x8539, 0x8539, 0x8539, 0x8539, 0x84d8, 0x7c57, 0x7436, 0x84d8, 0x8d5a, 0x8d5a, 0x8d3a, 0x84f9, 0x8d3a, 
	0x84fa, 0x84b9, 0x7c78, 0x7416, 0x6b94, 0x6b94, 0x6b94, 0x6b94, 0x6b74, 0x73d5, 0xa57b, 0xb5fd, 0x9d3a, 0xad9b, 0xbe3d, 0xa55a, 
	0xaddb, 0xb61d, 0x94b8, 0x8c98, 0x8c77, 0x8477, 0x8477, 0x8477, 0x8456, 0x73b4, 0x6bb4, 0x73b4, 0x73d5, 0x6373, 0x6bb4, 0x73d5, 
	0x6bb4, 0x52f1, 0x5312, 0x7415, 0x7c76, 0x6c35, 0x3ad0, 0x224e, 0x1a0d, 0x11ed, 0x11cc, 0x11ac, 0x116b, 0x00e9, 0x0909, 0x08c8, 
	0x08a7, 0x0087, 0x194a, 0x21ab, 0x0087, 0x08c7, 0x08e8, 0x08e8, 0x0908, 0x0908, 0x21ab, 0x5b72, 0x6392, 0x426e, 0x52f0, 0x73d4, 
	0x7415, 0x7c15, 0x7c15, 0x7bf6, 0x73f5, 0x73d5, 0x73f6, 0x73f6, 0x7c16, 0x7c16, 0x7c16, 0x7c36, 0x7c36, 0x7c37, 0x7c37, 0x7c36, 
	0x7c36, 0x7c16, 0x7c16, 0x6b95, 0x7c36, 0x7436, 0x73f6, 0x7416, 0x7c77, 0x7c36, 0x7c57, 0x7c57, 0x7c56, 0x7c36, 0x7c36, 0x7c56, 
	0x8476, 0x8c97, 0x8456, 0x8456, 0x8436, 0x7bf5, 0x8c36, 0x83f5, 0x83d5, 0x8416, 0x83f5, 0x7bd5, 0x83f5, 0x8416, 0x83f5, 0x8416, 
	0x83f5, 0x8c36, 0x8415, 0x83f5, 0x8c36, 0x83f6, 0x7bd5, 0x7bd5, 0x7bf5, 0x7bd5, 0x83d5, 0xa498, 0xa457, 0xb4b9, 0xb51a, 0xb51a, 
	0xa499, 0x9438, 0xa4da, 0xb55c, 0xad1b, 0xbd9d, 0xa49a, 0x9438, 0x9c59, 0x9438, 0x9c39, 0x93f8, 0x9418, 0x9418, 0x9c38, 0xa47a, 
	0x9418, 0x9438, 0x9438, 0x9438, 0x9438, 0x9457, 0x9415, 0x8bd3, 0x8bd3, 0x9434, 0x9476, 0x8435, 0x8c76, 0x8435, 0x7c15, 0x7bf5, 
	0x73d4, 0x6bb4, 0x6bd4, 0x6393, 0x6393, 0x6393, 0x6393, 0x6393, 0x6393, 0x6393, 0x6393, 0x6393, 0x6373, 0x6393, 0x6bb4, 0x6bb4, 
	0x7c36, 0x6bd5, 0x6394, 0x6394, 0x6394, 0x6394, 0x6394, 0x6394, 0x6394, 0x6394, 0x6394, 0x6b94, 0x7bf6, 0x7c16, 0x7bf6, 0x7bf6, 
	0x7c16, 0x7c16, 0x7c16, 0x7c16, 0x7c16, 0x7c16, 0x7bf6, 0x7c16, 0x7bf6, 0x7bf6, 0x7bf6, 0x7c16, 0x7c16, 0x7bf5, 0x7bf5, 0x7bf5, 
	0x2ad1, 0x2af1, 0x2ad1, 0x2af1, 0x2af1, 0x2af1, 0x2af1, 0x2ad1, 0x2af1, 0x2af1, 0x2af1, 0x2ad1, 0x1a4f, 0x1a6f, 0x1a70, 0x1a6f, 
	0x1a6f, 0x1a6f, 0x1a70, 0x2270, 0x2270, 0x1a70, 0x2290, 0x2290, 0x22b0, 0x2290, 0x2290, 0x2290, 0x2290, 0x2290, 0x2290, 0x3b32, 
	0x8cf9, 0x94f9, 0x8498, 0x8cb8, 0x8cd8, 0x9539, 0x9d5a, 0x9519, 0x9d5a, 0x9d7a, 0x9539, 0x9d7a, 0xa5bb, 0x957a, 0x955a, 0x9d9b, 
	0x955a, 0x955a, 0x9d9b, 0x957a, 0x9d5a, 0xa59b, 0xa57b, 0x9d5b, 0xa5bb, 0xa5bb, 0x953b, 0x84d9, 0x6c17, 0x6c17, 0x6c16, 0x84da, 
	0x84da, 0x6c17, 0x7437, 0x7417, 0x7438, 0x7459, 0x7c58, 0x7c38, 0x7bf7, 0x7c37, 0x9519, 0x9dbb, 0x9dba, 0x9dba, 0x9599, 0x9dda, 
	0x9dfb, 0xa61b, 0xa63b, 0x9dfa, 0x9e1b, 0x9e1b, 0x9dfb, 0x9dda, 0x9dda, 0x9e1b, 0x9e1b, 0xa61b, 0x9d9a, 0x7436, 0x7436, 0x8d19, 
	0x957a, 0x8d7a, 0x957a, 0x8d5a, 0x8d5a, 0x8d5a, 0x8d5a, 0x8d1a, 0x8477, 0x7c37, 0x84b8, 0x7cb8, 0x7cb7, 0x7cb8, 0x7c98, 0x7c98, 
	0x7c78, 0x7457, 0x7c37, 0x73f6, 0x7395, 0x7395, 0x7394, 0x6b94, 0x6b74, 0x7bf5, 0x9d19, 0x9d5a, 0x94f8, 0x9d39, 0xa59a, 0x9518, 
	0xa579, 0xad9b, 0x94b8, 0x8c77, 0x8c77, 0x8457, 0x8457, 0x8c77, 0x8456, 0x7bf5, 0x7bf5, 0x73f5, 0x73f5, 0x6373, 0x6393, 0x6393, 
	0x6bb4, 0x4af1, 0x5332, 0x6bf5, 0x6415, 0x3ad0, 0x2a8f, 0x226f, 0x1a0d, 0x11ed, 0x11cd, 0x11ac, 0x096b, 0x116b, 0x092a, 0x08e9, 
	0x08a7, 0x08a7, 0x08a7, 0x218b, 0x218a, 0x08c7, 0x08e8, 0x08e8, 0x08e8, 0x0909, 0x0929, 0x21ec, 0x5b72, 0x5b72, 0x322d, 0x322d, 
	0x5b31, 0x7414, 0x7c36, 0x7c15, 0x7c16, 0x7c16, 0x7c36, 0x7c36, 0x7c36, 0x8456, 0x8456, 0x8476, 0x8476, 0x8456, 0x7c35, 0x7c15, 
	0x7c16, 0x7416, 0x73f6, 0x6bb5, 0x7c37, 0x7c36, 0x73f5, 0x7416, 0x7c57, 0x7c36, 0x7c57, 0x7c57, 0x7c56, 0x7c36, 0x7c36, 0x7c36, 
	0x9d19, 0xa57a, 0x8c97, 0x8436, 0x8415, 0x7bf5, 0x8c36, 0x83f5, 0x83f5, 0x8c16, 0x83f5, 0x83d5, 0x83f5, 0x8416, 0x83f5, 0x83f5, 
	0x83d5, 0x8c16, 0x83f5, 0x7bb5, 0x8c16, 0x83f6, 0x7bb4, 0x7bb4, 0x7bd4, 0x7bb4, 0x83d4, 0xacb8, 0xac98, 0xbcd9, 0xacd9, 0xa4b9, 
	0xacba, 0xacb9, 0xacda, 0xacfa, 0xb51b, 0xacda, 0xacdb, 0xa49a, 0xacdb, 0xacba, 0xacbb, 0xa47a, 0xac9a, 0xac9a, 0xac9a, 0xa459, 
	0x8bd7, 0x8bf7, 0x8bf7, 0x8bf7, 0x8bf7, 0x8bf6, 0x8bf4, 0x8bf3, 0x8bf3, 0x9454, 0x8c55, 0x73b3, 0x73d4, 0x6bb4, 0x6bb4, 0x6bb4, 
	0x6bb4, 0x6393, 0x6bb4, 0x63b4, 0x6393, 0x6373, 0x6393, 0x6373, 0x6373, 0x6373, 0x6373, 0x6373, 0x6373, 0x6373, 0x6394, 0x6bb4, 
	0x7c36, 0x6bd5, 0x6394, 0x6394, 0x6b94, 0x6b94, 0x6394, 0x6394, 0x6394, 0x6394, 0x6394, 0x6b94, 0x7bf5, 0x8436, 0x7c16, 0x7c16, 
	0x8416, 0x7c16, 0x8416, 0x8416, 0x8416, 0x8416, 0x7c16, 0x7c16, 0x7bf6, 0x8416, 0x7c16, 0x7c16, 0x8416, 0x7c16, 0x7bf5, 0x7bf5, 
	0x2af1, 0x2af1, 0x2af1, 0x2af1, 0x2af1, 0x2af1, 0x2ad1, 0x2ad1, 0x2ad1, 0x22b1, 0x2af1, 0x2ad1, 0x124f, 0x1a70, 0x1a90, 0x2290, 
	0x2290, 0x2290, 0x1a70, 0x2270, 0x2290, 0x2290, 0x2290, 0x1a70, 0x2270, 0x2270, 0x2290, 0x2290, 0x2290, 0x2290, 0x2290, 0x4332, 
	0x9dbb, 0x9539, 0x8498, 0x8cd8, 0x9d5a, 0xc69e, 0xceff, 0xa599, 0xc6de, 0xcf3f, 0xae1c, 0xbe9e, 0xd75f, 0xb69d, 0xae3c, 0xcf1f, 
	0xae3c, 0xb67e, 0xc71f, 0xb69d, 0xae3c, 0xc6ff, 0xbe9e, 0xa5db, 0xcf3f, 0xcf1f, 0xae1d, 0xadfd, 0x7437, 0x6c37, 0x6c37, 0x7c78, 
	0x7458, 0x6c17, 0x6bf7, 0x6bd7, 0x7438, 0x7c79, 0x7c79, 0x8458, 0x7c17, 0x8437, 0x8498, 0x84d9, 0x84d9, 0x8cd9, 0x84d9, 0x8d19, 
	0x8d19, 0x8d19, 0x8d39, 0x8d19, 0x8d5a, 0x8d5a, 0x955a, 0x8d39, 0x8d59, 0x955a, 0x957a, 0x957a, 0x9519, 0x7c56, 0x7c57, 0x9519, 
	0x959a, 0x95ba, 0x95ba, 0x959a, 0x8d7a, 0x8d7a, 0x8d5a, 0x84f9, 0x8477, 0x7c37, 0x7c77, 0x7c77, 0x7c77, 0x7c77, 0x7457, 0x7c57, 
	0x7437, 0x7c37, 0x7c57, 0x7bf6, 0x7394, 0x7394, 0x73b5, 0x7bb5, 0x7394, 0x7bb5, 0x8c97, 0x8c97, 0x8c98, 0x8c97, 0x8c97, 0x8c97, 
	0x8477, 0x8476, 0x8c77, 0x8c77, 0x8c77, 0x8c77, 0x8c57, 0x8c77, 0x8c96, 0x6bb3, 0x6bb3, 0x73d3, 0x7c34, 0x8475, 0x94f7, 0xa579, 
	0x84b6, 0x42cf, 0x5bb3, 0x5372, 0x3b11, 0x2aaf, 0x226e, 0x1a2e, 0x1a0e, 0x11ed, 0x11cd, 0x118c, 0x096c, 0x096b, 0x090a, 0x112a, 
	0x08c8, 0x0087, 0x08a7, 0x08e8, 0x218a, 0x218b, 0x1129, 0x00c8, 0x0908, 0x08e8, 0x0909, 0x1149, 0x2a0c, 0x5371, 0x63b2, 0x5310, 
	0x424c, 0x3a2c, 0x6b92, 0x9d18, 0x8c97, 0x8436, 0x8c76, 0xad7a, 0xbdda, 0xbdfa, 0xbdd9, 0xbdfa, 0xc63a, 0xbdfa, 0xbdfa, 0x9d38, 
	0x7c36, 0x7c37, 0x73f6, 0x6bb5, 0x8457, 0x7c57, 0x73f6, 0x7c36, 0x8457, 0x7c36, 0x8457, 0x8457, 0x8457, 0x8456, 0x8436, 0x8436, 
	0x94d8, 0x9d19, 0x8c77, 0x8c36, 0x8c56, 0x8416, 0x8c36, 0x8c16, 0x8c36, 0x8c56, 0x8c15, 0x8c15, 0x8c36, 0x8c56, 0x9457, 0x9477, 
	0x8c36, 0x9457, 0x9457, 0x8c36, 0x9478, 0x9457, 0x8416, 0x8415, 0x7bd5, 0x83f5, 0x83d4, 0xacd8, 0xbd19, 0xbd1a, 0xb4da, 0xac99, 
	0xacba, 0xacba, 0xbcfa, 0xbd1b, 0xb4fb, 0xb4db, 0xb4db, 0xb4db, 0xbcfb, 0xc55c, 0xbd1c, 0xb4db, 0xb4bb, 0xb4ba, 0xacda, 0xa499, 
	0x83d6, 0x83f6, 0x83f6, 0x83f6, 0x83f6, 0x8c16, 0x9435, 0x8c13, 0x8bf3, 0x9475, 0x8c76, 0x6372, 0x6372, 0x6bd4, 0x7415, 0x73f5, 
	0x73d5, 0x73d5, 0x6bd4, 0x6bb4, 0x6bd4, 0x6bd4, 0x6bd5, 0x6bd5, 0x6bd4, 0x73d5, 0x6bd4, 0x6bd4, 0x73f5, 0x73f5, 0x73f5, 0x6bd4, 
	0x7416, 0x73d5, 0x6b94, 0x6bb4, 0x6bb4, 0x6bb4, 0x6bb4, 0x6bb4, 0x6bb4, 0x6b94, 0x6b94, 0x6b94, 0x7c16, 0x8436, 0x8416, 0x8416, 
	0x8416, 0x8416, 0x8416, 0x8416, 0x8416, 0x8416, 0x8436, 0x8416, 0x8416, 0x8416, 0x8416, 0x8416, 0x8416, 0x8416, 0x8416, 0x8416, 
	0x3311, 0x3311, 0x32f1, 0x3311, 0x3311, 0x32f1, 0x2af1, 0x2af1, 0x3312, 0x3312, 0x3312, 0x22b0, 0x2290, 0x2290, 0x2290, 0x1a6f, 
	0x1a6f, 0x2290, 0x2290, 0x2290, 0x2290, 0x1a70, 0x2290, 0x2270, 0x2290, 0x2290, 0x2290, 0x2290, 0x2290, 0x22b0, 0x2290, 0x4332, 
	0xa5dc, 0x9d7a, 0x8cb8, 0x94f9, 0x9d5a, 0xbe7d, 0xcebe, 0xa599, 0xbe9d, 0xc6de, 0xadfb, 0xbe7d, 0xcf1f, 0xb69d, 0xae5c, 0xbede, 
	0xae1c, 0xb65d, 0xbebe, 0xb65c, 0xae3c, 0xbebe, 0xb65d, 0xa5db, 0xc6ff, 0xc6ff, 0xadfc, 0x953a, 0x7457, 0x7437, 0x7437, 0x6c17, 
	0x6c18, 0x6c18, 0x6bf7, 0x6bf7, 0x7c39, 0x8479, 0x8479, 0x8c58, 0x8417, 0x8c38, 0x8c79, 0x8c99, 0x8c99, 0x8c99, 0x8c99, 0x8cb9, 
	0x8cd9, 0x8cd9, 0x8cd9, 0x8cd9, 0x8cf9, 0x951a, 0x951a, 0x951a, 0x951a, 0x953a, 0x955a, 0x9d5a, 0x951a, 0x8457, 0x7c36, 0x9d5a, 
	0xa61c, 0xb69e, 0xb69e, 0xa61c, 0xa61c, 0xa5fc, 0xa5dc, 0x9d5a, 0x8c98, 0x8437, 0x8477, 0x8477, 0x8457, 0x8477, 0x8457, 0x8457, 
	0x7c37, 0x7c16, 0x7bf6, 0x7bd5, 0x7bb5, 0x7b95, 0x7374, 0x7374, 0x6b53, 0x7394, 0x9cf9, 0xa55a, 0x9d3a, 0xa55a, 0xad9b, 0x9d19, 
	0x9cf9, 0x9d19, 0x9498, 0x94b8, 0x9cf8, 0x94b7, 0x94f8, 0x8cb7, 0x7c55, 0xbe5d, 0xbe5c, 0xbe7d, 0xbe7d, 0xbe7d, 0xbe7d, 0xbe7d, 
	0xb65c, 0x6c34, 0x5bd3, 0x32af, 0x2a8f, 0x226e, 0x1a2e, 0x11ed, 0x11ed, 0x11cd, 0x11ad, 0x118c, 0x098c, 0x094b, 0x116b, 0x0909, 
	0x1129, 0x00a7, 0x0087, 0x08c8, 0x08e8, 0x08c8, 0x21cb, 0x21ab, 0x08e8, 0x08e8, 0x0908, 0x0909, 0x116a, 0x2a2c, 0x6392, 0x8495, 
	0xb5fa, 0xa599, 0x52ce, 0x5b30, 0x7c35, 0x8456, 0x8c96, 0xa558, 0xb5b8, 0xbdd9, 0xbdd9, 0xc5f9, 0xc61a, 0xbdf9, 0xad78, 0x9cf7, 
	0x8456, 0x7c17, 0x73d5, 0x6b94, 0x8457, 0x8457, 0x7c16, 0x7c36, 0x8477, 0x8436, 0x8457, 0x8457, 0x8457, 0x8436, 0x8436, 0x8456, 
	0x8456, 0x8436, 0x8c36, 0x8c36, 0x8416, 0x8415, 0x9436, 0x8c15, 0x8c36, 0x9456, 0x9436, 0x8c35, 0x8c35, 0x9477, 0x9cd8, 0x9cb8, 
	0x9c97, 0x9c97, 0x9c98, 0x9497, 0x9cb8, 0x9c98, 0x9cb8, 0x9497, 0x8c77, 0x9477, 0x9c56, 0xa497, 0xa497, 0xa498, 0xa499, 0x9c58, 
	0xa479, 0xa438, 0xbcda, 0xd5be, 0xb4ba, 0xa438, 0xb49a, 0xa418, 0xb4b9, 0xf69f, 0xcd5d, 0xa418, 0xac39, 0xa459, 0x9c79, 0x9499, 
	0x8c78, 0x8c78, 0x8478, 0x8457, 0x8457, 0x8477, 0x8c56, 0x8435, 0x8454, 0x8455, 0x7c35, 0x6bd4, 0x63d4, 0x6bf4, 0x63f4, 0x6c15, 
	0x7436, 0x63b4, 0x63b4, 0x6bb4, 0x6bd4, 0x6bd4, 0x6bd4, 0x6bd4, 0x6bd4, 0x73f5, 0x73d5, 0x6bd5, 0x6bd5, 0x73d5, 0x73d5, 0x6bb4, 
	0x73f5, 0x73d5, 0x6b94, 0x6bb4, 0x6bb4, 0x6bb4, 0x6bb4, 0x6bb4, 0x6bb4, 0x6bb4, 0x6bb4, 0x6bb4, 0x7c16, 0x8436, 0x8416, 0x8416, 
	0x8416, 0x8416, 0x8416, 0x8416, 0x8416, 0x8416, 0x8416, 0x8416, 0x8416, 0x8416, 0x8416, 0x8416, 0x8416, 0x8416, 0x8416, 0x8416, 
	0x3b30, 0x3b10, 0x3b10, 0x3b10, 0x3b30, 0x3b10, 0x32f0, 0x32f1, 0x2af1, 0x2ad1, 0x2af1, 0x22b0, 0x1a6f, 0x1a6f, 0x1a70, 0x2270, 
	0x2290, 0x2290, 0x2290, 0x2290, 0x2290, 0x2290, 0x2290, 0x2290, 0x2290, 0x2290, 0x2290, 0x2290, 0x2290, 0x22b0, 0x22b0, 0x4332, 
	0x957a, 0x9d39, 0x8c97, 0x94d8, 0x9d19, 0xa59a, 0xadbb, 0x9d39, 0xa5bb, 0xaddb, 0x9d7a, 0xaddb, 0xb63c, 0xa5fb, 0xa5db, 0xae1c, 
	0xa5bb, 0xa5bb, 0xaddc, 0xa5db, 0xa5bb, 0xadfc, 0xaddc, 0x9d7b, 0xae1d, 0xae1d, 0x9d9b, 0x7c77, 0x7417, 0x7417, 0x7417, 0x6c17, 
	0x7418, 0x7438, 0x6c18, 0x6bf8, 0x7c59, 0x8c99, 0x8c79, 0x9479, 0x9458, 0x9458, 0x8c58, 0x9479, 0x9499, 0x9499, 0x8c79, 0x9499, 
	0x94b9, 0x94b9, 0x94b9, 0x94b9, 0x94da, 0x94fa, 0x94fa, 0x9d1a, 0x9d1a, 0x9d1a, 0x9d3a, 0x9d3b, 0x9cfa, 0x8457, 0x8436, 0xa55a, 
	0xa5dc, 0xadfc, 0xadfc, 0xa5bb, 0xa5db, 0xa5bb, 0xa59b, 0x9d3a, 0x8c98, 0x8c37, 0x8c57, 0x8437, 0x8436, 0x8416, 0x83f6, 0x83f6, 
	0x83f6, 0x83d6, 0x7bb5, 0x7b74, 0x7b74, 0x7b74, 0x7354, 0x7354, 0x7353, 0x7bb5, 0x9cb9, 0x94b8, 0x94b8, 0x9cd8, 0x9cd8, 0x94b8, 
	0x9497, 0x9497, 0x9497, 0x9497, 0x94d7, 0x9d18, 0x9d59, 0x7455, 0x5b92, 0x8517, 0xae5c, 0xa5fb, 0xa61b, 0xa5fa, 0x9dda, 0x959a, 
	0x8d9a, 0x4b92, 0x2a8f, 0x226f, 0x1a4e, 0x1a0e, 0x11ed, 0x11ed, 0x11cd, 0x11ad, 0x118d, 0x098c, 0x096c, 0x096c, 0x096b, 0x092a, 
	0x092a, 0x08e9, 0x0087, 0x0887, 0x08e8, 0x08a7, 0x00a7, 0x196a, 0x21cb, 0x114a, 0x0909, 0x08e8, 0x0909, 0x21ab, 0x3a6d, 0x63b2, 
	0x8cf7, 0xbe7c, 0xbe7d, 0x8475, 0x4acf, 0x73f4, 0x9d79, 0x9d58, 0xa557, 0x9d17, 0x94d6, 0x9cf7, 0x9cf7, 0x94d7, 0x8cb7, 0x8476, 
	0x8456, 0x7c37, 0x7c17, 0x6b94, 0x8457, 0x8c77, 0x8437, 0x8437, 0x8c77, 0x8436, 0x8457, 0x8457, 0x8c57, 0x8436, 0x8436, 0x8c56, 
	0x8436, 0x8c36, 0x8c36, 0x8c37, 0x8c36, 0x8c16, 0x9c57, 0x9c97, 0xa4b7, 0xa4d7, 0xa4b7, 0xa4d7, 0x9cd7, 0x8415, 0x8c56, 0x9497, 
	0x9c97, 0x9c97, 0x9c97, 0x9c97, 0x9c97, 0x9c97, 0x9cb7, 0x9cb7, 0x9c97, 0x9c97, 0x9c97, 0x9c97, 0x9456, 0x9436, 0xa4d9, 0xa4b8, 
	0xa478, 0xa458, 0xb4ba, 0xb4ba, 0xb49a, 0xac38, 0xb47a, 0xac38, 0xb49a, 0xd57d, 0xc4fb, 0xa418, 0xac59, 0xa49a, 0x6bb5, 0x5bb4, 
	0x5bb4, 0x5373, 0x5352, 0x4b32, 0x4b32, 0x4b32, 0x4b31, 0x4b31, 0x5351, 0x5352, 0x5352, 0x5372, 0x4b52, 0x4352, 0x4331, 0x4332, 
	0x4311, 0x4311, 0x5b93, 0x63b3, 0x6373, 0x6373, 0x6393, 0x6393, 0x6b93, 0x6bd4, 0x6bb4, 0x6bb4, 0x6bb4, 0x73d4, 0x6bb4, 0x6bb4, 
	0x7c16, 0x73b4, 0x6bb4, 0x6bb4, 0x6bb4, 0x6bb4, 0x6bb4, 0x6bb4, 0x6bb4, 0x6bb4, 0x6bb4, 0x73b4, 0x7c16, 0x8436, 0x8416, 0x8416, 
	0x8416, 0x8416, 0x8416, 0x8416, 0x8416, 0x8416, 0x83f6, 0x8416, 0x8416, 0x8416, 0x8416, 0x8416, 0x8416, 0x8416, 0x8416, 0x8416, 
	0x8537, 0x9dfa, 0x95fa, 0x6c75, 0x8d98, 0x9e1b, 0x8539, 0x3b11, 0x2af1, 0x2af1, 0x3312, 0x2ad1, 0x1a6f, 0x1a90, 0x2290, 0x2290, 
	0x2290, 0x2290, 0x1a70, 0x2290, 0x2290, 0x2290, 0x2290, 0x2290, 0x1a90, 0x2290, 0x2290, 0x22b0, 0x22b0, 0x22b0, 0x22b0, 0x4352, 
	0x84d8, 0x94f8, 0x8c97, 0x94b7, 0x94d8, 0x94d8, 0x94f8, 0x94f8, 0x94f9, 0x9518, 0x9518, 0x9519, 0x9539, 0x9d39, 0x9d59, 0x9d39, 
	0x9d39, 0x9d39, 0x9d39, 0x9d39, 0x9d39, 0x9519, 0x9519, 0x9d1a, 0x951a, 0x953b, 0x953b, 0x7c78, 0x7417, 0x7417, 0x7437, 0x7437, 
	0x7438, 0x7438, 0x7418, 0x73f8, 0x8479, 0x8c99, 0x9478, 0x9c99, 0x9c79, 0x9c79, 0x9499, 0x9499, 0x9498, 0x9498, 0x94b9, 0x94b9, 
	0x94b9, 0x94b9, 0x94b9, 0x94b9, 0x94b8, 0x94b8, 0x94d9, 0x94d9, 0x94d9, 0x94b8, 0x94b8, 0x94b8, 0x9498, 0x9498, 0x9478, 0x94b8, 
	0x94d8, 0x94f8, 0x94f9, 0x94f9, 0x94f9, 0x94f9, 0x94f9, 0x94d8, 0x9498, 0x9457, 0x83d6, 0x83d6, 0x83d5, 0x83b5, 0x83b5, 0x83d6, 
	0x83d6, 0x83d5, 0x83f6, 0x83d6, 0x7b74, 0x8374, 0x7b74, 0x7b74, 0x7b74, 0x83d5, 0x9cb8, 0x9498, 0x94b8, 0x94b8, 0x94b8, 0x94b8, 
	0x9497, 0x9497, 0x94b7, 0x9cf8, 0xa559, 0x9d79, 0x84b6, 0x74b6, 0x5bd3, 0x5bf3, 0x8d99, 0x8d79, 0x8558, 0x8538, 0x7d18, 0x6cb7, 
	0x5414, 0x4352, 0x1a2e, 0x1a2e, 0x1a0d, 0x11ed, 0x11cd, 0x11cd, 0x11ad, 0x11ad, 0x098c, 0x096c, 0x096c, 0x096c, 0x094b, 0x094b, 
	0x00e9, 0x112a, 0x08c8, 0x0087, 0x08c8, 0x08c8, 0x0087, 0x08c8, 0x0908, 0x21ab, 0x19ab, 0x114a, 0x0909, 0x1149, 0x21eb, 0x42cf, 
	0x6c13, 0x8cf7, 0xa5db, 0xae1c, 0x7c96, 0x42af, 0x7c75, 0x8cd6, 0xa599, 0xbe1b, 0xad99, 0x94b6, 0xa538, 0x94d7, 0x8436, 0x7c36, 
	0x8457, 0x8437, 0x7bf6, 0x7395, 0x8c57, 0x8437, 0x7c16, 0x7c16, 0x8c57, 0x8416, 0x8416, 0x8436, 0x8c57, 0x8436, 0x8436, 0x8c56, 
	0x8436, 0x8415, 0x8c16, 0x8c36, 0x8c16, 0x8c16, 0x9c77, 0xc59b, 0xde9e, 0xc5ba, 0xad18, 0xd65d, 0xd67e, 0x8c56, 0x7393, 0x83f5, 
	0x9456, 0x8c15, 0x8c15, 0x8c15, 0x8c35, 0x8c15, 0x8c15, 0x8415, 0x83f5, 0x83f4, 0x83f5, 0x8415, 0x83f5, 0x8415, 0x8c36, 0x8c36, 
	0x9437, 0xa478, 0xbcfb, 0xc4fb, 0xc4fb, 0xc4fb, 0xc4fb, 0xccfb, 0xcd1c, 0xcd1c, 0xcd1c, 0xccfc, 0xc4fc, 0xb51b, 0x5b74, 0x2a90, 
	0x4352, 0x4bb4, 0x4bb4, 0x4b93, 0x5bf5, 0x5c15, 0x5c15, 0x5c15, 0x5bf5, 0x5bf5, 0x5bf5, 0x53f5, 0x53f5, 0x53d4, 0x4b93, 0x4352, 
	0x3b32, 0x4352, 0x53b3, 0x63f4, 0x6c15, 0x6bd4, 0x6373, 0x5b31, 0x5b11, 0x5b32, 0x6352, 0x6b94, 0x73d5, 0x73d5, 0x73d5, 0x73d5, 
	0x7c16, 0x73d5, 0x6bb4, 0x6bd4, 0x6bd4, 0x6bb4, 0x6bd4, 0x6bd4, 0x6bb4, 0x6bb4, 0x6bb4, 0x73d4, 0x7c16, 0x8436, 0x8416, 0x8416, 
	0x8416, 0x8416, 0x8416, 0x8c16, 0x8c16, 0x8c16, 0x8c16, 0x8c16, 0x8c16, 0x8416, 0x8416, 0x8416, 0x8416, 0x8416, 0x8416, 0x8416, 
	0xb69b, 0xd7bf, 0xd7bf, 0x8d77, 0xc71d, 0xdfdf, 0xae7c, 0x3b31, 0x32f1, 0x2af1, 0x3312, 0x2ad1, 0x1a6f, 0x2290, 0x2290, 0x2290, 
	0x1a70, 0x1a90, 0x1a90, 0x2290, 0x2290, 0x2290, 0x2290, 0x22b0, 0x22b0, 0x22b0, 0x22b0, 0x22b0, 0x22b0, 0x22d0, 0x22b0, 0x4373, 
	0x8cf8, 0x9d18, 0x9cf8, 0x9cf8, 0x9cf8, 0x9d19, 0x9d19, 0x9d19, 0x9d19, 0x9d19, 0x9cf9, 0x9d19, 0xa539, 0x9d39, 0xa559, 0xa559, 
	0xa559, 0xa539, 0xa559, 0xa55a, 0xa539, 0xa53a, 0xa51a, 0x9d1a, 0x9d3a, 0x9d3b, 0x9d3b, 0x7c78, 0x7c57, 0x7c37, 0x7c37, 0x7c37, 
	0x7c58, 0x7c78, 0x7417, 0x7417, 0x8478, 0xa57b, 0xb5bc, 0xad3a, 0x9c98, 0x9c78, 0x9cd9, 0x9d19, 0xa539, 0xa55a, 0x9d39, 0x9d39, 
	0x9d39, 0x9d39, 0x9d19, 0x9cf9, 0x9d19, 0x9d19, 0x9cf9, 0x94d8, 0x94d8, 0x94f8, 0x94f8, 0x94d8, 0x9498, 0x9457, 0x9478, 0x9478, 
	0x8c98, 0x8cb8, 0x94b8, 0x94b8, 0x94b8, 0x94b8, 0x9498, 0x9498, 0x9c98, 0x9437, 0x83b5, 0x83d5, 0x83f5, 0x8c16, 0x8c17, 0x9458, 
	0x8c78, 0x9478, 0x9478, 0x9437, 0x8395, 0x8394, 0x8395, 0x8395, 0x8374, 0x8bf5, 0x9cb8, 0x9cb8, 0x9cb8, 0x9cd8, 0x9cf9, 0x9cb8, 
	0x94b8, 0x9cb7, 0x9cd7, 0xbe3c, 0x9538, 0x7475, 0x6c34, 0x5bf3, 0x4b72, 0x4331, 0x5c14, 0x6435, 0x5c15, 0x5c35, 0x4bd4, 0x4373, 
	0x3b53, 0x3b32, 0x120d, 0x11ed, 0x11ed, 0x11cd, 0x11cd, 0x11ad, 0x11ad, 0x118c, 0x096c, 0x096c, 0x096c, 0x096c, 0x096c, 0x094b, 
	0x092a, 0x08e9, 0x112a, 0x00a8, 0x0087, 0x08c8, 0x08a7, 0x08a7, 0x08e8, 0x00c8, 0x114a, 0x21ab, 0x21ab, 0x114a, 0x198a, 0x29ec, 
	0x4b10, 0x6c14, 0x7496, 0x7cb7, 0x63d4, 0x42f0, 0x4b10, 0x7455, 0x7c75, 0x8495, 0xad99, 0xadba, 0xb5da, 0x94f7, 0x8435, 0x8456, 
	0x8c77, 0x8457, 0x73d5, 0x7394, 0x8c37, 0x8c57, 0x7c16, 0x8436, 0x8c77, 0x8436, 0x8436, 0x8456, 0x8c57, 0x8c57, 0x8436, 0x8c56, 
	0x8c77, 0x9477, 0x9477, 0x9477, 0x9477, 0x9477, 0xa4b8, 0xbd7b, 0xd63d, 0xbd9b, 0xb519, 0xce1d, 0xc5dc, 0x8c35, 0x7393, 0x6b73, 
	0x7393, 0x73b4, 0x7bb4, 0x7bd4, 0x7bd4, 0x7bd4, 0x7bb4, 0x7bd4, 0x7bd4, 0x73b4, 0x7bd4, 0x73d4, 0x73d4, 0x73d4, 0x73d4, 0x7bd4, 
	0x73b4, 0x8bf5, 0xb4da, 0xc4fb, 0xc4fb, 0xc4fb, 0xc4fb, 0xc4db, 0xccfc, 0xccfb, 0xccfc, 0xc4bb, 0xccdb, 0xb4da, 0x5b74, 0x226f, 
	0x228f, 0x2af0, 0x3b32, 0x3b52, 0x3332, 0x3b52, 0x3b52, 0x3b32, 0x3332, 0x3b32, 0x3b32, 0x3b32, 0x3b32, 0x3b53, 0x3b52, 0x3b32, 
	0x3b32, 0x3b32, 0x3b52, 0x4373, 0x53d4, 0x6c15, 0x6393, 0x6352, 0x5b32, 0x5b52, 0x6373, 0x6bb4, 0x73d5, 0x73d5, 0x7436, 0x73f5, 
	0x7435, 0x73f5, 0x6bd4, 0x6bf4, 0x6bf4, 0x6bf4, 0x6bf4, 0x6bf4, 0x6bf4, 0x73f5, 0x73f5, 0x73d4, 0x8436, 0x8436, 0x8416, 0x8416, 
	0x8416, 0x8c16, 0x8c16, 0x8c16, 0x8c16, 0x8c16, 0x8c16, 0x8c16, 0x8c37, 0x8c16, 0x8c16, 0x8c16, 0x8c16, 0x8416, 0x8c16, 0x8c16, 
	0x95d8, 0xb69b, 0xb6dc, 0x7cf5, 0xa639, 0xbedc, 0x8db9, 0x3b10, 0x32f1, 0x2af1, 0x32f2, 0x2af1, 0x1a6f, 0x2290, 0x2290, 0x2290, 
	0x1a90, 0x1a90, 0x2290, 0x2290, 0x2290, 0x22b0, 0x22b0, 0x22b0, 0x22b0, 0x22b0, 0x22b0, 0x22d1, 0x22d0, 0x22d1, 0x22d1, 0x4373, 
	0x8cf8, 0x9cf8, 0x9cf8, 0x9d18, 0x9cf8, 0x9d18, 0x9d18, 0xa519, 0x9d19, 0x9cf8, 0x9cf8, 0x9d19, 0xa539, 0xa539, 0xad59, 0xad59, 
	0xad59, 0xad59, 0xad59, 0xad59, 0xad39, 0xad3a, 0xa519, 0xa51a, 0xa51a, 0xa53b, 0x9d3b, 0x8478, 0x8457, 0x8c98, 0x94f9, 0x94f9, 
	0x94d9, 0x8c99, 0x7c17, 0x7c17, 0x8478, 0xb5dd, 0xce5e, 0xbdbc, 0xa4b9, 0xa4b9, 0xad5b, 0xbdfc, 0xc65d, 0xc67e, 0xbe3d, 0xbe3d, 
	0xc69e, 0xc67e, 0xbe3d, 0xb5fc, 0xbe3d, 0xbe5d, 0xc65d, 0xb5fc, 0xbe1c, 0xbe3d, 0xc63d, 0xb5dc, 0xb55b, 0x9cb8, 0x9c98, 0xad3a, 
	0xad9b, 0xb5fc, 0xb5dc, 0xad7b, 0xad9b, 0xad9b, 0xad7b, 0xa51a, 0xa498, 0x9c78, 0x9437, 0x9437, 0x9457, 0x9457, 0x9478, 0x9cb9, 
	0x9499, 0x9478, 0x9478, 0x9457, 0x8bb5, 0x8b94, 0x8b95, 0x8bb5, 0x8394, 0x9415, 0xa4d8, 0x9cb8, 0x9cd8, 0x9cf8, 0x9cf8, 0x9cd8, 
	0x9cd8, 0x9cd7, 0xad99, 0x94f6, 0x6c34, 0x5bd3, 0x4b51, 0x4310, 0x3af0, 0x328f, 0x4b93, 0x53d4, 0x4373, 0x4373, 0x3b32, 0x3332, 
	0x3312, 0x2ad1, 0x1a0e, 0x11cd, 0x11cd, 0x11cd, 0x11ad, 0x118d, 0x118c, 0x098c, 0x096c, 0x096c, 0x096c, 0x096c, 0x096c, 0x094b, 
	0x094b, 0x00e9, 0x092a, 0x112a, 0x0087, 0x08a7, 0x08a8, 0x0887, 0x08e8, 0x08e9, 0x08e9, 0x00e8, 0x114a, 0x198b, 0x29ec, 0x29cc, 
	0x322d, 0x4b31, 0x4311, 0x4332, 0x3ab0, 0x326f, 0x324e, 0x42cf, 0x5b92, 0x7435, 0x7c75, 0x9d17, 0xbe1b, 0x94f7, 0x8c96, 0x8c77, 
	0x8c77, 0x8c57, 0x8437, 0x7374, 0x8c37, 0x8c57, 0x8437, 0x8c77, 0x94b8, 0x9497, 0x9497, 0x9497, 0x9477, 0x9477, 0x8c56, 0x9477, 
	0x9cd8, 0x9cb7, 0x9cb8, 0xa4f9, 0x9cb8, 0x9cb8, 0xacf9, 0xad19, 0xb55a, 0xb55a, 0xb55a, 0xb55a, 0xa519, 0x7bf4, 0x7393, 0x6b93, 
	0x73b4, 0x73b4, 0x73b4, 0x73b4, 0x73d5, 0x73b4, 0x73b4, 0x73b4, 0x73d5, 0x73d4, 0x73d5, 0x73d4, 0x73d4, 0x73d4, 0x73d4, 0x73b4, 
	0x73b4, 0x8c16, 0xacd9, 0xb4b9, 0xbcfb, 0xbcda, 0xbcfb, 0xb499, 0xbcda, 0xbcba, 0xc4ba, 0xb439, 0xbc59, 0xac79, 0x5333, 0x226f, 
	0x228f, 0x228f, 0x2af1, 0x2af1, 0x22b0, 0x22b0, 0x22b0, 0x22b0, 0x22b0, 0x22b0, 0x22b0, 0x22b0, 0x22b0, 0x22b0, 0x22b0, 0x22b0, 
	0x22b0, 0x22b0, 0x22b0, 0x228f, 0x3311, 0x6435, 0x6bb4, 0x6b93, 0x6373, 0x6b93, 0x73d4, 0x73d4, 0x7bf5, 0x6bd4, 0x42d0, 0x4af0, 
	0x42f0, 0x5352, 0x5b93, 0x5bb3, 0x63b3, 0x63b3, 0x63b3, 0x63b3, 0x5b93, 0x63b3, 0x6bd4, 0x7415, 0x8c97, 0x8c97, 0x8436, 0x8416, 
	0x8416, 0x8c16, 0x8c16, 0x8c16, 0x8c16, 0x8c16, 0x9437, 0x8c17, 0x8c17, 0x8c16, 0x8c16, 0x8c16, 0x8c16, 0x8c16, 0x8c16, 0x8c16, 
	0x7d57, 0x95d9, 0x9e1a, 0x6c94, 0x8d98, 0xa65b, 0x7d58, 0x3311, 0x2af1, 0x2af1, 0x3312, 0x3312, 0x1a70, 0x2290, 0x2290, 0x2290, 
	0x1a90, 0x1a90, 0x22b0, 0x22b0, 0x22b0, 0x22d0, 0x22d0, 0x22d0, 0x22d0, 0x22b0, 0x22b0, 0x22d1, 0x22d1, 0x22d1, 0x22d1, 0x4b73, 
	0x8cf9, 0x9d18, 0x9cd8, 0xa519, 0xa518, 0xad38, 0xad59, 0xa538, 0x9d18, 0x9d19, 0x9cf8, 0xa519, 0xa539, 0xa538, 0xb578, 0xbd98, 
	0xbd98, 0xbd98, 0xc5b8, 0xbd98, 0xb558, 0xad59, 0xad39, 0xa519, 0xa53a, 0xa55b, 0x9d5b, 0x8477, 0x8cb8, 0xad7a, 0xad9a, 0xa539, 
	0x94d9, 0x8c78, 0x7c18, 0x7c38, 0x8c78, 0xa55b, 0xb59c, 0xb53a, 0xacb9, 0xacd9, 0xad3a, 0xb5bc, 0xb5fc, 0xb61c, 0xb5dc, 0xb5fc, 
	0xb61c, 0xb61c, 0xb61c, 0xb5fc, 0xb61c, 0xb61c, 0xbe3c, 0xb5fc, 0xb61c, 0xbe3c, 0xbe3c, 0xbe3d, 0xb59b, 0xa4d8, 0xa4d9, 0xb59b, 
	0xb61c, 0xbe5d, 0xb63d, 0xb5fc, 0xb61c, 0xb61c, 0xb5fc, 0xb59b, 0xacf9, 0xa498, 0x9c77, 0x9457, 0x9457, 0x9457, 0x9437, 0x9478, 
	0x9437, 0x9437, 0x9437, 0x9c58, 0x93d5, 0x93b5, 0x93b5, 0x93b4, 0x8bb4, 0x9415, 0xa4b8, 0x9cb8, 0xa4f8, 0xad7a, 0xbddb, 0xad59, 
	0x9cd7, 0xa518, 0xa579, 0x6bf3, 0x4b51, 0x3af0, 0x3ad0, 0x32b0, 0x32af, 0x224e, 0x3b32, 0x4373, 0x3b32, 0x3312, 0x32f2, 0x2af1, 
	0x22d1, 0x22b1, 0x1a2f, 0x11ad, 0x11cd, 0x11ad, 0x118c, 0x098c, 0x096c, 0x096c, 0x096c, 0x094c, 0x096c, 0x096c, 0x016c, 0x096c, 
	0x096b, 0x092a, 0x00e9, 0x114a, 0x08e9, 0x00a7, 0x08c8, 0x08a7, 0x08c7, 0x08e8, 0x0909, 0x0909, 0x00e8, 0x0908, 0x1149, 0x2a0c, 
	0x29ec, 0x42f0, 0x42f1, 0x3ad1, 0x2a2e, 0x2a2e, 0x2a0e, 0x2a0d, 0x326f, 0x42d0, 0x5b72, 0x7414, 0x9517, 0xb5da, 0x8c76, 0x8456, 
	0x8c97, 0x8c57, 0x8416, 0x7395, 0x8c37, 0x9457, 0x8c57, 0x94b8, 0xa4f8, 0x9cb7, 0x9cf8, 0x9cd7, 0x9cb7, 0x9cb8, 0x9cb8, 0x8c36, 
	0x9c76, 0xad18, 0x8bf4, 0x7bb4, 0x7bd4, 0x7bd4, 0x83f5, 0x83f4, 0x83f4, 0x83f5, 0x83f5, 0x83f5, 0x7bf4, 0x7393, 0x6b72, 0x7393, 
	0x73d4, 0x73d5, 0x73b4, 0x73b4, 0x73d5, 0x73b4, 0x73d4, 0x73d5, 0x73d4, 0x73d5, 0x73d5, 0x73d5, 0x73d5, 0x73d4, 0x73b4, 0x73d4, 
	0x7bd4, 0x7bd4, 0x83d4, 0x83d5, 0x8bf5, 0x8bf5, 0x83d5, 0x9416, 0xacf9, 0xb4d9, 0xc4fa, 0xbc78, 0xc499, 0xb499, 0x52f2, 0x2a8f, 
	0x228f, 0x228f, 0x22d0, 0x2af1, 0x22d1, 0x22d1, 0x22d1, 0x22d1, 0x22b0, 0x22d1, 0x22d1, 0x22d1, 0x22d1, 0x22d1, 0x22d1, 0x22d0, 
	0x2ad0, 0x2ad0, 0x2ad0, 0x2ab0, 0x3311, 0x6415, 0x6bd4, 0x73b4, 0x73b3, 0x73d4, 0x73f4, 0x73d4, 0x7bf4, 0x6bb3, 0x21ed, 0x19ec, 
	0x21ed, 0x2a2d, 0x2a4e, 0x3aaf, 0x3ad0, 0x3ad0, 0x3ad0, 0x42f0, 0x3ad0, 0x3ad0, 0x42f0, 0x4b11, 0x5372, 0x7415, 0x8477, 0x8436, 
	0x8416, 0x8c16, 0x8c16, 0x8c16, 0x8c36, 0x9437, 0x9437, 0x9437, 0x9437, 0x9437, 0x9417, 0x8c16, 0x8c16, 0x8c36, 0x8c16, 0x8c16, 
	0x64b6, 0x7517, 0x7d58, 0x5c33, 0x74f6, 0x8578, 0x6cd7, 0x3311, 0x2af1, 0x2af1, 0x3312, 0x2b12, 0x1a6f, 0x2290, 0x2290, 0x2290, 
	0x22b0, 0x22b0, 0x22b0, 0x22b0, 0x22b0, 0x22d0, 0x22d1, 0x22d1, 0x22d1, 0x22d1, 0x22d1, 0x22d1, 0x22d1, 0x2af1, 0x2af1, 0x4b93, 
	0x8cd8, 0x94d8, 0x94b7, 0x9cf8, 0xad59, 0xce7c, 0xe71f, 0xb599, 0x9cf8, 0x9cf8, 0x9cf8, 0xa518, 0xa539, 0xad58, 0xde9b, 0xff7e, 
	0xde7b, 0xeedc, 0xff7e, 0xe6db, 0xbd78, 0xbd9a, 0xb559, 0xad39, 0xad5a, 0xa55a, 0xa55b, 0x8498, 0x94b8, 0xa55a, 0xa539, 0x9cf9, 
	0x94b8, 0x8458, 0x7c38, 0x7c38, 0x8c79, 0x9cda, 0xa4d9, 0xa4b9, 0xacb9, 0xb4fa, 0xad1a, 0xb59b, 0xb5bb, 0xb5fc, 0xb5db, 0xb5dc, 
	0xb5fc, 0xb5fb, 0xb5fb, 0xadbb, 0xaddb, 0xadbb, 0xaddb, 0xadda, 0xaddb, 0xaddb, 0xadba, 0xb5bb, 0xb55a, 0xa4d9, 0xacf9, 0xad5a, 
	0xaddb, 0xadfb, 0xae1b, 0xadfb, 0xadfb, 0xaddb, 0xaddb, 0xad9a, 0xacf9, 0xa498, 0x9457, 0x9457, 0x9457, 0x9457, 0x9457, 0x9c57, 
	0x9437, 0x9437, 0x9437, 0xa457, 0x9bf5, 0x9bf5, 0x9bd5, 0x9bd4, 0x93d4, 0x9c35, 0xacd8, 0xa4d8, 0xa4f8, 0xad79, 0xb5ba, 0xad59, 
	0x9cd7, 0xb5ba, 0x7c55, 0x4b30, 0x3ad0, 0x3ad0, 0x32b0, 0x2a6f, 0x2a4e, 0x1a2e, 0x2a6f, 0x32f1, 0x2af2, 0x2ad1, 0x22b1, 0x22b1, 
	0x1a90, 0x2290, 0x1a2f, 0x098c, 0x118c, 0x118c, 0x096c, 0x096c, 0x096c, 0x096c, 0x096c, 0x096c, 0x096c, 0x096c, 0x016c, 0x016c, 
	0x094b, 0x096b, 0x092a, 0x00e9, 0x112a, 0x08c8, 0x00a7, 0x08a7, 0x08a7, 0x08c8, 0x08e9, 0x0909, 0x0909, 0x0908, 0x08e8, 0x1129, 
	0x21ab, 0x3a8e, 0x4311, 0x326f, 0x21ee, 0x21ee, 0x2a2e, 0x21cd, 0x2a2e, 0x324f, 0x3a6f, 0x4ad0, 0x73f3, 0x94f7, 0xa559, 0x8c56, 
	0x9497, 0x8c77, 0x8416, 0x7bb5, 0x9457, 0x9457, 0x8c37, 0x9477, 0x9cd8, 0xc5dc, 0xdeff, 0xad7a, 0x9cb7, 0x9cb7, 0x9c97, 0x8bf5, 
	0x7b93, 0x9c76, 0xa4b7, 0x7b72, 0x7352, 0x7372, 0x7352, 0x7373, 0x7372, 0x7372, 0x7352, 0x7352, 0x7372, 0x7372, 0x6b52, 0x7393, 
	0x73d4, 0x7bd5, 0x73b4, 0x73b4, 0x73b4, 0x7bd4, 0x73d4, 0x73d4, 0x73d4, 0x73d4, 0x73d4, 0x73d4, 0x73d4, 0x73d4, 0x73b4, 0x73b4, 
	0x7bd4, 0x7bb4, 0x7373, 0x7372, 0x7372, 0x7352, 0x6b52, 0x6b52, 0x7392, 0x8c15, 0xacb8, 0xbcf9, 0xd55c, 0xacb9, 0x4af1, 0x226f, 
	0x228f, 0x228f, 0x22b0, 0x2af1, 0x22b0, 0x22d1, 0x22d1, 0x22d1, 0x22d0, 0x22d0, 0x22d1, 0x22b0, 0x22b0, 0x22b1, 0x22d1, 0x22d0, 
	0x22b0, 0x22b0, 0x2ad0, 0x2ab0, 0x32f1, 0x5bd4, 0x6bd4, 0x73b4, 0x73b3, 0x73f4, 0x73f4, 0x73d4, 0x73f5, 0x6bd4, 0x3aaf, 0x3af0, 
	0x3af0, 0x3ad0, 0x32d0, 0x3af0, 0x4311, 0x4311, 0x4311, 0x4311, 0x4311, 0x4311, 0x4311, 0x4311, 0x4311, 0x42f1, 0x6bd5, 0x8cb8, 
	0x8c97, 0x9498, 0x8c77, 0x8c57, 0x8c57, 0x9457, 0x9437, 0x9437, 0x9437, 0x9437, 0x9437, 0x9416, 0x8c36, 0x8c36, 0x8c16, 0x8c36, 
	0x5c55, 0x64b6, 0x6cf7, 0x53f3, 0x6cd6, 0x7d38, 0x6496, 0x3311, 0x2af1, 0x2ad1, 0x3312, 0x3312, 0x1a90, 0x22b0, 0x22b0, 0x22b0, 
	0x22b0, 0x22b0, 0x22b1, 0x22d1, 0x22d1, 0x22d1, 0x22d1, 0x22d1, 0x22f1, 0x22f1, 0x22f1, 0x22f1, 0x22f1, 0x2af1, 0x2af1, 0x4373, 
	0x84b8, 0x94f8, 0x94b7, 0x9cf8, 0xad79, 0xce5c, 0xdefe, 0xb599, 0x9cf8, 0x9d19, 0x9d18, 0xa519, 0xa539, 0xb558, 0xde9b, 0xff9e, 
	0xe69b, 0xf71c, 0xff9d, 0xeefb, 0xc598, 0xc5ba, 0xb57a, 0xad39, 0xad7a, 0xad7b, 0xa55b, 0x8498, 0x8c98, 0x94d9, 0x94b8, 0x9498, 
	0x8458, 0x8458, 0x8438, 0x8438, 0x8c79, 0xa4fa, 0xa4da, 0xacd9, 0xb4d9, 0xbcfa, 0xb53a, 0xbdbc, 0xbddc, 0xc63d, 0xbe1d, 0xc65d, 
	0xce9e, 0xce7e, 0xce9e, 0xbe1c, 0xc65d, 0xc63d, 0xc63c, 0xbe3c, 0xc63c, 0xc65d, 0xbe1c, 0xbdfc, 0xbd7a, 0xb519, 0xb519, 0xbd9b, 
	0xbe1b, 0xbe5c, 0xc69d, 0xb61c, 0xbe3c, 0xbe3c, 0xbdfb, 0xbdbb, 0xb53a, 0xacb8, 0x9c77, 0x9c77, 0x9c77, 0x9c77, 0x9c57, 0x9c57, 
	0x9c57, 0x9c57, 0x9c57, 0xac78, 0xa3f5, 0xa3f5, 0xa3f5, 0xa3f5, 0x9bd4, 0xa456, 0xb4f8, 0xa4d8, 0xa4f8, 0xa4f8, 0xa518, 0xad39, 
	0x9cd7, 0x94f7, 0x5b72, 0x42d0, 0x3ab0, 0x328f, 0x2a4f, 0x222e, 0x1a0e, 0x1a0e, 0x11cd, 0x2ab1, 0x2ab1, 0x2291, 0x1a91, 0x1a90, 
	0x1a70, 0x2290, 0x1a2f, 0x096c, 0x094b, 0x096c, 0x096c, 0x096c, 0x096c, 0x016c, 0x016c, 0x096c, 0x016c, 0x016c, 0x014c, 0x014c, 
	0x096c, 0x094b, 0x094b, 0x010a, 0x00e9, 0x114a, 0x08c8, 0x08a7, 0x08a7, 0x08c8, 0x08e8, 0x0909, 0x08e8, 0x08e8, 0x0908, 0x0909, 
	0x1129, 0x19ab, 0x4b11, 0x326f, 0x19ac, 0x19cd, 0x21ee, 0x19ad, 0x21ee, 0x2a2e, 0x324f, 0x3a6f, 0x42d0, 0x7c35, 0xa579, 0x8c96, 
	0x94b7, 0x8c77, 0x9477, 0x7bb5, 0x9c58, 0x9c58, 0x8c37, 0x9498, 0xa4d8, 0xbd9b, 0xce5d, 0xad59, 0xa4f8, 0xacf8, 0xacd8, 0x9436, 
	0x7bb3, 0x7372, 0x9c76, 0xacd8, 0x8bd4, 0x8bd3, 0x8bd4, 0x8bd4, 0x8bb4, 0x8bd4, 0x8bb4, 0x8bb4, 0x83b4, 0x7352, 0x6b52, 0x7393, 
	0x7bd4, 0x7bd4, 0x7bb4, 0x7bb4, 0x7bb4, 0x7bb4, 0x73b4, 0x73b4, 0x73d4, 0x73d4, 0x7bd4, 0x7bd4, 0x73d4, 0x73d4, 0x73d4, 0x7bd4, 
	0x73b4, 0x83d4, 0x8bf4, 0x8bd3, 0x8bd3, 0x83d3, 0x7bb3, 0x7bd3, 0x73d3, 0x73b3, 0x7bd4, 0x9477, 0xacd8, 0x9cd8, 0x42f1, 0x228f, 
	0x228f, 0x228f, 0x22d0, 0x2af1, 0x22b0, 0x22b0, 0x22d0, 0x22d0, 0x22d0, 0x22d0, 0x22d0, 0x22d0, 0x22d0, 0x22d0, 0x22b0, 0x22b0, 
	0x22b0, 0x22b0, 0x22b0, 0x22b0, 0x2ad0, 0x4b93, 0x63b3, 0x6393, 0x63b3, 0x6bd4, 0x73f4, 0x7415, 0x7415, 0x4af1, 0x2a6f, 0x32d0, 
	0x4311, 0x4331, 0x4331, 0x4331, 0x4331, 0x4331, 0x4331, 0x4331, 0x4331, 0x3b11, 0x4331, 0x4332, 0x4352, 0x4b52, 0x5393, 0x63f5, 
	0x6c15, 0x7457, 0x7456, 0x7436, 0x7416, 0x7c16, 0x8c36, 0x9457, 0x9436, 0x9436, 0x9437, 0x9437, 0x9436, 0x9437, 0x9437, 0x8c37, 
	0x3b72, 0x4393, 0x4393, 0x3331, 0x4392, 0x43b2, 0x4372, 0x3311, 0x2ad1, 0x2af1, 0x3312, 0x3312, 0x22b0, 0x22b0, 0x22b0, 0x22b0, 
	0x22d0, 0x22d1, 0x22d1, 0x22d1, 0x22d1, 0x22f1, 0x22d1, 0x22d1, 0x22f1, 0x22f1, 0x22f1, 0x22f1, 0x2af1, 0x2af1, 0x2af1, 0x4373, 
	0x8cd8, 0x9cf8, 0x94b7, 0xa4f7, 0xad58, 0xb599, 0xc5fa, 0xad58, 0x9cf7, 0x9cf8, 0xa518, 0xa518, 0xad39, 0xb558, 0xd63a, 0xeefc, 
	0xde5a, 0xe69a, 0xef1c, 0xde9a, 0xbd98, 0xc5ba, 0xb559, 0xad39, 0xb57a, 0xad7a, 0xa55b, 0x8c78, 0x8c77, 0x8c57, 0x8c57, 0x8c78, 
	0x8c58, 0x8c79, 0x8438, 0x8438, 0x8c79, 0xa4da, 0xacb9, 0xb4b9, 0xbcd9, 0xc51a, 0xb4fa, 0xb53b, 0xb55b, 0xb57b, 0xad5a, 0xad7a, 
	0xad7a, 0xad7a, 0xad7a, 0xad59, 0xad7a, 0xb57a, 0xb59a, 0xad9a, 0xad9a, 0xb59a, 0xb59b, 0xbd9b, 0xbd5a, 0xb519, 0xbd39, 0xbd7b, 
	0xc61c, 0xc65c, 0xc65d, 0xbe1c, 0xbe3c, 0xc63d, 0xc61c, 0xbddb, 0xb53a, 0xacb8, 0xa498, 0xa4b8, 0x9456, 0x9c57, 0x9c57, 0xa478, 
	0xa478, 0xa498, 0xac78, 0xb498, 0xac15, 0xabf5, 0xac15, 0xa415, 0xa3f5, 0xac56, 0xacf8, 0xa4b7, 0xa4d7, 0xa4f8, 0xa539, 0x94b7, 
	0x9d38, 0x6bf3, 0x42d0, 0x3ab0, 0x326f, 0x224e, 0x220e, 0x1a0e, 0x19ed, 0x19ed, 0x098c, 0x2a90, 0x2291, 0x1a70, 0x1a71, 0x1a70, 
	0x1a50, 0x1a50, 0x1a2f, 0x098c, 0x094b, 0x094b, 0x094b, 0x094c, 0x096c, 0x016c, 0x016c, 0x016c, 0x014b, 0x016c, 0x014c, 0x014b, 
	0x014c, 0x014b, 0x094b, 0x094b, 0x010a, 0x0909, 0x112a, 0x00a8, 0x08a7, 0x08a7, 0x08c8, 0x0909, 0x0909, 0x00e8, 0x0908, 0x0909, 
	0x0909, 0x116a, 0x3aaf, 0x324e, 0x21ee, 0x11ad, 0x19cd, 0x19ad, 0x21cd, 0x220e, 0x2a0e, 0x322f, 0x3a6f, 0x5311, 0x8cb7, 0x94f7, 
	0x94b7, 0x94b8, 0x8c57, 0x7bb5, 0x9478, 0x9c98, 0x9498, 0x94b8, 0xa4f8, 0xa518, 0xa518, 0xad18, 0xacf8, 0xacd8, 0xacd8, 0x9c56, 
	0x7bb4, 0x7bb3, 0x7b72, 0xa496, 0xbd39, 0xacb7, 0xac97, 0xac97, 0xac97, 0xac97, 0xac97, 0xa477, 0xa477, 0x8bd4, 0x7352, 0x7373, 
	0x7bb3, 0x7bb4, 0x7b94, 0x7bb4, 0x7393, 0x7b94, 0x7394, 0x7bb4, 0x73b4, 0x73b4, 0x7bb4, 0x7bb4, 0x73b4, 0x73b4, 0x7bb4, 0x7bb4, 
	0x7bb4, 0x83f4, 0xa4b7, 0xa496, 0xacb7, 0xa4b7, 0x9c97, 0x8455, 0x7435, 0x5331, 0x5331, 0x5311, 0x6352, 0x5b52, 0x32d0, 0x228f, 
	0x228f, 0x1a6f, 0x22b0, 0x2af1, 0x22b0, 0x22d0, 0x22b0, 0x22b0, 0x22b0, 0x22d0, 0x22b0, 0x22d0, 0x22d0, 0x22d0, 0x22b0, 0x22b0, 
	0x22b0, 0x22b0, 0x22b0, 0x22b0, 0x2ad0, 0x4352, 0x4b52, 0x5331, 0x5372, 0x5372, 0x5b93, 0x5bb3, 0x5373, 0x19ac, 0x19ed, 0x1a2e, 
	0x32b0, 0x32f0, 0x32d0, 0x32d0, 0x32f0, 0x32d0, 0x32f0, 0x32f0, 0x32f1, 0x3af1, 0x3af1, 0x3b11, 0x3b11, 0x3b32, 0x4332, 0x3b11, 
	0x3b12, 0x4332, 0x4352, 0x4b52, 0x5373, 0x5353, 0x6b73, 0x8c36, 0x9437, 0x9437, 0x9437, 0x9437, 0x9437, 0x9436, 0x9436, 0x9437, 
	0x3352, 0x3352, 0x3332, 0x3332, 0x2af1, 0x2af0, 0x2af1, 0x32f1, 0x2ad1, 0x2ad1, 0x3312, 0x3312, 0x22b0, 0x22d0, 0x22d0, 0x22d1, 
	0x22d1, 0x22d1, 0x22d1, 0x22d1, 0x22f1, 0x22f1, 0x22f1, 0x22f1, 0x22f1, 0x2311, 0x22f1, 0x2312, 0x2b12, 0x2b32, 0x2b12, 0x4bb4, 
	0x8cf8, 0xa518, 0xa4d7, 0xa4f7, 0xad18, 0xad17, 0xad17, 0xad38, 0xa518, 0xa4f8, 0xa518, 0xad18, 0xad18, 0xb538, 0xbd99, 0xc5d9, 
	0xc5b9, 0xc5d9, 0xcdfa, 0xc5d9, 0xbd79, 0xbd79, 0xb55a, 0xad39, 0xad39, 0xad5a, 0xa55b, 0x8c98, 0x8c57, 0x8c58, 0x8c78, 0x8c58, 
	0x8c58, 0x8c79, 0x8459, 0x8458, 0x9478, 0xa4da, 0xacd9, 0xb4b9, 0xc4f9, 0xcd1a, 0xb4da, 0xacfa, 0xacfa, 0xacfa, 0xacf9, 0xad1a, 
	0xad1a, 0xad39, 0xad3a, 0xad39, 0xad19, 0xad3a, 0xad5a, 0xad5a, 0xad5a, 0xb55a, 0xb55a, 0xbd5a, 0xbd3a, 0xbd19, 0xbd39, 0xbd7a, 
	0xad39, 0x94d8, 0xa539, 0x9d19, 0x9d19, 0xa519, 0x9cf9, 0x9cd8, 0x9477, 0x8c36, 0x8c16, 0x8c15, 0x8c15, 0x9416, 0xa477, 0xb4b9, 
	0xac98, 0xac98, 0xac98, 0xbcb8, 0xb416, 0xb415, 0xb415, 0xac15, 0xac15, 0xb476, 0xb4f8, 0xa4b7, 0xa4d8, 0xa518, 0x9518, 0x6c14, 
	0x9d7a, 0x7414, 0x42b0, 0x326f, 0x2a2e, 0x220e, 0x19ed, 0x19ed, 0x11cd, 0x11ad, 0x11ac, 0x1a0e, 0x1a70, 0x1a70, 0x1a50, 0x1a50, 
	0x1230, 0x122f, 0x122f, 0x09ad, 0x014b, 0x094b, 0x094b, 0x014b, 0x014b, 0x016b, 0x016c, 0x016b, 0x016c, 0x096c, 0x016c, 0x016c, 
	0x014b, 0x096c, 0x094c, 0x094b, 0x096b, 0x010a, 0x090a, 0x08e9, 0x08a7, 0x0887, 0x08c8, 0x08e9, 0x112a, 0x08e8, 0x08e8, 0x08e8, 
	0x08e8, 0x0909, 0x322d, 0x21ed, 0x21ed, 0x21ee, 0x118d, 0x19ad, 0x19cd, 0x21ce, 0x21ee, 0x2a0e, 0x324f, 0x3a8f, 0x6393, 0x8476, 
	0x9d5a, 0x9519, 0x94d9, 0x7c36, 0x94b8, 0x9cf9, 0x9cf9, 0x9d19, 0xa539, 0xad59, 0xad39, 0xb518, 0xb519, 0xb519, 0xb4f8, 0x9c76, 
	0x83d4, 0x7b93, 0x7b73, 0x8393, 0xa476, 0xb4f8, 0xa456, 0x9c56, 0x9c56, 0x9c56, 0xa456, 0x9c56, 0x9c56, 0x9c76, 0x8c15, 0x83f4, 
	0x8bf5, 0x8bf5, 0x8bf5, 0x9c57, 0x9c77, 0x83d4, 0x7bb4, 0x7bd5, 0x7bd5, 0x7bd4, 0x7bd4, 0x83f5, 0x7bd4, 0x7bb4, 0x83d4, 0x7b93, 
	0x8c15, 0x9c97, 0x9c76, 0x9c55, 0x9c35, 0x9c56, 0x8415, 0x5b52, 0x5bb4, 0x53d4, 0x4311, 0x2a4e, 0x220d, 0x19cc, 0x2a8f, 0x1a6f, 
	0x1a8f, 0x1a6f, 0x1a8f, 0x2af1, 0x22b0, 0x22b0, 0x22b0, 0x22b0, 0x22b0, 0x22b0, 0x22b0, 0x22b0, 0x22b0, 0x22b0, 0x22b0, 0x22b0, 
	0x22b0, 0x2290, 0x22b0, 0x2290, 0x2ab0, 0x2ab0, 0x224e, 0x2a6f, 0x2a8f, 0x2aaf, 0x32af, 0x2a8f, 0x224e, 0x19ed, 0x11ed, 0x1a2d, 
	0x2a8f, 0x228f, 0x2290, 0x226f, 0x226f, 0x226f, 0x226f, 0x2290, 0x228f, 0x2290, 0x2a90, 0x2a90, 0x2ab0, 0x2ab0, 0x2ad0, 0x2ad1, 
	0x2ad1, 0x2ab0, 0x2ad0, 0x32d1, 0x32f1, 0x3ab0, 0x4ad1, 0x8416, 0x9457, 0x9c36, 0x9436, 0x9436, 0x9436, 0x9436, 0x9436, 0x9437, 
	0x3b93, 0x3b73, 0x3b73, 0x3b53, 0x3b53, 0x3332, 0x3312, 0x2af1, 0x2ad1, 0x2ad1, 0x3312, 0x3312, 0x1a90, 0x22d0, 0x22d1, 0x22d1, 
	0x22d1, 0x22f1, 0x22d1, 0x22f1, 0x22f1, 0x22f1, 0x2311, 0x22f1, 0x22f1, 0x2312, 0x2b32, 0x2b32, 0x2b32, 0x2b33, 0x2b53, 0x4bb4, 
	0x9518, 0xad38, 0xad17, 0xb517, 0xb538, 0xad17, 0xad17, 0xb538, 0xad18, 0xad18, 0xad18, 0xad38, 0xb539, 0xb539, 0xb559, 0xbd99, 
	0xbdb9, 0xbdb9, 0xbdba, 0xbdba, 0xbdba, 0xbd9a, 0xbd7a, 0xb55a, 0xb55a, 0xb57a, 0xad5b, 0x9498, 0x8c77, 0x8c78, 0x8c78, 0x8c58, 
	0x8c78, 0x8c79, 0x8c99, 0x8c58, 0x9478, 0xacfa, 0xbcfa, 0xc4d9, 0xccfa, 0xd53b, 0xbcfa, 0xbcfa, 0xbd1a, 0xb51a, 0xb4fa, 0xb51a, 
	0xb53a, 0xacf9, 0x9cb8, 0x9cb8, 0x9c97, 0x9456, 0x9c97, 0x9cb7, 0x9c97, 0x9cb7, 0xb55a, 0xbd5a, 0xbd3a, 0xbd39, 0xc55a, 0xb519, 
	0x94b7, 0x94b8, 0x94b8, 0x94b8, 0x94b8, 0x94b8, 0x9498, 0x9498, 0x9497, 0x8c77, 0x8c77, 0x9457, 0x8c15, 0x8bf5, 0xa457, 0xac78, 
	0xac77, 0xac77, 0xb477, 0xc4b9, 0xbc37, 0xbc36, 0xbc36, 0xb435, 0xb415, 0xb476, 0xb4f8, 0xacf8, 0xa539, 0x9d19, 0x5372, 0x6414, 
	0x8d18, 0x4b11, 0x3a8f, 0x326f, 0x220e, 0x19ed, 0x11ad, 0x11ad, 0x11ad, 0x11ad, 0x11ad, 0x11ad, 0x1a70, 0x1a30, 0x1230, 0x1230, 
	0x1230, 0x120f, 0x122f, 0x09ad, 0x014b, 0x094b, 0x094b, 0x094b, 0x096b, 0x096b, 0x016b, 0x016b, 0x016c, 0x016c, 0x016c, 0x016c, 
	0x016c, 0x014b, 0x096c, 0x014c, 0x096c, 0x096c, 0x010a, 0x090a, 0x08e8, 0x0087, 0x08a8, 0x08e8, 0x1129, 0x0909, 0x08c8, 0x08e8, 
	0x08e8, 0x00c8, 0x21ec, 0x2a0d, 0x116b, 0x21ee, 0x19ce, 0x118d, 0x19ad, 0x19cd, 0x21cd, 0x21ee, 0x2a0e, 0x324e, 0x5b52, 0x7415, 
	0x5352, 0x5b93, 0x5b93, 0x5b73, 0x5b73, 0x6393, 0x6393, 0x6393, 0x7c56, 0xb5dc, 0xd69e, 0xbd59, 0xb4f8, 0xbcf9, 0xb4f8, 0xa476, 
	0x83d4, 0x7b93, 0x7b93, 0x7b93, 0x93f5, 0x9c56, 0x9415, 0x9c35, 0x9415, 0x9c36, 0x9c36, 0x9c36, 0x9c36, 0x9415, 0x9436, 0x9436, 
	0x9436, 0x9436, 0x9436, 0x9c36, 0x9c56, 0x8bf5, 0x83d4, 0x83d5, 0x83d5, 0x83d4, 0x83d4, 0x83f5, 0x83d4, 0x83b4, 0x83d4, 0x7b93, 
	0x8bd4, 0x9c76, 0x9c35, 0x9c35, 0x9415, 0x9435, 0x8c76, 0x6bb4, 0x32d0, 0x3b52, 0x5415, 0x53f5, 0x3af1, 0x226e, 0x228f, 0x1a4e, 
	0x1a6f, 0x1a6f, 0x228f, 0x2ad0, 0x22b0, 0x22b0, 0x22b0, 0x22b0, 0x22b0, 0x22b0, 0x22b0, 0x22b0, 0x22b0, 0x22b0, 0x22b0, 0x2290, 
	0x228f, 0x2290, 0x2290, 0x2290, 0x2ab0, 0x226f, 0x120d, 0x1a2e, 0x1a2e, 0x1a2d, 0x1a0d, 0x1a0d, 0x11ed, 0x11ec, 0x11ed, 0x1a2e, 
	0x228f, 0x1a6f, 0x1a6f, 0x1a4f, 0x1a6f, 0x1a6f, 0x1a4f, 0x2270, 0x226f, 0x226f, 0x226f, 0x1a6f, 0x1a4f, 0x1a6f, 0x1a6f, 0x1a4f, 
	0x1a6f, 0x2270, 0x226f, 0x226f, 0x226f, 0x224f, 0x42d1, 0x8457, 0x9498, 0x9c77, 0x9456, 0x9456, 0x9436, 0x9436, 0x9436, 0x9436, 
	0x3352, 0x3352, 0x3352, 0x3332, 0x3312, 0x32f2, 0x32f1, 0x2ad1, 0x2ad1, 0x2ad1, 0x3312, 0x3312, 0x22b0, 0x22b0, 0x22d1, 0x22d1, 
	0x22d1, 0x22d1, 0x22d1, 0x22f1, 0x2311, 0x22f1, 0x22f1, 0x2312, 0x2b32, 0x2312, 0x2332, 0x2b33, 0x2b33, 0x2b33, 0x2b33, 0x4bb4, 
	0x9518, 0xad58, 0xad17, 0xb538, 0xb538, 0xb517, 0xb538, 0xb538, 0xb538, 0xb538, 0xb538, 0xb538, 0xb559, 0xb559, 0xb579, 0xc5ba, 
	0xbdda, 0xbdda, 0xc5da, 0xbdda, 0xc5ba, 0xbdba, 0xbd9a, 0xb57a, 0xb57a, 0xb57a, 0xad7b, 0x9497, 0x8c97, 0x8c98, 0x8c98, 0x94d9, 
	0x94b9, 0x8c78, 0x8c79, 0x8437, 0x9c78, 0xb4fa, 0xbcfa, 0xc4d9, 0xd51a, 0xdd3b, 0xc4d9, 0xb4d9, 0xb4f9, 0xb4d9, 0xacd9, 0xb4f9, 
	0xacf9, 0xa498, 0x9456, 0x9477, 0x8c35, 0x83f4, 0x9477, 0x9476, 0x9456, 0x9476, 0xad19, 0xb539, 0xbd39, 0xbd3a, 0xbd7a, 0xa4f9, 
	0x9cd8, 0x9cf9, 0x9cd9, 0x9cd9, 0x9cd9, 0x9cd9, 0x9cd9, 0x9cd9, 0x9cd8, 0x9cd8, 0x9cb8, 0x9cb8, 0x9436, 0x9415, 0xac77, 0xb478, 
	0xb477, 0xb477, 0xbc77, 0xccb9, 0xcc57, 0xcc57, 0xc457, 0xbc36, 0xbc35, 0xbc76, 0xb4d8, 0xa4d8, 0x9519, 0x63f4, 0x2a4d, 0x7455, 
	0x7476, 0x326e, 0x2a4e, 0x2a4f, 0x19ed, 0x11cd, 0x11ad, 0x11ad, 0x118c, 0x11ad, 0x118c, 0x096c, 0x1a50, 0x1210, 0x1210, 0x120f, 
	0x120f, 0x120f, 0x1a0f, 0x11ce, 0x014b, 0x094b, 0x094b, 0x094b, 0x094b, 0x094b, 0x096b, 0x014b, 0x016b, 0x016c, 0x016c, 0x016c, 
	0x016c, 0x016c, 0x016c, 0x016c, 0x016c, 0x014b, 0x096b, 0x092a, 0x0909, 0x08a8, 0x0087, 0x08e8, 0x0909, 0x0929, 0x08c7, 0x08e8, 
	0x08e8, 0x08c8, 0x198a, 0x21cc, 0x096b, 0x118c, 0x19ce, 0x19ad, 0x118d, 0x11ad, 0x19ad, 0x21ce, 0x2a0e, 0x2a0e, 0x5312, 0x7c77, 
	0x324f, 0x2a6f, 0x2a4f, 0x224e, 0x224e, 0x224e, 0x2a6f, 0x2a2e, 0x5372, 0x9519, 0xce5d, 0xb57a, 0xb519, 0xbd19, 0xb4f9, 0xa477, 
	0x8bd4, 0x7b93, 0x7b93, 0x83b3, 0x9415, 0x9c36, 0x9416, 0x9416, 0x9435, 0x9436, 0x9436, 0x9436, 0x9436, 0x9416, 0x9415, 0x9415, 
	0x9416, 0x9436, 0x9436, 0x9415, 0x9436, 0x8bf5, 0x83b4, 0x83d4, 0x83d5, 0x83d4, 0x83f4, 0x83f5, 0x83d4, 0x83b4, 0x83d4, 0x7b93, 
	0x83d4, 0x9c56, 0x9c35, 0x9c36, 0x9435, 0x9435, 0x9477, 0x7c15, 0x32b0, 0x1a4e, 0x22b0, 0x4373, 0x5c56, 0x53d4, 0x32f0, 0x1a4e, 
	0x120d, 0x122e, 0x228f, 0x2ad0, 0x2290, 0x22b0, 0x2290, 0x22b0, 0x2290, 0x2290, 0x2290, 0x2290, 0x2290, 0x2290, 0x2290, 0x2290, 
	0x228f, 0x228f, 0x2290, 0x226f, 0x2ab0, 0x224f, 0x19ed, 0x1a0d, 0x1a0d, 0x1a0d, 0x1a0d, 0x19ed, 0x19ed, 0x11cc, 0x11cc, 0x1a0d, 
	0x1a6f, 0x1a4e, 0x1a4f, 0x1a4f, 0x1a4f, 0x1a4f, 0x1a4f, 0x1a4f, 0x1a6f, 0x1a4f, 0x1a4f, 0x1a4f, 0x1a4f, 0x1a4f, 0x1a4f, 0x1a6f, 
	0x1a4f, 0x1a4f, 0x1a4f, 0x1a4f, 0x226f, 0x226f, 0x3290, 0x5b93, 0x8476, 0x94b7, 0x9cd8, 0x9c97, 0x9457, 0x9436, 0x9c56, 0x9c56, 
	0x3352, 0x3352, 0x3332, 0x3332, 0x3312, 0x32f2, 0x32f1, 0x2ad1, 0x2ad1, 0x2ad1, 0x32f2, 0x3312, 0x22b0, 0x22d1, 0x22d1, 0x22d1, 
	0x22d1, 0x22f1, 0x2af1, 0x2af1, 0x2b12, 0x2b12, 0x2b12, 0x2312, 0x2332, 0x2333, 0x2b33, 0x2b33, 0x2b33, 0x2b53, 0x2b53, 0x4bb4, 
	0x9518, 0xb558, 0xad17, 0xb538, 0xb538, 0xad17, 0xad17, 0xb538, 0xb538, 0xad18, 0xad18, 0xb538, 0xb559, 0xb559, 0xb579, 0xbdda, 
	0xbdda, 0xc61b, 0xce5c, 0xc63b, 0xce3b, 0xce3b, 0xc61b, 0xbdda, 0xc61b, 0xbdfb, 0xb5bb, 0xa519, 0xa55a, 0x9d19, 0x9498, 0x94b9, 
	0x9498, 0x8c78, 0x8c78, 0x8c58, 0x9c78, 0xbd1a, 0xc51a, 0xd51a, 0xdd3a, 0xe55b, 0xcd1a, 0xc51a, 0xc51a, 0xbd3a, 0xb53a, 0xacf9, 
	0xad19, 0xad3a, 0x9cf9, 0x94b8, 0x94b8, 0x94d8, 0x9cf9, 0x8c97, 0x94b7, 0x9d19, 0xa53a, 0x9cf9, 0x9cf9, 0xa519, 0x9d19, 0x9cf9, 
	0x9d19, 0x8c57, 0x8c56, 0x9cb8, 0x9cd9, 0x9cd9, 0x9cb8, 0x9cd8, 0x9cb8, 0x9cb8, 0x9cb8, 0x9cb8, 0x9456, 0x9415, 0xb4b8, 0xbcb9, 
	0xbcb8, 0xbcb8, 0xbcb8, 0xcd1a, 0xccb8, 0xcc98, 0xcc98, 0xc477, 0xbc56, 0xbcb8, 0xb55a, 0x9d19, 0x6436, 0x2a8f, 0x3aaf, 0x7476, 
	0x5372, 0x2a4e, 0x2a2e, 0x21ee, 0x19ed, 0x11ad, 0x11ac, 0x118c, 0x118c, 0x096c, 0x096c, 0x096c, 0x1a0f, 0x1230, 0x120f, 0x120f, 
	0x120f, 0x120f, 0x120f, 0x11ef, 0x098c, 0x094b, 0x094b, 0x094b, 0x094b, 0x094b, 0x094b, 0x094b, 0x096b, 0x096b, 0x014b, 0x096b, 
	0x014b, 0x014b, 0x014b, 0x096c, 0x014b, 0x014b, 0x094b, 0x094b, 0x092a, 0x08e8, 0x0087, 0x08c7, 0x0929, 0x1129, 0x00a7, 0x08c7, 
	0x08e8, 0x08e8, 0x114a, 0x19ab, 0x096b, 0x096c, 0x118c, 0x11ad, 0x118d, 0x118d, 0x118d, 0x19ad, 0x21ee, 0x2a0e, 0x42b0, 0x84d8, 
	0x4312, 0x226f, 0x228f, 0x226f, 0x228f, 0x228f, 0x228f, 0x222e, 0x2a8f, 0x6415, 0x9518, 0xb57a, 0xb519, 0xbd19, 0xbd19, 0xa456, 
	0x8393, 0x7b93, 0x7b93, 0x7bb3, 0x9436, 0x9456, 0x9436, 0x9436, 0x9436, 0x9456, 0x9456, 0x9436, 0x9456, 0x9436, 0x9436, 0x9436, 
	0x9436, 0x9436, 0x9436, 0x9456, 0x9456, 0x83f5, 0x83d4, 0x7bd4, 0x83f5, 0x83f4, 0x83f4, 0x83f5, 0x83f5, 0x7bd4, 0x83d4, 0x7b93, 
	0x83d4, 0x9456, 0x9456, 0x9456, 0x9456, 0x9456, 0x9497, 0x7415, 0x32d0, 0x228f, 0x1a4f, 0x1a6f, 0x32f0, 0x4bd4, 0x5c35, 0x4393, 
	0x2ad0, 0x1a4e, 0x22b0, 0x2ad0, 0x2290, 0x22b0, 0x22b0, 0x22b0, 0x22b0, 0x2290, 0x2290, 0x2290, 0x228f, 0x228f, 0x226f, 0x226f, 
	0x1a6f, 0x1a6f, 0x226f, 0x226f, 0x2a90, 0x3b11, 0x3b11, 0x4352, 0x3b31, 0x3b11, 0x3af1, 0x3af1, 0x32d0, 0x11cc, 0x11ed, 0x1a4e, 
	0x2ab0, 0x228f, 0x226f, 0x226f, 0x228f, 0x228f, 0x228f, 0x2290, 0x2290, 0x2290, 0x2290, 0x228f, 0x228f, 0x226f, 0x228f, 0x2290, 
	0x226f, 0x226f, 0x228f, 0x228f, 0x1a2e, 0x224f, 0x2ab0, 0x2a4e, 0x3aaf, 0x5352, 0x73f5, 0x8c97, 0x94d8, 0x94b8, 0x9c97, 0x9456, 
	0x3352, 0x3352, 0x3352, 0x3332, 0x3312, 0x3311, 0x32f1, 0x2af1, 0x2ad1, 0x2ad1, 0x2af1, 0x3312, 0x1a90, 0x22b0, 0x22d1, 0x2af1, 
	0x2af1, 0x22f1, 0x2b12, 0x2b12, 0x22f2, 0x2312, 0x2312, 0x2332, 0x2332, 0x2b53, 0x2b33, 0x2b33, 0x2b53, 0x2b53, 0x2b53, 0x4bd4, 
	0x94f8, 0xa4f7, 0xa4b6, 0xacf7, 0xacf7, 0xa4b6, 0xa4b6, 0xacf7, 0xa4d7, 0xa4d7, 0xa4f7, 0xa4f7, 0xad18, 0xad38, 0xad79, 0xb59a, 
	0xbdda, 0xd6bd, 0xef9f, 0xdf1d, 0xd6dc, 0xf79f, 0xef5f, 0xd6dd, 0xef9f, 0xe77f, 0xce9d, 0xb5db, 0xad7a, 0x9cf8, 0x9498, 0x9498, 
	0x9478, 0x8c58, 0x8c58, 0x9457, 0xa478, 0xbd1a, 0xcd1a, 0xccf9, 0xe55b, 0xe57b, 0xcd1a, 0xc51a, 0xc53a, 0xb4f9, 0xa4f9, 0xa53a, 
	0x8cb8, 0x7c77, 0x7498, 0x6c36, 0x7c98, 0x7cb8, 0x7477, 0x63f5, 0x6c56, 0x7477, 0x6c57, 0x6416, 0x6416, 0x6437, 0x6437, 0x63f5, 
	0x8cf9, 0x8c97, 0x8c56, 0x9cb8, 0x9cd8, 0x9cb8, 0x9cd8, 0x9cb8, 0x9cb8, 0x9cb8, 0x9cb8, 0xa4b8, 0x9c36, 0x9415, 0xa457, 0xac77, 
	0xac97, 0xac98, 0xb4b8, 0xb4b8, 0xb497, 0xb497, 0xb497, 0xb477, 0xac77, 0xacd8, 0x9d19, 0x6c57, 0x3b33, 0x228f, 0x5373, 0x7cb7, 
	0x328f, 0x2a4f, 0x21ee, 0x19ed, 0x19ed, 0x118c, 0x118c, 0x118c, 0x096c, 0x096c, 0x096c, 0x094c, 0x11ce, 0x120f, 0x120f, 0x1230, 
	0x120f, 0x120f, 0x120f, 0x1a0f, 0x098d, 0x014b, 0x094b, 0x094b, 0x094b, 0x094b, 0x094b, 0x094b, 0x094b, 0x094b, 0x094b, 0x094b, 
	0x014b, 0x096b, 0x094b, 0x094b, 0x094b, 0x094b, 0x094b, 0x094b, 0x094a, 0x092a, 0x00a7, 0x08a7, 0x0909, 0x114a, 0x08a7, 0x08a7, 
	0x08e8, 0x08e8, 0x196a, 0x116b, 0x094b, 0x096c, 0x096c, 0x118d, 0x118d, 0x116c, 0x118d, 0x19ad, 0x21cd, 0x2a0e, 0x324e, 0x84d8, 
	0x5393, 0x222e, 0x228f, 0x226f, 0x226f, 0x226f, 0x226f, 0x1a2e, 0x1a2d, 0x42f1, 0x7456, 0xa539, 0xbd5a, 0xc519, 0xc519, 0xa456, 
	0x8392, 0x7b93, 0x7bd4, 0x7bb4, 0x8c56, 0x9477, 0x8c57, 0x8c77, 0x8c77, 0x9497, 0x9497, 0x8c77, 0x9497, 0x8c77, 0x8c77, 0x8c76, 
	0x9477, 0x8c77, 0x9477, 0x8c77, 0x8c77, 0x8435, 0x7bf5, 0x7c15, 0x8436, 0x8435, 0x8435, 0x8436, 0x8435, 0x7bf5, 0x8415, 0x7bd4, 
	0x83f5, 0x9497, 0x9476, 0x9476, 0x8c56, 0x8c76, 0x94b7, 0x7415, 0x32d0, 0x2290, 0x2290, 0x226f, 0x1a4e, 0x228f, 0x3311, 0x4bb4, 
	0x5415, 0x43b4, 0x4bb4, 0x4bd4, 0x4bd4, 0x4bd4, 0x4bd4, 0x4bd5, 0x53f5, 0x4bd4, 0x4bd5, 0x4bd4, 0x4bb4, 0x4bb4, 0x4bb4, 0x4bb4, 
	0x4bb4, 0x4bb4, 0x4bb4, 0x4bd4, 0x4bb4, 0x53f5, 0x6436, 0x6436, 0x5c15, 0x53d4, 0x4b93, 0x53b4, 0x4b93, 0x32f1, 0x4373, 0x4bb4, 
	0x53f5, 0x53d4, 0x53d4, 0x53d4, 0x53d4, 0x53d4, 0x53f5, 0x53f5, 0x53f5, 0x53f5, 0x53f5, 0x53f5, 0x4bd4, 0x4bd4, 0x53f5, 0x53f5, 
	0x4bd4, 0x4bd4, 0x53f5, 0x53d5, 0x3b32, 0x4352, 0x4b94, 0x4b73, 0x4b73, 0x4b93, 0x5393, 0x6415, 0x7477, 0x84b8, 0x8c77, 0x9477, 
	0x3352, 0x3352, 0x3332, 0x3311, 0x3311, 0x32f1, 0x2af1, 0x2ad1, 0x2ad0, 0x22b0, 0x2ad1, 0x3312, 0x2af1, 0x2b11, 0x22f1, 0x2af1, 
	0x2af2, 0x22f1, 0x22f1, 0x2312, 0x2312, 0x2312, 0x2312, 0x2332, 0x2b53, 0x2b53, 0x2b53, 0x2b33, 0x2b53, 0x2b73, 0x2b53, 0x53d5, 
	0x9518, 0xacf7, 0xa4d6, 0xacf7, 0xacf7, 0xa4b6, 0xacd6, 0xad17, 0xa4d7, 0xa4f7, 0xacf7, 0xacf7, 0xad18, 0xad59, 0xad79, 0xb59a, 
	0xbdfa, 0xd6bd, 0xef9f, 0xdf3d, 0xd6fd, 0xf7bf, 0xef7f, 0xdedd, 0xefbf, 0xef7f, 0xc65c, 0xa539, 0xa518, 0x9cb8, 0x9498, 0x9478, 
	0x9478, 0x9458, 0x9478, 0x9458, 0xa478, 0xc51a, 0xcd1a, 0xd51a, 0xe55b, 0xed9b, 0xd51a, 0xc519, 0xb4f9, 0x9c97, 0x94b8, 0x7c97, 
	0x5394, 0x4332, 0x4bb5, 0x53f6, 0x4bb5, 0x4bb5, 0x5416, 0x5c16, 0x53f6, 0x4b95, 0x3b33, 0x3b74, 0x3b95, 0x43b5, 0x43b5, 0x2a90, 
	0x63b4, 0x94d8, 0x8c36, 0x9cb8, 0xa4b8, 0x9cb8, 0x9cb8, 0xa4b8, 0xa4b7, 0xa4b8, 0xa4b8, 0xa4b8, 0x9c35, 0x93f4, 0x9c15, 0x9c56, 
	0xa456, 0xa456, 0xa456, 0xa456, 0xa456, 0xa456, 0xa456, 0xa456, 0x9c56, 0x9497, 0x7437, 0x3b33, 0x3312, 0x2af1, 0x63f5, 0x6c36, 
	0x2a4e, 0x2a2e, 0x19cd, 0x19cd, 0x11cd, 0x118c, 0x096c, 0x098c, 0x096c, 0x096c, 0x096c, 0x096c, 0x09ad, 0x1a2f, 0x120f, 0x120f, 
	0x120f, 0x120f, 0x120f, 0x1a2f, 0x11cd, 0x016c, 0x096c, 0x094b, 0x094b, 0x092b, 0x094b, 0x094b, 0x092b, 0x092b, 0x094a, 0x094b, 
	0x094b, 0x094b, 0x094b, 0x094b, 0x094b, 0x094b, 0x094b, 0x092b, 0x094b, 0x094a, 0x112a, 0x0087, 0x08e9, 0x114a, 0x08c8, 0x0087, 
	0x08c8, 0x00c8, 0x116a, 0x116b, 0x094b, 0x094c, 0x096c, 0x118c, 0x118c, 0x118c, 0x118d, 0x118d, 0x19cd, 0x21ee, 0x29ed, 0x7456, 
	0x6c56, 0x1a0d, 0x224e, 0x224e, 0x224e, 0x224e, 0x224e, 0x1a2d, 0x1a2e, 0x224e, 0x5393, 0x7c56, 0xb519, 0xbcf8, 0xc4f8, 0xa435, 
	0x7b52, 0x7bb3, 0x73d4, 0x6373, 0x73d4, 0x6bd4, 0x6bd4, 0x73d4, 0x73f4, 0x7415, 0x7c36, 0x7415, 0x7415, 0x7415, 0x73f5, 0x73f5, 
	0x7415, 0x7415, 0x73f5, 0x73f5, 0x6bd4, 0x6bd4, 0x6bd4, 0x6bd4, 0x6bf4, 0x6bf5, 0x6bf5, 0x7415, 0x73f5, 0x6bf4, 0x73f5, 0x6bd4, 
	0x73f4, 0x73f4, 0x73f4, 0x73f5, 0x73f4, 0x73f5, 0x7415, 0x5b93, 0x32d0, 0x2290, 0x2290, 0x2290, 0x228f, 0x1a4e, 0x1a6f, 0x1a6f, 
	0x3332, 0x5415, 0x4bd4, 0x53f5, 0x53f5, 0x53f5, 0x53f5, 0x53f5, 0x53f5, 0x5416, 0x5c36, 0x5c36, 0x5c36, 0x5c36, 0x5c36, 0x5c36, 
	0x5c36, 0x5c36, 0x5c36, 0x5c16, 0x53f5, 0x53f5, 0x53f5, 0x53f5, 0x53f5, 0x53d4, 0x4b94, 0x4bb4, 0x4bb4, 0x4bb4, 0x53d4, 0x53f5, 
	0x5415, 0x5415, 0x5c15, 0x5c15, 0x5c15, 0x5c15, 0x5c15, 0x5c15, 0x5c36, 0x5c36, 0x5c36, 0x5c36, 0x5c36, 0x5c36, 0x5c36, 0x5c36, 
	0x5c36, 0x5c36, 0x5c36, 0x5c36, 0x5416, 0x53f5, 0x53f5, 0x5415, 0x5c16, 0x5c16, 0x5c36, 0x5c36, 0x5c16, 0x6416, 0x73f5, 0x8c57, 
	0x3b92, 0x3b93, 0x3b52, 0x3b72, 0x3b52, 0x3311, 0x32f1, 0x2af1, 0x2ad1, 0x2ad1, 0x3312, 0x3332, 0x22d0, 0x22d1, 0x22d1, 0x22d1, 
	0x22f1, 0x22f1, 0x2312, 0x2312, 0x2312, 0x2312, 0x2332, 0x2b32, 0x2b33, 0x2b53, 0x2b33, 0x2b53, 0x2b53, 0x2b74, 0x3374, 0x53f5, 
	0x94f7, 0xacf6, 0xa4b5, 0xacf6, 0xb4f6, 0xacb5, 0xacd6, 0xb4f7, 0xa4d6, 0xa4d6, 0xacd6, 0xacf7, 0xacf7, 0xad38, 0xb558, 0xb579, 
	0xbdba, 0xc61b, 0xd6dd, 0xce9c, 0xce7b, 0xd6bd, 0xd69c, 0xce3b, 0xd69c, 0xce5c, 0xb59a, 0x9cd7, 0x9c97, 0x9c97, 0x9c97, 0x9c77, 
	0x9477, 0x9478, 0x9478, 0x9457, 0x9c57, 0xc53a, 0xcd3a, 0xdd3a, 0xed7b, 0xed9c, 0xcd3a, 0xbcf9, 0xacd8, 0xa53a, 0x7c98, 0x3b12, 
	0x2af2, 0x3313, 0x3333, 0x3354, 0x3333, 0x3333, 0x3333, 0x3b54, 0x3b54, 0x3333, 0x2b13, 0x2af2, 0x3333, 0x3354, 0x3b94, 0x2270, 
	0x5bb4, 0x9d39, 0x9cb8, 0xacd8, 0xacf8, 0xacf8, 0xacf8, 0xacf8, 0xacf8, 0xacf8, 0xacf8, 0xacd8, 0xacb7, 0xa476, 0xac97, 0xac97, 
	0xacd7, 0xa476, 0x9c56, 0xa476, 0xa476, 0xa476, 0xa476, 0xa476, 0x9c55, 0x9cf9, 0x6436, 0x3312, 0x2ad2, 0x3332, 0x6c56, 0x4b11, 
	0x2a4e, 0x21ee, 0x19ad, 0x11ad, 0x11ad, 0x118c, 0x098c, 0x096c, 0x096c, 0x096c, 0x096c, 0x096c, 0x016c, 0x1a2f, 0x120f, 0x122f, 
	0x122f, 0x122f, 0x1230, 0x1a30, 0x11ee, 0x016c, 0x096c, 0x014b, 0x096b, 0x094b, 0x094b, 0x094b, 0x094b, 0x092b, 0x092b, 0x092b, 
	0x092a, 0x092a, 0x094b, 0x094b, 0x094b, 0x094b, 0x094b, 0x094b, 0x096b, 0x094b, 0x19cc, 0x00a8, 0x08e9, 0x114a, 0x112a, 0x00a7, 
	0x08c8, 0x08e8, 0x092a, 0x116b, 0x094b, 0x096c, 0x096c, 0x096c, 0x098c, 0x096c, 0x118d, 0x118d, 0x21ee, 0x19ad, 0x21ac, 0x5b93, 
	0x8519, 0x42f0, 0x3af0, 0x3af0, 0x3af0, 0x32d0, 0x32d0, 0x2a6f, 0x224e, 0x222e, 0x32d0, 0x6bf5, 0x8c77, 0xb519, 0xbcd8, 0xac56, 
	0x8373, 0x83f4, 0x7c56, 0x5b93, 0x5373, 0x5b94, 0x5393, 0x5393, 0x5b93, 0x5393, 0x5393, 0x5b93, 0x5b93, 0x5393, 0x5b93, 0x5393, 
	0x5393, 0x5393, 0x5393, 0x5393, 0x5b93, 0x5393, 0x53b3, 0x5393, 0x5393, 0x5393, 0x5393, 0x5393, 0x53b3, 0x53b3, 0x5bb4, 0x5bb4, 
	0x5bb3, 0x5393, 0x5b93, 0x5393, 0x5393, 0x5393, 0x5bb4, 0x4b73, 0x2ad1, 0x2290, 0x2290, 0x2290, 0x2290, 0x228f, 0x1a6f, 0x1a4e, 
	0x1a4e, 0x2ad0, 0x2af1, 0x2ad1, 0x2ad1, 0x2af1, 0x2ad1, 0x2ad1, 0x2ad1, 0x2ad1, 0x2af1, 0x2ad1, 0x2af1, 0x32f1, 0x2ad1, 0x32f1, 
	0x32f1, 0x32f1, 0x32d1, 0x2ad1, 0x3312, 0x3b12, 0x3b12, 0x3b32, 0x3b32, 0x3b32, 0x3b32, 0x3b32, 0x3b52, 0x3b52, 0x3b53, 0x3b12, 
	0x32f1, 0x3311, 0x3311, 0x3311, 0x3311, 0x3311, 0x3312, 0x3312, 0x3b12, 0x3311, 0x32f2, 0x32f2, 0x3312, 0x3312, 0x3312, 0x3b12, 
	0x3b12, 0x3b12, 0x3b12, 0x3b32, 0x3312, 0x3332, 0x3b32, 0x3b32, 0x3b32, 0x3b32, 0x3b32, 0x3b32, 0x3b32, 0x4b32, 0x73d4, 0x9c77, 
	0x5413, 0x5414, 0x4bd3, 0x4392, 0x53d3, 0x53d3, 0x3b52, 0x2ad0, 0x2ad1, 0x2ad1, 0x32f1, 0x3312, 0x22b0, 0x22d1, 0x22d1, 0x22f1, 
	0x22f1, 0x22f1, 0x22f1, 0x2312, 0x2312, 0x2b12, 0x2b32, 0x2b32, 0x2b53, 0x2b53, 0x2b53, 0x2b53, 0x2b74, 0x3395, 0x33b5, 0x5c16, 
	0x9d17, 0xb517, 0xb516, 0xbd16, 0xbd16, 0xb4f6, 0xb4f6, 0xbd17, 0xb4f6, 0xb517, 0xb4f7, 0xb517, 0xb517, 0xb538, 0xb558, 0xb579, 
	0xbd99, 0xbdb9, 0xbdba, 0xbdda, 0xbdda, 0xb5b9, 0xbdba, 0xbd99, 0xb579, 0xb579, 0xad19, 0x9c97, 0x9c97, 0x9c97, 0x9c97, 0x9c97, 
	0x9497, 0x9c98, 0x9478, 0x9457, 0x9c57, 0xbd1a, 0xcd3a, 0xd53a, 0xe57b, 0xe59b, 0xcd3a, 0xb4f9, 0xa4d8, 0x9d3a, 0x7498, 0x3313, 
	0x22d2, 0x22d2, 0x22f2, 0x2af2, 0x2af3, 0x2af3, 0x2af3, 0x2af3, 0x2b13, 0x2af3, 0x2b13, 0x2b13, 0x2af3, 0x2af2, 0x3b74, 0x2270, 
	0x5bb4, 0xad7b, 0xad39, 0xb539, 0xb539, 0xbd59, 0xbd59, 0xbd59, 0xbd59, 0xbd39, 0xbd39, 0xbd39, 0xbd39, 0xbd39, 0xbd18, 0xbd18, 
	0xbd59, 0xa496, 0x9c35, 0xa476, 0xa476, 0xa476, 0xa476, 0xa476, 0x9c76, 0x9cf8, 0x6c57, 0x3333, 0x22b1, 0x3b33, 0x7477, 0x3a6f, 
	0x2a2e, 0x19ed, 0x19cd, 0x11ad, 0x11ad, 0x11ad, 0x096c, 0x096c, 0x096c, 0x096c, 0x096c, 0x096c, 0x014c, 0x11ee, 0x1a30, 0x1230, 
	0x1230, 0x1230, 0x1250, 0x122f, 0x1a2f, 0x016c, 0x014b, 0x096b, 0x014b, 0x014b, 0x094b, 0x094b, 0x092b, 0x092b, 0x114b, 0x116b, 
	0x096b, 0x096b, 0x092a, 0x094a, 0x094b, 0x094b, 0x096b, 0x096b, 0x096b, 0x096b, 0x19ed, 0x0109, 0x0109, 0x116a, 0x198b, 0x08e9, 
	0x08e8, 0x08e8, 0x092a, 0x096b, 0x094c, 0x094c, 0x096c, 0x096c, 0x096c, 0x096c, 0x116c, 0x118c, 0x19ad, 0x19ad, 0x21cd, 0x42f1, 
	0x8d19, 0x6c35, 0x5bd4, 0x53d4, 0x53b3, 0x4b93, 0x4b93, 0x4b73, 0x32f1, 0x32d0, 0x32b0, 0x5352, 0x7c76, 0x9cd8, 0xc53a, 0xac76, 
	0x83b3, 0x7393, 0x63b3, 0x7476, 0x53b3, 0x4b52, 0x5393, 0x4b73, 0x4b93, 0x4b93, 0x4b93, 0x4b93, 0x4b93, 0x4b93, 0x4b93, 0x4b93, 
	0x53b4, 0x4b93, 0x4b93, 0x53b4, 0x5394, 0x4b93, 0x4b93, 0x4b73, 0x4b93, 0x4b93, 0x4b93, 0x4b93, 0x4b93, 0x4b93, 0x4b93, 0x4b93, 
	0x4b73, 0x4b94, 0x4b93, 0x4b93, 0x4b93, 0x4b93, 0x4b93, 0x4373, 0x2ad1, 0x228f, 0x2290, 0x2290, 0x2290, 0x228f, 0x228f, 0x228f, 
	0x1a4e, 0x2ad1, 0x3b53, 0x3312, 0x3332, 0x3332, 0x3332, 0x3332, 0x3312, 0x3333, 0x3333, 0x3333, 0x3312, 0x3332, 0x3b32, 0x3332, 
	0x3b32, 0x3b32, 0x3312, 0x2ad1, 0x3b53, 0x4353, 0x4373, 0x4373, 0x4373, 0x4373, 0x4373, 0x4373, 0x4373, 0x4373, 0x4394, 0x3b53, 
	0x3b52, 0x4373, 0x4373, 0x4373, 0x4373, 0x3b53, 0x4373, 0x4373, 0x4373, 0x4373, 0x4374, 0x4374, 0x4374, 0x4373, 0x4373, 0x4374, 
	0x4373, 0x4394, 0x4373, 0x4394, 0x4374, 0x4394, 0x4394, 0x4394, 0x4394, 0x4394, 0x4394, 0x4394, 0x4394, 0x5bb4, 0x8c97, 0xa497, 
	0xcf5f, 0xdfdf, 0xc75f, 0x95b9, 0xcf5e, 0xe7ff, 0xa65c, 0x32d0, 0x32d1, 0x2ad1, 0x32f1, 0x3312, 0x22b0, 0x22d1, 0x22d1, 0x22f1, 
	0x22f1, 0x22f1, 0x22f1, 0x2312, 0x2312, 0x2312, 0x2b33, 0x2b33, 0x2b53, 0x2b53, 0x2b53, 0x2b54, 0x3374, 0x3395, 0x3bb5, 0x5c36, 
	0xa558, 0xbd57, 0xc556, 0xc556, 0xc556, 0xc557, 0xc557, 0xc557, 0xc557, 0xc537, 0xc537, 0xc557, 0xcd99, 0xc599, 0xc599, 0xcdda, 
	0xcdda, 0xcdfb, 0xc5fb, 0xc5fb, 0xc5fb, 0xc5fb, 0xc5da, 0xc5da, 0xc5ba, 0xc5bb, 0xb55a, 0xa4d8, 0x9cb8, 0x9cb8, 0x9cb8, 0x9cb8, 
	0x9cb8, 0xa53a, 0x9cd9, 0x9478, 0x9c98, 0xc57b, 0xcd9c, 0xd57b, 0xeddd, 0xedfd, 0xd59b, 0xbd3a, 0xad19, 0x9d5a, 0x6c57, 0x2af2, 
	0x2291, 0x22b1, 0x22b1, 0x2af3, 0x2b13, 0x2b13, 0x2af3, 0x2b13, 0x2b13, 0x2b13, 0x2b13, 0x2b13, 0x2b13, 0x2b13, 0x3353, 0x2270, 
	0x5bb4, 0xadbb, 0xb57a, 0xbd9a, 0xbd7a, 0xbd7a, 0xbd39, 0xbd39, 0xbd38, 0xbd38, 0xbd38, 0xbd38, 0xbd38, 0xbd38, 0xbd38, 0xbd18, 
	0xbd58, 0xa496, 0x9c35, 0xa476, 0xa476, 0xa476, 0xa476, 0xa496, 0x8c35, 0x8cb8, 0x7497, 0x32f1, 0x2ab0, 0x4b73, 0x63f6, 0x326f, 
	0x220e, 0x19ed, 0x11ad, 0x118c, 0x118c, 0x098c, 0x096c, 0x096c, 0x096c, 0x096c, 0x096c, 0x096c, 0x014c, 0x09ad, 0x1a50, 0x1230, 
	0x1250, 0x1250, 0x1250, 0x1230, 0x1a50, 0x098d, 0x014b, 0x096c, 0x014b, 0x096b, 0x094b, 0x094b, 0x11ac, 0x19ed, 0x222f, 0x224f, 
	0x2a70, 0x224f, 0x11ac, 0x096c, 0x094b, 0x094b, 0x096c, 0x096c, 0x096b, 0x098c, 0x19ed, 0x092a, 0x092a, 0x116b, 0x19cc, 0x092a, 
	0x00c8, 0x08e9, 0x094b, 0x096c, 0x096c, 0x094c, 0x096c, 0x096c, 0x096c, 0x096c, 0x096c, 0x118c, 0x118c, 0x19ad, 0x21ee, 0x2a2e, 
	0x8d18, 0x6c35, 0x4332, 0x4b93, 0x4373, 0x4352, 0x4352, 0x4352, 0x4352, 0x4352, 0x3b32, 0x3af1, 0x63d4, 0x7c15, 0xcd9b, 0xb476, 
	0x8bb3, 0x7bb3, 0x4ad0, 0x6c15, 0x7476, 0x5372, 0x4332, 0x4b73, 0x4b73, 0x4b73, 0x4b73, 0x4b93, 0x4b93, 0x4b94, 0x4b93, 0x4b93, 
	0x4b93, 0x4b93, 0x4b73, 0x4b93, 0x4b93, 0x4b93, 0x4b73, 0x4b73, 0x4b73, 0x4b73, 0x4b73, 0x4b73, 0x4373, 0x4352, 0x4353, 0x4353, 
	0x4353, 0x4b73, 0x4b73, 0x4b73, 0x4b73, 0x4353, 0x4353, 0x4352, 0x32f1, 0x228f, 0x2290, 0x2290, 0x2290, 0x228f, 0x228f, 0x228f, 
	0x1a6f, 0x3312, 0x3b73, 0x3332, 0x3333, 0x3333, 0x3333, 0x3333, 0x3333, 0x3b33, 0x3b53, 0x3b53, 0x3b53, 0x3b53, 0x3b53, 0x3b53, 
	0x3b53, 0x3b33, 0x3332, 0x2af1, 0x3b53, 0x3b53, 0x4373, 0x4373, 0x3b73, 0x3b73, 0x4373, 0x4373, 0x3b73, 0x4373, 0x4374, 0x4353, 
	0x4373, 0x4373, 0x4393, 0x4373, 0x4393, 0x4373, 0x4393, 0x4394, 0x4394, 0x4374, 0x4374, 0x4374, 0x4394, 0x4394, 0x4394, 0x4394, 
	0x4394, 0x4bb4, 0x4394, 0x4394, 0x4394, 0x43b4, 0x4394, 0x43b4, 0x43b4, 0x43b4, 0x43b4, 0x4bb5, 0x4bb5, 0x5bf5, 0x94b7, 0xa497, 
	0xbefd, 0xcf3e, 0xb69c, 0x8d57, 0xbebc, 0xcf7f, 0x9dfb, 0x32cf, 0x32d1, 0x2ab0, 0x2af1, 0x3312, 0x22b0, 0x22d1, 0x22d1, 0x22f1, 
	0x22f1, 0x22f1, 0x2312, 0x2312, 0x2312, 0x2312, 0x2b32, 0x2b53, 0x2b53, 0x2b53, 0x2b53, 0x2b53, 0x2b74, 0x3374, 0x3395, 0x53f5, 
	0xa558, 0xc597, 0xc577, 0xcd77, 0xcd56, 0xc557, 0xc557, 0xc577, 0xc598, 0xc577, 0xc578, 0xbd58, 0xa4b5, 0x9c95, 0x9c95, 0xa4d6, 
	0xa4f7, 0xa4f7, 0xa4f7, 0x9cf7, 0x9cf7, 0x9cf7, 0x9cd7, 0x94b7, 0x9cd7, 0x9cf8, 0x94b7, 0x8c77, 0x8c77, 0x8456, 0x7bf5, 0x7c36, 
	0x8477, 0x8477, 0x8c98, 0x8cb8, 0x8c77, 0xa4f9, 0xad1a, 0xacf9, 0xb51a, 0xbd3a, 0xad19, 0x9cf9, 0x94b8, 0x84b8, 0x53f6, 0x2af2, 
	0x22b1, 0x2af2, 0x22d2, 0x22d2, 0x2af3, 0x2b13, 0x2b13, 0x2b13, 0x2b13, 0x2b13, 0x2b13, 0x2b13, 0x2b13, 0x2b13, 0x3b53, 0x2290, 
	0x5373, 0x8cf9, 0x94f8, 0x94d8, 0xa559, 0xad59, 0xbd59, 0xbd38, 0xbd38, 0xbd38, 0xbd38, 0xc538, 0xbd38, 0xbd38, 0xbd38, 0xbd18, 
	0xc558, 0xa475, 0x9c35, 0xa475, 0xa475, 0xa475, 0xac75, 0xa496, 0x94b7, 0x84b8, 0x4312, 0x120e, 0x1a2e, 0x53d5, 0x5353, 0x2a2f, 
	0x21ee, 0x19cd, 0x11ad, 0x118c, 0x098c, 0x096c, 0x096c, 0x096c, 0x096c, 0x096c, 0x096c, 0x096c, 0x014b, 0x098c, 0x1a50, 0x1250, 
	0x1250, 0x1250, 0x1a50, 0x1a50, 0x1a50, 0x11ee, 0x096c, 0x096b, 0x096b, 0x096b, 0x094b, 0x11ac, 0x11cd, 0x11cd, 0x11ad, 0x09ac, 
	0x09ac, 0x11cd, 0x19cd, 0x118c, 0x094b, 0x094b, 0x096c, 0x096c, 0x014b, 0x11cd, 0x19ed, 0x0109, 0x096b, 0x118b, 0x220d, 0x092a, 
	0x00e9, 0x092a, 0x094b, 0x096c, 0x094c, 0x094c, 0x096c, 0x096c, 0x096c, 0x096c, 0x096c, 0x118d, 0x118c, 0x19ad, 0x21ee, 0x21cc, 
	0x7cb7, 0x6c35, 0x2a6f, 0x32f1, 0x32d0, 0x32d0, 0x32d0, 0x32d1, 0x32d1, 0x32d1, 0x32d1, 0x32d0, 0x32b0, 0x7c56, 0xde1d, 0xb476, 
	0x8bb3, 0x83d4, 0x52f0, 0x42d0, 0x6bf4, 0x6c15, 0x3af0, 0x2a6f, 0x2a6f, 0x226f, 0x226f, 0x2a6f, 0x2a6f, 0x2a6f, 0x226f, 0x226f, 
	0x226f, 0x226f, 0x226f, 0x226f, 0x226f, 0x224f, 0x224f, 0x226f, 0x224f, 0x226f, 0x226f, 0x2a6f, 0x2a8f, 0x226f, 0x226f, 0x2a6f, 
	0x226f, 0x2a6f, 0x2a6f, 0x224f, 0x2a6f, 0x226f, 0x224f, 0x2a90, 0x2ad0, 0x228f, 0x228f, 0x2290, 0x2290, 0x228f, 0x228f, 0x228f, 
	0x1a6f, 0x3312, 0x3b73, 0x3332, 0x3353, 0x3333, 0x3353, 0x3333, 0x3333, 0x3b33, 0x3b53, 0x3b53, 0x3b73, 0x3b53, 0x3b53, 0x3b53, 
	0x3b53, 0x3b53, 0x3333, 0x2af1, 0x3b53, 0x3b53, 0x3b53, 0x3b53, 0x3b73, 0x3b53, 0x3b53, 0x3b53, 0x3b53, 0x4373, 0x4373, 0x4353, 
	0x3b53, 0x4373, 0x4393, 0x4393, 0x4373, 0x4393, 0x4394, 0x4394, 0x4394, 0x4374, 0x4394, 0x4374, 0x4394, 0x4394, 0x4394, 0x4394, 
	0x4bb4, 0x43b4, 0x4394, 0x4394, 0x4394, 0x43b4, 0x43b4, 0x43b4, 0x43b5, 0x43b4, 0x4bb5, 0x4bb5, 0x4bd5, 0x5bf5, 0x9cb7, 0xac97, 
	0xa65b, 0xa67c, 0x9dfa, 0x7cf6, 0x9e1a, 0xb6bd, 0x8d79, 0x32cf, 0x32d0, 0x2ab0, 0x2af1, 0x2b12, 0x22d0, 0x22d1, 0x22d1, 0x22f1, 
	0x22f1, 0x22f1, 0x22f1, 0x2312, 0x2312, 0x2312, 0x2b32, 0x2b33, 0x2b33, 0x2b33, 0x2b53, 0x2b53, 0x2b53, 0x2b54, 0x2b54, 0x4bd4, 
	0xad58, 0xc598, 0xc597, 0xcdb8, 0xcd97, 0xcdb8, 0xbdb8, 0xad16, 0xad37, 0xa537, 0x94d6, 0x7bf3, 0x6b91, 0x6371, 0x5b30, 0x5b30, 
	0x5b30, 0x5310, 0x5b71, 0x63b2, 0x42f0, 0x328e, 0x3aaf, 0x328f, 0x3aaf, 0x3ad0, 0x3ad0, 0x3ad0, 0x3ad0, 0x3ad0, 0x328f, 0x32b0, 
	0x32b0, 0x32b0, 0x3af1, 0x42f1, 0x3af1, 0x42f1, 0x42f1, 0x42f1, 0x42d1, 0x42d1, 0x42f1, 0x42f1, 0x3ad1, 0x32f1, 0x4bd5, 0x2b12, 
	0x1a90, 0x2ad2, 0x22d2, 0x2af2, 0x2af3, 0x2b13, 0x2b13, 0x2b13, 0x2b13, 0x2b13, 0x2b13, 0x2b13, 0x2b13, 0x2b13, 0x3b54, 0x2290, 
	0x32d1, 0x4332, 0x4312, 0x5bd4, 0x7415, 0x8c96, 0xbd79, 0xbd38, 0xc538, 0xc538, 0xc538, 0xbd38, 0xc538, 0xc538, 0xc538, 0xc538, 
	0xc558, 0xac95, 0xa454, 0xa475, 0xa475, 0xac75, 0xac75, 0xa4b6, 0x84d8, 0x5bf5, 0x3b53, 0x3312, 0x3b12, 0x6436, 0x42d1, 0x2a0e, 
	0x21ee, 0x19ad, 0x096c, 0x11ad, 0x096c, 0x096c, 0x096c, 0x096c, 0x096c, 0x096c, 0x096c, 0x096c, 0x014b, 0x016c, 0x120f, 0x1a50, 
	0x1a50, 0x1a50, 0x1a50, 0x1250, 0x1230, 0x1a2f, 0x016c, 0x096b, 0x096b, 0x096b, 0x098d, 0x11ad, 0x094b, 0x094b, 0x094b, 0x094b, 
	0x014b, 0x014b, 0x014b, 0x012a, 0x098c, 0x096c, 0x096b, 0x098c, 0x014b, 0x19ed, 0x118c, 0x010a, 0x118c, 0x19cd, 0x220e, 0x010a, 
	0x116b, 0x096b, 0x094b, 0x094c, 0x094c, 0x096c, 0x096c, 0x096c, 0x096c, 0x096c, 0x096c, 0x118c, 0x118d, 0x11ac, 0x21cd, 0x21cd, 
	0x5b93, 0x7cb7, 0x32d0, 0x2ab0, 0x2a90, 0x2ab0, 0x2ab0, 0x2290, 0x2290, 0x2290, 0x2a90, 0x2a8f, 0x2a8f, 0x7415, 0xc59b, 0xb476, 
	0x8bb3, 0x83d4, 0x52d0, 0x42d0, 0x42d0, 0x6c15, 0x63f5, 0x3ad0, 0x2a6f, 0x2a90, 0x2290, 0x2290, 0x2290, 0x2290, 0x2a90, 0x2a90, 
	0x2290, 0x2290, 0x2290, 0x2290, 0x2a90, 0x2290, 0x2290, 0x2a90, 0x2a90, 0x2a90, 0x2a90, 0x228f, 0x228f, 0x2a8f, 0x226f, 0x2a8f, 
	0x2a8f, 0x2a90, 0x228f, 0x2290, 0x2a90, 0x226f, 0x226f, 0x228f, 0x228f, 0x2290, 0x228f, 0x226f, 0x2290, 0x228f, 0x228f, 0x228f, 
	0x1a6f, 0x3312, 0x3b73, 0x3332, 0x3353, 0x3333, 0x3353, 0x3333, 0x3333, 0x3b33, 0x3b53, 0x3b53, 0x3b53, 0x3b53, 0x3b53, 0x3b53, 
	0x3b53, 0x3b53, 0x3b53, 0x2af1, 0x3b53, 0x3b53, 0x3b73, 0x3b53, 0x3b53, 0x3b53, 0x3b53, 0x4353, 0x4353, 0x3b53, 0x4394, 0x4373, 
	0x3b53, 0x4373, 0x4373, 0x4373, 0x4373, 0x4373, 0x4374, 0x4394, 0x4373, 0x4394, 0x4394, 0x4394, 0x4394, 0x4394, 0x4394, 0x43b4, 
	0x4394, 0x4394, 0x4394, 0x4394, 0x4394, 0x43b4, 0x4394, 0x43b4, 0x43b4, 0x43b4, 0x43b4, 0x43b4, 0x4bb5, 0x63f5, 0x9cb8, 0xacb7, 
	0x8578, 0x8599, 0x7d38, 0x6454, 0x8537, 0x95da, 0x74d7, 0x2aaf, 0x2ad0, 0x2ab0, 0x2af1, 0x2b12, 0x22d0, 0x22d1, 0x22f1, 0x22f1, 
	0x22f1, 0x22f1, 0x2312, 0x2312, 0x2312, 0x2312, 0x2312, 0x2b32, 0x2b33, 0x2b53, 0x2b53, 0x2b53, 0x2b53, 0x2b74, 0x2b53, 0x53f5, 
	0xad99, 0xc5d9, 0xd65b, 0xdebc, 0xbdb8, 0xa4d5, 0x73b1, 0x52ce, 0x4aad, 0x4aad, 0x426d, 0x3a6d, 0x3a8d, 0x3a8e, 0x3a8d, 0x3a8d, 
	0x3a8e, 0x42ef, 0x4b51, 0x328e, 0x220d, 0x224e, 0x226e, 0x226f, 0x226f, 0x226e, 0x226f, 0x226f, 0x226f, 0x226f, 0x2a8f, 0x226f, 
	0x226f, 0x226f, 0x226f, 0x226f, 0x228f, 0x228f, 0x2a90, 0x228f, 0x2a90, 0x2290, 0x2290, 0x2290, 0x2290, 0x22b0, 0x4c16, 0x2b12, 
	0x1a90, 0x22d1, 0x22b1, 0x22d2, 0x2af2, 0x2af3, 0x2af3, 0x2b13, 0x2af3, 0x2b13, 0x2af3, 0x2af3, 0x2b13, 0x2b13, 0x3b53, 0x2290, 
	0x2290, 0x2ab0, 0x4353, 0x4353, 0x4b31, 0x8476, 0xc5ba, 0xbd38, 0xc558, 0xc558, 0xc558, 0xc538, 0xc558, 0xc558, 0xc558, 0xc538, 
	0xc558, 0xac95, 0xa454, 0xac75, 0xac75, 0xac95, 0xac95, 0xa4d7, 0x6415, 0x2af2, 0x2ad2, 0x2ad2, 0x32d1, 0x63f6, 0x3270, 0x220e, 
	0x19cd, 0x19ad, 0x094b, 0x096c, 0x096c, 0x096c, 0x096c, 0x096c, 0x096c, 0x096c, 0x096c, 0x096c, 0x096b, 0x014b, 0x11ce, 0x1a50, 
	0x1a50, 0x1250, 0x1a50, 0x1250, 0x1a50, 0x1a2f, 0x096c, 0x094b, 0x014b, 0x096c, 0x11ad, 0x11ce, 0x096b, 0x094b, 0x094b, 0x094b, 
	0x094b, 0x096b, 0x096b, 0x014b, 0x11ad, 0x11ad, 0x014b, 0x096b, 0x096c, 0x11ac, 0x094b, 0x096c, 0x11ad, 0x222f, 0x098c, 0x096c, 
	0x19cd, 0x012b, 0x096c, 0x094c, 0x094c, 0x096c, 0x094c, 0x014c, 0x096c, 0x096c, 0x096c, 0x118d, 0x118d, 0x11ad, 0x19cd, 0x2a0e, 
	0x322d, 0x7cb7, 0x4332, 0x226f, 0x2ab0, 0x2ab0, 0x2ab0, 0x2ab0, 0x2290, 0x2290, 0x2a90, 0x2a90, 0x2a90, 0x6bd4, 0xbd19, 0xac56, 
	0x8b93, 0x7bb3, 0x52d0, 0x4af0, 0x42af, 0x4b10, 0x6c15, 0x5393, 0x2a90, 0x226f, 0x2290, 0x2290, 0x2270, 0x2290, 0x2290, 0x2290, 
	0x2290, 0x2290, 0x2290, 0x2290, 0x2270, 0x2270, 0x2270, 0x2270, 0x2290, 0x2290, 0x226f, 0x32f1, 0x32d0, 0x32d0, 0x32b0, 0x2ab0, 
	0x2ab0, 0x2290, 0x2290, 0x2ab0, 0x2ab0, 0x2ab0, 0x2ad1, 0x2ad0, 0x2ab0, 0x228f, 0x228f, 0x2290, 0x1a6f, 0x1a6f, 0x1a6f, 0x228f, 
	0x1a6f, 0x3311, 0x3b73, 0x3332, 0x3353, 0x3353, 0x3353, 0x3b53, 0x3b53, 0x3b53, 0x3b73, 0x3b73, 0x3b53, 0x3b53, 0x3b53, 0x3b53, 
	0x3b53, 0x3b53, 0x3b53, 0x3312, 0x3b53, 0x3b53, 0x3b53, 0x3b53, 0x3b53, 0x3b53, 0x3b33, 0x3b33, 0x3b53, 0x3b53, 0x4373, 0x3b53, 
	0x3b53, 0x4373, 0x4373, 0x4373, 0x4373, 0x4393, 0x4374, 0x4374, 0x4373, 0x4373, 0x4394, 0x4394, 0x4394, 0x4394, 0x4374, 0x4394, 
	0x4394, 0x4394, 0x4394, 0x4394, 0x4394, 0x43b4, 0x4394, 0x43b4, 0x43b4, 0x43b4, 0x43b4, 0x4bb4, 0x43b4, 0x5bd5, 0x9cd8, 0xacb7, 
	0x6cd6, 0x74d7, 0x6c96, 0x53d3, 0x6c95, 0x7d18, 0x6455, 0x2aaf, 0x2ab0, 0x2ab0, 0x2ad1, 0x3312, 0x22d1, 0x2af1, 0x22d1, 0x22f1, 
	0x22f1, 0x22f1, 0x2b12, 0x22f2, 0x2b12, 0x2b12, 0x2b12, 0x2b12, 0x2b32, 0x2b33, 0x2b33, 0x2b33, 0x2b53, 0x2b53, 0x2b53, 0x53d4, 
	0xa599, 0xbdd9, 0xbdf9, 0x94b5, 0x6350, 0x5b0f, 0x4aad, 0x4aae, 0x428d, 0x428d, 0x428d, 0x3a6d, 0x428d, 0x426d, 0x3a4d, 0x3a4d, 
	0x3a8d, 0x220c, 0x11ab, 0x222d, 0x32af, 0x328f, 0x32af, 0x32af, 0x32af, 0x32af, 0x32af, 0x32af, 0x32af, 0x32b0, 0x32b0, 0x32d0, 
	0x32d0, 0x32d0, 0x32d0, 0x32d0, 0x32d0, 0x32d0, 0x32d0, 0x32d0, 0x32d0, 0x32d0, 0x32d0, 0x32f1, 0x32f1, 0x32f1, 0x4bd5, 0x2b12, 
	0x1a90, 0x22d1, 0x22b1, 0x2ad1, 0x2af2, 0x2af2, 0x2af2, 0x2af2, 0x2af3, 0x2af3, 0x2af3, 0x2af2, 0x2af2, 0x2af2, 0x3312, 0x226f, 
	0x2ad0, 0x4b93, 0x4332, 0x32d0, 0x42d0, 0x8c96, 0xc5da, 0xc599, 0xc599, 0xc599, 0xc599, 0xc579, 0xc579, 0xc579, 0xc579, 0xc558, 
	0xcd78, 0xac95, 0xa433, 0xac74, 0xac74, 0xac95, 0xac95, 0x9cb7, 0x5bd5, 0x2ad2, 0x22b2, 0x22b1, 0x32d1, 0x5374, 0x2a2f, 0x21ee, 
	0x19cd, 0x11ad, 0x116c, 0x092b, 0x096c, 0x096c, 0x096c, 0x096c, 0x096c, 0x096c, 0x096c, 0x094c, 0x096c, 0x014b, 0x09ad, 0x1a50, 
	0x1a50, 0x1250, 0x1250, 0x1a50, 0x1a50, 0x1a2f, 0x09ad, 0x098c, 0x09ac, 0x09ad, 0x120e, 0x120e, 0x09ad, 0x098c, 0x098c, 0x098c, 
	0x098c, 0x098c, 0x098c, 0x016c, 0x11ce, 0x11ee, 0x098c, 0x014b, 0x014b, 0x098c, 0x11ad, 0x1a0e, 0x1a50, 0x1a2f, 0x11ee, 0x1a2e, 
	0x096b, 0x094b, 0x094c, 0x094c, 0x096c, 0x094c, 0x096c, 0x096c, 0x096c, 0x094c, 0x096c, 0x096c, 0x118c, 0x11ad, 0x19ad, 0x21ed, 
	0x2a0d, 0x63f5, 0x4311, 0x2a6f, 0x2a90, 0x2a90, 0x2ab0, 0x2290, 0x2290, 0x2290, 0x2a90, 0x2a90, 0x2a90, 0x63b3, 0xc55a, 0xb476, 
	0x8b93, 0x7b93, 0x52d0, 0x42cf, 0x42d0, 0x42af, 0x4b31, 0x63f4, 0x4b73, 0x2a6f, 0x224f, 0x226f, 0x1a4f, 0x226f, 0x226f, 0x226f, 
	0x226f, 0x226f, 0x226f, 0x226f, 0x226f, 0x226f, 0x226f, 0x226f, 0x226f, 0x226f, 0x1a4e, 0x4352, 0x3b11, 0x2a8f, 0x2a90, 0x2ab0, 
	0x2290, 0x2290, 0x2290, 0x2290, 0x2290, 0x2290, 0x228f, 0x226f, 0x2ad0, 0x22b0, 0x1a6f, 0x1a8f, 0x22b0, 0x1a6f, 0x1a6f, 0x228f, 
	0x1a6f, 0x3312, 0x3b73, 0x3332, 0x3332, 0x3353, 0x3353, 0x3353, 0x3b53, 0x3b53, 0x3b53, 0x3b73, 0x3b73, 0x3b73, 0x3b73, 0x3b73, 
	0x3b73, 0x3b73, 0x3b53, 0x2b12, 0x3b53, 0x3b33, 0x3b53, 0x3b53, 0x3b53, 0x3b53, 0x3b53, 0x3b53, 0x3b53, 0x3b53, 0x4373, 0x4353, 
	0x3b53, 0x4373, 0x4373, 0x4373, 0x4373, 0x4373, 0x4373, 0x4373, 0x4373, 0x4373, 0x4394, 0x4374, 0x4374, 0x4374, 0x4374, 0x4394, 
	0x4394, 0x4394, 0x4394, 0x4394, 0x4394, 0x43b4, 0x43b4, 0x43b4, 0x43b4, 0x43b5, 0x4bb4, 0x4bb4, 0x4bb4, 0x63f5, 0xa4d8, 0xacb7, 
	0x53f4, 0x5c14, 0x53d3, 0x4351, 0x5bf4, 0x6455, 0x4bb3, 0x2a8f, 0x2ad0, 0x2ab0, 0x2ad1, 0x2b11, 0x2af1, 0x2af1, 0x2af1, 0x2af1, 
	0x22d1, 0x22f1, 0x22f1, 0x2af2, 0x2af2, 0x2b12, 0x2b12, 0x2b12, 0x2b32, 0x2b32, 0x2b32, 0x2b33, 0x2b53, 0x2b53, 0x2b32, 0x5415, 
	0x8cd6, 0x6b90, 0x42ae, 0x42ae, 0x3aae, 0x42ae, 0x42cf, 0x42cf, 0x42ce, 0x42ce, 0x42ae, 0x324d, 0x3a8d, 0x324d, 0x2a0b, 0x21eb, 
	0x118a, 0x19eb, 0x1a0d, 0x2a8f, 0x3b11, 0x32d0, 0x3ad0, 0x3af0, 0x3af0, 0x3ad0, 0x3af0, 0x3af0, 0x3af0, 0x3af0, 0x3af0, 0x3af0, 
	0x3af0, 0x3af0, 0x3af1, 0x3b11, 0x3b11, 0x3b11, 0x3b11, 0x3b11, 0x3b11, 0x3b11, 0x3b11, 0x3b11, 0x3b32, 0x32f1, 0x2ad0, 0x22b0, 
	0x2290, 0x22b0, 0x2290, 0x22b1, 0x2ad1, 0x2ad1, 0x2ad1, 0x2ad2, 0x2af2, 0x2af2, 0x2b12, 0x2b12, 0x2af2, 0x3312, 0x3b33, 0x3b12, 
	0x4373, 0x3b11, 0x32d0, 0x32af, 0x42d0, 0x84b7, 0xc63c, 0xc61b, 0xc61b, 0xc5ba, 0xbd99, 0xbd99, 0xc5b9, 0xcdfa, 0xcdfa, 0xc5d9, 
	0xcdb9, 0xb4b5, 0xac53, 0xac74, 0xac74, 0xac75, 0xa495, 0x73b3, 0x4b73, 0x2af2, 0x22d2, 0x22b2, 0x4b74, 0x42f1, 0x2a0e, 0x21ee, 
	0x19cd, 0x118d, 0x118c, 0x092b, 0x094b, 0x096c, 0x096c, 0x096c, 0x096c, 0x096c, 0x094c, 0x094c, 0x096c, 0x014b, 0x016c, 0x1a0f, 
	0x1a50, 0x1250, 0x1a50, 0x122f, 0x122f, 0x1a2f, 0x1a2f, 0x2270, 0x2ab1, 0x2ad1, 0x2ab1, 0x2ab1, 0x2ab1, 0x2ab1, 0x2290, 0x2290, 
	0x2270, 0x224f, 0x224f, 0x1a4f, 0x1a50, 0x1a50, 0x1a2f, 0x11ee, 0x19ee, 0x1a2f, 0x1a2f, 0x122f, 0x1a70, 0x1a70, 0x1a70, 0x1a0e, 
	0x014b, 0x096b, 0x094c, 0x094c, 0x094c, 0x096c, 0x094c, 0x096c, 0x096c, 0x094b, 0x118d, 0x098c, 0x098c, 0x11ad, 0x19ad, 0x21ed, 
	0x2a2e, 0x42f1, 0x5393, 0x2a90, 0x2a90, 0x2a90, 0x2290, 0x2290, 0x2a90, 0x2290, 0x2290, 0x228f, 0x2a90, 0x5b73, 0xbcf8, 0xb456, 
	0x93d3, 0x83b3, 0x4aaf, 0x42cf, 0x42cf, 0x42cf, 0x42af, 0x5372, 0x6415, 0x4b52, 0x2ab0, 0x2ab0, 0x2ab0, 0x2ab0, 0x2ab0, 0x32b0, 
	0x32d0, 0x32b0, 0x32b1, 0x2ad1, 0x2ad0, 0x32d0, 0x32d1, 0x32d1, 0x32d0, 0x32d0, 0x226f, 0x226f, 0x3b11, 0x3b11, 0x2a8f, 0x226f, 
	0x2290, 0x2a90, 0x2a90, 0x2a90, 0x2a90, 0x2290, 0x2290, 0x2290, 0x32f1, 0x22b0, 0x1a6f, 0x1a8f, 0x1a8f, 0x22b0, 0x2290, 0x228f, 
	0x1a6f, 0x3312, 0x3b73, 0x3353, 0x3353, 0x3353, 0x3b73, 0x3b73, 0x3b73, 0x3b73, 0x3b73, 0x3b73, 0x3b73, 0x3b73, 0x3b73, 0x3b73, 
	0x3b73, 0x3b73, 0x3b53, 0x3312, 0x3b53, 0x3b53, 0x3b53, 0x3b53, 0x3b53, 0x3b33, 0x3b53, 0x3b53, 0x3b53, 0x3b33, 0x4353, 0x4353, 
	0x3b53, 0x4373, 0x4373, 0x4373, 0x4373, 0x4373, 0x4373, 0x4373, 0x4373, 0x4373, 0x4374, 0x4374, 0x4394, 0x4374, 0x4394, 0x4394, 
	0x4394, 0x4b94, 0x4394, 0x4b94, 0x43b4, 0x43b4, 0x43b4, 0x43b4, 0x43b4, 0x4bb5, 0x43b4, 0x4bd5, 0x4bb4, 0x63f5, 0xa4d8, 0xb4b7, 
	0x4372, 0x4372, 0x4352, 0x3b11, 0x4331, 0x3b31, 0x32f1, 0x2ab0, 0x2ab0, 0x2ab0, 0x2ad1, 0x2b11, 0x2af1, 0x2af1, 0x22d1, 0x22d1, 
	0x22d1, 0x22d1, 0x22d1, 0x2af1, 0x22f1, 0x2b12, 0x2b12, 0x2b12, 0x2312, 0x2312, 0x2b32, 0x2b33, 0x2b53, 0x3353, 0x2b53, 0x53d4, 
	0x94d6, 0x632f, 0x21eb, 0x19eb, 0x19cb, 0x19cb, 0x11ab, 0x118a, 0x118a, 0x11aa, 0x118a, 0x118a, 0x118a, 0x11cb, 0x19eb, 0x11cb, 
	0x222c, 0x222d, 0x1a2d, 0x226e, 0x2a8f, 0x226e, 0x226e, 0x2a8f, 0x32af, 0x32af, 0x32af, 0x32d0, 0x32d0, 0x32d0, 0x32af, 0x32d0, 
	0x32d0, 0x32d0, 0x32d0, 0x32d0, 0x3af0, 0x32d0, 0x3af1, 0x3af1, 0x3af1, 0x32f1, 0x3af1, 0x32f1, 0x32f1, 0x32f1, 0x32f1, 0x32f1, 
	0x32f1, 0x32f1, 0x32f1, 0x3311, 0x32f1, 0x32f1, 0x3b32, 0x32f1, 0x2290, 0x2ad1, 0x3312, 0x3332, 0x3312, 0x3332, 0x3b53, 0x4373, 
	0x32d0, 0x32af, 0x32d0, 0x3ad0, 0x3ad0, 0x84f8, 0xceff, 0xc6bd, 0xcebd, 0xb5da, 0xb599, 0xb599, 0xbdfa, 0xcebd, 0xcebd, 0xce9d, 
	0xcdb9, 0xb4b5, 0xac54, 0xb474, 0xb454, 0xac95, 0x7bb3, 0x3a8f, 0x4373, 0x2af2, 0x2af2, 0x2291, 0x5bf6, 0x3290, 0x21ee, 0x19cd, 
	0x19ad, 0x118c, 0x118d, 0x094b, 0x094b, 0x096c, 0x096c, 0x096c, 0x096c, 0x094c, 0x094c, 0x094c, 0x096c, 0x096c, 0x012b, 0x11ee, 
	0x1a50, 0x1a4f, 0x122f, 0x122f, 0x1a70, 0x2290, 0x2290, 0x2290, 0x22b0, 0x22b0, 0x22b1, 0x2291, 0x2290, 0x2290, 0x2290, 0x2290, 
	0x2290, 0x1a70, 0x2290, 0x2290, 0x2290, 0x2290, 0x2290, 0x2290, 0x2270, 0x1a50, 0x1a2f, 0x122f, 0x120f, 0x120f, 0x2270, 0x19ee, 
	0x012a, 0x096b, 0x096c, 0x096c, 0x096c, 0x096c, 0x096c, 0x094c, 0x094b, 0x094b, 0x118c, 0x096c, 0x118c, 0x11ad, 0x19ad, 0x21cd, 
	0x2a0e, 0x324f, 0x5bd5, 0x32b0, 0x2a90, 0x2a90, 0x2290, 0x2290, 0x2290, 0x2290, 0x2a90, 0x2a8f, 0x2a8f, 0x5b52, 0xb4b7, 0xb435, 
	0x9bd4, 0x8bb3, 0x52cf, 0x4acf, 0x4acf, 0x4acf, 0x42cf, 0x42cf, 0x5b93, 0x63d4, 0x5393, 0x5393, 0x53b3, 0x53b4, 0x53b4, 0x53b4, 
	0x53b4, 0x53b4, 0x53b4, 0x53b4, 0x53b4, 0x53b4, 0x53b4, 0x53b4, 0x53b4, 0x53d4, 0x32d0, 0x224e, 0x1a4e, 0x32f1, 0x4373, 0x2a90, 
	0x2a90, 0x2a8f, 0x2a8f, 0x2a8f, 0x2a8f, 0x2a8f, 0x226f, 0x226f, 0x2ad0, 0x228f, 0x1a8f, 0x228f, 0x1a6f, 0x1a6f, 0x22b0, 0x2290, 
	0x226f, 0x3312, 0x3b73, 0x3332, 0x3353, 0x3b73, 0x3b93, 0x3b94, 0x3b94, 0x3b94, 0x3b94, 0x4394, 0x3b94, 0x4394, 0x43b4, 0x4394, 
	0x43b4, 0x4394, 0x3b73, 0x3332, 0x3b53, 0x3b53, 0x3b53, 0x3b53, 0x3b53, 0x3b53, 0x3b33, 0x3b32, 0x3b33, 0x3b32, 0x3b53, 0x3b53, 
	0x3b53, 0x4373, 0x4373, 0x4373, 0x4373, 0x4373, 0x4373, 0x4373, 0x4393, 0x4b94, 0x4b94, 0x4b94, 0x4bb4, 0x4b94, 0x4b94, 0x4bb4, 
	0x4b94, 0x4b94, 0x4bb4, 0x4bb4, 0x4b94, 0x4bb4, 0x4394, 0x4394, 0x4394, 0x43b4, 0x43b4, 0x43b4, 0x4bb4, 0x63f5, 0xa4f8, 0xb4d7, 
	0x3b51, 0x3b31, 0x3b31, 0x3b11, 0x32f1, 0x32f0, 0x32d0, 0x2ad0, 0x2ab0, 0x2ab0, 0x2ad1, 0x2af1, 0x22d1, 0x22f1, 0x22d1, 0x22d1, 
	0x22d1, 0x22d1, 0x2af1, 0x2af1, 0x2af1, 0x2af2, 0x22f2, 0x2b12, 0x2b32, 0x2b32, 0x2b32, 0x2b32, 0x2b32, 0x2b33, 0x2b32, 0x4b93, 
	0xad78, 0x8c53, 0x328e, 0x2a8f, 0x2a8e, 0x224d, 0x3af0, 0x4351, 0x4331, 0x3b10, 0x53d3, 0x4b92, 0x2aaf, 0x2a8f, 0x2a6e, 0x3b10, 
	0x5c34, 0x226e, 0x1a2d, 0x226f, 0x228f, 0x224e, 0x2a6f, 0x32d0, 0x3af0, 0x3af0, 0x3af0, 0x3af0, 0x3af0, 0x3af0, 0x3af0, 0x3ad0, 
	0x3af0, 0x3af1, 0x3af1, 0x3af1, 0x3b11, 0x3b11, 0x3b11, 0x3b11, 0x3af1, 0x3b11, 0x3b11, 0x3b11, 0x3b11, 0x3b11, 0x3b11, 0x3b32, 
	0x3b32, 0x3b52, 0x3b52, 0x3b52, 0x3b52, 0x3b52, 0x4373, 0x32f1, 0x32d0, 0x32f1, 0x3311, 0x3312, 0x3332, 0x3312, 0x3332, 0x3b32, 
	0x2aaf, 0x32af, 0x32d0, 0x32b0, 0x3ad0, 0x84f8, 0xc6fe, 0xc6bd, 0xcebd, 0xb5fa, 0xb5ba, 0xb599, 0xb5da, 0xc67c, 0xbe5c, 0xce5c, 
	0xcd99, 0xbcb5, 0xac53, 0xb474, 0xb454, 0xb4d6, 0x5b31, 0x328f, 0x4374, 0x2af2, 0x2af2, 0x32f2, 0x5bd5, 0x324f, 0x21ee, 0x19cd, 
	0x11ad, 0x118d, 0x118c, 0x094c, 0x092b, 0x094b, 0x096c, 0x094c, 0x096c, 0x094c, 0x094c, 0x014c, 0x096c, 0x096b, 0x012b, 0x09ad, 
	0x1a2f, 0x122f, 0x1a4f, 0x1a70, 0x1a70, 0x1a70, 0x1a90, 0x22b1, 0x22d1, 0x22d1, 0x2ad1, 0x22d1, 0x22b1, 0x22b1, 0x22b1, 0x22b1, 
	0x2291, 0x22b1, 0x22b0, 0x1a90, 0x1a90, 0x1a90, 0x1a90, 0x1a90, 0x1a70, 0x1a70, 0x2291, 0x2290, 0x1a4f, 0x1a2f, 0x11ee, 0x098c, 
	0x014b, 0x094b, 0x014b, 0x014c, 0x096c, 0x096c, 0x096c, 0x096c, 0x094b, 0x094b, 0x118c, 0x096c, 0x118c, 0x11ad, 0x11ad, 0x19cd, 
	0x220e, 0x2a2e, 0x5bd4, 0x32b0, 0x2a90, 0x2a90, 0x2290, 0x2290, 0x2290, 0x2a90, 0x2a90, 0x2a90, 0x2a90, 0x5b52, 0xb4d8, 0xb435, 
	0x9bd4, 0x8392, 0x5af0, 0x5b31, 0x4acf, 0x4acf, 0x4acf, 0x4acf, 0x42af, 0x5b92, 0x5bb3, 0x4b52, 0x5373, 0x5393, 0x5393, 0x5393, 
	0x5393, 0x5393, 0x5393, 0x5393, 0x53b3, 0x53b3, 0x53b3, 0x53b3, 0x53b3, 0x53b3, 0x32d0, 0x224e, 0x224f, 0x1a4e, 0x32d0, 0x4b73, 
	0x4352, 0x4b73, 0x4b73, 0x4b52, 0x4352, 0x4352, 0x4352, 0x3b11, 0x2ab0, 0x226f, 0x228f, 0x2290, 0x1a8f, 0x1a6f, 0x1a6f, 0x226f, 
	0x1a6f, 0x3311, 0x3b93, 0x3b93, 0x43b4, 0x43d4, 0x4bf4, 0x43d3, 0x43d3, 0x43b3, 0x43b3, 0x43b3, 0x4bb3, 0x4bb3, 0x43b3, 0x43b3, 
	0x43b3, 0x4393, 0x4393, 0x3b52, 0x3b73, 0x3b53, 0x3b53, 0x3332, 0x3332, 0x3332, 0x3b32, 0x3b32, 0x3b32, 0x3b12, 0x3b53, 0x3b32, 
	0x3b31, 0x4b72, 0x4372, 0x4352, 0x4b72, 0x4b72, 0x4372, 0x4351, 0x4b52, 0x4351, 0x4b72, 0x4b92, 0x5392, 0x5392, 0x5393, 0x5393, 
	0x53b3, 0x53b3, 0x53b3, 0x4bb3, 0x53b3, 0x4bb3, 0x53d5, 0x5416, 0x5416, 0x5416, 0x53f5, 0x53f5, 0x5bd4, 0x6bd4, 0xa4b7, 0xbcd7, 
	0x32f0, 0x32f0, 0x32d0, 0x32d0, 0x32d0, 0x32f0, 0x32d0, 0x2ab0, 0x2ab0, 0x2ab0, 0x2ad1, 0x2af1, 0x22d1, 0x22d1, 0x22d1, 0x22d1, 
	0x22d1, 0x2af1, 0x22d1, 0x2af2, 0x22f1, 0x22f1, 0x2b32, 0x2312, 0x2312, 0x2b32, 0x2312, 0x2b12, 0x2b12, 0x2b32, 0x2b32, 0x4b92, 
	0xa557, 0x8c33, 0x326e, 0x226f, 0x228f, 0x222d, 0x6434, 0x8559, 0x7cf7, 0x6434, 0xae9d, 0x8d9a, 0x4372, 0x226e, 0x226e, 0x4b92, 
	0x6c75, 0x2a6e, 0x1a2d, 0x2a8f, 0x32d0, 0x32d0, 0x32d0, 0x3af0, 0x3af0, 0x3af0, 0x3b11, 0x4311, 0x3af0, 0x3af0, 0x3ad0, 0x3ad0, 
	0x3ad0, 0x3ad0, 0x3ad0, 0x3af1, 0x3af1, 0x3af1, 0x3af1, 0x3af1, 0x3af1, 0x3af1, 0x3af1, 0x3af1, 0x3b11, 0x3b11, 0x3b11, 0x3b11, 
	0x3b11, 0x3b12, 0x3b32, 0x3b32, 0x3b32, 0x4352, 0x4331, 0x2a8f, 0x3af1, 0x3b11, 0x3b32, 0x3b32, 0x3312, 0x3312, 0x3332, 0x3b53, 
	0x32af, 0x32af, 0x32b0, 0x3ad0, 0x42d0, 0x84b7, 0xbe1b, 0xbdfa, 0xbdfa, 0xb579, 0xb558, 0xb558, 0xb578, 0xbdb9, 0xb599, 0xbd99, 
	0xcd78, 0xbcb5, 0xb453, 0xb474, 0xb474, 0xb4d6, 0x5b31, 0x328f, 0x4394, 0x2b12, 0x2ad1, 0x4b94, 0x4b33, 0x2a0e, 0x19cd, 0x19ad, 
	0x118d, 0x118c, 0x096c, 0x116c, 0x092b, 0x092b, 0x096c, 0x096c, 0x096c, 0x094c, 0x014c, 0x014c, 0x014b, 0x014b, 0x014b, 0x098c, 
	0x1a70, 0x1a70, 0x1a70, 0x1a70, 0x1a90, 0x2290, 0x22b1, 0x22b1, 0x2ad1, 0x2ad1, 0x2ad1, 0x2ad1, 0x2ab1, 0x22b1, 0x22b1, 0x22b1, 
	0x22b1, 0x22b1, 0x22b1, 0x1ab0, 0x22b1, 0x22b1, 0x22b1, 0x22b1, 0x2291, 0x2291, 0x22b1, 0x2291, 0x22b1, 0x2290, 0x2270, 0x11cd, 
	0x014b, 0x094b, 0x096c, 0x014b, 0x096c, 0x016c, 0x096c, 0x094b, 0x096b, 0x094b, 0x096c, 0x096c, 0x118c, 0x118d, 0x11ad, 0x19cd, 
	0x21ee, 0x2a2e, 0x5373, 0x42f1, 0x2a90, 0x2ab0, 0x2290, 0x2290, 0x2a90, 0x2a90, 0x2290, 0x2a8f, 0x2a8f, 0x5b72, 0xc518, 0xbc55, 
	0x9bd3, 0x8bb2, 0x5aef, 0x6371, 0x52ef, 0x4acf, 0x4acf, 0x4aef, 0x4acf, 0x4af0, 0x63f4, 0x5bb3, 0x4b52, 0x5393, 0x5393, 0x5393, 
	0x5393, 0x5393, 0x5393, 0x5393, 0x5393, 0x5393, 0x5393, 0x5393, 0x4b73, 0x4b93, 0x3af1, 0x224e, 0x1a4e, 0x1a6f, 0x1a4e, 0x2ab0, 
	0x4b73, 0x53b3, 0x5bd4, 0x5bb4, 0x5bb4, 0x5393, 0x5bb4, 0x4b72, 0x3b11, 0x228f, 0x1a6f, 0x2290, 0x2290, 0x228f, 0x1a8f, 0x228f, 
	0x226f, 0x228f, 0x22d0, 0x22d0, 0x22f1, 0x22af, 0x7517, 0xb71e, 0xaebd, 0xb6dd, 0xb6fe, 0xae9c, 0xa63b, 0xb6dd, 0xb6fe, 0xb6dd, 
	0xa67c, 0x961b, 0x4392, 0x2a8f, 0x3b73, 0x3b73, 0x3b53, 0x3332, 0x3332, 0x3332, 0x3332, 0x3332, 0x3b12, 0x3b32, 0x3b11, 0x6c76, 
	0xb69d, 0xc6fd, 0xc6fd, 0xbebc, 0xb67b, 0xc6dd, 0xc6fd, 0xc6fd, 0xc6dd, 0xc6fd, 0xb65b, 0xc6dd, 0xcf1d, 0xcefd, 0xcefd, 0xcefd, 
	0xae3a, 0xc6fd, 0xc6fe, 0xc6fd, 0xbedd, 0xa63b, 0x6c96, 0x2ab0, 0x3b52, 0x3b32, 0x3b32, 0x4b52, 0x8c97, 0xa4b7, 0xb4b7, 0xbcb7, 
	0x32d0, 0x32d0, 0x32d0, 0x32b0, 0x32d0, 0x32d0, 0x32b0, 0x2ab0, 0x2ab0, 0x2ab0, 0x2ad1, 0x2af1, 0x22d0, 0x22d1, 0x22d1, 0x22d1, 
	0x22d1, 0x22d1, 0x22d1, 0x22d1, 0x2b12, 0x2b12, 0x2b12, 0x2312, 0x2312, 0x2312, 0x2b12, 0x2b12, 0x2b12, 0x2b12, 0x2b12, 0x4b92, 
	0xad57, 0x8c32, 0x326e, 0x226f, 0x228f, 0x224d, 0x53d3, 0x74b6, 0x6434, 0x4b91, 0x8538, 0x74d6, 0x3b31, 0x226e, 0x226e, 0x32cf, 
	0x4b72, 0x224d, 0x1a2d, 0x2a8f, 0x32d0, 0x32f0, 0x3af0, 0x3af0, 0x3b11, 0x3b10, 0x3af0, 0x3af0, 0x4352, 0x53b3, 0x4b73, 0x4331, 
	0x3ad0, 0x3af0, 0x3af1, 0x3af1, 0x3af1, 0x3af1, 0x3af1, 0x32f1, 0x3af1, 0x3af1, 0x3af1, 0x32f1, 0x32f1, 0x3b11, 0x3b11, 0x3b11, 
	0x3b11, 0x3b11, 0x3b11, 0x3b11, 0x3b12, 0x4b93, 0x32b0, 0x328f, 0x3af1, 0x4331, 0x4332, 0x4332, 0x3b12, 0x3b32, 0x3b32, 0x3b32, 
	0x32af, 0x32af, 0x3ad0, 0x3af0, 0x42f0, 0x8496, 0xb579, 0xb557, 0xbd58, 0xbd37, 0xbd37, 0xbd37, 0xbd37, 0xbd58, 0xb558, 0xb537, 
	0xc557, 0xb495, 0xac54, 0xb494, 0xb474, 0xacd6, 0x5b31, 0x2a8f, 0x4394, 0x2af2, 0x2ab1, 0x53d5, 0x3ad1, 0x21ee, 0x19cd, 0x11ad, 
	0x118d, 0x116c, 0x096c, 0x116c, 0x094b, 0x092b, 0x096c, 0x094c, 0x094c, 0x094c, 0x094c, 0x096c, 0x014b, 0x014b, 0x11ad, 0x2a90, 
	0x2290, 0x1a90, 0x2291, 0x2290, 0x22b1, 0x22b1, 0x22b1, 0x22b1, 0x2ad1, 0x2ad1, 0x2ad1, 0x2ad1, 0x2ad1, 0x2ad1, 0x22b1, 0x22b1, 
	0x22d1, 0x22b1, 0x22d1, 0x22d1, 0x22b1, 0x22b1, 0x22b1, 0x22b1, 0x22d1, 0x22b1, 0x22b1, 0x22b1, 0x22b1, 0x22b1, 0x22b1, 0x2ab0, 
	0x1a0e, 0x014b, 0x096c, 0x016c, 0x096c, 0x016c, 0x014b, 0x096c, 0x096b, 0x094b, 0x096c, 0x094c, 0x118c, 0x118d, 0x11ad, 0x19cd, 
	0x21ed, 0x2a2e, 0x3ab0, 0x5bb3, 0x2a8f, 0x2ab0, 0x2ab0, 0x228f, 0x2a90, 0x2a90, 0x2a90, 0x228f, 0x2a8f, 0x5b52, 0xbcd7, 0xbc55, 
	0x9b92, 0x8392, 0x5acf, 0x5310, 0x52ef, 0x4acf, 0x4aef, 0x4acf, 0x4af0, 0x42af, 0x5351, 0x63f4, 0x5372, 0x4b72, 0x5393, 0x5393, 
	0x5393, 0x5393, 0x5393, 0x5393, 0x5393, 0x5393, 0x5393, 0x5373, 0x4b73, 0x4b73, 0x4b73, 0x32f1, 0x1a4e, 0x1a4f, 0x226f, 0x1a4f, 
	0x2a8f, 0x4332, 0x53b3, 0x5bb3, 0x5bd4, 0x5bb3, 0x5bd4, 0x4b52, 0x32f1, 0x3311, 0x228f, 0x1a6f, 0x228f, 0x228f, 0x1a8f, 0x228f, 
	0x228f, 0x2ad0, 0x22f0, 0x22f0, 0x2b11, 0x22cf, 0x7d58, 0xc77f, 0xbefd, 0xbf3e, 0xc77f, 0xbf1e, 0xb6bc, 0xcf7f, 0xcfbf, 0xcf7f, 
	0xb6fd, 0xa65c, 0x4b92, 0x2aaf, 0x3b73, 0x3b73, 0x3b53, 0x3352, 0x3332, 0x3332, 0x3b32, 0x3312, 0x3b12, 0x3b32, 0x3b11, 0x74d7, 
	0xd77f, 0xdfbf, 0xdfbf, 0xdf9f, 0xcf1d, 0xdf9f, 0xe7ff, 0xe7ff, 0xe7df, 0xefff, 0xd73d, 0xe7bf, 0xe7df, 0xe7df, 0xe7df, 0xe7df, 
	0xc6dc, 0xdfbf, 0xdfbf, 0xdfbf, 0xcf7f, 0xae7c, 0x6455, 0x2a6f, 0x3b12, 0x32f2, 0x32f2, 0x5373, 0xa4b7, 0xbcf8, 0xbcb7, 0xc4b7, 
	0x32d0, 0x32b0, 0x32d0, 0x32b0, 0x32b0, 0x32b0, 0x32b0, 0x32b0, 0x2ab0, 0x2ab0, 0x2ad0, 0x2af1, 0x22d1, 0x22b0, 0x22b0, 0x22d1, 
	0x22d0, 0x22d1, 0x22f1, 0x2af1, 0x2af1, 0x2af1, 0x2af1, 0x2af1, 0x22f1, 0x2311, 0x2b12, 0x2b12, 0x2b12, 0x2b12, 0x2af1, 0x4b72, 
	0x9cf6, 0x8412, 0x326e, 0x226f, 0x226e, 0x1a0d, 0x4331, 0x5bd3, 0x4b72, 0x3af0, 0x6434, 0x5c14, 0x32cf, 0x226e, 0x226e, 0x2a6e, 
	0x32cf, 0x222d, 0x1a2d, 0x224e, 0x11ec, 0x11ec, 0x11ec, 0x1a0d, 0x1a2d, 0x19ec, 0x2a4e, 0x4311, 0x5c35, 0x5c15, 0x5c15, 0x5393, 
	0x3ad0, 0x32af, 0x32d0, 0x3af1, 0x32d0, 0x3af1, 0x3af1, 0x3af1, 0x32f1, 0x3af1, 0x3af1, 0x3af1, 0x32f1, 0x32f1, 0x3af1, 0x3af1, 
	0x3b11, 0x32f1, 0x32f1, 0x32f1, 0x4373, 0x53b3, 0x326e, 0x3a8f, 0x4311, 0x4b52, 0x4b32, 0x4b52, 0x4332, 0x4332, 0x3b32, 0x3b32, 
	0x32d0, 0x32cf, 0x4331, 0x4311, 0x4af0, 0x94b7, 0xcdb9, 0xcd78, 0xcd78, 0xd578, 0xd578, 0xcd58, 0xcd77, 0xc578, 0xbd78, 0xbdba, 
	0xbd99, 0xad17, 0xacd6, 0xad17, 0xb4f6, 0xad58, 0x5b52, 0x2a6f, 0x4374, 0x2af2, 0x2ab1, 0x4b94, 0x3290, 0x19cd, 0x19cd, 0x11ad, 
	0x118d, 0x116c, 0x096c, 0x096c, 0x094b, 0x094b, 0x094b, 0x094b, 0x094c, 0x014b, 0x094c, 0x014b, 0x016c, 0x098c, 0x1a4f, 0x2290, 
	0x22b1, 0x22b1, 0x22b1, 0x22b1, 0x22b1, 0x22d1, 0x22b1, 0x2ad1, 0x2ad1, 0x2ad1, 0x2ad1, 0x2ad1, 0x2ad1, 0x2ad1, 0x2ad1, 0x2ad1, 
	0x2ad1, 0x2ad1, 0x2ad1, 0x2ad1, 0x2ad1, 0x2ad1, 0x2ad1, 0x2ad1, 0x2ad1, 0x2ad1, 0x2ad1, 0x2ad1, 0x2ad1, 0x2ab1, 0x22b1, 0x2ab1, 
	0x2ad1, 0x11cd, 0x014b, 0x096c, 0x016c, 0x016c, 0x096c, 0x096c, 0x094b, 0x094b, 0x094c, 0x096c, 0x098c, 0x118d, 0x11ad, 0x19cd, 
	0x19ed, 0x220e, 0x3a8f, 0x6c35, 0x224e, 0x2ab0, 0x2ab0, 0x2ab0, 0x2a90, 0x2a90, 0x228f, 0x2a8f, 0x2a8f, 0x5b52, 0xb496, 0xb435, 
	0x9bb3, 0x8b92, 0x5aef, 0x52cf, 0x52ef, 0x5310, 0x52ef, 0x52ef, 0x4acf, 0x4aef, 0x42af, 0x5b72, 0x63f4, 0x5372, 0x4b52, 0x5393, 
	0x5393, 0x5393, 0x5393, 0x5393, 0x5393, 0x5393, 0x5393, 0x5393, 0x4b73, 0x5373, 0x4b73, 0x4b93, 0x3af1, 0x224e, 0x1a4f, 0x226f, 
	0x224f, 0x226f, 0x4331, 0x53b3, 0x5bb3, 0x5bd4, 0x5bd4, 0x4b73, 0x2ad0, 0x2ad0, 0x2af1, 0x228f, 0x1a4e, 0x1a8f, 0x228f, 0x22af, 
	0x22b0, 0x2b11, 0x2b31, 0x2311, 0x2b52, 0x2b10, 0x7517, 0xaebd, 0xa65b, 0xae9c, 0xb6dd, 0xae7c, 0xa63b, 0xb6fd, 0xbf1e, 0xb6fd, 
	0xa67b, 0x95fa, 0x4372, 0x2ad0, 0x3b93, 0x3b73, 0x3353, 0x3352, 0x3332, 0x3332, 0x3312, 0x3312, 0x3b12, 0x3b12, 0x3b11, 0x6c96, 
	0xb6bd, 0xbedd, 0xbefd, 0xbefd, 0xb69c, 0xc71d, 0xcf5f, 0xd77f, 0xd77f, 0xdf9f, 0xc6dc, 0xcf3e, 0xd77f, 0xcf3e, 0xcf3e, 0xcf3e, 
	0xae5b, 0xc6fe, 0xbefd, 0xbedd, 0xae9c, 0x95da, 0x6435, 0x2a8f, 0x3b32, 0x3332, 0x3312, 0x5b94, 0xa4b8, 0xbcd8, 0xc4d7, 0xc4d7, 
	0x32af, 0x32af, 0x32af, 0x328f, 0x2a8f, 0x32b0, 0x32af, 0x32af, 0x2aaf, 0x2ab0, 0x2ad0, 0x2ad0, 0x22b0, 0x22b0, 0x22b0, 0x22d1, 
	0x2af1, 0x2af1, 0x22f1, 0x2af1, 0x2af1, 0x22f1, 0x2af1, 0x2af1, 0x2af1, 0x2af1, 0x22f1, 0x2af1, 0x2b11, 0x2b11, 0x2af1, 0x4352, 
	0x9d37, 0x8454, 0x2a6e, 0x1a4e, 0x224e, 0x1a0d, 0x224d, 0x2a8e, 0x226e, 0x222d, 0x2aaf, 0x2a8e, 0x1a2e, 0x224e, 0x226e, 0x19ec, 
	0x11ab, 0x19ec, 0x1a2d, 0x1a2d, 0x11ec, 0x11ec, 0x11ed, 0x11cc, 0x1a0d, 0x3b11, 0x5c15, 0x6c76, 0x53d4, 0x4b93, 0x4b93, 0x53d4, 
	0x3af0, 0x2a6e, 0x3ad0, 0x3af1, 0x3af1, 0x3b11, 0x3b11, 0x3b11, 0x3b11, 0x3b11, 0x3b11, 0x3b11, 0x3b11, 0x4332, 0x4332, 0x3b31, 
	0x4332, 0x4b73, 0x4b93, 0x4b93, 0x5bf5, 0x3ad0, 0x3a8e, 0x42cf, 0x4aef, 0x4aef, 0x532f, 0x4aef, 0x4b10, 0x4b31, 0x4331, 0x4332, 
	0x32d0, 0x3af0, 0x3b11, 0x3ad0, 0x4b10, 0x8c76, 0xc558, 0xc516, 0xc516, 0xc516, 0xc516, 0xc517, 0xc537, 0xb537, 0x9cb6, 0x73d3, 
	0x73f3, 0x6bb2, 0x6b92, 0x6b92, 0x6b92, 0x6392, 0x328f, 0x224f, 0x3b73, 0x2ad1, 0x32d1, 0x4b53, 0x2a6f, 0x19cd, 0x19ad, 0x118c, 
	0x116c, 0x116c, 0x096c, 0x096c, 0x096c, 0x094b, 0x094b, 0x096c, 0x094c, 0x096c, 0x096c, 0x016c, 0x016c, 0x11cd, 0x1a70, 0x2290, 
	0x22d1, 0x22b1, 0x22b1, 0x22d1, 0x2ad1, 0x2ad1, 0x2ad1, 0x2ad1, 0x2ad1, 0x2ad1, 0x2ad1, 0x2ad1, 0x2ad1, 0x2ad1, 0x2ab1, 0x2ad1, 
	0x2ad1, 0x2ad1, 0x2ad1, 0x2ad1, 0x2ad1, 0x2ad1, 0x2ad1, 0x2ad1, 0x2ad1, 0x2ad1, 0x2ad1, 0x2ad1, 0x2ad1, 0x2ad1, 0x2ab1, 0x2ad1, 
	0x2af1, 0x1a2f, 0x014b, 0x096c, 0x016c, 0x014c, 0x016c, 0x096c, 0x094b, 0x094b, 0x094c, 0x096c, 0x098c, 0x118d, 0x11ad, 0x19ad, 
	0x19ed, 0x220e, 0x326f, 0x5b93, 0x32d0, 0x2ab0, 0x2aaf, 0x2ab0, 0x2a8f, 0x2a8f, 0x2a8f, 0x2a8f, 0x2a8f, 0x6372, 0xc518, 0xc476, 
	0xa3d3, 0x8bb3, 0x62f0, 0x5b0f, 0x52cf, 0x6371, 0x7c34, 0x5310, 0x4aef, 0x4aef, 0x4aef, 0x42cf, 0x5b93, 0x5bb3, 0x4b52, 0x4b72, 
	0x5393, 0x5393, 0x5393, 0x5393, 0x5393, 0x5393, 0x5393, 0x5393, 0x5393, 0x4b73, 0x4b73, 0x4b73, 0x4b93, 0x3b11, 0x224e, 0x1a4f, 
	0x226f, 0x228f, 0x226f, 0x3b11, 0x5393, 0x53b3, 0x63f4, 0x4b73, 0x2ab0, 0x22b0, 0x22b0, 0x2af0, 0x2ab0, 0x1a6e, 0x1a6f, 0x22af, 
	0x22b0, 0x2b11, 0x2b32, 0x2b32, 0x2b72, 0x2b31, 0x6496, 0x95fb, 0x8db9, 0x95fa, 0x961b, 0x95fa, 0x8dd9, 0x9e3b, 0xa67b, 0x9e3b, 
	0x8db9, 0x7d58, 0x3b51, 0x2ad0, 0x3b93, 0x3b73, 0x3b73, 0x3332, 0x3332, 0x3332, 0x3312, 0x3b12, 0x3b12, 0x3b12, 0x3311, 0x6435, 
	0x9dfa, 0x9e1a, 0x9dfa, 0x9dfa, 0x95b9, 0x9dfa, 0xa63b, 0xae3b, 0xae5b, 0xb67b, 0x9dd9, 0xae3b, 0xa63b, 0xa63a, 0xa61a, 0xa61b, 
	0x8d78, 0x9dda, 0x9dfa, 0x9dda, 0x95ba, 0x8538, 0x5bf4, 0x2a8f, 0x3b12, 0x3312, 0x3312, 0x5373, 0xa4b8, 0xbcd8, 0xbcb7, 0xbcd7, 
	0x3ad0, 0x3ad0, 0x3ad0, 0x3ad0, 0x32d0, 0x32d0, 0x32b0, 0x32d0, 0x32b0, 0x2a8f, 0x2ab0, 0x2ad0, 0x2ad0, 0x22d0, 0x22d1, 0x22d1, 
	0x22d1, 0x22d1, 0x2af1, 0x2af1, 0x2af1, 0x2af1, 0x2af1, 0x2af1, 0x22f1, 0x2af1, 0x2af1, 0x2af1, 0x2af1, 0x2b11, 0x2af1, 0x4393, 
	0x63f4, 0x42cf, 0x224d, 0x1a2e, 0x1a2e, 0x1a2d, 0x11ed, 0x11ec, 0x11ec, 0x1a0d, 0x11ec, 0x11ed, 0x120d, 0x1a4e, 0x2a6f, 0x096a, 
	0x0129, 0x19ec, 0x1a0d, 0x11cc, 0x09ab, 0x11cc, 0x11cc, 0x2a8f, 0x53b3, 0x6456, 0x5c35, 0x4b93, 0x4b73, 0x4b93, 0x4b73, 0x5bf4, 
	0x4b51, 0x3af0, 0x4331, 0x4b52, 0x4b52, 0x4b52, 0x4b52, 0x4b52, 0x4b52, 0x4b52, 0x4b52, 0x4331, 0x4352, 0x4b73, 0x4b52, 0x4b52, 
	0x53b3, 0x6435, 0x6435, 0x6456, 0x4311, 0x328e, 0x42ae, 0x5b2f, 0x8c72, 0x9cb3, 0x8410, 0x9cf4, 0x7c53, 0x5350, 0x4331, 0x4352, 
	0x3af0, 0x3af0, 0x3af0, 0x42f0, 0x4b10, 0x8435, 0xa4d6, 0xac95, 0xacb5, 0xacb5, 0xacb5, 0xacf7, 0xa538, 0x94f8, 0x4b10, 0x19ab, 
	0x220d, 0x1a2d, 0x1a2e, 0x1a2d, 0x1a2d, 0x1a2d, 0x1a2e, 0x1a4f, 0x3353, 0x2ab1, 0x3b12, 0x4312, 0x2a0e, 0x19cd, 0x19ad, 0x118d, 
	0x116c, 0x116c, 0x096c, 0x096c, 0x096c, 0x094b, 0x094b, 0x096c, 0x094c, 0x096c, 0x096c, 0x016c, 0x018c, 0x122f, 0x1a70, 0x22b1, 
	0x2af1, 0x22d1, 0x22b1, 0x2ad1, 0x2ad1, 0x2ad1, 0x2ad1, 0x2ad1, 0x2ad1, 0x2ad1, 0x2ad1, 0x2ad1, 0x2ad1, 0x2ad1, 0x2ad1, 0x2ad1, 
	0x2ad1, 0x2ad1, 0x2ad1, 0x2ad1, 0x2ad1, 0x2ad1, 0x2ad1, 0x2ad1, 0x2ad1, 0x2ad1, 0x2ad1, 0x2ad1, 0x2ad1, 0x2ad1, 0x2ab1, 0x2af1, 
	0x2ab1, 0x1a4f, 0x09ac, 0x014b, 0x016c, 0x016c, 0x016c, 0x014b, 0x096b, 0x092b, 0x096c, 0x096c, 0x096c, 0x118c, 0x118d, 0x11ad, 
	0x19ed, 0x220d, 0x2a2e, 0x4311, 0x53b3, 0x226f, 0x2aaf, 0x2a8f, 0x2a8f, 0x2a8f, 0x2a8f, 0x2a8f, 0x2a8f, 0x6352, 0xc4f8, 0xc475, 
	0xa3d3, 0x93f3, 0x6b10, 0x5b30, 0x5b0f, 0x5b30, 0x8cd6, 0x6391, 0x5310, 0x5310, 0x4acf, 0x4acf, 0x4acf, 0x5b92, 0x5b93, 0x4b52, 
	0x4b72, 0x5393, 0x5373, 0x5393, 0x5393, 0x5393, 0x5373, 0x5393, 0x5393, 0x4b73, 0x4b73, 0x4b73, 0x4b73, 0x4b73, 0x3b32, 0x226f, 
	0x1a4f, 0x226f, 0x226f, 0x226f, 0x32d0, 0x4b73, 0x5bd4, 0x4b72, 0x228f, 0x22b0, 0x2290, 0x228f, 0x22b0, 0x2af0, 0x226f, 0x228f, 
	0x22b0, 0x2b11, 0x2b32, 0x2b32, 0x2b72, 0x2b31, 0x5435, 0x7d59, 0x7518, 0x7d38, 0x7d58, 0x7d38, 0x7d37, 0x8599, 0x8599, 0x8578, 
	0x7517, 0x6cd7, 0x3b31, 0x2ad0, 0x3b93, 0x3b73, 0x3352, 0x3332, 0x3312, 0x3332, 0x3312, 0x3311, 0x32f1, 0x3b11, 0x3b11, 0x6435, 
	0x8d99, 0x95b9, 0x9599, 0x8d79, 0x8d58, 0x9599, 0x95da, 0x95ba, 0x9599, 0x95b9, 0x8517, 0x8d59, 0x8d79, 0x8d58, 0x8558, 0x8d79, 
	0x7cd6, 0x8538, 0x8538, 0x8539, 0x8539, 0x7cf8, 0x5bf4, 0x3af1, 0x4b93, 0x4373, 0x4b94, 0x6c15, 0xad5a, 0xbd5a, 0xc55a, 0xc57a, 
	0x3aaf, 0x32af, 0x3ab0, 0x32af, 0x32af, 0x32b0, 0x32af, 0x32b0, 0x32b0, 0x2aaf, 0x32f1, 0x2ad0, 0x22b0, 0x22b0, 0x22b0, 0x22b0, 
	0x22d0, 0x22b0, 0x22d1, 0x22d1, 0x22d1, 0x22d1, 0x2af1, 0x22d1, 0x2af1, 0x2af1, 0x22f1, 0x22f1, 0x22d1, 0x22d1, 0x2af1, 0x3b72, 
	0x2a6e, 0x19cb, 0x1a0d, 0x1a2d, 0x1a2d, 0x1a0d, 0x1a2e, 0x1a4e, 0x1a4e, 0x1a4e, 0x1a4e, 0x1a4e, 0x1a4e, 0x226f, 0x226e, 0x098b, 
	0x0129, 0x19ec, 0x2a8f, 0x4352, 0x4b93, 0x4372, 0x53b3, 0x6456, 0x6436, 0x4b93, 0x4373, 0x4b93, 0x4b93, 0x4b93, 0x4b93, 0x4b93, 
	0x53d4, 0x4310, 0x328e, 0x328e, 0x3a8e, 0x3a8f, 0x3a8e, 0x326e, 0x3a8e, 0x3a8f, 0x328f, 0x3ad0, 0x3af0, 0x3af1, 0x3af1, 0x3af1, 
	0x4311, 0x4331, 0x4311, 0x4311, 0x328f, 0x3a8e, 0x42ce, 0x634f, 0xbdb7, 0xce37, 0xad33, 0xe6fb, 0xa536, 0x532f, 0x4b31, 0x4b72, 
	0x3af0, 0x3af0, 0x3af0, 0x42f0, 0x4b11, 0x8455, 0xa4b6, 0xacb5, 0xacd5, 0xacd6, 0xacf7, 0xa518, 0x9518, 0x4b72, 0x11cc, 0x11cc, 
	0x122e, 0x124e, 0x124f, 0x124f, 0x124f, 0x1a6f, 0x122e, 0x122e, 0x3332, 0x2ad0, 0x4b53, 0x42f1, 0x21cd, 0x19cd, 0x11ad, 0x118c, 
	0x116c, 0x116c, 0x096c, 0x096c, 0x096c, 0x096c, 0x094b, 0x096c, 0x094c, 0x094c, 0x096c, 0x096c, 0x09ad, 0x1a4f, 0x1a70, 0x22b1, 
	0x2ad1, 0x2ad1, 0x22b1, 0x2ad1, 0x2ad1, 0x2ad1, 0x2ad1, 0x2ad1, 0x2ad1, 0x2ad1, 0x2ad1, 0x2ad1, 0x2ab1, 0x2ad1, 0x2ad1, 0x2ad1, 
	0x2ad1, 0x2ad1, 0x2ad1, 0x2ad1, 0x2ad1, 0x2ad1, 0x2ad1, 0x2ad1, 0x2ad1, 0x2ad1, 0x2ad1, 0x2ad1, 0x2ad1, 0x2ad1, 0x2ad1, 0x2ad1, 
	0x22b1, 0x2270, 0x09ad, 0x014b, 0x096c, 0x016c, 0x016c, 0x096c, 0x094b, 0x092b, 0x096c, 0x096c, 0x096c, 0x118c, 0x11ad, 0x11ad, 
	0x19cd, 0x19ed, 0x222e, 0x3ad0, 0x53b3, 0x226e, 0x2ab0, 0x2a90, 0x2ab0, 0x2a8f, 0x2a8f, 0x2a8f, 0x2a8f, 0x6352, 0xc4d7, 0xc455, 
	0xabf3, 0x9bf3, 0x6b10, 0x6330, 0x6330, 0x52ef, 0x6391, 0x5b71, 0x530f, 0x5330, 0x5310, 0x52f0, 0x4acf, 0x5310, 0x63d3, 0x5b93, 
	0x4b52, 0x5373, 0x5393, 0x5373, 0x5393, 0x5393, 0x5373, 0x5373, 0x5373, 0x5373, 0x5373, 0x4b73, 0x4b73, 0x4b73, 0x4b73, 0x3b32, 
	0x228f, 0x224f, 0x226f, 0x2a8f, 0x2a8f, 0x3af0, 0x53b3, 0x4b52, 0x2ab0, 0x2ad0, 0x2ad0, 0x2290, 0x2a8f, 0x2ad0, 0x32f1, 0x2ab0, 
	0x228f, 0x2af1, 0x2b31, 0x2b31, 0x2b52, 0x2b11, 0x4c14, 0x7518, 0x64b7, 0x64b7, 0x6cb7, 0x6496, 0x6496, 0x7517, 0x7517, 0x74f7, 
	0x6496, 0x5c76, 0x3310, 0x2ad0, 0x3b93, 0x3352, 0x3352, 0x3332, 0x3332, 0x3312, 0x32f1, 0x3b32, 0x53d4, 0x5c15, 0x5c15, 0x6435, 
	0x74b6, 0x74d6, 0x74b7, 0x74b7, 0x74b6, 0x7cf8, 0x7d18, 0x7cf8, 0x7cd7, 0x7cd7, 0x6c96, 0x7496, 0x6c76, 0x6c55, 0x6455, 0x6435, 
	0x6435, 0x74b6, 0x74b7, 0x74b7, 0x74d7, 0x74d7, 0x6c76, 0x53b4, 0x53b4, 0x4bb4, 0x53d4, 0x6c56, 0x9d39, 0xad5a, 0xad5a, 0xad59, 
	0x2a4e, 0x2a4e, 0x2a2e, 0x220d, 0x2a2e, 0x2a2e, 0x222e, 0x328f, 0x32b0, 0x2ab0, 0x32f1, 0x32f1, 0x22b0, 0x22b0, 0x22b0, 0x22b0, 
	0x22b0, 0x22d0, 0x22d0, 0x22d1, 0x22d1, 0x22d1, 0x22d1, 0x22d1, 0x22d1, 0x22d1, 0x22d1, 0x22d1, 0x22d1, 0x22d0, 0x2ad1, 0x3311, 
	0x226e, 0x11cc, 0x120c, 0x120d, 0x120d, 0x1a0d, 0x1a0d, 0x1a2e, 0x1a2e, 0x1a2e, 0x1a2e, 0x1a2e, 0x1a2e, 0x226f, 0x224e, 0x096a, 
	0x11ab, 0x4b72, 0x6435, 0x6456, 0x6456, 0x5c15, 0x5c15, 0x53d4, 0x4373, 0x4373, 0x4b93, 0x4b93, 0x4b93, 0x4b93, 0x4373, 0x4373, 
	0x4b93, 0x4b72, 0x3aaf, 0x324e, 0x326e, 0x324e, 0x322d, 0x2a0c, 0x322d, 0x324d, 0x324e, 0x3ad0, 0x3ad0, 0x3ad0, 0x3af1, 0x3ad0, 
	0x3ad0, 0x3af1, 0x3af0, 0x4331, 0x3ad0, 0x3a8e, 0x4aef, 0x634f, 0xa4f5, 0xb575, 0x9cb3, 0xbdf8, 0x94b4, 0x532f, 0x4b30, 0x4331, 
	0x3af0, 0x3b10, 0x3b10, 0x4310, 0x5331, 0x8435, 0xa495, 0xac94, 0xac94, 0xacd6, 0xa538, 0x9518, 0x5bb3, 0x19ec, 0x11cb, 0x11cc, 
	0x120d, 0x1a2e, 0x124e, 0x124e, 0x1a4f, 0x1a4e, 0x120d, 0x2ad0, 0x53f5, 0x5bf5, 0x5bd5, 0x3ab0, 0x19cd, 0x19cd, 0x118d, 0x118d, 
	0x116c, 0x096c, 0x096c, 0x094c, 0x096c, 0x096c, 0x012b, 0x096c, 0x094c, 0x094c, 0x096c, 0x096c, 0x11ee, 0x1a4f, 0x1a70, 0x2291, 
	0x2af1, 0x2ab1, 0x22b0, 0x2ad1, 0x32f2, 0x32f2, 0x32f1, 0x32f1, 0x32f1, 0x32f1, 0x32f1, 0x32d1, 0x2ad1, 0x2ad1, 0x2ad1, 0x2ab1, 
	0x2ab1, 0x2ad1, 0x2ab1, 0x2ad1, 0x2ad1, 0x2ad1, 0x2ad1, 0x2ad1, 0x2ad1, 0x2ad1, 0x2ad1, 0x2ad1, 0x2ad1, 0x2ad1, 0x2ad1, 0x2ad1, 
	0x22b1, 0x1a50, 0x11ce, 0x096c, 0x096c, 0x014c, 0x096c, 0x094c, 0x092b, 0x092b, 0x094c, 0x094c, 0x096c, 0x118c, 0x118c, 0x11ad, 
	0x19cd, 0x19ed, 0x220e, 0x32b0, 0x4b72, 0x2aaf, 0x2a8f, 0x2ab0, 0x2ab0, 0x228f, 0x2ab0, 0x226f, 0x2a6f, 0x6351, 0xc4d7, 0xc434, 
	0xabd3, 0x9bf3, 0x6b0f, 0x632f, 0x6330, 0x5b0f, 0x5b10, 0x5b30, 0x5b30, 0x5b50, 0x5b30, 0x5310, 0x5310, 0x4acf, 0x5331, 0x63d3, 
	0x5392, 0x4b72, 0x5373, 0x5373, 0x5393, 0x5393, 0x5393, 0x5373, 0x5393, 0x5393, 0x5373, 0x5373, 0x4b73, 0x4b73, 0x4b52, 0x4b73, 
	0x4332, 0x2a8f, 0x32d0, 0x4b73, 0x3b11, 0x3b11, 0x4331, 0x4b72, 0x32f1, 0x32f1, 0x32f1, 0x32d0, 0x32b0, 0x32b0, 0x32d0, 0x4b93, 
	0x3b32, 0x2ab0, 0x2b11, 0x2b32, 0x3352, 0x2b11, 0x43d4, 0x64b7, 0x5c56, 0x5c56, 0x5435, 0x5415, 0x5435, 0x64b7, 0x6cb7, 0x6497, 
	0x5c56, 0x5435, 0x3311, 0x2ad0, 0x3b73, 0x3352, 0x3332, 0x3332, 0x3312, 0x3312, 0x32f1, 0x4353, 0x74d8, 0x7cf8, 0x7497, 0x6435, 
	0x4331, 0x3acf, 0x32af, 0x32af, 0x3af0, 0x53b3, 0x5c14, 0x5bf4, 0x5bf3, 0x5bd3, 0x5bf4, 0x5c14, 0x5bd4, 0x4331, 0x3ad0, 0x2a6e, 
	0x4b72, 0x6435, 0x6c76, 0x6c96, 0x74b7, 0x74d8, 0x7cd8, 0x74b8, 0x5bf4, 0x4331, 0x3ad0, 0x3ad0, 0x63b4, 0x7c97, 0x8cd8, 0x8cf8, 
	0x3aaf, 0x3ad0, 0x3a8f, 0x326e, 0x3aaf, 0x3ab0, 0x328f, 0x2a8f, 0x32b0, 0x2ab0, 0x32f1, 0x32d0, 0x22b0, 0x22b0, 0x22b0, 0x22b0, 
	0x22d0, 0x22b0, 0x2ad1, 0x22d0, 0x22d0, 0x22d0, 0x22d1, 0x22d0, 0x22d0, 0x22d0, 0x22d1, 0x22d1, 0x22d0, 0x22d0, 0x22b0, 0x32f1, 
	0x1a2d, 0x09ab, 0x11ec, 0x11ec, 0x11ed, 0x1a0d, 0x1a2d, 0x1a2d, 0x1a2e, 0x1a2e, 0x1a2e, 0x1a2e, 0x1a4e, 0x224e, 0x226e, 0x2aaf, 
	0x53d4, 0x6456, 0x6476, 0x6476, 0x5c15, 0x4bb3, 0x4373, 0x4373, 0x4393, 0x4b93, 0x4b93, 0x4b93, 0x4393, 0x4b93, 0x4373, 0x4b93, 
	0x4b93, 0x4b72, 0x4311, 0x3aaf, 0x3aaf, 0x3ad0, 0x3a8e, 0x324d, 0x326e, 0x326e, 0x326e, 0x3ad0, 0x3af0, 0x3ad0, 0x3af0, 0x3ad0, 
	0x3ad0, 0x3af1, 0x3af1, 0x4b32, 0x3ad0, 0x3a8e, 0x4b0f, 0x5b2f, 0x7bf1, 0x8c32, 0x7bd0, 0x8c73, 0x7412, 0x5330, 0x4b30, 0x4331, 
	0x3b10, 0x4310, 0x4331, 0x4310, 0x5331, 0x8c75, 0xb4d6, 0xbcb5, 0xb4d5, 0xad17, 0x9518, 0x5bb3, 0x222d, 0x11ec, 0x11cc, 0x11cc, 
	0x120d, 0x120d, 0x122e, 0x122e, 0x122e, 0x122e, 0x226f, 0x53b4, 0x5c15, 0x6456, 0x5bb4, 0x324f, 0x19cd, 0x19ad, 0x118d, 0x116c, 
	0x116c, 0x096c, 0x096c, 0x096c, 0x094c, 0x096c, 0x012b, 0x096c, 0x096c, 0x096c, 0x094c, 0x096c, 0x120f, 0x1a4f, 0x1a70, 0x1a70, 
	0x22b1, 0x2ad1, 0x2ad1, 0x2ab1, 0x2ad1, 0x2ad1, 0x2ad1, 0x2ad1, 0x2ad1, 0x2ad1, 0x2ab1, 0x2ab1, 0x2ad1, 0x2ad1, 0x2ad1, 0x32d1, 
	0x32f2, 0x32f2, 0x32f2, 0x32f2, 0x2af1, 0x2af1, 0x2af1, 0x2ad1, 0x2ad1, 0x2ad1, 0x2ad1, 0x2ab1, 0x2ab1, 0x2ab1, 0x2ad1, 0x2ad2, 
	0x2291, 0x1a50, 0x1a0f, 0x096c, 0x096c, 0x094c, 0x096c, 0x094b, 0x012a, 0x094b, 0x094c, 0x096c, 0x096c, 0x118c, 0x118c, 0x11ad, 
	0x11ad, 0x19ed, 0x220e, 0x2a4e, 0x3b11, 0x3b11, 0x2a8f, 0x2a90, 0x2290, 0x228f, 0x228f, 0x2a8f, 0x2a6f, 0x6352, 0xccf7, 0xc454, 
	0xa3b2, 0x9bf3, 0x6b0f, 0x630f, 0x6350, 0x632f, 0x6350, 0x6351, 0x6391, 0x6bd2, 0x6391, 0x5b30, 0x5330, 0x5310, 0x4acf, 0x5b72, 
	0x63f4, 0x5372, 0x4b52, 0x5373, 0x4b72, 0x4b73, 0x4b72, 0x5373, 0x5393, 0x5373, 0x4b73, 0x4b73, 0x4b73, 0x4b73, 0x4b52, 0x4b73, 
	0x4b73, 0x4b73, 0x4352, 0x5bf5, 0x4b93, 0x3af1, 0x3b11, 0x3b11, 0x3b11, 0x3b11, 0x3b11, 0x3af1, 0x3af1, 0x3af1, 0x3af0, 0x4b73, 
	0x5c36, 0x4bd4, 0x3b52, 0x3b73, 0x3372, 0x3b72, 0x3b72, 0x3b72, 0x3b72, 0x3b72, 0x3b72, 0x3b73, 0x3b73, 0x4393, 0x4393, 0x4393, 
	0x3b72, 0x3b52, 0x3b52, 0x3b32, 0x3b72, 0x3332, 0x3332, 0x3332, 0x3312, 0x3312, 0x32f1, 0x3b32, 0x6435, 0x4b51, 0x6414, 0x6c35, 
	0x6415, 0x4311, 0x328f, 0x2a2e, 0x21ec, 0x220d, 0x2a4e, 0x3af0, 0x53b3, 0x6414, 0x5c14, 0x6414, 0x6415, 0x5bd4, 0x4311, 0x32af, 
	0x222d, 0x222d, 0x328e, 0x4331, 0x6455, 0x6c97, 0x6c76, 0x6c76, 0x6c76, 0x6435, 0x53b4, 0x3af0, 0x2a4e, 0x2a6e, 0x3af0, 0x5373, 
	0x3ab0, 0x3ad0, 0x3a8f, 0x326f, 0x3aaf, 0x3ab0, 0x328f, 0x328f, 0x32b0, 0x2ab0, 0x32d0, 0x2ad0, 0x22b0, 0x2290, 0x22b0, 0x22b0, 
	0x22b0, 0x22b0, 0x22b0, 0x22b0, 0x22b0, 0x22b0, 0x22d0, 0x22b0, 0x22b0, 0x22b0, 0x22b0, 0x22b0, 0x22b0, 0x22b0, 0x22b0, 0x2ad0, 
	0x2aaf, 0x2aaf, 0x2aaf, 0x2ad0, 0x2ad0, 0x32d0, 0x32d0, 0x32d0, 0x32d0, 0x32f0, 0x3af1, 0x3b11, 0x3b31, 0x3b31, 0x4bb3, 0x6456, 
	0x6456, 0x6c77, 0x6476, 0x53f4, 0x4373, 0x4373, 0x4373, 0x4373, 0x4393, 0x4b93, 0x4b93, 0x4b93, 0x4393, 0x4373, 0x4bb4, 0x4b73, 
	0x2a6e, 0x222d, 0x4b72, 0x32af, 0x2a6e, 0x3af0, 0x3af0, 0x3af0, 0x328f, 0x4b72, 0x3af0, 0x3af0, 0x3ad0, 0x3af0, 0x3ad0, 0x3ad0, 
	0x3ad0, 0x3af0, 0x3af0, 0x4b31, 0x3ad0, 0x3a8e, 0x42cf, 0x4aef, 0x5b30, 0x5b50, 0x5b50, 0x5b2f, 0x5350, 0x4b30, 0x4310, 0x4331, 
	0x4310, 0x4331, 0x4331, 0x4b31, 0x5331, 0x9495, 0xd578, 0xcd56, 0xc598, 0xa538, 0x6414, 0x224e, 0x1a0d, 0x11ec, 0x11ac, 0x11ac, 
	0x11ed, 0x120d, 0x120d, 0x1a2e, 0x1a2e, 0x120e, 0x228f, 0x32d1, 0x3af1, 0x6415, 0x4b53, 0x21cd, 0x19cd, 0x19ad, 0x118d, 0x096c, 
	0x096c, 0x096c, 0x096c, 0x096c, 0x094c, 0x096c, 0x012b, 0x096c, 0x094c, 0x096c, 0x094c, 0x098d, 0x120e, 0x1a4f, 0x1a50, 0x1a70, 
	0x2290, 0x1a4f, 0x2270, 0x1a4f, 0x120f, 0x120f, 0x122f, 0x122f, 0x122f, 0x122f, 0x120f, 0x122f, 0x122f, 0x2270, 0x2a90, 0x226f, 
	0x2a70, 0x2270, 0x2270, 0x2290, 0x2290, 0x2a90, 0x2a90, 0x2ab0, 0x2ab1, 0x2ad1, 0x2ad1, 0x2ad2, 0x2ad2, 0x2ad1, 0x2ad1, 0x2291, 
	0x1a70, 0x1a50, 0x1a30, 0x096c, 0x016c, 0x096c, 0x016c, 0x096b, 0x012a, 0x094b, 0x094b, 0x096c, 0x096c, 0x096c, 0x118c, 0x11ad, 
	0x11ad, 0x11cd, 0x1a0e, 0x222e, 0x3b11, 0x4332, 0x226f, 0x2ab0, 0x2ab0, 0x2ab0, 0x2a8f, 0x2a8f, 0x2a8f, 0x6372, 0xcd17, 0xc454, 
	0xa3b2, 0x9bd3, 0x732f, 0x632f, 0x632f, 0x6350, 0x6370, 0x6391, 0x63b1, 0x8cf6, 0x7c54, 0x5b71, 0x5b30, 0x5310, 0x530f, 0x4acf, 
	0x6392, 0x63d4, 0x5372, 0x4b52, 0x4b73, 0x5373, 0x5373, 0x4b73, 0x5373, 0x5373, 0x4b73, 0x4b73, 0x4b93, 0x4b73, 0x4b73, 0x4b52, 
	0x4b52, 0x4b93, 0x4bb4, 0x2ab0, 0x3b11, 0x53d4, 0x53b4, 0x5bb4, 0x5bd4, 0x5bd4, 0x5bd4, 0x5bd4, 0x5bf4, 0x5bd4, 0x53b4, 0x4331, 
	0x3af1, 0x5c15, 0x5c36, 0x3b73, 0x3b73, 0x3352, 0x3352, 0x3352, 0x3352, 0x3352, 0x3332, 0x3332, 0x3352, 0x3352, 0x3b52, 0x3b52, 
	0x3b52, 0x3b52, 0x3b52, 0x3331, 0x3b52, 0x3332, 0x3312, 0x3312, 0x32f1, 0x32f1, 0x32f1, 0x3b11, 0x5393, 0x3acf, 0x3acf, 0x5372, 
	0x6414, 0x6c55, 0x5bb3, 0x3af0, 0x2a4e, 0x19cc, 0x19cc, 0x2a6e, 0x4311, 0x4b52, 0x5bd4, 0x6415, 0x6414, 0x5bf4, 0x6415, 0x5bd4, 
	0x4331, 0x32af, 0x220d, 0x2a6e, 0x4331, 0x53d4, 0x6c76, 0x6c76, 0x6c97, 0x6c97, 0x6c97, 0x6435, 0x4b52, 0x3af0, 0x2a4e, 0x2a6e, 
	0x3ab0, 0x3ad0, 0x3ab0, 0x326f, 0x3ad0, 0x3ad0, 0x32af, 0x328f, 0x32b0, 0x2ab0, 0x32d0, 0x2ab0, 0x228f, 0x2290, 0x2290, 0x2290, 
	0x2290, 0x2290, 0x22b0, 0x22b0, 0x22b0, 0x22b0, 0x22b0, 0x22b0, 0x22b0, 0x22b0, 0x22b0, 0x22b0, 0x22b0, 0x1a90, 0x1a6f, 0x22b0, 
	0x2aaf, 0x2aaf, 0x32d0, 0x32f0, 0x32f0, 0x32f0, 0x32f1, 0x32d0, 0x32d0, 0x32f1, 0x3b11, 0x3b11, 0x3b31, 0x4372, 0x4373, 0x3b52, 
	0x4352, 0x53f5, 0x4b93, 0x4352, 0x4373, 0x4373, 0x4373, 0x4373, 0x4393, 0x4b93, 0x4373, 0x4373, 0x4373, 0x4bb3, 0x3af1, 0x19ec, 
	0x09ab, 0x19ec, 0x32f0, 0x3af0, 0x1a0d, 0x224d, 0x224d, 0x2a6e, 0x4b72, 0x6415, 0x6415, 0x4b52, 0x3af0, 0x42f0, 0x42f0, 0x3af0, 
	0x3af0, 0x3af0, 0x3ad0, 0x4b32, 0x42f0, 0x328e, 0x3aae, 0x4b10, 0x5351, 0x5b51, 0x5b71, 0x5351, 0x5351, 0x4b30, 0x4331, 0x4331, 
	0x4331, 0x4331, 0x4331, 0x4b31, 0x5351, 0x8c75, 0xc557, 0xc557, 0xa538, 0x7435, 0x2a8f, 0x1a2e, 0x1a0d, 0x11cc, 0x1a0d, 0x32b0, 
	0x32d0, 0x32d1, 0x32f1, 0x32f1, 0x32f1, 0x2ab0, 0x1a4e, 0x1a2e, 0x2a6f, 0x5394, 0x4b12, 0x21ad, 0x19cd, 0x11ad, 0x116c, 0x116c, 
	0x096c, 0x096c, 0x096c, 0x094c, 0x094c, 0x096c, 0x012b, 0x116c, 0x094b, 0x096c, 0x014b, 0x11ce, 0x120f, 0x1a2f, 0x1a70, 0x1a50, 
	0x120f, 0x11ee, 0x120f, 0x1a50, 0x1a91, 0x1a91, 0x1a91, 0x1a91, 0x1ab1, 0x1a91, 0x1a71, 0x1a70, 0x1a50, 0x1a70, 0x2a90, 0x1a0e, 
	0x1a0e, 0x1a0e, 0x11ee, 0x122f, 0x1a2f, 0x1a2f, 0x1a4f, 0x1a50, 0x1a70, 0x2270, 0x1a70, 0x1a70, 0x1a70, 0x1a50, 0x1a2f, 0x1a70, 
	0x2291, 0x1a30, 0x1a2f, 0x096c, 0x096c, 0x096c, 0x096b, 0x094b, 0x092a, 0x094b, 0x094b, 0x096c, 0x096c, 0x096c, 0x098c, 0x11ad, 
	0x11ad, 0x11cd, 0x19ed, 0x222e, 0x32d0, 0x4332, 0x2ab0, 0x2ab0, 0x2aaf, 0x2a8f, 0x2a8f, 0x2a8f, 0x2a8f, 0x6351, 0xccf7, 0xc454, 
	0xabf3, 0x9bd3, 0x730f, 0x6b0f, 0x6b2f, 0x6b4f, 0x6b70, 0x6bb1, 0x63b1, 0x8cd6, 0x8cf7, 0x63b1, 0x5b50, 0x5b10, 0x5b0f, 0x530f, 
	0x52ef, 0x6bf4, 0x6c35, 0x5372, 0x4b52, 0x4b73, 0x4b73, 0x4b73, 0x4b73, 0x4b73, 0x4b73, 0x4b72, 0x4b72, 0x4b73, 0x4b73, 0x4b73, 
	0x4b52, 0x4b93, 0x4393, 0x22b0, 0x122e, 0x32f1, 0x53d4, 0x53d4, 0x53d4, 0x53d4, 0x5bd5, 0x53d4, 0x53d4, 0x53d4, 0x53d4, 0x5bf5, 
	0x4352, 0x32d0, 0x4bb4, 0x5436, 0x3b73, 0x3352, 0x3332, 0x3332, 0x3332, 0x3332, 0x3332, 0x3332, 0x3332, 0x3332, 0x3332, 0x3331, 
	0x3331, 0x3331, 0x3331, 0x3311, 0x3b52, 0x3311, 0x32f1, 0x3312, 0x32f1, 0x32f1, 0x32f1, 0x3b11, 0x53b3, 0x3acf, 0x42f0, 0x42d0, 
	0x42cf, 0x5372, 0x5bd4, 0x63f4, 0x5372, 0x3aaf, 0x21ed, 0x19ec, 0x19ed, 0x19cc, 0x3ad0, 0x53b3, 0x5bf4, 0x5bf4, 0x5bf4, 0x5c15, 
	0x6435, 0x6415, 0x4b72, 0x328f, 0x220d, 0x224e, 0x3b11, 0x5bf4, 0x6c56, 0x6456, 0x6456, 0x6c76, 0x6c97, 0x6c76, 0x6415, 0x4332, 
	0x3aaf, 0x3ad0, 0x3aaf, 0x328f, 0x3ab0, 0x3ad0, 0x32af, 0x328f, 0x32b0, 0x32b0, 0x32d0, 0x2ab0, 0x226f, 0x228f, 0x2290, 0x2290, 
	0x2290, 0x2290, 0x2290, 0x2290, 0x2290, 0x22b0, 0x2290, 0x2290, 0x2290, 0x2290, 0x2290, 0x1a70, 0x1a6f, 0x1a6f, 0x1a6f, 0x228f, 
	0x1a4e, 0x120d, 0x1a0d, 0x1a0d, 0x1a0d, 0x1a2e, 0x1a2e, 0x1a2e, 0x1a2e, 0x1a2e, 0x1a4e, 0x1a4e, 0x1a4e, 0x1a4e, 0x1a4e, 0x1a4e, 
	0x1a4e, 0x3332, 0x4bb4, 0x4373, 0x4373, 0x4373, 0x4393, 0x4373, 0x4373, 0x4372, 0x4393, 0x4b93, 0x4b72, 0x222d, 0x098a, 0x118b, 
	0x11ec, 0x120c, 0x226e, 0x4331, 0x2aaf, 0x19ed, 0x2a6e, 0x53b4, 0x5c15, 0x53b3, 0x53d4, 0x6435, 0x4b52, 0x3af0, 0x42f0, 0x3af0, 
	0x3af0, 0x3af0, 0x3ad0, 0x4b52, 0x42f0, 0x328f, 0x3aaf, 0x4b10, 0x5330, 0x5350, 0x5351, 0x5351, 0x4b51, 0x4b31, 0x4310, 0x4331, 
	0x4331, 0x4331, 0x4331, 0x4b51, 0x5351, 0x7c14, 0xa538, 0x9cf7, 0x7455, 0x32af, 0x222e, 0x224e, 0x1a0d, 0x1a2d, 0x3b11, 0x4352, 
	0x4352, 0x4352, 0x4352, 0x4352, 0x4352, 0x3b12, 0x226f, 0x224f, 0x2a8f, 0x5bb4, 0x42d1, 0x21cd, 0x19cd, 0x11ad, 0x118c, 0x116c, 
	0x096c, 0x096c, 0x094c, 0x096c, 0x096c, 0x096c, 0x094b, 0x096c, 0x094b, 0x094b, 0x014c, 0x19ee, 0x1a0f, 0x1a2f, 0x11ee, 0x120f, 
	0x1250, 0x1a71, 0x1a91, 0x1a91, 0x1a91, 0x1a91, 0x1a91, 0x1a91, 0x1a91, 0x1a91, 0x1a91, 0x1a91, 0x1a91, 0x1a70, 0x1a2f, 0x1a0e, 
	0x224f, 0x1a2f, 0x122f, 0x1a91, 0x1a91, 0x1a91, 0x1a91, 0x1a91, 0x1a91, 0x1a91, 0x1a71, 0x1a71, 0x1271, 0x1250, 0x1a50, 0x1230, 
	0x120f, 0x1a2f, 0x1a0f, 0x09ad, 0x016c, 0x096c, 0x096b, 0x094b, 0x092a, 0x094a, 0x094b, 0x096c, 0x096c, 0x096c, 0x098c, 0x118d, 
	0x11ad, 0x11cd, 0x19ed, 0x1a2e, 0x224e, 0x4352, 0x3b11, 0x2a8f, 0x2aaf, 0x2aaf, 0x2a8f, 0x2a8f, 0x328f, 0x6351, 0xccf7, 0xcc55, 
	0xb3f3, 0xa3f3, 0x7b2f, 0x6b2f, 0x6b2f, 0x6b4f, 0x6b70, 0x6bb1, 0x6bb1, 0x7413, 0x7c54, 0x6391, 0x6370, 0x5b30, 0x5b30, 0x5b10, 
	0x5b0f, 0x5b30, 0x7c56, 0x63d4, 0x5372, 0x4b52, 0x4b52, 0x4b73, 0x4b73, 0x4b73, 0x4b72, 0x4b72, 0x4b73, 0x4b73, 0x4b73, 0x4b73, 
	0x4b72, 0x4b73, 0x4373, 0x228f, 0x122e, 0x122e, 0x2ad1, 0x3b53, 0x3b12, 0x3b53, 0x3b53, 0x3b53, 0x3b73, 0x4373, 0x4373, 0x4373, 
	0x4394, 0x3b73, 0x4373, 0x5c57, 0x5c57, 0x3312, 0x3312, 0x2b11, 0x3311, 0x3311, 0x2b11, 0x3311, 0x3311, 0x3311, 0x3311, 0x3311, 
	0x3311, 0x3311, 0x32f1, 0x32f1, 0x3b32, 0x3311, 0x32f1, 0x32f1, 0x32f1, 0x32f1, 0x32f1, 0x3af1, 0x53b3, 0x3aaf, 0x3aaf, 0x42cf, 
	0x42f0, 0x3aaf, 0x42f0, 0x4b31, 0x5bd4, 0x5bb3, 0x4b31, 0x328f, 0x21ed, 0x220d, 0x222e, 0x32af, 0x4b73, 0x4352, 0x3b31, 0x3b11, 
	0x3b11, 0x3b11, 0x3af1, 0x32b0, 0x222e, 0x220d, 0x220d, 0x2a8f, 0x3b11, 0x3b11, 0x3b11, 0x3b11, 0x3b11, 0x3b11, 0x4332, 0x3af1, 
	0x42d0, 0x42f0, 0x3aaf, 0x3a8f, 0x3ad0, 0x3ad0, 0x3ab0, 0x328f, 0x32af, 0x32b0, 0x32d0, 0x2ab0, 0x226f, 0x228f, 0x2290, 0x2290, 
	0x2290, 0x228f, 0x2290, 0x2290, 0x2290, 0x2290, 0x2290, 0x228f, 0x228f, 0x1a6f, 0x1a6f, 0x1a6f, 0x2290, 0x1a6f, 0x1a6f, 0x228f, 
	0x1a2e, 0x1a0d, 0x1a0d, 0x1a0d, 0x1a0d, 0x1a2e, 0x1a2e, 0x1a0e, 0x1a2e, 0x1a4e, 0x1a4e, 0x124e, 0x122e, 0x124e, 0x124e, 0x124f, 
	0x124f, 0x1a8f, 0x4393, 0x4373, 0x4373, 0x4373, 0x4373, 0x4373, 0x4372, 0x4373, 0x4b93, 0x32f0, 0x11ab, 0x096a, 0x118a, 0x11cb, 
	0x11ec, 0x120c, 0x1a2d, 0x32f0, 0x3b31, 0x3af1, 0x6435, 0x5bf5, 0x53b3, 0x4b93, 0x4b93, 0x6415, 0x5bd4, 0x4331, 0x42f0, 0x4310, 
	0x42f0, 0x42f0, 0x42f0, 0x4b52, 0x42f0, 0x328f, 0x3acf, 0x4b30, 0x4b30, 0x5350, 0x5351, 0x5351, 0x4b51, 0x4b31, 0x4331, 0x4331, 
	0x4351, 0x4331, 0x53b3, 0x5392, 0x5372, 0x7c76, 0x9518, 0x7435, 0x32af, 0x1a4e, 0x224e, 0x1a2e, 0x1a2e, 0x3b11, 0x4352, 0x4352, 
	0x4352, 0x4352, 0x4352, 0x4352, 0x4352, 0x32f1, 0x226f, 0x1a4e, 0x32b0, 0x5bb4, 0x324f, 0x21cd, 0x19ad, 0x118c, 0x118c, 0x116c, 
	0x096c, 0x096c, 0x094c, 0x096c, 0x096c, 0x094c, 0x094b, 0x094b, 0x094b, 0x094b, 0x096c, 0x19ee, 0x1a0f, 0x11ef, 0x11ef, 0x1a71, 
	0x1a91, 0x1291, 0x1a91, 0x1a91, 0x1a91, 0x1a91, 0x1a91, 0x1a91, 0x1a91, 0x1a91, 0x1a91, 0x1a91, 0x1a91, 0x1a70, 0x2270, 0x1a4f, 
	0x1a2e, 0x1a4f, 0x1a91, 0x1a91, 0x1a91, 0x1a91, 0x1a92, 0x1ab2, 0x1a92, 0x1a92, 0x1ab2, 0x1a92, 0x1a91, 0x1a91, 0x1a71, 0x1a70, 
	0x120f, 0x11ce, 0x1a0f, 0x09ad, 0x096c, 0x096c, 0x094b, 0x094b, 0x092a, 0x094a, 0x094b, 0x094b, 0x096c, 0x096c, 0x096c, 0x098c, 
	0x11ad, 0x11cd, 0x11ed, 0x1a0e, 0x1a2e, 0x3b11, 0x3af1, 0x2a8f, 0x2aaf, 0x2aaf, 0x2aaf, 0x2a8f, 0x2a6f, 0x6351, 0xccf8, 0xcc55, 
	0xb3f4, 0xa3f3, 0x8350, 0x734f, 0x734f, 0x7370, 0x6b70, 0x6b90, 0x6bb1, 0x6bb1, 0x6b91, 0x6370, 0x6350, 0x6370, 0x6350, 0x6330, 
	0x5b30, 0x5b10, 0x5b71, 0x6c14, 0x5bb3, 0x5393, 0x4b73, 0x5393, 0x5393, 0x5393, 0x5393, 0x5393, 0x5393, 0x5393, 0x5393, 0x5393, 
	0x5393, 0x4b93, 0x3b52, 0x2290, 0x122e, 0x122e, 0x2290, 0x2af2, 0x2290, 0x22b1, 0x22d1, 0x22d1, 0x22d1, 0x2ad1, 0x2ad1, 0x2ad1, 
	0x22d1, 0x2af1, 0x2af1, 0x3b73, 0x5c36, 0x3311, 0x32f1, 0x2af1, 0x2af1, 0x32f1, 0x32f1, 0x3311, 0x32f1, 0x3311, 0x32f1, 0x32f0, 
	0x32f0, 0x32f0, 0x32f1, 0x32d1, 0x3b32, 0x32f1, 0x32d1, 0x32d1, 0x32d1, 0x32d1, 0x32f1, 0x3af1, 0x53b3, 0x3aaf, 0x3a8f, 0x3a8f, 
	0x3a8e, 0x3aaf, 0x3a8f, 0x3aaf, 0x42f0, 0x5392, 0x6414, 0x5bd4, 0x4b32, 0x2a4e, 0x222e, 0x2a6e, 0x328f, 0x2a6f, 0x224e, 0x224e, 
	0x224e, 0x224e, 0x224e, 0x222e, 0x19ed, 0x1a0d, 0x220d, 0x2a4e, 0x328f, 0x224e, 0x222e, 0x224e, 0x224e, 0x224e, 0x224e, 0x2a4e, 
	0x3a8f, 0x3aaf, 0x3a8f, 0x326e, 0x3a8f, 0x3aaf, 0x328f, 0x328f, 0x32b0, 0x32b0, 0x32d0, 0x2ab0, 0x226f, 0x228f, 0x2290, 0x226f, 
	0x228f, 0x228f, 0x228f, 0x228f, 0x228f, 0x228f, 0x226f, 0x1a6f, 0x1a6f, 0x1a6f, 0x228f, 0x228f, 0x1a8f, 0x1a6f, 0x1a6f, 0x228f, 
	0x1a2e, 0x1a0d, 0x1a0d, 0x1a2e, 0x1a2e, 0x1a2e, 0x1a2e, 0x1a4e, 0x1a4e, 0x1a4e, 0x1a4e, 0x1a4e, 0x124e, 0x124f, 0x124e, 0x124f, 
	0x126f, 0x1a6f, 0x2af1, 0x4bd4, 0x4373, 0x4373, 0x4373, 0x4373, 0x4bb3, 0x4352, 0x222d, 0x096a, 0x11ab, 0x11cb, 0x11cb, 0x11cb, 
	0x11ec, 0x1a0d, 0x1a2d, 0x226e, 0x4372, 0x6436, 0x53d4, 0x4b73, 0x4b93, 0x4b93, 0x4b93, 0x53b3, 0x5c15, 0x4b72, 0x4311, 0x4311, 
	0x4311, 0x4311, 0x4311, 0x4b52, 0x4310, 0x3aaf, 0x42ef, 0x4b30, 0x5351, 0x5371, 0x5371, 0x5371, 0x5351, 0x4b51, 0x4b31, 0x4331, 
	0x4351, 0x4b72, 0x4b72, 0x4b92, 0x6414, 0x7cf8, 0x6c76, 0x328f, 0x1a2e, 0x224e, 0x1a2e, 0x222e, 0x32f1, 0x4332, 0x4332, 0x4352, 
	0x4352, 0x4332, 0x4352, 0x4352, 0x4352, 0x32d0, 0x1a4e, 0x1a2e, 0x32b0, 0x5373, 0x2a0e, 0x21cd, 0x19ad, 0x118c, 0x116c, 0x116c, 
	0x096c, 0x096c, 0x096c, 0x096c, 0x096c, 0x096c, 0x094c, 0x094b, 0x096b, 0x014b, 0x098c, 0x11ee, 0x11ee, 0x09ee, 0x1a70, 0x1a91, 
	0x1291, 0x1291, 0x1a91, 0x1a91, 0x1a91, 0x1a91, 0x1a91, 0x1ab2, 0x1ab2, 0x1ab1, 0x1ab1, 0x1ab1, 0x1ab1, 0x1a91, 0x1a70, 0x22b1, 
	0x22b1, 0x22b1, 0x22b2, 0x1ab1, 0x1a91, 0x1a92, 0x1a92, 0x1a92, 0x1a91, 0x1a91, 0x1a91, 0x1a91, 0x1a91, 0x1a91, 0x1a91, 0x1a71, 
	0x1a50, 0x09ce, 0x11ce, 0x11ee, 0x016c, 0x096c, 0x094b, 0x094b, 0x092a, 0x094a, 0x092b, 0x094b, 0x096c, 0x096c, 0x096c, 0x098c, 
	0x11ad, 0x11cd, 0x11cd, 0x1a0d, 0x1a2e, 0x2ab0, 0x3b11, 0x32b0, 0x2aaf, 0x2a8f, 0x2a8f, 0x2a8f, 0x2a8f, 0x5b31, 0xc4f7, 0xcc55, 
	0xb3f3, 0xa3f3, 0x8370, 0x7b6f, 0x7b4f, 0x7b70, 0x8c53, 0x7390, 0x7390, 0x6b70, 0x6b70, 0x6b70, 0x6b90, 0x6bb1, 0x6371, 0x6371, 
	0x6350, 0x6350, 0x5b0f, 0x6392, 0x5b92, 0x5372, 0x5373, 0x4b52, 0x4b52, 0x4352, 0x4b52, 0x4352, 0x4331, 0x4332, 0x4331, 0x4352, 
	0x4b52, 0x3b11, 0x3311, 0x228f, 0x122e, 0x122e, 0x1a90, 0x2af2, 0x22b1, 0x22d1, 0x22b1, 0x22b1, 0x22d1, 0x22d1, 0x22d1, 0x22d1, 
	0x22d1, 0x22d1, 0x2ad1, 0x3b53, 0x5415, 0x3311, 0x32f1, 0x32f1, 0x32f1, 0x32f1, 0x32f1, 0x32f1, 0x32f1, 0x32f1, 0x32f0, 0x32f0, 
	0x32d0, 0x32f0, 0x32d0, 0x32d0, 0x3b12, 0x32f1, 0x32d1, 0x32f1, 0x32f1, 0x32f1, 0x32f1, 0x3af1, 0x5393, 0x3aaf, 0x3a8f, 0x3a8f, 
	0x3a8f, 0x3a8f, 0x3a8f, 0x42d0, 0x42d0, 0x42d0, 0x4b31, 0x63f4, 0x63f4, 0x5bb3, 0x42f1, 0x3ab0, 0x328f, 0x2a6e, 0x2a6f, 0x2a6f, 
	0x2a6e, 0x2a6e, 0x224e, 0x2a4e, 0x220d, 0x21ed, 0x222d, 0x2a6e, 0x32b0, 0x2a4e, 0x2a6f, 0x32b0, 0x32b0, 0x3ad0, 0x32d0, 0x32d0, 
	0x3a8e, 0x3a8e, 0x3a6e, 0x326e, 0x326e, 0x326e, 0x326e, 0x32af, 0x32af, 0x32af, 0x32d0, 0x2a8f, 0x226f, 0x228f, 0x226f, 0x228f, 
	0x228f, 0x228f, 0x226f, 0x226f, 0x226f, 0x1a6f, 0x1a4e, 0x1a4f, 0x1a8f, 0x1a8f, 0x1a6f, 0x1a6f, 0x1a6f, 0x1a6f, 0x1a4f, 0x1a6f, 
	0x1a4e, 0x1a0d, 0x1a2e, 0x222e, 0x1a2e, 0x1a2e, 0x1a4e, 0x1a4e, 0x1a4e, 0x1a4e, 0x1a4e, 0x1a4e, 0x1a6f, 0x1a6f, 0x126f, 0x1a6f, 
	0x1a6f, 0x1a6f, 0x1a8f, 0x4393, 0x4394, 0x4352, 0x4bb3, 0x4b93, 0x32d0, 0x11cc, 0x096a, 0x118a, 0x11cb, 0x11cc, 0x19ec, 0x11cb, 
	0x11ec, 0x11ec, 0x222d, 0x222e, 0x32b0, 0x4bb3, 0x4b93, 0x4b93, 0x4b93, 0x4b93, 0x4b93, 0x4b93, 0x53d4, 0x5bf4, 0x4b52, 0x4331, 
	0x4331, 0x4331, 0x4331, 0x5372, 0x4310, 0x3acf, 0x4310, 0x4b0f, 0x4b0f, 0x532f, 0x534f, 0x4b0f, 0x4b2f, 0x4b30, 0x4330, 0x4331, 
	0x4b71, 0x4b72, 0x4b92, 0x6455, 0x7cf8, 0x6cb7, 0x32d0, 0x1a2d, 0x224e, 0x1a2e, 0x1a2e, 0x32f1, 0x4b73, 0x4373, 0x4372, 0x4b73, 
	0x4b73, 0x4b72, 0x4b72, 0x4b73, 0x4b73, 0x3b32, 0x228f, 0x224e, 0x32b0, 0x5373, 0x21cd, 0x21cd, 0x19ad, 0x118d, 0x116c, 0x116c, 
	0x096c, 0x096c, 0x094c, 0x094c, 0x094c, 0x096c, 0x094c, 0x094b, 0x094b, 0x012a, 0x11ad, 0x1a0e, 0x09ce, 0x120f, 0x1271, 0x1291, 
	0x1291, 0x1a91, 0x1a91, 0x1a91, 0x1ab2, 0x1ab2, 0x1ab2, 0x1ab2, 0x1ab2, 0x22b2, 0x1ab2, 0x1ab1, 0x1ab1, 0x1ab1, 0x22b2, 0x22b2, 
	0x1ab2, 0x1ab2, 0x1ab1, 0x1ab1, 0x1a91, 0x1a92, 0x1a92, 0x1a92, 0x1a92, 0x1a91, 0x1a91, 0x1a91, 0x1a91, 0x1a91, 0x1ab2, 0x1a91, 
	0x1a50, 0x120f, 0x09ad, 0x11ee, 0x096c, 0x096c, 0x094b, 0x094b, 0x092a, 0x094b, 0x094b, 0x094b, 0x014b, 0x096c, 0x096c, 0x098c, 
	0x118d, 0x11ad, 0x11cd, 0x11ed, 0x1a2e, 0x224f, 0x4332, 0x32d0, 0x2aaf, 0x2aaf, 0x2a8f, 0x2a8f, 0x328f, 0x5b11, 0xbcb7, 0xc414, 
	0xb3d3, 0xa3f3, 0x8b90, 0x838f, 0x7b6f, 0x734f, 0x9cd5, 0x7bb1, 0x7370, 0x6b6f, 0x6b70, 0x6b70, 0x73d1, 0x94f6, 0x73f2, 0x6b91, 
	0x6370, 0x6330, 0x6330, 0x5b10, 0x4aef, 0x3a8f, 0x3aaf, 0x32b0, 0x32af, 0x328f, 0x32af, 0x328f, 0x2a8f, 0x328f, 0x2a8f, 0x328f, 
	0x2a8f, 0x2a8f, 0x3b11, 0x22b0, 0x122e, 0x122e, 0x1a70, 0x2af2, 0x22b1, 0x22d1, 0x22d1, 0x22d1, 0x22d1, 0x22d1, 0x22d1, 0x22d1, 
	0x22d1, 0x22d1, 0x22d1, 0x3332, 0x53f5, 0x2ad0, 0x2ab0, 0x2ab0, 0x2ab0, 0x2ad0, 0x2ab0, 0x2ab0, 0x32b0, 0x32b0, 0x2ab0, 0x2ab0, 
	0x2aaf, 0x2aaf, 0x2a8f, 0x2ab0, 0x3b11, 0x32f1, 0x32f1, 0x32f1, 0x32f1, 0x32f1, 0x32f1, 0x3af1, 0x5393, 0x3aaf, 0x3a8f, 0x3aaf, 
	0x3a8f, 0x3aaf, 0x3a8f, 0x3a8f, 0x42f0, 0x3aaf, 0x3acf, 0x42d0, 0x5372, 0x63d4, 0x63f4, 0x5b93, 0x4311, 0x3ab0, 0x2a4e, 0x2a6e, 
	0x2a6f, 0x2a6f, 0x2a6f, 0x2a6f, 0x2a4e, 0x2a4e, 0x2a6f, 0x2a8f, 0x2a6f, 0x3ad0, 0x5bf5, 0x7497, 0x7477, 0x7497, 0x7497, 0x74b8, 
	0x42d0, 0x42d0, 0x42d0, 0x3ad0, 0x3aaf, 0x3ad0, 0x3ad0, 0x3aaf, 0x32af, 0x32b0, 0x32d0, 0x2a8f, 0x226f, 0x226f, 0x1a6f, 0x1a6f, 
	0x1a6f, 0x226f, 0x226f, 0x1a4f, 0x1a4f, 0x1a6f, 0x1a6f, 0x1a8f, 0x1a6f, 0x1a6f, 0x1a6f, 0x1a6f, 0x1a6f, 0x1a4f, 0x1a4f, 0x226f, 
	0x1a4e, 0x1a2d, 0x1a2e, 0x1a2e, 0x224e, 0x224e, 0x224e, 0x1a4e, 0x1a4e, 0x124e, 0x1a4e, 0x126f, 0x1a6f, 0x1a6f, 0x1a6f, 0x1a6f, 
	0x1a6f, 0x1a8f, 0x1a6f, 0x2af1, 0x4bb4, 0x4bb4, 0x3b31, 0x1a2d, 0x098a, 0x11ab, 0x11ec, 0x11cb, 0x11cb, 0x11ec, 0x1a0c, 0x11cc, 
	0x11cc, 0x2aaf, 0x32d0, 0x224e, 0x2a6f, 0x4352, 0x53b4, 0x4b93, 0x4b93, 0x4b93, 0x4b93, 0x53b3, 0x4331, 0x3af0, 0x5392, 0x4b51, 
	0x4331, 0x4b51, 0x4b31, 0x5392, 0x4310, 0x42ef, 0x4b10, 0x63b1, 0xa597, 0xa596, 0x94d3, 0xb619, 0x8cf5, 0x5b70, 0x4b51, 0x4b51, 
	0x4b72, 0x4b72, 0x5bf4, 0x7d19, 0x7d39, 0x4bb3, 0x2ab0, 0x32b0, 0x2ab0, 0x2ab0, 0x3b11, 0x4b93, 0x53b4, 0x53b4, 0x53b4, 0x53b4, 
	0x4bb3, 0x4b93, 0x4b93, 0x4b93, 0x4b93, 0x4b73, 0x3b11, 0x3b11, 0x4b12, 0x4b12, 0x21cd, 0x21cd, 0x19ad, 0x118d, 0x116c, 0x096c, 
	0x096c, 0x096c, 0x096c, 0x096c, 0x096c, 0x094c, 0x094c, 0x092b, 0x116b, 0x092a, 0x11cd, 0x11ce, 0x11ce, 0x1230, 0x1a91, 0x1291, 
	0x1ab1, 0x1ab1, 0x1a91, 0x1ab2, 0x1ab2, 0x1ab2, 0x22b2, 0x1ab2, 0x1ab2, 0x1ab2, 0x1ab1, 0x1ab1, 0x1ab2, 0x1ab1, 0x22b2, 0x1ab1, 
	0x1ab1, 0x1ab2, 0x1ab2, 0x1ab1, 0x1291, 0x1a91, 0x1a91, 0x1a91, 0x1a92, 0x1ab2, 0x1a91, 0x1a91, 0x1ab2, 0x1ab2, 0x22d2, 0x22b2, 
	0x1250, 0x1230, 0x09ad, 0x11ee, 0x096c, 0x096b, 0x094b, 0x094b, 0x092a, 0x092a, 0x094b, 0x094b, 0x096c, 0x096c, 0x096c, 0x096c, 
	0x118d, 0x11ad, 0x11cd, 0x11ed, 0x120e, 0x1a2e, 0x4352, 0x32f1, 0x2ab0, 0x2aaf, 0x2aaf, 0x2a8f, 0x328f, 0x5af0, 0xb476, 0xbc14, 
	0xabd3, 0xabf3, 0x8b90, 0x838f, 0x838f, 0x7b6f, 0x83d1, 0x7b90, 0x734f, 0x736f, 0x7370, 0x7370, 0x73d1, 0xa557, 0x9d17, 0x6bb1, 
	0x6b70, 0x6350, 0x632f, 0x6350, 0x4aef, 0x326e, 0x326e, 0x2a6f, 0x2a6f, 0x2a6f, 0x2a6f, 0x2a8f, 0x2a6f, 0x2a6f, 0x2a6f, 0x2a8f, 
	0x2a8f, 0x2a8f, 0x3311, 0x22b0, 0x122e, 0x122e, 0x2290, 0x2af2, 0x1ab1, 0x22d1, 0x22d1, 0x22d1, 0x22d1, 0x22d1, 0x22d1, 0x22d1, 
	0x22d1, 0x22d1, 0x22d1, 0x3332, 0x4bb4, 0x1a2d, 0x1a0d, 0x224e, 0x224e, 0x224e, 0x2a4f, 0x224e, 0x2a4e, 0x2a6f, 0x2a4e, 0x2a4e, 
	0x2a4e, 0x2a4e, 0x220d, 0x2a6f, 0x3b11, 0x32f1, 0x32f1, 0x32f1, 0x32f1, 0x32f1, 0x32f1, 0x3af1, 0x5393, 0x3aaf, 0x3a8f, 0x3a8f, 
	0x3aaf, 0x3a8f, 0x3aaf, 0x3aaf, 0x3a8f, 0x3aaf, 0x3aaf, 0x42d0, 0x3aaf, 0x42f0, 0x5b73, 0x63d4, 0x63f4, 0x5372, 0x42f1, 0x2a4e, 
	0x222d, 0x2a4e, 0x2a4e, 0x2a4e, 0x2a4e, 0x2a4e, 0x2a6f, 0x2a6f, 0x224e, 0x3af1, 0x4311, 0x5393, 0x7456, 0x7497, 0x7c97, 0x7c98, 
	0x42cf, 0x3acf, 0x42d0, 0x3aaf, 0x3aaf, 0x3aaf, 0x3aaf, 0x3aaf, 0x3aaf, 0x32af, 0x32d0, 0x2a8f, 0x226f, 0x226f, 0x1a6f, 0x226f, 
	0x1a6f, 0x1a6f, 0x1a4f, 0x226f, 0x226f, 0x226f, 0x1a6f, 0x1a6f, 0x1a6f, 0x1a6f, 0x1a6f, 0x1a6f, 0x124f, 0x124f, 0x124f, 0x1a6f, 
	0x224e, 0x1a2e, 0x1a2e, 0x224e, 0x224e, 0x1a4e, 0x1a4e, 0x1a4e, 0x1a4e, 0x1a6f, 0x1a6f, 0x1a6f, 0x1a6f, 0x1a6f, 0x1a8f, 0x1a8f, 
	0x1a8f, 0x1a8f, 0x1a6f, 0x1a6f, 0x3b32, 0x2ad0, 0x11cc, 0x096a, 0x11cb, 0x11cc, 0x11cc, 0x11cc, 0x11ec, 0x11ec, 0x11ec, 0x1a2d, 
	0x4372, 0x4bb3, 0x3b31, 0x2a6f, 0x224e, 0x32b0, 0x4352, 0x4b93, 0x4b93, 0x4b93, 0x4b93, 0x3af0, 0x220d, 0x2a6e, 0x4331, 0x4b72, 
	0x4b51, 0x4b51, 0x4b51, 0x5392, 0x4b31, 0x4310, 0x5350, 0x6c12, 0xb618, 0xc659, 0xa555, 0xd6db, 0xa577, 0x63b1, 0x5371, 0x4b71, 
	0x5392, 0x4b92, 0x4b93, 0x4372, 0x4352, 0x3b11, 0x3b11, 0x3b11, 0x32f1, 0x32f1, 0x3af1, 0x3af1, 0x3af1, 0x32f0, 0x32f0, 0x32f0, 
	0x32d0, 0x32d0, 0x32d0, 0x32d0, 0x3af1, 0x32f0, 0x32f1, 0x4311, 0x5b73, 0x3a6f, 0x29ed, 0x21cd, 0x198d, 0x118d, 0x118c, 0x096c, 
	0x096c, 0x096c, 0x096c, 0x096c, 0x096c, 0x094c, 0x094b, 0x012a, 0x094b, 0x092b, 0x11ad, 0x09ad, 0x11ef, 0x1230, 0x1a71, 0x1291, 
	0x1ab1, 0x1ab2, 0x1ab1, 0x1ab1, 0x22d2, 0x1ab2, 0x22b2, 0x22b2, 0x1ab2, 0x22d2, 0x1ab1, 0x1ab1, 0x1ab1, 0x1ab2, 0x22b2, 0x22b2, 
	0x1ab2, 0x1ab2, 0x1ab2, 0x1ab1, 0x1ab1, 0x1a91, 0x1a91, 0x1a91, 0x1a91, 0x1ab1, 0x1a91, 0x1a91, 0x22b2, 0x22b2, 0x22b2, 0x1a91, 
	0x1230, 0x1210, 0x120f, 0x11ad, 0x096c, 0x096c, 0x094b, 0x094b, 0x092a, 0x094a, 0x094b, 0x094b, 0x096c, 0x096c, 0x096c, 0x096c, 
	0x118c, 0x11ad, 0x11cd, 0x11cd, 0x11ee, 0x120e, 0x2ad0, 0x4352, 0x32d0, 0x2aaf, 0x2ab0, 0x32af, 0x328f, 0x5af0, 0xbcb7, 0xc455, 
	0xabd3, 0xabf3, 0x9390, 0x8b8f, 0x8bb0, 0x838f, 0x7b70, 0x7b70, 0x7b4f, 0x7b70, 0x7b70, 0x7390, 0x7390, 0x8433, 0x9cf6, 0x7c12, 
	0x6b70, 0x6b50, 0x6b2f, 0x6b50, 0x5b50, 0x42af, 0x328f, 0x328f, 0x328f, 0x328f, 0x328f, 0x2a8f, 0x2a8f, 0x2a90, 0x32b0, 0x32b0, 
	0x32d0, 0x2ab0, 0x32f1, 0x226f, 0x122e, 0x122e, 0x2290, 0x3312, 0x22b1, 0x22d1, 0x22d1, 0x22b1, 0x22d1, 0x22d1, 0x22d1, 0x22d1, 
	0x22d1, 0x22d1, 0x22d1, 0x3332, 0x4bb4, 0x222d, 0x220d, 0x2a6e, 0x2a4e, 0x2a6f, 0x2a6f, 0x2a4e, 0x2a4e, 0x2a6f, 0x2a4e, 0x2a4e, 
	0x2a4e, 0x2a2e, 0x21ed, 0x2a4e, 0x3b11, 0x32f1, 0x32d1, 0x32f1, 0x32f1, 0x32f1, 0x32f1, 0x3af1, 0x5392, 0x3aaf, 0x3a8f, 0x3a8f, 
	0x3aaf, 0x3aaf, 0x3aaf, 0x3aaf, 0x3aaf, 0x3a8f, 0x3a8f, 0x3aaf, 0x3aaf, 0x3aaf, 0x3aaf, 0x4b11, 0x5372, 0x63d4, 0x5bb3, 0x5393, 
	0x42f0, 0x2a4e, 0x222e, 0x222e, 0x222e, 0x222e, 0x222e, 0x2a4e, 0x222e, 0x32af, 0x220d, 0x220d, 0x328f, 0x5372, 0x63f5, 0x6c16, 
	0x42cf, 0x42cf, 0x42cf, 0x3aaf, 0x3aaf, 0x3aaf, 0x3aaf, 0x3aaf, 0x3aaf, 0x3aaf, 0x3af0, 0x2aaf, 0x226f, 0x226f, 0x1a6f, 0x226f, 
	0x1a4f, 0x1a6f, 0x226f, 0x226f, 0x226f, 0x1a6f, 0x1a6f, 0x1a6f, 0x1a6f, 0x1a6f, 0x1a6f, 0x124f, 0x124f, 0x124f, 0x122e, 0x1a6f, 
	0x1a4e, 0x1a2e, 0x1a2e, 0x1a2e, 0x224e, 0x1a2e, 0x1a4e, 0x1a4e, 0x1a4e, 0x1a4e, 0x1a6f, 0x1a6f, 0x1a6f, 0x1a8f, 0x228f, 0x228f, 
	0x228f, 0x1a6f, 0x1a8f, 0x1a6f, 0x2ad0, 0x1a4e, 0x11cc, 0x11cc, 0x11cb, 0x11cc, 0x11ec, 0x1a2d, 0x11cb, 0x11ec, 0x32d0, 0x4bb4, 
	0x4bb3, 0x4b93, 0x4352, 0x32f0, 0x2a8f, 0x226e, 0x32b0, 0x4b72, 0x4b93, 0x4b72, 0x328f, 0x19ec, 0x222d, 0x224d, 0x32af, 0x4b52, 
	0x4b72, 0x4b72, 0x4b71, 0x5bb2, 0x4b31, 0x4b10, 0x5b91, 0x6bf2, 0x94f5, 0xa556, 0x8cb3, 0x9d57, 0x84b4, 0x5bb1, 0x5391, 0x5392, 
	0x53b3, 0x53b3, 0x4b72, 0x32d0, 0x2ad0, 0x32d0, 0x2ad0, 0x32d0, 0x2ab0, 0x2ab0, 0x2ab0, 0x2a90, 0x2ab0, 0x2a8f, 0x2a8f, 0x226f, 
	0x2a8f, 0x2a8f, 0x2a6f, 0x2a6f, 0x226f, 0x226f, 0x226f, 0x2a6f, 0x5b94, 0x29ee, 0x21cd, 0x19ad, 0x198d, 0x116c, 0x118c, 0x116c, 
	0x096c, 0x096c, 0x096c, 0x096c, 0x096c, 0x096c, 0x094b, 0x092b, 0x094b, 0x094b, 0x096c, 0x11ae, 0x11ef, 0x1210, 0x1a71, 0x1291, 
	0x1a91, 0x1ab2, 0x1ab2, 0x1ab2, 0x1ab2, 0x1ab2, 0x1ab2, 0x1ab2, 0x1ab2, 0x1ab2, 0x1ab2, 0x1ab1, 0x1ab1, 0x1ab2, 0x1ab1, 0x1ab1, 
	0x1ab2, 0x1ab2, 0x22b2, 0x1ab1, 0x1ab2, 0x1ab2, 0x1a91, 0x1a71, 0x1a71, 0x2af2, 0x3b34, 0x3b34, 0x2ad2, 0x1a70, 0x1a71, 0x1230, 
	0x1210, 0x1230, 0x1a30, 0x09ad, 0x098c, 0x118c, 0x094b, 0x094b, 0x092a, 0x092a, 0x094b, 0x094b, 0x096c, 0x096c, 0x096c, 0x096c, 
	0x096c, 0x11ac, 0x11cd, 0x11cd, 0x11ed, 0x120e, 0x1a4e, 0x53f5, 0x2ab0, 0x2a8f, 0x2a8f, 0x2a8f, 0x328f, 0x5af0, 0xccf7, 0xcc75, 
	0xb3f3, 0xabf3, 0x93b0, 0x836f, 0x8bb0, 0x8390, 0x8370, 0x8370, 0x7b6f, 0x7b6f, 0x7b70, 0x7390, 0x7390, 0x73b1, 0x7bf2, 0x7391, 
	0x6b50, 0x6b4f, 0x6b2f, 0x6330, 0x6350, 0x42cf, 0x328f, 0x328f, 0x328f, 0x328f, 0x328f, 0x2a8f, 0x2a8f, 0x328f, 0x328f, 0x32b0, 
	0x32b0, 0x32d0, 0x2ad0, 0x1a6f, 0x122e, 0x122e, 0x2290, 0x2af2, 0x22b1, 0x22d1, 0x22d1, 0x22d1, 0x22d1, 0x22d1, 0x22d1, 0x22d1, 
	0x22d1, 0x22d1, 0x22d1, 0x3312, 0x4bd4, 0x224e, 0x222e, 0x2a6f, 0x2a6f, 0x2a6f, 0x2a8f, 0x2a6f, 0x2a4e, 0x2a6f, 0x2a6f, 0x2a6e, 
	0x2a4e, 0x2a4e, 0x220d, 0x2a4e, 0x3b11, 0x32f1, 0x32d1, 0x32d1, 0x32f1, 0x32f1, 0x32f1, 0x3af1, 0x5372, 0x3a8f, 0x3a8f, 0x3a8f, 
	0x3aaf, 0x3a8f, 0x3aaf, 0x3aaf, 0x3aaf, 0x3aaf, 0x3a8f, 0x3a8f, 0x3aaf, 0x3aaf, 0x42b0, 0x3aaf, 0x3aaf, 0x4b11, 0x5bb4, 0x63f4, 
	0x63d4, 0x5b93, 0x3ad0, 0x2a4e, 0x222e, 0x2a2e, 0x2a2e, 0x2a4e, 0x222e, 0x328f, 0x2a2e, 0x2a0d, 0x2a2d, 0x2a4e, 0x3ab0, 0x5373, 
	0x42cf, 0x42cf, 0x42cf, 0x42d0, 0x42d0, 0x42d0, 0x3ad0, 0x42d0, 0x3aaf, 0x3ad0, 0x3af0, 0x2a8f, 0x226f, 0x226f, 0x1a4e, 0x226f, 
	0x226f, 0x226f, 0x226f, 0x226f, 0x1a6f, 0x226f, 0x1a6f, 0x1a6f, 0x1a6f, 0x1a4f, 0x1a6f, 0x124f, 0x124e, 0x124e, 0x122e, 0x1a6f, 
	0x224e, 0x1a2e, 0x2a8f, 0x4352, 0x4b93, 0x4b73, 0x4352, 0x3b11, 0x2af0, 0x22b0, 0x1a6f, 0x1a6f, 0x1a8f, 0x228f, 0x228f, 0x228f, 
	0x2290, 0x228f, 0x228f, 0x228f, 0x228f, 0x32f1, 0x1a2d, 0x19ec, 0x11ec, 0x11cc, 0x120d, 0x120d, 0x1a0d, 0x3b31, 0x53d4, 0x4b93, 
	0x4373, 0x4b93, 0x4b93, 0x4352, 0x2aaf, 0x224e, 0x2a8f, 0x32d0, 0x4b72, 0x224e, 0x19cb, 0x19ec, 0x222d, 0x224d, 0x2a6e, 0x4311, 
	0x5392, 0x5372, 0x5372, 0x5bb3, 0x4b31, 0x4b10, 0x5b92, 0x63b2, 0x7c73, 0x8494, 0x7432, 0x8494, 0x7433, 0x5bb2, 0x5bb2, 0x53b3, 
	0x5c14, 0x6456, 0x3b31, 0x2ab0, 0x32f1, 0x32f1, 0x32f1, 0x2ad0, 0x3b32, 0x4bb4, 0x53d4, 0x53d5, 0x4373, 0x32d1, 0x2ab0, 0x2ab0, 
	0x2ab0, 0x2ab0, 0x2a90, 0x2a90, 0x228f, 0x226f, 0x224f, 0x2a6f, 0x5b74, 0x29ee, 0x21cd, 0x19ad, 0x198d, 0x118c, 0x116c, 0x096c, 
	0x096c, 0x096c, 0x096c, 0x096c, 0x096c, 0x094c, 0x094b, 0x092b, 0x094b, 0x092b, 0x096c, 0x11ce, 0x1210, 0x0a10, 0x1251, 0x1a71, 
	0x1a91, 0x22b2, 0x22d2, 0x22b2, 0x1ab2, 0x1ab2, 0x1ab2, 0x1ab2, 0x1ab2, 0x1ab2, 0x1ab2, 0x1ab1, 0x1ab2, 0x1ab1, 0x1ab2, 0x1ab2, 
	0x1ab2, 0x1ab2, 0x1ab2, 0x1ab2, 0x1ab1, 0x1a91, 0x1a71, 0x1a50, 0x32f2, 0x32f2, 0x32f2, 0x2ad1, 0x3312, 0x2ab1, 0x120f, 0x1230, 
	0x1230, 0x1230, 0x1230, 0x11ce, 0x096c, 0x094b, 0x094b, 0x094b, 0x092a, 0x094b, 0x094b, 0x094b, 0x096c, 0x096c, 0x094c, 0x096c, 
	0x098c, 0x11ac, 0x11ac, 0x11cd, 0x11ed, 0x120e, 0x122e, 0x4bd4, 0x3b32, 0x32f1, 0x3af1, 0x3af1, 0x3af0, 0x5b51, 0xbd18, 0xbcb6, 
	0xa435, 0x9c34, 0x8bf3, 0x83d2, 0x83f2, 0x8412, 0x83f2, 0x83d2, 0x7bd2, 0x7bd2, 0x7bd2, 0x7bf2, 0x7bf3, 0x73f2, 0x73d2, 0x73d2, 
	0x6b91, 0x6bb2, 0x73b2, 0x6bb2, 0x6392, 0x4b31, 0x4331, 0x4331, 0x4331, 0x4311, 0x4331, 0x3b11, 0x3b11, 0x4331, 0x4352, 0x4352, 
	0x4352, 0x2ab0, 0x2ad1, 0x1a6f, 0x122e, 0x120e, 0x2290, 0x2af2, 0x22b0, 0x22d1, 0x22d1, 0x22d1, 0x22d1, 0x22d1, 0x22d1, 0x22d1, 
	0x22d1, 0x22d1, 0x22d1, 0x3312, 0x53d4, 0x224e, 0x222e, 0x328f, 0x2a8f, 0x2a8f, 0x328f, 0x328f, 0x2a8f, 0x328f, 0x328f, 0x328f, 
	0x326f, 0x326f, 0x2a2e, 0x2a6f, 0x3b11, 0x32d1, 0x3b12, 0x3b12, 0x3b12, 0x32f1, 0x32f1, 0x3af1, 0x5393, 0x42af, 0x3a8e, 0x3a8f, 
	0x3aaf, 0x3aaf, 0x3aaf, 0x3aaf, 0x3aaf, 0x3aaf, 0x3a8f, 0x3aaf, 0x3aaf, 0x3aaf, 0x3aaf, 0x3aaf, 0x3a8f, 0x3aaf, 0x42d0, 0x5332, 
	0x63b3, 0x63d4, 0x63f4, 0x5393, 0x3ad0, 0x2a4e, 0x2a4e, 0x326f, 0x326f, 0x328f, 0x2a2d, 0x220d, 0x2a2d, 0x2a4e, 0x2a2e, 0x2a2e, 
	0x42ef, 0x42ef, 0x42cf, 0x42f0, 0x3ad0, 0x3acf, 0x3ad0, 0x3aaf, 0x3aaf, 0x3aaf, 0x3af0, 0x2a8f, 0x226f, 0x226f, 0x226f, 0x226f, 
	0x226f, 0x226f, 0x226f, 0x226f, 0x226f, 0x1a6f, 0x1a6f, 0x1a6f, 0x1a4f, 0x1a4f, 0x124e, 0x124e, 0x124e, 0x124e, 0x122e, 0x1a4f, 
	0x1a4e, 0x1a0d, 0x224e, 0x4331, 0x4332, 0x3b11, 0x3b11, 0x4372, 0x4bb3, 0x4bb3, 0x2ad0, 0x1a6f, 0x226f, 0x226f, 0x226f, 0x226f, 
	0x228f, 0x1a6f, 0x1a6f, 0x1a6f, 0x1a6f, 0x22b0, 0x2ab0, 0x1a0d, 0x1a0d, 0x11cc, 0x11ed, 0x2ab0, 0x4b93, 0x53d4, 0x4373, 0x4b93, 
	0x4b93, 0x4373, 0x4b93, 0x3b31, 0x32f0, 0x4352, 0x2a6e, 0x32af, 0x32d0, 0x19ec, 0x1a0c, 0x220c, 0x222d, 0x224d, 0x2a6e, 0x32af, 
	0x4b51, 0x5bb3, 0x5392, 0x5bb3, 0x4b31, 0x4310, 0x4b51, 0x5bb2, 0x63f2, 0x6bf2, 0x6bf3, 0x6bf3, 0x63f3, 0x63f3, 0x5bf3, 0x6435, 
	0x74b7, 0x4352, 0x11ac, 0x11ed, 0x120d, 0x120e, 0x1a2e, 0x2290, 0x3312, 0x4393, 0x4353, 0x4353, 0x2ad0, 0x224e, 0x1a0e, 0x11ed, 
	0x11ed, 0x11ed, 0x11ed, 0x11ed, 0x11ed, 0x11cd, 0x11cd, 0x2a6f, 0x4af1, 0x29ee, 0x29cd, 0x19ad, 0x198d, 0x118d, 0x118c, 0x096c, 
	0x096c, 0x096c, 0x096c, 0x096c, 0x096c, 0x096c, 0x094b, 0x094b, 0x114b, 0x092b, 0x09ad, 0x11ef, 0x1210, 0x1230, 0x1230, 0x1251, 
	0x1a71, 0x1a91, 0x1a91, 0x1a91, 0x1a91, 0x1a91, 0x1a91, 0x1a91, 0x1ab2, 0x1ab2, 0x1ab2, 0x1ab2, 0x1ab2, 0x1ab2, 0x1ab2, 0x1ab2, 
	0x1ab1, 0x1ab1, 0x1a91, 0x1a71, 0x1271, 0x1a71, 0x1230, 0x2270, 0x2a90, 0x2a6f, 0x222e, 0x224f, 0x224f, 0x2270, 0x1a50, 0x1230, 
	0x1230, 0x1230, 0x1230, 0x120f, 0x096c, 0x092b, 0x094b, 0x092b, 0x092a, 0x094b, 0x094b, 0x094b, 0x096c, 0x096c, 0x096c, 0x096c, 
	0x098c, 0x098c, 0x11ad, 0x11cd, 0x11ed, 0x120d, 0x120e, 0x3311, 0x53f5, 0x3311, 0x3b32, 0x3b52, 0x4352, 0x4b52, 0x63d4, 0x6bd4, 
	0x6bb4, 0x63b3, 0x63b3, 0x63d3, 0x63d3, 0x5bb3, 0x63d3, 0x63d3, 0x63d3, 0x5bb3, 0x5bb3, 0x5bd3, 0x5bd3, 0x5bd4, 0x5bd4, 0x5bb3, 
	0x5393, 0x5b92, 0x5392, 0x5392, 0x4331, 0x3b11, 0x4352, 0x4352, 0x4352, 0x4352, 0x3b31, 0x3b31, 0x3b31, 0x3b32, 0x4352, 0x4b93, 
	0x5c15, 0x4b93, 0x32d0, 0x226f, 0x122e, 0x120e, 0x2290, 0x2af2, 0x22b1, 0x22d1, 0x22d1, 0x22b1, 0x22d1, 0x22d1, 0x22d1, 0x22d1, 
	0x22d1, 0x22d1, 0x22d1, 0x3312, 0x53f5, 0x32b0, 0x3ad1, 0x4312, 0x4311, 0x4332, 0x4332, 0x4332, 0x4332, 0x4352, 0x4b52, 0x4b52, 
	0x4352, 0x4332, 0x4311, 0x4332, 0x4352, 0x3b11, 0x4b73, 0x53b4, 0x4b93, 0x4352, 0x3b32, 0x3b11, 0x5392, 0x42cf, 0x42af, 0x3a8e, 
	0x3aaf, 0x3aaf, 0x42af, 0x42af, 0x3aaf, 0x3aaf, 0x3aaf, 0x3aaf, 0x3aaf, 0x3aaf, 0x3aaf, 0x3aaf, 0x3aaf, 0x3aaf, 0x3aaf, 0x42d0, 
	0x42d0, 0x4b11, 0x5352, 0x63d4, 0x63f4, 0x5372, 0x3ad0, 0x2a4e, 0x2a6e, 0x328f, 0x220d, 0x220d, 0x2a2d, 0x2a2d, 0x2a2e, 0x2a4e, 
	0x5392, 0x5372, 0x4b51, 0x4b31, 0x42f0, 0x42f0, 0x3ad0, 0x3acf, 0x3aaf, 0x3ad0, 0x3af0, 0x2a8f, 0x226f, 0x226f, 0x226f, 0x226f, 
	0x226f, 0x226f, 0x226f, 0x226f, 0x226f, 0x1a6f, 0x1a6f, 0x1a4e, 0x1a4e, 0x1a4f, 0x1a4f, 0x124e, 0x124e, 0x122e, 0x122e, 0x120e, 
	0x1a2e, 0x2a6f, 0x222d, 0x220d, 0x222e, 0x224e, 0x2a6f, 0x2a8f, 0x2ab0, 0x3b52, 0x3b32, 0x3311, 0x3b32, 0x3b12, 0x3b12, 0x3b32, 
	0x3332, 0x3b32, 0x3b52, 0x3b52, 0x3312, 0x3311, 0x4393, 0x3b11, 0x32f0, 0x32f0, 0x4b93, 0x6456, 0x4bb4, 0x4373, 0x4b93, 0x4b93, 
	0x4373, 0x4b93, 0x3b32, 0x4b73, 0x5c15, 0x32f0, 0x1a2d, 0x2a8f, 0x3b11, 0x2a6e, 0x222d, 0x222d, 0x222d, 0x2a4e, 0x2a6e, 0x328f, 
	0x4311, 0x53b3, 0x5bb3, 0x5bd3, 0x4b31, 0x4310, 0x4b51, 0x5bb2, 0x63f3, 0x63f3, 0x6413, 0x6c14, 0x6414, 0x6414, 0x6c55, 0x7cf8, 
	0x4b93, 0x11ec, 0x11cc, 0x11ed, 0x120e, 0x226f, 0x32f1, 0x3b12, 0x32d1, 0x2290, 0x2ab0, 0x2290, 0x2a90, 0x2ab0, 0x2ad1, 0x2290, 
	0x1a2e, 0x1a0e, 0x1a2e, 0x120e, 0x1a2e, 0x1a0e, 0x19ed, 0x3ab1, 0x42b1, 0x29ee, 0x29cd, 0x21ad, 0x198d, 0x118c, 0x116c, 0x116c, 
	0x096c, 0x096c, 0x096c, 0x096c, 0x096c, 0x096c, 0x094b, 0x094b, 0x092b, 0x092b, 0x11ae, 0x120f, 0x1230, 0x1230, 0x0a10, 0x1230, 
	0x1251, 0x1251, 0x1271, 0x1271, 0x1251, 0x1271, 0x1271, 0x1271, 0x1a71, 0x1a71, 0x1a91, 0x1a91, 0x1a91, 0x1ab1, 0x1a91, 0x1a91, 
	0x1271, 0x1271, 0x1251, 0x1271, 0x1251, 0x1a71, 0x1230, 0x2270, 0x1a0e, 0x098c, 0x11ac, 0x11ac, 0x11ac, 0x098c, 0x2270, 0x1a50, 
	0x1230, 0x1230, 0x1230, 0x1210, 0x096c, 0x092a, 0x094b, 0x092b, 0x092a, 0x094b, 0x094b, 0x094b, 0x096c, 0x096c, 0x096c, 0x096c, 
	0x098c, 0x098c, 0x11ad, 0x11ad, 0x11cd, 0x11ed, 0x120e, 0x2290, 0x5415, 0x1a6e, 0x226f, 0x1a4f, 0x1a6f, 0x226f, 0x224f, 0x224f, 
	0x226f, 0x226f, 0x226f, 0x226f, 0x226f, 0x226e, 0x226f, 0x226f, 0x226e, 0x224e, 0x224e, 0x224e, 0x224e, 0x226f, 0x226f, 0x224e, 
	0x224e, 0x224e, 0x1a2e, 0x1a2e, 0x1a2e, 0x1a2e, 0x1a2e, 0x1a2e, 0x1a2e, 0x1a2d, 0x1a2e, 0x1a2d, 0x1a0d, 0x1a0d, 0x1a0d, 0x1a0d, 
	0x2a8f, 0x226f, 0x228f, 0x226f, 0x122e, 0x120e, 0x2290, 0x2af2, 0x22b1, 0x22b1, 0x22b1, 0x22d1, 0x22d1, 0x22d1, 0x22d1, 0x22d1, 
	0x22d1, 0x22d1, 0x2af1, 0x3332, 0x5c36, 0x53b4, 0x53b4, 0x53d4, 0x53d4, 0x53d4, 0x53d4, 0x53d4, 0x53d4, 0x5bf5, 0x5bf5, 0x5bf5, 
	0x5bf5, 0x5bf5, 0x5bf5, 0x5bf5, 0x5bd4, 0x53d4, 0x53d4, 0x5bf5, 0x5bf5, 0x53d4, 0x53d4, 0x53d4, 0x5372, 0x324d, 0x3a8e, 0x42af, 
	0x42af, 0x42af, 0x42af, 0x3aaf, 0x42af, 0x42af, 0x42af, 0x3aaf, 0x3aaf, 0x3aaf, 0x3aaf, 0x3aaf, 0x42cf, 0x42d0, 0x42af, 0x42b0, 
	0x42d0, 0x3a8f, 0x42af, 0x5331, 0x63d4, 0x6c15, 0x63f4, 0x5372, 0x3aaf, 0x2a6e, 0x220d, 0x220d, 0x2a2d, 0x2a2d, 0x2a2d, 0x2a4e, 
	0x226e, 0x2a8f, 0x4352, 0x4b72, 0x3af0, 0x3aaf, 0x3aaf, 0x42d0, 0x42d0, 0x42f0, 0x3b11, 0x2a8f, 0x226f, 0x226f, 0x226f, 0x226f, 
	0x226f, 0x226f, 0x226f, 0x226f, 0x226f, 0x1a6f, 0x1a6f, 0x1a6f, 0x1a6f, 0x1a4f, 0x1a4f, 0x1a4f, 0x122e, 0x120e, 0x226f, 0x32b0, 
	0x11ac, 0x11ac, 0x11cc, 0x19cc, 0x19ec, 0x19ed, 0x1a0d, 0x226f, 0x1a0d, 0x3b11, 0x2a8f, 0x226f, 0x2a90, 0x2a90, 0x2ab0, 0x2ab0, 
	0x2ab0, 0x2ab0, 0x2ad1, 0x2ad1, 0x2ab0, 0x2ab0, 0x32d1, 0x32d1, 0x2ad0, 0x3311, 0x6477, 0x6c97, 0x53f5, 0x4373, 0x4b93, 0x4b93, 
	0x4373, 0x3b11, 0x53d4, 0x53d4, 0x2a8f, 0x1a0d, 0x224d, 0x224e, 0x32af, 0x328f, 0x224d, 0x222d, 0x2a6e, 0x3af0, 0x32af, 0x2a8e, 
	0x3acf, 0x5392, 0x5bd3, 0x63f3, 0x4b51, 0x4311, 0x4b51, 0x5bb3, 0x63f3, 0x63f3, 0x6413, 0x6414, 0x6414, 0x6c75, 0x7cf8, 0x53b3, 
	0x11ec, 0x11ec, 0x11ac, 0x11cc, 0x226f, 0x32f1, 0x3b52, 0x4373, 0x4352, 0x3b11, 0x2ab0, 0x2ab0, 0x2ab0, 0x22b0, 0x2ab0, 0x32f1, 
	0x226f, 0x11cc, 0x120d, 0x120d, 0x11ed, 0x11ed, 0x19cc, 0x3a90, 0x42b1, 0x29cd, 0x29cd, 0x21ad, 0x198d, 0x116c, 0x116c, 0x096c, 
	0x096c, 0x096c, 0x096c, 0x096c, 0x096c, 0x096c, 0x094b, 0x092a, 0x090a, 0x092b, 0x11ce, 0x1210, 0x1210, 0x1251, 0x1230, 0x1230, 
	0x1250, 0x1a51, 0x1a51, 0x1251, 0x1250, 0x1251, 0x1251, 0x1271, 0x1251, 0x1251, 0x1271, 0x1271, 0x1271, 0x1271, 0x1271, 0x1251, 
	0x1271, 0x1271, 0x1271, 0x1271, 0x1271, 0x1a71, 0x1230, 0x1a2f, 0x224f, 0x11cd, 0x098c, 0x11ac, 0x096b, 0x11cd, 0x1a2f, 0x1a50, 
	0x1250, 0x1230, 0x1230, 0x120f, 0x118d, 0x092b, 0x094b, 0x094b, 0x092a, 0x094a, 0x094b, 0x094b, 0x096c, 0x096c, 0x016c, 0x096c, 
	0x096c, 0x098c, 0x118c, 0x11ac, 0x11cd, 0x11ed, 0x120e, 0x1a4f, 0x43b4, 0x32f1, 0x122e, 0x122e, 0x122e, 0x122e, 0x122e, 0x1a2e, 
	0x122e, 0x122e, 0x122e, 0x122e, 0x122e, 0x122e, 0x122e, 0x122e, 0x122e, 0x122e, 0x122e, 0x122e, 0x122e, 0x122e, 0x122e, 0x122e, 
	0x122e, 0x120e, 0x122e, 0x122e, 0x1a2e, 0x1a2e, 0x1a0e, 0x1a0e, 0x1a0e, 0x1a0d, 0x120d, 0x120d, 0x120d, 0x120d, 0x11ed, 0x11cc, 
	0x11cc, 0x098b, 0x1a2e, 0x1a4f, 0x122e, 0x122e, 0x1a70, 0x2af2, 0x22b1, 0x22d1, 0x22d1, 0x22d1, 0x22d1, 0x22d1, 0x22d1, 0x22d1, 
	0x22d1, 0x22d1, 0x2af1, 0x3332, 0x5c56, 0x53f5, 0x53d5, 0x53d5, 0x53d5, 0x5bd5, 0x53d5, 0x53d5, 0x5bf5, 0x5bf5, 0x5bf5, 0x5bf5, 
	0x5bf5, 0x5bf5, 0x5c15, 0x5bf5, 0x5bf5, 0x5bf5, 0x5bf5, 0x5bf5, 0x5c15, 0x5c15, 0x5c15, 0x5c15, 0x5392, 0x3a4d, 0x3a2d, 0x3a4d, 
	0x42af, 0x42af, 0x3aaf, 0x42af, 0x42af, 0x42af, 0x42af, 0x42af, 0x42cf, 0x42cf, 0x42cf, 0x42cf, 0x42af, 0x42d0, 0x42d0, 0x42b0, 
	0x42d0, 0x42d0, 0x3a8f, 0x42af, 0x4b11, 0x5b93, 0x63f4, 0x63f4, 0x5bd4, 0x4b52, 0x326f, 0x328f, 0x3aaf, 0x328f, 0x328f, 0x3aaf, 
	0x32f1, 0x53f5, 0x4373, 0x2a8f, 0x224e, 0x3ad0, 0x42f0, 0x42cf, 0x42cf, 0x3ad0, 0x4311, 0x2a8f, 0x224e, 0x226f, 0x226f, 0x226f, 
	0x226f, 0x226f, 0x226f, 0x226f, 0x226f, 0x1a6f, 0x1a6f, 0x1a6f, 0x1a6f, 0x1a4f, 0x1a4e, 0x120e, 0x1a4e, 0x32d0, 0x3af1, 0x11cc, 
	0x118b, 0x118b, 0x118b, 0x118b, 0x11ab, 0x11ac, 0x11cc, 0x224e, 0x11ed, 0x2ab0, 0x226f, 0x1a4e, 0x224f, 0x224f, 0x224f, 0x226f, 
	0x224f, 0x226f, 0x226f, 0x1a4f, 0x224f, 0x226f, 0x226f, 0x224f, 0x2ab0, 0x5c36, 0x5c16, 0x32f1, 0x4bd4, 0x4373, 0x4b93, 0x4352, 
	0x3b32, 0x5c15, 0x4b93, 0x1a0d, 0x1a0c, 0x222d, 0x224d, 0x2a6e, 0x2a8f, 0x32d0, 0x2a6e, 0x2a8f, 0x4b92, 0x53b3, 0x3b11, 0x32af, 
	0x32af, 0x4331, 0x5bd3, 0x6414, 0x4b51, 0x4331, 0x4b51, 0x5bd3, 0x63f3, 0x6413, 0x6414, 0x6434, 0x6c55, 0x8539, 0x5c15, 0x1a0d, 
	0x11ec, 0x11ec, 0x098b, 0x1a2d, 0x3b31, 0x3b52, 0x53f5, 0x5c36, 0x5c36, 0x4393, 0x2a90, 0x2a90, 0x2290, 0x2a90, 0x2a90, 0x2ab0, 
	0x11cc, 0x098b, 0x1a0d, 0x120d, 0x11ed, 0x11cc, 0x21ed, 0x326f, 0x322e, 0x29ee, 0x21ad, 0x19ad, 0x198d, 0x116c, 0x116c, 0x116c, 
	0x096c, 0x096c, 0x096c, 0x096c, 0x096c, 0x096c, 0x094b, 0x092a, 0x08ea, 0x094b, 0x11ef, 0x1210, 0x1210, 0x1230, 0x1250, 0x1250, 
	0x1251, 0x1a51, 0x1a71, 0x1a51, 0x1a51, 0x1a51, 0x1271, 0x1271, 0x1251, 0x1a71, 0x1271, 0x1271, 0x1271, 0x1271, 0x1251, 0x1271, 
	0x1271, 0x1271, 0x1271, 0x1271, 0x1271, 0x1a71, 0x1a50, 0x1a50, 0x2a90, 0x2a90, 0x1a0e, 0x224f, 0x1a0e, 0x226f, 0x11ee, 0x1230, 
	0x1230, 0x1230, 0x1210, 0x1210, 0x11ce, 0x012b, 0x094b, 0x116b, 0x092a, 0x092a, 0x094b, 0x094b, 0x096b, 0x096c, 0x016c, 0x096c, 
	0x096c, 0x096c, 0x098c, 0x11ac, 0x11cd, 0x11ed, 0x120e, 0x120d, 0x3331, 0x4bd4, 0x11ed, 0x1a2f, 0x122e, 0x122e, 0x122e, 0x122e, 
	0x122e, 0x122e, 0x122e, 0x122e, 0x122e, 0x122e, 0x122e, 0x122e, 0x122e, 0x122e, 0x122e, 0x122e, 0x122e, 0x122e, 0x122e, 0x120e, 
	0x122e, 0x120e, 0x120e, 0x120e, 0x120d, 0x120e, 0x120e, 0x120e, 0x120d, 0x11ed, 0x120d, 0x11ed, 0x11ed, 0x11ed, 0x11ed, 0x09cc, 
	0x11ed, 0x11cc, 0x1a2e, 0x1a4e, 0x122e, 0x122e, 0x2290, 0x2af2, 0x2291, 0x22b1, 0x22d1, 0x22d1, 0x22d1, 0x22d1, 0x22d1, 0x22d1, 
	0x22d1, 0x22d1, 0x22d1, 0x3312, 0x5c56, 0x53f5, 0x53d5, 0x53d5, 0x53d5, 0x53d5, 0x53d5, 0x53d5, 0x53d5, 0x53d5, 0x53f5, 0x53d5, 
	0x53f5, 0x53f5, 0x5bf5, 0x5bd5, 0x5bd5, 0x5bf5, 0x5bf5, 0x5bf5, 0x5bf5, 0x5bf5, 0x5bf5, 0x5bf5, 0x5b92, 0x3a4d, 0x3a2d, 0x3a4d, 
	0x3a2d, 0x42af, 0x42af, 0x42af, 0x42af, 0x42af, 0x42af, 0x42af, 0x42cf, 0x42af, 0x42af, 0x42af, 0x42af, 0x42d0, 0x42d0, 0x42d0, 
	0x42af, 0x42d0, 0x42d0, 0x42af, 0x3aaf, 0x42af, 0x42d0, 0x5332, 0x5bb4, 0x6415, 0x6c36, 0x7477, 0x6c77, 0x6c76, 0x6c76, 0x7497, 
	0x4373, 0x32d1, 0x1a4f, 0x120e, 0x2a6f, 0x4331, 0x4331, 0x4310, 0x4b31, 0x4331, 0x4b52, 0x32d0, 0x2ab0, 0x2ab0, 0x2ab0, 0x2ab0, 
	0x2ab0, 0x2a90, 0x2a8f, 0x2a8f, 0x228f, 0x228f, 0x228f, 0x226f, 0x1a6f, 0x1a4f, 0x1a6f, 0x2ab0, 0x3b11, 0x226f, 0x11ab, 0x1a0d, 
	0x11ab, 0x118b, 0x118b, 0x11ab, 0x118b, 0x11ac, 0x09ac, 0x1a0e, 0x120d, 0x3b12, 0x4b94, 0x4373, 0x4373, 0x4373, 0x4374, 0x4394, 
	0x4394, 0x4394, 0x4b94, 0x4b94, 0x4bb4, 0x4bb4, 0x4394, 0x53f5, 0x6477, 0x53f5, 0x226f, 0x1a0e, 0x4bb4, 0x4373, 0x3b32, 0x4b93, 
	0x5c35, 0x4331, 0x1a0d, 0x222d, 0x222d, 0x224d, 0x224e, 0x2a6e, 0x32af, 0x3ad0, 0x4311, 0x53b3, 0x53b3, 0x53b3, 0x4b93, 0x3b11, 
	0x2a8e, 0x32af, 0x5392, 0x6435, 0x4b72, 0x4331, 0x4b51, 0x63f3, 0x6414, 0x6c34, 0x6c55, 0x6c75, 0x8559, 0x6435, 0x1a0d, 0x11ed, 
	0x11cc, 0x11ac, 0x09ab, 0x32d0, 0x3b32, 0x3b52, 0x32f1, 0x3b12, 0x3b32, 0x3b11, 0x2ab0, 0x2ab0, 0x32f1, 0x4332, 0x4332, 0x3ad0, 
	0x2a6e, 0x3ad0, 0x4311, 0x3b11, 0x3af0, 0x42f1, 0x42d0, 0x3a4f, 0x29cd, 0x29cd, 0x21ad, 0x198d, 0x198d, 0x118c, 0x116c, 0x096c, 
	0x096c, 0x096c, 0x116c, 0x096c, 0x096c, 0x096c, 0x094b, 0x094b, 0x090a, 0x094b, 0x120f, 0x0a10, 0x1210, 0x1230, 0x1230, 0x1250, 
	0x1a51, 0x1a51, 0x1a51, 0x1a71, 0x1a51, 0x1271, 0x1271, 0x1271, 0x1271, 0x1271, 0x1271, 0x1271, 0x1271, 0x1271, 0x1271, 0x1271, 
	0x1271, 0x1271, 0x1271, 0x1271, 0x1271, 0x1271, 0x1a71, 0x120f, 0x1a4f, 0x2270, 0x2a90, 0x2ab1, 0x2a90, 0x1a2f, 0x120f, 0x1210, 
	0x1210, 0x1210, 0x0a10, 0x1210, 0x11ee, 0x094c, 0x092b, 0x116b, 0x092a, 0x092a, 0x094b, 0x094b, 0x096c, 0x096c, 0x096c, 0x096c, 
	0x096c, 0x096c, 0x098c, 0x11ac, 0x11ad, 0x11cd, 0x11ed, 0x120d, 0x228f, 0x43b3, 0x32f1, 0x2a90, 0x2ab0, 0x2a90, 0x2ab0, 0x2ab0, 
	0x2ab0, 0x2ab0, 0x2ab0, 0x2ab0, 0x2ab0, 0x2ab0, 0x2a90, 0x2a90, 0x2ab0, 0x2ab0, 0x2a90, 0x2290, 0x2290, 0x2290, 0x2ab0, 0x2a90, 
	0x2a90, 0x228f, 0x228f, 0x2290, 0x228f, 0x226f, 0x2270, 0x226f, 0x2270, 0x226f, 0x226f, 0x224f, 0x1a4e, 0x1a4e, 0x1a2e, 0x1a2e, 
	0x19ed, 0x098b, 0x120d, 0x1a2e, 0x122e, 0x09ed, 0x1a6f, 0x32f2, 0x1a90, 0x22d1, 0x22d1, 0x22d1, 0x22d1, 0x22d1, 0x22d1, 0x22d1, 
	0x22d1, 0x22d1, 0x22d1, 0x3312, 0x53f5, 0x4353, 0x4353, 0x4333, 0x4353, 0x4353, 0x4353, 0x4353, 0x4353, 0x4353, 0x4353, 0x4353, 
	0x4353, 0x4353, 0x4353, 0x4353, 0x4373, 0x4353, 0x4373, 0x4353, 0x4373, 0x4b73, 0x4b73, 0x4b73, 0x5372, 0x3a6e, 0x3a2d, 0x3a4d, 
	0x3a4d, 0x3a2d, 0x3a6e, 0x42af, 0x42cf, 0x42af, 0x42af, 0x42af, 0x42cf, 0x42cf, 0x42cf, 0x42cf, 0x42af, 0x42d0, 0x42cf, 0x42cf, 
	0x42d0, 0x42d0, 0x42cf, 0x42d0, 0x42d0, 0x42af, 0x3a8f, 0x3a8f, 0x5352, 0x4b32, 0x4332, 0x4b53, 0x4b53, 0x4b53, 0x4b53, 0x4353, 
	0x1a2e, 0x120e, 0x122e, 0x122e, 0x2a8f, 0x328f, 0x328f, 0x328f, 0x3acf, 0x3aaf, 0x3ad0, 0x32b0, 0x32b0, 0x32b0, 0x32b0, 0x2ab0, 
	0x2ab0, 0x2a8f, 0x226f, 0x226f, 0x226f, 0x226f, 0x226e, 0x1a4e, 0x1a6e, 0x226f, 0x228f, 0x3b12, 0x2ab0, 0x224e, 0x32f0, 0x32d0, 
	0x11ac, 0x098b, 0x118b, 0x11cc, 0x222e, 0x32b0, 0x32d0, 0x3b12, 0x4393, 0x53f5, 0x53f5, 0x5416, 0x5416, 0x5c36, 0x5c36, 0x5c36, 
	0x5c57, 0x5c36, 0x5c37, 0x5c37, 0x53d5, 0x4bd5, 0x6457, 0x6477, 0x3b32, 0x1a4e, 0x1a0e, 0x1a2e, 0x4353, 0x3b11, 0x4bb4, 0x53f5, 
	0x32d0, 0x1a0d, 0x222d, 0x222d, 0x224e, 0x224e, 0x2a6e, 0x2a8f, 0x32af, 0x32af, 0x4331, 0x53b4, 0x53b3, 0x4b93, 0x53d4, 0x4311, 
	0x3ad0, 0x3b10, 0x3af0, 0x6414, 0x5392, 0x4331, 0x5372, 0x6413, 0x6c13, 0x6c34, 0x6c75, 0x8d79, 0x6476, 0x224e, 0x11ed, 0x11ed, 
	0x11ac, 0x11cc, 0x32f0, 0x4b93, 0x4b93, 0x4372, 0x4352, 0x3b32, 0x32f1, 0x32d0, 0x3af1, 0x4b93, 0x6436, 0x6c76, 0x6435, 0x6415, 
	0x6415, 0x6415, 0x6415, 0x6415, 0x5bf4, 0x63d4, 0x5b32, 0x3a0e, 0x29cd, 0x21ac, 0x21ad, 0x198d, 0x118c, 0x118c, 0x116c, 0x096c, 
	0x096c, 0x096c, 0x096c, 0x096c, 0x096c, 0x096c, 0x094b, 0x092a, 0x090a, 0x094c, 0x1210, 0x09f0, 0x1210, 0x1210, 0x1230, 0x1250, 
	0x1a51, 0x1a51, 0x1a51, 0x1a51, 0x1a51, 0x1271, 0x1271, 0x1271, 0x1271, 0x1271, 0x1271, 0x1271, 0x1271, 0x1271, 0x1271, 0x1271, 
	0x1271, 0x1271, 0x1271, 0x1271, 0x1271, 0x1271, 0x1251, 0x1a71, 0x120f, 0x120f, 0x120f, 0x122f, 0x11ee, 0x11ef, 0x1210, 0x0a10, 
	0x0a10, 0x1210, 0x09f0, 0x1210, 0x11ef, 0x098d, 0x012a, 0x116b, 0x092a, 0x092a, 0x114b, 0x094b, 0x096b, 0x096c, 0x096c, 0x096c, 
	0x096c, 0x096c, 0x098c, 0x098c, 0x11ad, 0x11cd, 0x11ed, 0x120d, 0x120d, 0x2ad0, 0x53f5, 0x53d4, 0x53d5, 0x53d5, 0x53d5, 0x53d5, 
	0x53d5, 0x53f5, 0x53d5, 0x53f5, 0x53f5, 0x53d5, 0x53f5, 0x53f5, 0x53f5, 0x53d5, 0x53d5, 0x53d5, 0x53d5, 0x53d5, 0x53d4, 0x53d4, 
	0x53d4, 0x53d4, 0x53b4, 0x4bb4, 0x4bb4, 0x4bb4, 0x4bb4, 0x4b94, 0x4bb4, 0x4b94, 0x4b94, 0x4b94, 0x4b73, 0x4b73, 0x4b73, 0x4373, 
	0x3b11, 0x224e, 0x1a0e, 0x120d, 0x122e, 0x2ab1, 0x2ab0, 0x22b0, 0x2290, 0x22b1, 0x22b1, 0x22d1, 0x22d1, 0x22b1, 0x22d1, 0x22d1, 
	0x22d1, 0x22d1, 0x22d1, 0x3332, 0x53f5, 0x4373, 0x4373, 0x3b32, 0x32f2, 0x32f2, 0x3b12, 0x3b12, 0x3b12, 0x3b12, 0x3b12, 0x3b12, 
	0x3b12, 0x3b12, 0x3b32, 0x3b12, 0x3b12, 0x3b12, 0x3b12, 0x3b12, 0x3b12, 0x3b12, 0x3b12, 0x4332, 0x5372, 0x3a8e, 0x3a2d, 0x3a4d, 
	0x3a4d, 0x3a4d, 0x3a4d, 0x3a4d, 0x42ae, 0x42cf, 0x42af, 0x42af, 0x42cf, 0x42cf, 0x42cf, 0x42cf, 0x42cf, 0x42d0, 0x42cf, 0x42cf, 
	0x42d0, 0x42d0, 0x42d0, 0x42d0, 0x42d0, 0x42d0, 0x42b0, 0x42b0, 0x5352, 0x4b53, 0x4312, 0x4332, 0x4332, 0x4332, 0x4353, 0x4353, 
	0x122e, 0x122f, 0x122f, 0x120e, 0x226f, 0x32af, 0x222d, 0x326e, 0x3a8f, 0x3aaf, 0x326e, 0x220d, 0x2a8f, 0x226f, 0x224f, 0x1a0d, 
	0x224e, 0x226f, 0x226f, 0x224e, 0x11ed, 0x226f, 0x1a4e, 0x226f, 0x1a4e, 0x2a8f, 0x2ab0, 0x32d0, 0x2a8f, 0x32b0, 0x4373, 0x32d0, 
	0x2a8f, 0x2a8f, 0x32b0, 0x4373, 0x5c15, 0x5c36, 0x6477, 0x6456, 0x6477, 0x6477, 0x6477, 0x6c98, 0x6cd8, 0x6cb8, 0x6498, 0x74f9, 
	0x6cd9, 0x7519, 0x74f9, 0x6cb8, 0x6497, 0x5c36, 0x5416, 0x32d1, 0x1a2e, 0x120d, 0x1a0e, 0x120e, 0x3b52, 0x53f5, 0x4bb4, 0x226e, 
	0x1a0d, 0x222e, 0x222e, 0x224e, 0x2a8f, 0x2a6e, 0x2a6e, 0x32d0, 0x3b11, 0x32d0, 0x3af0, 0x4b93, 0x53d4, 0x53b4, 0x4b73, 0x4b93, 
	0x5bf4, 0x3af0, 0x32af, 0x4b72, 0x5bf4, 0x4b52, 0x5392, 0x7454, 0x9db8, 0xadfa, 0x9579, 0x6cb7, 0x226e, 0x11ed, 0x11ed, 0x11cc, 
	0x11cc, 0x32f1, 0x4b93, 0x6477, 0x6477, 0x6c97, 0x6456, 0x4352, 0x32d0, 0x32f1, 0x4b93, 0x6c76, 0x6c77, 0x6435, 0x6415, 0x5bf5, 
	0x5bf5, 0x5bd4, 0x5bd4, 0x5bb3, 0x5393, 0x5b73, 0x52d1, 0x31ed, 0x29ac, 0x218c, 0x198c, 0x19ad, 0x116c, 0x116c, 0x116c, 0x096c, 
	0x096c, 0x096c, 0x096c, 0x096c, 0x096c, 0x096b, 0x094b, 0x092a, 0x090a, 0x096c, 0x1210, 0x09f0, 0x09f0, 0x0a10, 0x0a10, 0x1250, 
	0x1a51, 0x1250, 0x1a51, 0x1a51, 0x1a51, 0x1271, 0x1271, 0x1271, 0x1271, 0x1271, 0x1271, 0x1271, 0x1271, 0x1271, 0x1271, 0x1271, 
	0x1271, 0x1271, 0x1271, 0x1271, 0x1a51, 0x1a51, 0x1251, 0x1251, 0x1a71, 0x1a50, 0x11ef, 0x120f, 0x1230, 0x1230, 0x0a10, 0x0a10, 
	0x0a10, 0x09f0, 0x09f0, 0x09f0, 0x120f, 0x09ad, 0x012b, 0x116b, 0x090a, 0x092a, 0x094b, 0x094b, 0x094b, 0x096b, 0x096c, 0x096c, 
	0x096c, 0x096c, 0x096c, 0x098c, 0x11ad, 0x11cd, 0x11ed, 0x120d, 0x120d, 0x224e, 0x4372, 0x5c15, 0x5bf5, 0x5bf5, 0x5bf5, 0x5bf5, 
	0x5bf5, 0x5bf5, 0x5bf5, 0x5bf5, 0x5bf5, 0x5c15, 0x5bf5, 0x5bf5, 0x5bf5, 0x5bf5, 0x5bf5, 0x5bf5, 0x5bf5, 0x5bf5, 0x5bf5, 0x5c15, 
	0x6435, 0x6436, 0x5c15, 0x6415, 0x6415, 0x6416, 0x6436, 0x6436, 0x6436, 0x6436, 0x6436, 0x5c15, 0x5c15, 0x5bf5, 0x5bf5, 0x53d4, 
	0x5bd5, 0x53b4, 0x4352, 0x2ab0, 0x120d, 0x32f1, 0x5c15, 0x3b11, 0x22b0, 0x2290, 0x1ab1, 0x1ab1, 0x22b1, 0x22b1, 0x22d1, 0x22d1, 
	0x22d1, 0x22d1, 0x22d1, 0x3312, 0x5c36, 0x6436, 0x5bf5, 0x53d4, 0x4353, 0x3b33, 0x3b33, 0x3b53, 0x3b53, 0x3b53, 0x3b53, 0x4353, 
	0x3b53, 0x4353, 0x4353, 0x4353, 0x4353, 0x4353, 0x4353, 0x4353, 0x4353, 0x4353, 0x4353, 0x4b73, 0x5b93, 0x3a8e, 0x3a2d, 0x3a4d, 
	0x3a4d, 0x3a4d, 0x3a4d, 0x3a4d, 0x3a4d, 0x426e, 0x42af, 0x4acf, 0x42af, 0x42cf, 0x42cf, 0x42cf, 0x42cf, 0x42d0, 0x42f0, 0x42cf, 
	0x42d0, 0x42d0, 0x42d0, 0x42d0, 0x42d0, 0x42d0, 0x42d0, 0x42d0, 0x4b32, 0x4b32, 0x4332, 0x4332, 0x4332, 0x4332, 0x4353, 0x4b53, 
	0x124f, 0x122f, 0x122e, 0x2290, 0x4393, 0x53d4, 0x4331, 0x4311, 0x4b10, 0x4b11, 0x3aaf, 0x220d, 0x32b0, 0x2a8f, 0x2a8f, 0x1a0d, 
	0x224e, 0x2a8f, 0x2a90, 0x226f, 0x11cc, 0x2a8f, 0x2ad0, 0x3b11, 0x226f, 0x32d0, 0x32f1, 0x32d0, 0x1a0d, 0x224e, 0x4373, 0x4373, 
	0x4373, 0x4b93, 0x4b93, 0x32f1, 0x226f, 0x226e, 0x2a8f, 0x226f, 0x2a90, 0x2ab0, 0x2ab0, 0x2ab0, 0x2ad0, 0x2ab0, 0x2ad0, 0x2ad1, 
	0x2ad0, 0x2ad0, 0x3332, 0x4bd5, 0x53f5, 0x4373, 0x1a4e, 0x1a0e, 0x120e, 0x1a0e, 0x120e, 0x120e, 0x4393, 0x4352, 0x1a2d, 0x222e, 
	0x224e, 0x224e, 0x224e, 0x2a6f, 0x32af, 0x2a8f, 0x4332, 0x53d4, 0x4352, 0x32d0, 0x32d0, 0x4332, 0x53d4, 0x4b93, 0x53d4, 0x6435, 
	0x3af0, 0x328e, 0x3acf, 0x4310, 0x5bd4, 0x5bd3, 0x5392, 0x7c95, 0xa5d9, 0xae3a, 0x7496, 0x226e, 0x120d, 0x120d, 0x11cc, 0x11cc, 
	0x226f, 0x4352, 0x4b94, 0x53d4, 0x53d4, 0x53d4, 0x4bb3, 0x3b11, 0x32d0, 0x4353, 0x53f5, 0x6c97, 0x74b8, 0x74b8, 0x7498, 0x6c97, 
	0x6c77, 0x6c77, 0x6456, 0x6436, 0x6c15, 0x6bf5, 0x4ad1, 0x31ed, 0x29cd, 0x198c, 0x196c, 0x198c, 0x118c, 0x116c, 0x096c, 0x096c, 
	0x096c, 0x096c, 0x096c, 0x094c, 0x096c, 0x094b, 0x094b, 0x092a, 0x092b, 0x11ad, 0x1210, 0x09f0, 0x09f0, 0x1210, 0x0a10, 0x1230, 
	0x1250, 0x1250, 0x1250, 0x1250, 0x1251, 0x1a51, 0x1271, 0x1271, 0x1271, 0x1271, 0x1271, 0x1271, 0x1271, 0x1251, 0x1271, 0x1271, 
	0x1271, 0x1271, 0x1251, 0x1a51, 0x1a51, 0x1a51, 0x1251, 0x1251, 0x1250, 0x1a50, 0x1a51, 0x1a50, 0x1250, 0x1230, 0x0a10, 0x09f0, 
	0x09f0, 0x09f0, 0x0a10, 0x09ef, 0x1210, 0x09ce, 0x094b, 0x114b, 0x092a, 0x094b, 0x092b, 0x094b, 0x094b, 0x096c, 0x096c, 0x096c, 
	0x096c, 0x096c, 0x096c, 0x098c, 0x11ac, 0x11cd, 0x11ed, 0x11ed, 0x120d, 0x1a4e, 0x4352, 0x5c15, 0x5bf5, 0x5bf5, 0x5bf5, 0x63f5, 
	0x5bf5, 0x5bf5, 0x5bf5, 0x5bf5, 0x5bf5, 0x5bf5, 0x5bf5, 0x5bf5, 0x5bf5, 0x5bf5, 0x5bf5, 0x5bf5, 0x5bf5, 0x5bf5, 0x5bf5, 0x6436, 
	0x6435, 0x5bf5, 0x6c77, 0x7497, 0x7497, 0x7477, 0x7477, 0x6c77, 0x6c77, 0x6c56, 0x6436, 0x6c76, 0x7476, 0x7476, 0x6c56, 0x6c77, 
	0x6c56, 0x6436, 0x5c15, 0x4bb4, 0x228f, 0x120d, 0x3b32, 0x6477, 0x4353, 0x2ab0, 0x1a90, 0x1a90, 0x1ab1, 0x22b1, 0x22b1, 0x22b1, 
	0x22d1, 0x22d1, 0x22d1, 0x3311, 0x53d4, 0x6435, 0x6c56, 0x5bf5, 0x53d5, 0x4b73, 0x3b32, 0x3b32, 0x3b33, 0x3b33, 0x4333, 0x4353, 
	0x4353, 0x4333, 0x4333, 0x4353, 0x4333, 0x4333, 0x4353, 0x4333, 0x4333, 0x4333, 0x4353, 0x4b53, 0x5b93, 0x428e, 0x3a4d, 0x3a4d, 
	0x3a4d, 0x3a4c, 0x3a4d, 0x3a4d, 0x3a4d, 0x3a4d, 0x3a4d, 0x42af, 0x4af0, 0x42af, 0x42cf, 0x42d0, 0x42cf, 0x42d0, 0x4af0, 0x42d0, 
	0x42d0, 0x42d0, 0x42d0, 0x4ad0, 0x42d0, 0x42d0, 0x42d0, 0x42d0, 0x4b52, 0x4b53, 0x4b32, 0x4b53, 0x4b53, 0x4353, 0x4b53, 0x4b53, 
	0x124f, 0x2290, 0x2ab1, 0x2ad1, 0x2ad1, 0x3b12, 0x53b4, 0x4b72, 0x4b10, 0x4b10, 0x3aaf, 0x1a0d, 0x32b0, 0x2a8f, 0x2a8f, 0x1a0d, 
	0x226f, 0x2a8f, 0x228f, 0x226f, 0x1a0d, 0x3b11, 0x3b11, 0x32f1, 0x32d0, 0x32f1, 0x2a8f, 0x2a8f, 0x1a2e, 0x224e, 0x4b73, 0x4b73, 
	0x4b73, 0x4b94, 0x4352, 0x11ed, 0x11ed, 0x11ed, 0x11ed, 0x11ed, 0x11ed, 0x11ed, 0x11ed, 0x11ee, 0x11ee, 0x120e, 0x120e, 0x120e, 
	0x122e, 0x120e, 0x1a4f, 0x2ad0, 0x3b52, 0x2ad0, 0x120d, 0x1a2e, 0x1a0e, 0x120e, 0x1a0e, 0x1a0e, 0x32d1, 0x1a2d, 0x222e, 0x224e, 
	0x226f, 0x2a8f, 0x2a6f, 0x2a6f, 0x32af, 0x4b73, 0x5bf5, 0x53b4, 0x4b72, 0x3b11, 0x32d0, 0x3af1, 0x4352, 0x5bf4, 0x6415, 0x3acf, 
	0x328e, 0x32af, 0x3acf, 0x3af0, 0x4b52, 0x4b72, 0x5bd3, 0x7cb6, 0x9579, 0x74b6, 0x32af, 0x120d, 0x120d, 0x11ed, 0x11ac, 0x224e, 
	0x4372, 0x4b93, 0x3b32, 0x32f1, 0x3311, 0x3311, 0x3311, 0x32f1, 0x32f1, 0x4bb4, 0x4353, 0x3b12, 0x3b32, 0x3b32, 0x3b32, 0x3b32, 
	0x3b32, 0x3312, 0x3312, 0x3af1, 0x5332, 0x6bf4, 0x4290, 0x31ee, 0x29cd, 0x198c, 0x116b, 0x118c, 0x118c, 0x116c, 0x096c, 0x096c, 
	0x096c, 0x096c, 0x096c, 0x096c, 0x096b, 0x094b, 0x094b, 0x010a, 0x094c, 0x11ee, 0x11ef, 0x0a10, 0x0a10, 0x1210, 0x1210, 0x1210, 
	0x1250, 0x1250, 0x1230, 0x1250, 0x1250, 0x1a51, 0x1a51, 0x1271, 0x1251, 0x1251, 0x1a51, 0x1a51, 0x1271, 0x1251, 0x1a51, 0x1251, 
	0x1251, 0x1251, 0x1251, 0x1a51, 0x1a51, 0x1a51, 0x1251, 0x1250, 0x1250, 0x1250, 0x1230, 0x1230, 0x1230, 0x1230, 0x0a10, 0x09f0, 
	0x09f0, 0x09f0, 0x09f0, 0x09f0, 0x09f0, 0x11ef, 0x098c, 0x094b, 0x092a, 0x114b, 0x094b, 0x094b, 0x094b, 0x096c, 0x096c, 0x096c, 
	0x096c, 0x096c, 0x096c, 0x098c, 0x098c, 0x11ac, 0x11cd, 0x11ed, 0x120d, 0x1a2e, 0x4331, 0x5bf5, 0x5bf5, 0x5bf5, 0x5bf5, 0x5bf5, 
	0x5bf5, 0x5bf5, 0x5bd5, 0x5bf5, 0x5bf5, 0x5bf5, 0x5bf5, 0x5bd5, 0x5bf5, 0x5bf5, 0x5bf5, 0x5bd5, 0x5bf5, 0x5bf5, 0x5c15, 0x53d4, 
	0x6c77, 0x6435, 0x63f4, 0x6c56, 0x63f5, 0x63f5, 0x63f5, 0x63f5, 0x63f5, 0x63f5, 0x63d4, 0x6c15, 0x7436, 0x7435, 0x7415, 0x7456, 
	0x7cd8, 0x7cf8, 0x6c77, 0x5c36, 0x3b32, 0x120e, 0x1a0e, 0x4373, 0x6457, 0x4353, 0x22b0, 0x1a90, 0x1a90, 0x1a91, 0x22b1, 0x1ab1, 
	0x22b1, 0x22d1, 0x22b1, 0x3311, 0x4352, 0x3aaf, 0x6c55, 0x6c56, 0x63f5, 0x5bf5, 0x5394, 0x4b73, 0x4b73, 0x4b73, 0x4b73, 0x4b73, 
	0x4b73, 0x4b73, 0x4b73, 0x4b73, 0x5394, 0x4b73, 0x4b73, 0x4b73, 0x5373, 0x5373, 0x5394, 0x5393, 0x5b93, 0x428e, 0x3a2d, 0x3a4d, 
	0x3a4d, 0x3a4d, 0x424d, 0x424d, 0x3a4d, 0x424d, 0x424d, 0x3a4d, 0x4aae, 0x52f0, 0x4ad0, 0x4ad0, 0x42d0, 0x4af0, 0x42d0, 0x4af0, 
	0x42cf, 0x4af0, 0x4af0, 0x4ad0, 0x42d0, 0x42d0, 0x4af0, 0x42d0, 0x4b52, 0x4b73, 0x4b52, 0x4b53, 0x4b53, 0x4b53, 0x4b73, 0x4353, 
	0x1a90, 0x3b53, 0x4394, 0x3b73, 0x2290, 0x226f, 0x3b32, 0x4b73, 0x4310, 0x4b10, 0x3aaf, 0x1a0d, 0x32d0, 0x2ab0, 0x2ab0, 0x1a2e, 
	0x2a8f, 0x2ab0, 0x2ab0, 0x2ab0, 0x224e, 0x3b11, 0x32d0, 0x3b11, 0x1a2e, 0x2a6f, 0x2a6f, 0x32b0, 0x224e, 0x224e, 0x4b93, 0x4b73, 
	0x4b73, 0x4bb4, 0x32f1, 0x120d, 0x1a0d, 0x11ed, 0x1a0e, 0x1a2e, 0x1a0e, 0x1a0e, 0x1a2e, 0x1a2f, 0x1a2e, 0x1a2f, 0x1a2f, 0x120e, 
	0x11ee, 0x120e, 0x1a4f, 0x2ad1, 0x4373, 0x32f1, 0x120d, 0x1a2e, 0x11ed, 0x1a0e, 0x120e, 0x120e, 0x2ab0, 0x224e, 0x226f, 0x226f, 
	0x2a6f, 0x2ab0, 0x2a8f, 0x2ab0, 0x4b93, 0x53f5, 0x4bb4, 0x4bb3, 0x4bb4, 0x4b72, 0x3af1, 0x3b11, 0x4b73, 0x53b3, 0x3af0, 0x326e, 
	0x3aaf, 0x3aaf, 0x3acf, 0x3af0, 0x4331, 0x4b31, 0x63f3, 0x959a, 0x7cf8, 0x3af0, 0x120d, 0x120d, 0x11ed, 0x09ac, 0x226f, 0x4b93, 
	0x4393, 0x3311, 0x3311, 0x3312, 0x3312, 0x3b32, 0x3312, 0x3311, 0x3b32, 0x3b32, 0x3312, 0x3332, 0x3332, 0x3332, 0x3332, 0x3332, 
	0x3332, 0x3312, 0x3312, 0x4332, 0x7c96, 0x6372, 0x3a2e, 0x29ed, 0x21cd, 0x196c, 0x114b, 0x116c, 0x116c, 0x096c, 0x096c, 0x096c, 
	0x096c, 0x096c, 0x096c, 0x096c, 0x096b, 0x094b, 0x114b, 0x010a, 0x096c, 0x1a0f, 0x09ef, 0x0a10, 0x0a10, 0x0a10, 0x0a10, 0x1230, 
	0x1250, 0x1250, 0x1230, 0x1250, 0x1250, 0x1a50, 0x1251, 0x1a51, 0x1251, 0x1a51, 0x1a51, 0x1a51, 0x1a71, 0x1a51, 0x1a51, 0x1a51, 
	0x1a51, 0x1a51, 0x1250, 0x1250, 0x1250, 0x1250, 0x1250, 0x1250, 0x1230, 0x1230, 0x1230, 0x1230, 0x1230, 0x1230, 0x0a10, 0x0a10, 
	0x09f0, 0x09f0, 0x09f0, 0x0a10, 0x09f0, 0x120f, 0x118d, 0x092b, 0x092a, 0x094b, 0x114b, 0x094b, 0x094b, 0x096c, 0x096c, 0x096c, 
	0x096c, 0x096c, 0x096c, 0x096c, 0x098c, 0x11ac, 0x11cd, 0x11ed, 0x11ed, 0x1a0d, 0x4331, 0x5c15, 0x5bf5, 0x5bf5, 0x5c15, 0x5bf5, 
	0x5bf5, 0x5c15, 0x5bf5, 0x5bf5, 0x5c15, 0x5c15, 0x5c15, 0x5c15, 0x5c15, 0x5c15, 0x5bf5, 0x5bf5, 0x5c15, 0x5bf5, 0x6415, 0x53b4, 
	0x5393, 0x6415, 0x5bd4, 0x6415, 0x63f4, 0x5b93, 0x5393, 0x5393, 0x5393, 0x5b93, 0x5b93, 0x63d4, 0x6bd4, 0x6bd4, 0x6bd4, 0x7415, 
	0x6c15, 0x84f8, 0x7cd8, 0x6c57, 0x4bb4, 0x1a2e, 0x1a2e, 0x1a2e, 0x4b73, 0x6cb8, 0x3b53, 0x2290, 0x1a90, 0x1a91, 0x1a91, 0x1a90, 
	0x1a90, 0x22b0, 0x22b0, 0x32f1, 0x4b52, 0x220c, 0x326e, 0x6c14, 0x6c56, 0x6415, 0x63f5, 0x63f5, 0x5bf5, 0x6415, 0x6415, 0x6415, 
	0x6416, 0x6415, 0x63f5, 0x63f5, 0x6415, 0x6436, 0x6416, 0x6415, 0x6415, 0x6415, 0x6415, 0x6415, 0x63b3, 0x42ae, 0x3a2d, 0x424d, 
	0x3a4d, 0x424d, 0x424d, 0x426d, 0x426d, 0x426d, 0x424d, 0x426d, 0x426d, 0x426e, 0x4ad0, 0x4af0, 0x4af0, 0x4ad0, 0x4af0, 0x4af0, 
	0x4acf, 0x4acf, 0x4ad0, 0x4ad0, 0x4ad0, 0x4ad0, 0x4ad0, 0x42d0, 0x4b52, 0x4b73, 0x4332, 0x4b53, 0x4b53, 0x4353, 0x4b53, 0x4b53, 
	0x1a70, 0x2290, 0x2b12, 0x2b12, 0x2ad1, 0x1a4f, 0x32d1, 0x3b32, 0x32d0, 0x4331, 0x2a8f, 0x11ec, 0x224e, 0x1a4e, 0x1a2e, 0x11ed, 
	0x1a2e, 0x224e, 0x226e, 0x2a8f, 0x32d0, 0x3b11, 0x224e, 0x1a2e, 0x11cc, 0x1a0d, 0x1a0d, 0x1a2e, 0x11ed, 0x1a2e, 0x4352, 0x4353, 
	0x4b73, 0x4353, 0x1a0e, 0x09ac, 0x098b, 0x0109, 0x228f, 0x3b32, 0x3312, 0x3312, 0x3332, 0x3b32, 0x3b33, 0x3332, 0x2af2, 0x2290, 
	0x120e, 0x120e, 0x1a4f, 0x22b0, 0x3b53, 0x4bb4, 0x226f, 0x09cd, 0x11cd, 0x1a0e, 0x120e, 0x120e, 0x2ab0, 0x2a8f, 0x32d0, 0x32d0, 
	0x32f1, 0x3b11, 0x3b11, 0x4bd4, 0x5415, 0x4bd4, 0x53f5, 0x5415, 0x53f5, 0x4bb4, 0x5c36, 0x5c15, 0x5393, 0x4352, 0x3af0, 0x3aaf, 
	0x3aaf, 0x3acf, 0x3aef, 0x4310, 0x4b51, 0x4b72, 0x7cd7, 0x8519, 0x3b31, 0x122d, 0x120d, 0x120d, 0x11ed, 0x226f, 0x3b52, 0x3b32, 
	0x2ad0, 0x32d0, 0x2ad0, 0x2ad1, 0x2ad1, 0x2ad1, 0x2ad1, 0x32f1, 0x3b32, 0x2ad1, 0x2290, 0x2290, 0x2290, 0x2290, 0x2290, 0x2290, 
	0x22b0, 0x22b0, 0x2a8f, 0x6c35, 0xaddb, 0x6351, 0x3a4e, 0x320e, 0x21cd, 0x19ad, 0x118c, 0x118c, 0x096c, 0x096c, 0x096c, 0x096c, 
	0x096c, 0x096c, 0x096c, 0x096c, 0x094b, 0x094b, 0x114b, 0x010a, 0x098d, 0x1a30, 0x09ef, 0x1210, 0x0a10, 0x1210, 0x1210, 0x1210, 
	0x1230, 0x1230, 0x1230, 0x1230, 0x1230, 0x1250, 0x1250, 0x1250, 0x1251, 0x1251, 0x1251, 0x1a71, 0x1250, 0x1a51, 0x1a51, 0x1a51, 
	0x1250, 0x1250, 0x1250, 0x1250, 0x1250, 0x1230, 0x1230, 0x1230, 0x1230, 0x1230, 0x1230, 0x1230, 0x1230, 0x1230, 0x1210, 0x0a10, 
	0x0a10, 0x09f0, 0x09f0, 0x09f0, 0x09f0, 0x1230, 0x11ad, 0x092b, 0x094b, 0x092a, 0x094b, 0x094b, 0x094b, 0x096b, 0x096c, 0x096c, 
	0x096c, 0x096c, 0x096c, 0x096c, 0x098c, 0x098c, 0x11ad, 0x11ac, 0x11ec, 0x1a0d, 0x3af1, 0x4372, 0x4352, 0x4352, 0x4352, 0x4332, 
	0x4352, 0x4352, 0x4352, 0x4352, 0x4352, 0x4352, 0x4352, 0x4352, 0x4352, 0x4352, 0x4353, 0x4352, 0x4332, 0x4332, 0x4352, 0x4332, 
	0x2a8f, 0x4b72, 0x6435, 0x5bd4, 0x63f4, 0x5bb3, 0x5b93, 0x5393, 0x5b93, 0x5b93, 0x5b93, 0x63b4, 0x6bd4, 0x6bb4, 0x63d4, 0x6bf4, 
	0x63d4, 0x7436, 0x84f9, 0x7497, 0x53d4, 0x3b11, 0x2ab0, 0x226f, 0x2a8f, 0x53d4, 0x5415, 0x32f1, 0x1a90, 0x2290, 0x1a90, 0x2290, 
	0x2290, 0x1a90, 0x2290, 0x32f1, 0x4b52, 0x2a0c, 0x29eb, 0x324d, 0x5bb3, 0x6c36, 0x6436, 0x63f5, 0x5bf5, 0x5bf5, 0x5bf5, 0x63f5, 
	0x63f5, 0x63f5, 0x63f5, 0x63f5, 0x63f5, 0x63f5, 0x6415, 0x6415, 0x63f5, 0x6415, 0x6415, 0x6c15, 0x63d3, 0x42af, 0x3a2d, 0x424d, 
	0x424d, 0x426d, 0x426d, 0x426d, 0x426d, 0x426d, 0x426d, 0x426d, 0x426d, 0x4a6e, 0x426e, 0x4aaf, 0x4af0, 0x4af0, 0x4ad0, 0x4af0, 
	0x4af0, 0x4af0, 0x4af0, 0x4af0, 0x4af0, 0x4af0, 0x4af0, 0x42d0, 0x4b52, 0x4b73, 0x4353, 0x4b53, 0x4b73, 0x4b73, 0x4b53, 0x4b53, 
	0x122f, 0x1a70, 0x22b1, 0x2290, 0x1a6f, 0x1a4f, 0x32f1, 0x4353, 0x2ab0, 0x2a8f, 0x222e, 0x09ab, 0x09ac, 0x09ac, 0x09ac, 0x11cc, 
	0x11ed, 0x1a0d, 0x224e, 0x3b11, 0x2a8f, 0x1a2e, 0x11ed, 0x11ed, 0x11ac, 0x11cc, 0x09ac, 0x09ac, 0x11ed, 0x2ab0, 0x3b12, 0x4373, 
	0x4373, 0x4393, 0x3311, 0x32f1, 0x32d0, 0x2ab0, 0x3b53, 0x43b4, 0x4394, 0x4394, 0x4394, 0x43b4, 0x4394, 0x43b5, 0x3b74, 0x2ad1, 
	0x1a2f, 0x11ee, 0x1a4f, 0x22b0, 0x3312, 0x4393, 0x2ad0, 0x09ac, 0x11cd, 0x1a0e, 0x120e, 0x120e, 0x2290, 0x1a4e, 0x1a6f, 0x226f, 
	0x226f, 0x2290, 0x2290, 0x2ab0, 0x22b0, 0x2ab0, 0x2ab0, 0x2ad0, 0x2ab0, 0x53d4, 0x6cb8, 0x6c77, 0x32d0, 0x3b10, 0x4331, 0x3acf, 
	0x3acf, 0x3acf, 0x4351, 0x4b72, 0x4b51, 0x6c96, 0x7d18, 0x4331, 0x120d, 0x122e, 0x120d, 0x11ed, 0x11ed, 0x3b52, 0x4373, 0x3b32, 
	0x3b52, 0x3b52, 0x3b52, 0x3b52, 0x3b52, 0x3b52, 0x3332, 0x32f1, 0x3312, 0x2ad1, 0x1a90, 0x1a90, 0x1a90, 0x1a90, 0x2290, 0x22b1, 
	0x22b0, 0x2290, 0x4311, 0xa5db, 0x9d59, 0x6bd3, 0x428f, 0x322e, 0x21ed, 0x21cd, 0x19ad, 0x118c, 0x116c, 0x096c, 0x096c, 0x096c, 
	0x096c, 0x096c, 0x096c, 0x094b, 0x094b, 0x094b, 0x114b, 0x010a, 0x09ad, 0x1a30, 0x09ef, 0x09f0, 0x09f0, 0x09f0, 0x1210, 0x1210, 
	0x1230, 0x1230, 0x1230, 0x1230, 0x1250, 0x1250, 0x1a50, 0x1250, 0x1250, 0x1271, 0x1250, 0x1250, 0x1250, 0x1250, 0x1250, 0x1a50, 
	0x1250, 0x1250, 0x1230, 0x1230, 0x1230, 0x1230, 0x1230, 0x1230, 0x1230, 0x1230, 0x1210, 0x1230, 0x1230, 0x1210, 0x1210, 0x1210, 
	0x09f0, 0x0a10, 0x09f0, 0x09f0, 0x0a10, 0x120f, 0x11ae, 0x096c, 0x092a, 0x092a, 0x094b, 0x094b, 0x094b, 0x094b, 0x096c, 0x096c, 
	0x096c, 0x096c, 0x096c, 0x096c, 0x098c, 0x118c, 0x096c, 0x098c, 0x11cc, 0x1a0d, 0x32af, 0x2a6f, 0x1a2e, 0x1a2e, 0x1a2e, 0x222e, 
	0x222e, 0x222e, 0x224e, 0x1a2e, 0x1a4e, 0x1a2e, 0x224e, 0x224e, 0x222e, 0x224e, 0x222e, 0x222e, 0x224e, 0x224e, 0x224e, 0x2a8f, 
	0x226f, 0x226e, 0x5bd4, 0x5bf4, 0x63f5, 0x5bd4, 0x5bb4, 0x5bb4, 0x5bd4, 0x63d4, 0x5bb4, 0x63d4, 0x63d4, 0x63d4, 0x63d4, 0x63b4, 
	0x63b4, 0x63d4, 0x6c56, 0x7cd8, 0x5bd4, 0x4331, 0x3b31, 0x2a90, 0x226f, 0x224f, 0x4353, 0x3b52, 0x2290, 0x2290, 0x2290, 0x2290, 
	0x2290, 0x2290, 0x2290, 0x32d1, 0x4b32, 0x29ec, 0x320c, 0x29eb, 0x322d, 0x5b93, 0x7476, 0x6415, 0x63f5, 0x5bf5, 0x63f5, 0x63f5, 
	0x6415, 0x6415, 0x63f5, 0x63f5, 0x6415, 0x63f5, 0x6415, 0x6415, 0x6415, 0x6415, 0x6415, 0x6c35, 0x63d3, 0x4acf, 0x424d, 0x424d, 
	0x424d, 0x426d, 0x426d, 0x426d, 0x428e, 0x428e, 0x4a6e, 0x4a8e, 0x4a8e, 0x4a6e, 0x4a8e, 0x426e, 0x428e, 0x4acf, 0x5310, 0x4af0, 
	0x4af0, 0x4af0, 0x4af0, 0x4ad0, 0x4af0, 0x4af0, 0x4af0, 0x42d0, 0x4b52, 0x4b93, 0x4b53, 0x4b53, 0x4b73, 0x4b53, 0x4b53, 0x4b53, 
	0x122f, 0x1a90, 0x22b1, 0x1a90, 0x1a4f, 0x1a2e, 0x2ad1, 0x2ad1, 0x120d, 0x11ed, 0x32d0, 0x32d0, 0x32f1, 0x32d0, 0x32b0, 0x3b32, 
	0x4b93, 0x4373, 0x3b32, 0x2ab0, 0x1a4e, 0x226f, 0x1a2e, 0x224f, 0x120d, 0x1a0e, 0x09ac, 0x226f, 0x3b32, 0x2ad1, 0x2ad1, 0x1a6f, 
	0x1a6f, 0x1a6f, 0x1a6f, 0x1a90, 0x22b0, 0x22d1, 0x2290, 0x2290, 0x22b0, 0x22b1, 0x22b1, 0x22d1, 0x22d1, 0x22d2, 0x2af2, 0x2290, 
	0x09cd, 0x11ed, 0x122e, 0x2290, 0x32f1, 0x2ab0, 0x226f, 0x11cd, 0x11cd, 0x1a0e, 0x120e, 0x120e, 0x2290, 0x0a0e, 0x0a2e, 0x0a2e, 
	0x124f, 0x122f, 0x124f, 0x122f, 0x122f, 0x124f, 0x1a4f, 0x122e, 0x3b73, 0x6497, 0x53f5, 0x6435, 0x32d0, 0x3b10, 0x4331, 0x3b10, 
	0x32cf, 0x4b72, 0x6414, 0x5bf4, 0x6c96, 0x7d39, 0x4373, 0x1a2d, 0x1a4e, 0x122e, 0x11ed, 0x09ac, 0x226f, 0x2a8f, 0x1a2e, 0x1a4e, 
	0x1a2e, 0x1a4e, 0x1a4e, 0x1a4e, 0x1a4e, 0x1a4e, 0x1a4e, 0x1a2e, 0x2ad1, 0x22d1, 0x1a70, 0x1a90, 0x1a90, 0x1a90, 0x1a90, 0x1a90, 
	0x1a90, 0x226f, 0x5b93, 0x7c35, 0x5311, 0x428f, 0x322e, 0x29ed, 0x19ac, 0x19ac, 0x118c, 0x118c, 0x096c, 0x096c, 0x096c, 0x096c, 
	0x096c, 0x096c, 0x096c, 0x096c, 0x094b, 0x094b, 0x114b, 0x010a, 0x11ad, 0x1210, 0x09cf, 0x09f0, 0x09f0, 0x0a10, 0x0a10, 0x1210, 
	0x1230, 0x1230, 0x1210, 0x1230, 0x1230, 0x1230, 0x1230, 0x1a30, 0x1a50, 0x1a50, 0x1a50, 0x1a50, 0x1250, 0x1250, 0x1230, 0x1a30, 
	0x1250, 0x1250, 0x1230, 0x1250, 0x1230, 0x1230, 0x1230, 0x1230, 0x1230, 0x1230, 0x1230, 0x1230, 0x1230, 0x1230, 0x1230, 0x1210, 
	0x09f0, 0x09f0, 0x09f0, 0x09f0, 0x0a10, 0x09ef, 0x11ef, 0x116c, 0x092b, 0x090a, 0x092b, 0x092b, 0x094b, 0x094b, 0x096b, 0x096c, 
	0x096c, 0x096c, 0x096c, 0x096c, 0x096c, 0x096b, 0x096b, 0x11ac, 0x11cc, 0x11ed, 0x32b0, 0x3b11, 0x3af1, 0x32d0, 0x2ab0, 0x32b0, 
	0x32d0, 0x32b0, 0x2ab0, 0x2ab0, 0x2a8f, 0x2a8f, 0x2a90, 0x2a90, 0x2a90, 0x2a8f, 0x2a8f, 0x2a8f, 0x2a8f, 0x2a6f, 0x226f, 0x2a90, 
	0x226e, 0x1a0d, 0x32af, 0x53d4, 0x4b72, 0x5bf4, 0x6456, 0x6436, 0x6436, 0x6415, 0x63f5, 0x63f5, 0x63f5, 0x63f5, 0x63f5, 0x63f5, 
	0x6415, 0x6c36, 0x6436, 0x74d8, 0x6c76, 0x4b93, 0x3b11, 0x226f, 0x1a4f, 0x1a6f, 0x3312, 0x3312, 0x2290, 0x2290, 0x2290, 0x2290, 
	0x2270, 0x2290, 0x2290, 0x32d1, 0x4b52, 0x29ec, 0x29ec, 0x29ec, 0x320c, 0x324d, 0x5bb3, 0x7476, 0x6c36, 0x6415, 0x63f5, 0x6415, 
	0x6415, 0x63f5, 0x6415, 0x6415, 0x6415, 0x6415, 0x6415, 0x6415, 0x6415, 0x6415, 0x6415, 0x6c35, 0x63d3, 0x4acf, 0x424d, 0x424d, 
	0x426d, 0x4a6d, 0x4a6d, 0x4a8e, 0x4a8e, 0x4a8e, 0x4a8e, 0x4a8e, 0x4a8e, 0x4a8e, 0x4a8e, 0x4a8e, 0x4a8e, 0x428e, 0x4acf, 0x5310, 
	0x52f0, 0x4af0, 0x4acf, 0x4af0, 0x4af0, 0x4af0, 0x4af0, 0x42f0, 0x5373, 0x5393, 0x4b53, 0x4b53, 0x4b53, 0x4b53, 0x4b53, 0x4b53
};
