#include <pgmspace.h> // Thư viện để lưu dữ liệu vào bộ nhớ Flash (Flash Memory)

// Từ khóa PROGMEM rất quan trọng để không làm tràn bộ nhớ RAM của ESP32/ESP8266
const unsigned char UI_bitmap[] PROGMEM = {
  0x00, 0x00, 0x00, 0x00, 0x00, 0x00, 0x00, 0x00, 0x00, 0x00, 0x00, 0x00, 0x00, 0x00, 0x00, 0x00, 
	0x00, 0x00, 0x00, 0x00, 0x00, 0x00, 0x00, 0x00, 0x00, 0x00, 0x00, 0x00, 0x00, 0x00, 0x00, 0x00, 
	0x00, 0x00, 0x00, 0x00, 0x00, 0x00, 0x00, 0x00, 0x00, 0x00, 0x00, 0x00, 0x00, 0x00, 0x00, 0x00, 
	0x00, 0x00, 0x00, 0x00, 0x00, 0x00, 0x00, 0x00, 0x00, 0x00, 0x00, 0x00, 0x00, 0x00, 0x00, 0x00, 
	0x00, 0x00, 0x00, 0x00, 0x00, 0x00, 0x00, 0x00, 0x00, 0x00, 0x00, 0x00, 0x00, 0x00, 0x00, 0x00, 
	0x00, 0x00, 0x00, 0x00, 0x00, 0x00, 0x00, 0x00, 0x00, 0x00, 0x00, 0x00, 0x00, 0x00, 0x00, 0x00, 
	0x00, 0x00, 0x00, 0x00, 0x00, 0x00, 0x00, 0x00, 0x00, 0x00, 0x00, 0x00, 0x00, 0x00, 0x00, 0x00, 
	0x00, 0x00, 0x00, 0x00, 0x00, 0x00, 0x00, 0x00, 0x00, 0x00, 0x00, 0x00, 0x00, 0x00, 0x00, 0x00, 
	0x00, 0x00, 0x00, 0x00, 0x00, 0x00, 0x00, 0x00, 0x00, 0x00, 0x00, 0x00, 0x00, 0x00, 0x00, 0x00, 
	0x00, 0x00, 0x00, 0x00, 0x00, 0x00, 0x00, 0x00, 0x00, 0x00, 0x00, 0x00, 0x00, 0x00, 0x00, 0x00, 
	0x00, 0x00, 0x00, 0x00, 0x00, 0x00, 0x00, 0x00, 0x00, 0x00, 0x00, 0x00, 0x00, 0x00, 0x00, 0x00, 
	0x00, 0x00, 0x00, 0x00, 0x00, 0x00, 0x00, 0x00, 0x00, 0x00, 0x00, 0x00, 0x00, 0x00, 0x00, 0x00, 
	0x00, 0x00, 0x00, 0x00, 0x00, 0x00, 0x00, 0x00, 0x00, 0x00, 0x00, 0x00, 0x00, 0x00, 0x00, 0x00, 
	0x00, 0x00, 0x00, 0x00, 0x00, 0x00, 0x00, 0x00, 0x00, 0x00, 0x00, 0x00, 0x00, 0x00, 0x00, 0x00, 
	0x00, 0x00, 0x00, 0x00, 0x00, 0x00, 0x00, 0x00, 0x00, 0x00, 0x00, 0x00, 0x00, 0x00, 0x00, 0x00, 
	0x00, 0x00, 0x00, 0x00, 0x00, 0x00, 0x00, 0x00, 0x00, 0x00, 0x00, 0x00, 0x00, 0x00, 0x00, 0x00, 
	0x00, 0x00, 0x00, 0x00, 0x00, 0x00, 0x00, 0x00, 0x00, 0x00, 0x00, 0x00, 0x00, 0x00, 0x00, 0x00, 
	0x00, 0x00, 0x00, 0x00, 0x00, 0x00, 0x00, 0x00, 0x00, 0x00, 0x00, 0x00, 0x00, 0x00, 0x00, 0x00, 
	0x00, 0x00, 0x00, 0x00, 0x00, 0x00, 0x00, 0x00, 0x00, 0x00, 0x00, 0x00, 0x00, 0x00, 0x00, 0x00, 
	0x00, 0x00, 0x00, 0x00, 0x00, 0x00, 0x00, 0x00, 0x00, 0x00, 0x00, 0x00, 0x00, 0x00, 0x00, 0x00, 
	0x00, 0x00, 0x00, 0x00, 0x00, 0x00, 0x00, 0x00, 0x00, 0x00, 0x00, 0x00, 0x00, 0x00, 0x00, 0x00, 
	0x00, 0x00, 0x00, 0x00, 0x00, 0x00, 0x00, 0x00, 0x00, 0x00, 0x00, 0x00, 0x00, 0x00, 0x00, 0x00, 
	0x00, 0x00, 0x00, 0x00, 0x00, 0x00, 0x00, 0x00, 0x00, 0x00, 0x00, 0x00, 0x00, 0x00, 0x00, 0x00, 
	0x00, 0x00, 0x00, 0x00, 0x00, 0x00, 0x00, 0x00, 0x00, 0x00, 0x00, 0x00, 0x00, 0x00, 0x00, 0x00, 
	0x00, 0x00, 0x00, 0x00, 0x00, 0x00, 0x00, 0x00, 0x00, 0x00, 0x00, 0x00, 0x00, 0x00, 0x00, 0x00, 
	0x00, 0x00, 0x00, 0x00, 0x00, 0x00, 0x00, 0x00, 0x00, 0x00, 0x00, 0x00, 0x00, 0x00, 0x00, 0x00, 
	0x00, 0x00, 0x00, 0x00, 0x00, 0x00, 0x00, 0x00, 0x00, 0x00, 0x00, 0x00, 0x00, 0x00, 0x00, 0x00, 
	0x00, 0x00, 0x00, 0x00, 0x00, 0x00, 0x00, 0x00, 0x00, 0x00, 0x00, 0x00, 0x00, 0x00, 0x00, 0x00, 
	0x00, 0x00, 0x00, 0x00, 0x00, 0x00, 0x00, 0x00, 0x00, 0x00, 0x00, 0x00, 0x00, 0x00, 0x00, 0x00, 
	0x00, 0x00, 0x00, 0x00, 0x00, 0x00, 0x00, 0x00, 0x00, 0x00, 0x00, 0x00, 0x00, 0x00, 0x00, 0x00, 
	0x00, 0x00, 0x00, 0x00, 0x00, 0x00, 0x00, 0x00, 0x00, 0x00, 0x00, 0x00, 0x00, 0x00, 0x00, 0x00, 
	0x00, 0x00, 0x00, 0x00, 0x00, 0x00, 0x00, 0x00, 0x00, 0x00, 0x00, 0x00, 0x00, 0x00, 0x00, 0x00, 
	0x00, 0x00, 0x00, 0x00, 0x00, 0x00, 0x00, 0x00, 0x00, 0x00, 0x00, 0x00, 0x00, 0x00, 0x00, 0x00, 
	0x00, 0x00, 0x00, 0x00, 0x00, 0x00, 0x00, 0x00, 0x00, 0x00, 0x00, 0x00, 0x00, 0x00, 0x00, 0x00, 
	0x00, 0x00, 0x00, 0x00, 0x00, 0x00, 0x00, 0x00, 0x00, 0x00, 0x00, 0x00, 0x00, 0x00, 0x00, 0x00, 
	0x00, 0x00, 0x00, 0x00, 0x00, 0x00, 0x00, 0x00, 0x00, 0x00, 0x00, 0x00, 0x00, 0x00, 0x00, 0x00, 
	0x00, 0x00, 0x00, 0x00, 0x00, 0x00, 0x00, 0x00, 0x00, 0x00, 0x00, 0x00, 0x00, 0x00, 0x00, 0x00, 
	0x00, 0x00, 0x00, 0x00, 0x00, 0x00, 0x00, 0x00, 0x00, 0x00, 0x07, 0xff, 0xff, 0xff, 0xff, 0xff, 
	0xff, 0xff, 0xff, 0xff, 0xff, 0xff, 0xff, 0xff, 0xff, 0xff, 0xff, 0xff, 0xff, 0xff, 0xff, 0xff, 
	0xff, 0xff, 0xff, 0xff, 0xff, 0xff, 0xff, 0xff, 0xff, 0xff, 0xff, 0xff, 0xff, 0xe0, 0x00, 0x00, 
	0x00, 0x00, 0x1f, 0xff, 0xff, 0xff, 0xff, 0xff, 0xff, 0xff, 0xff, 0xff, 0xff, 0xff, 0xff, 0xff, 
	0xff, 0xff, 0xff, 0xff, 0xff, 0xff, 0xff, 0xff, 0xff, 0xff, 0xff, 0xff, 0xff, 0xff, 0xff, 0xff, 
	0xff, 0xff, 0xff, 0xff, 0xff, 0xf8, 0x00, 0x00, 0x00, 0x00, 0x7f, 0xff, 0xff, 0xff, 0xff, 0xff, 
	0xff, 0xff, 0xff, 0xff, 0xff, 0xff, 0xff, 0xff, 0xff, 0xff, 0xff, 0xff, 0xff, 0xff, 0xff, 0xff, 
	0xff, 0xff, 0xff, 0xff, 0xff, 0xff, 0xff, 0xff, 0xff, 0xff, 0xff, 0xff, 0xff, 0xfe, 0x00, 0x00, 
	0x00, 0x00, 0x7f, 0xff, 0xff, 0xff, 0xff, 0xff, 0xff, 0xff, 0xff, 0xff, 0xff, 0xff, 0xff, 0xff, 
	0xff, 0xff, 0xff, 0xff, 0xff, 0xff, 0xff, 0xff, 0xff, 0xff, 0xff, 0xff, 0xff, 0xff, 0xff, 0xff, 
	0xff, 0xff, 0xff, 0xff, 0xff, 0xfe, 0x00, 0x00, 0x00, 0x00, 0xff, 0xff, 0xff, 0xff, 0xff, 0xff, 
	0xff, 0xff, 0xff, 0xff, 0xff, 0xff, 0xff, 0xff, 0xff, 0xff, 0xff, 0xff, 0xff, 0xff, 0xff, 0xff, 
	0xff, 0xff, 0xff, 0xff, 0xff, 0xff, 0xff, 0xff, 0xff, 0xff, 0xff, 0xff, 0xff, 0xff, 0x00, 0x00, 
	0x00, 0x00, 0xff, 0xff, 0xff, 0xff, 0xff, 0xff, 0xff, 0xff, 0xff, 0xff, 0xff, 0xff, 0xff, 0xff, 
	0xff, 0xff, 0xff, 0xff, 0xff, 0xff, 0xff, 0xff, 0xff, 0xff, 0xff, 0xff, 0xff, 0xff, 0xff, 0xff, 
	0xff, 0xff, 0xff, 0xff, 0xff, 0xff, 0x00, 0x00, 0x00, 0x01, 0xff, 0xff, 0xff, 0xff, 0xff, 0xff, 
	0xff, 0xff, 0xff, 0xff, 0xff, 0xff, 0xff, 0xff, 0xff, 0xff, 0xff, 0xff, 0xff, 0xff, 0xff, 0xff, 
	0xff, 0xff, 0xff, 0xff, 0xff, 0xff, 0xff, 0xff, 0xff, 0xff, 0xff, 0xff, 0xff, 0xff, 0x80, 0x00, 
	0x00, 0x01, 0xff, 0xff, 0xff, 0xff, 0xff, 0xff, 0xff, 0xff, 0xff, 0xff, 0xff, 0xff, 0xff, 0xff, 
	0xff, 0xff, 0xff, 0xff, 0xff, 0xff, 0xff, 0xff, 0xff, 0xff, 0xff, 0xff, 0xff, 0xff, 0xff, 0xff, 
	0xff, 0xff, 0xff, 0xff, 0xff, 0xff, 0x80, 0x00, 0x00, 0x01, 0xff, 0xff, 0xff, 0xff, 0xff, 0xff, 
	0xff, 0xff, 0xff, 0xff, 0xff, 0xff, 0xff, 0xff, 0xff, 0xff, 0xff, 0xff, 0xff, 0xff, 0xff, 0xff, 
	0xff, 0xff, 0xff, 0xff, 0xff, 0xff, 0xff, 0xff, 0xff, 0xff, 0xff, 0xff, 0xff, 0xff, 0x80, 0x00, 
	0x00, 0x01, 0xff, 0xff, 0xff, 0xff, 0xff, 0xff, 0xff, 0xff, 0xff, 0xff, 0xff, 0xff, 0xff, 0xff, 
	0xff, 0xff, 0xff, 0xff, 0xff, 0xff, 0xff, 0xff, 0xff, 0xff, 0xff, 0xff, 0xff, 0xff, 0xff, 0xff, 
	0xff, 0xff, 0xff, 0xff, 0xff, 0xff, 0x80, 0x00, 0x00, 0x01, 0xff, 0xff, 0xff, 0xff, 0xff, 0xff, 
	0xff, 0xff, 0xff, 0xff, 0xff, 0xff, 0xff, 0xff, 0xff, 0xff, 0xff, 0xff, 0xff, 0xff, 0xff, 0xff, 
	0xff, 0xff, 0xff, 0xff, 0xff, 0xff, 0xff, 0xff, 0xff, 0xff, 0xff, 0xff, 0xff, 0xff, 0x80, 0x00, 
	0x00, 0x01, 0xff, 0xff, 0xff, 0xff, 0xff, 0xff, 0xff, 0xff, 0xff, 0xff, 0xff, 0xff, 0xff, 0xff, 
	0xff, 0xff, 0xff, 0xff, 0xff, 0xff, 0xff, 0xff, 0xff, 0xff, 0xff, 0xff, 0xff, 0xff, 0xff, 0xff, 
	0xff, 0xff, 0xff, 0xff, 0xff, 0xff, 0x80, 0x00, 0x00, 0x01, 0xff, 0xff, 0xff, 0xff, 0xff, 0xff, 
	0xff, 0xff, 0xff, 0xff, 0xff, 0xff, 0xff, 0xff, 0xff, 0xff, 0xff, 0xff, 0xff, 0xff, 0xff, 0xff, 
	0xff, 0xff, 0xff, 0xff, 0xff, 0xff, 0xff, 0xff, 0xff, 0xff, 0xff, 0xff, 0xff, 0xff, 0x80, 0x00, 
	0x00, 0x01, 0xff, 0xff, 0xff, 0xff, 0xff, 0xff, 0xff, 0xff, 0xff, 0xff, 0xff, 0xff, 0xff, 0xff, 
	0xff, 0xff, 0xff, 0xff, 0xff, 0xff, 0xff, 0xff, 0xff, 0xff, 0xff, 0xff, 0xff, 0xff, 0xff, 0xff, 
	0xff, 0xff, 0xff, 0xff, 0xff, 0xff, 0x80, 0x00, 0x00, 0x01, 0xff, 0xff, 0xff, 0xff, 0xff, 0xff, 
	0xff, 0xff, 0xff, 0xff, 0xff, 0xff, 0xff, 0xff, 0xff, 0xff, 0xff, 0xff, 0xff, 0xff, 0xff, 0xff, 
	0xff, 0xff, 0xff, 0xff, 0xff, 0xff, 0xff, 0xff, 0xff, 0xff, 0xff, 0xff, 0xff, 0xff, 0x80, 0x00, 
	0x00, 0x01, 0xff, 0xff, 0xff, 0xff, 0xff, 0xff, 0xff, 0xff, 0xff, 0xff, 0xff, 0xff, 0xff, 0xff, 
	0xff, 0xff, 0xff, 0xff, 0xff, 0xff, 0xff, 0xff, 0xff, 0xff, 0xff, 0xff, 0xff, 0xff, 0xff, 0xff, 
	0xff, 0xff, 0xff, 0xff, 0xff, 0xff, 0x80, 0x00, 0x00, 0x01, 0xff, 0xff, 0xff, 0xff, 0xff, 0xff, 
	0xff, 0xff, 0xff, 0xff, 0xff, 0xff, 0xff, 0xff, 0xff, 0xff, 0xff, 0xff, 0xff, 0xff, 0xff, 0xff, 
	0xff, 0xff, 0xff, 0xff, 0xff, 0xff, 0xff, 0xff, 0xff, 0xff, 0xff, 0xff, 0xff, 0xff, 0x80, 0x00, 
	0x00, 0x01, 0xff, 0xff, 0xff, 0xff, 0xff, 0xff, 0xff, 0xff, 0xff, 0xff, 0xff, 0xff, 0xff, 0xff, 
	0xff, 0xff, 0xff, 0xff, 0xff, 0xff, 0xff, 0xff, 0xff, 0xff, 0xff, 0xff, 0xff, 0xff, 0xff, 0xff, 
	0xff, 0xff, 0xff, 0xff, 0xff, 0xff, 0x80, 0x00, 0x00, 0x01, 0xff, 0xff, 0xff, 0xff, 0xff, 0xff, 
	0xff, 0xff, 0xff, 0xff, 0xff, 0xff, 0xff, 0xff, 0xff, 0xff, 0xff, 0xff, 0xff, 0xff, 0xff, 0xff, 
	0xff, 0xff, 0xff, 0xff, 0xff, 0xff, 0xff, 0xff, 0xff, 0xff, 0xff, 0xff, 0xff, 0xff, 0x80, 0x00, 
	0x00, 0x01, 0xff, 0xff, 0xff, 0xff, 0xff, 0xff, 0xff, 0xff, 0xff, 0xff, 0xff, 0xff, 0xff, 0xff, 
	0xff, 0xff, 0xff, 0xff, 0xff, 0xff, 0xff, 0xff, 0xff, 0xff, 0xff, 0xff, 0xff, 0xff, 0xff, 0xff, 
	0xff, 0xff, 0xff, 0xff, 0xff, 0xff, 0x80, 0x00, 0x00, 0x01, 0xff, 0xff, 0xff, 0xff, 0xff, 0xff, 
	0xff, 0xff, 0xff, 0xff, 0xff, 0xff, 0xff, 0xff, 0xff, 0xff, 0xff, 0xff, 0xff, 0xff, 0xff, 0xff, 
	0xff, 0xff, 0xff, 0xff, 0xff, 0xff, 0xff, 0xff, 0xff, 0xff, 0xff, 0xff, 0xff, 0xff, 0x80, 0x00, 
	0x00, 0x01, 0xff, 0xff, 0xff, 0xff, 0xff, 0xff, 0xff, 0xff, 0xff, 0xff, 0xff, 0xff, 0xff, 0xff, 
	0xff, 0xff, 0xff, 0xff, 0xff, 0xff, 0xff, 0xff, 0xff, 0xff, 0xff, 0xff, 0xff, 0xff, 0xff, 0xff, 
	0xff, 0xff, 0xff, 0xff, 0xff, 0xff, 0x80, 0x00, 0x00, 0x01, 0xff, 0xff, 0xff, 0xff, 0xff, 0xff, 
	0xff, 0xff, 0xff, 0xff, 0xff, 0xff, 0xff, 0xff, 0xff, 0xff, 0xff, 0xff, 0xff, 0xff, 0xff, 0xff, 
	0xff, 0xff, 0xff, 0xff, 0xff, 0xff, 0xff, 0xff, 0xff, 0xff, 0xff, 0xff, 0xff, 0xff, 0x80, 0x00, 
	0x00, 0x01, 0xff, 0xff, 0xff, 0xff, 0xff, 0xff, 0xff, 0xff, 0xff, 0xff, 0xff, 0xff, 0xff, 0xff, 
	0xff, 0xff, 0xff, 0xff, 0xff, 0xff, 0xff, 0xff, 0xff, 0xff, 0xff, 0xff, 0xff, 0xff, 0xff, 0xff, 
	0xff, 0xff, 0xff, 0xff, 0xff, 0xff, 0x80, 0x00, 0x00, 0x01, 0xff, 0xff, 0xff, 0xff, 0xff, 0xff, 
	0xff, 0xff, 0xff, 0xff, 0xff, 0xff, 0xff, 0xff, 0xff, 0xff, 0xff, 0xff, 0xff, 0xff, 0xff, 0xff, 
	0xff, 0xff, 0xff, 0xff, 0xff, 0xff, 0xff, 0xff, 0xff, 0xff, 0xff, 0xff, 0xff, 0xff, 0x80, 0x00, 
	0x00, 0x01, 0xff, 0xff, 0xff, 0xff, 0xff, 0xff, 0xff, 0xff, 0xff, 0xff, 0xff, 0xff, 0xff, 0xff, 
	0xff, 0xff, 0xff, 0xff, 0xff, 0xff, 0xff, 0xff, 0xff, 0xff, 0xff, 0xff, 0xff, 0xff, 0xff, 0xff, 
	0xff, 0xff, 0xff, 0xff, 0xff, 0xff, 0x80, 0x00, 0x00, 0x01, 0xff, 0xff, 0xff, 0xff, 0xff, 0xff, 
	0xff, 0xff, 0xff, 0xff, 0xff, 0xff, 0xff, 0xff, 0xff, 0xff, 0xff, 0xff, 0xff, 0xff, 0xff, 0xff, 
	0xff, 0xff, 0xff, 0xff, 0xff, 0xff, 0xff, 0xff, 0xff, 0xff, 0xff, 0xff, 0xff, 0xff, 0x80, 0x00, 
	0x00, 0x01, 0xff, 0xff, 0xff, 0xff, 0xff, 0xff, 0xff, 0xff, 0xff, 0xff, 0xff, 0xff, 0xff, 0xff, 
	0xff, 0xff, 0xff, 0xff, 0xff, 0xff, 0xff, 0xff, 0xff, 0xff, 0xff, 0xff, 0xff, 0xff, 0xff, 0xff, 
	0xff, 0xff, 0xff, 0xff, 0xff, 0xff, 0x80, 0x00, 0x00, 0x01, 0xff, 0xff, 0xff, 0xff, 0xff, 0xff, 
	0xff, 0xff, 0xff, 0xff, 0xff, 0xff, 0xff, 0xff, 0xff, 0xff, 0xff, 0xff, 0xff, 0xff, 0xff, 0xff, 
	0xff, 0xff, 0xff, 0xff, 0xff, 0xff, 0xff, 0xff, 0xff, 0xff, 0xff, 0xff, 0xff, 0xff, 0x80, 0x00, 
	0x00, 0x01, 0xff, 0xff, 0xff, 0xff, 0xff, 0xff, 0xff, 0xff, 0xff, 0xff, 0xff, 0xff, 0xff, 0xff, 
	0xff, 0xff, 0xff, 0xff, 0xff, 0xff, 0xff, 0xff, 0xff, 0xff, 0xff, 0xff, 0xff, 0xff, 0xff, 0xff, 
	0xff, 0xff, 0xff, 0xff, 0xff, 0xff, 0x80, 0x00, 0x00, 0x01, 0xff, 0xff, 0xff, 0xff, 0xff, 0xff, 
	0xff, 0xff, 0xff, 0xff, 0xff, 0xff, 0xff, 0xff, 0xff, 0xff, 0xff, 0xff, 0xff, 0xff, 0xff, 0xff, 
	0xff, 0xff, 0xff, 0xff, 0xff, 0xff, 0xff, 0xff, 0xff, 0xff, 0xff, 0xff, 0xff, 0xff, 0x80, 0x00, 
	0x00, 0x01, 0xff, 0xff, 0xff, 0xff, 0xff, 0xff, 0xff, 0xff, 0xff, 0xff, 0xff, 0xff, 0xff, 0xff, 
	0xff, 0xff, 0xff, 0xff, 0xff, 0xff, 0xff, 0xff, 0xff, 0xff, 0xff, 0xff, 0xff, 0xff, 0xff, 0xff, 
	0xff, 0xff, 0xff, 0xff, 0xff, 0xff, 0x80, 0x00, 0x00, 0x01, 0xff, 0xff, 0xff, 0xff, 0xff, 0xff, 
	0xff, 0xff, 0xff, 0xff, 0xff, 0xff, 0xff, 0xff, 0xff, 0xff, 0xff, 0xff, 0xff, 0xff, 0xff, 0xff, 
	0xff, 0xff, 0xff, 0xff, 0xff, 0xff, 0xff, 0xff, 0xff, 0xff, 0xff, 0xff, 0xff, 0xff, 0x80, 0x00, 
	0x00, 0x01, 0xff, 0xff, 0xff, 0xff, 0xff, 0xff, 0xff, 0xff, 0xff, 0xff, 0xff, 0xff, 0xff, 0xff, 
	0xff, 0xff, 0xff, 0xff, 0xff, 0xff, 0xff, 0xff, 0xff, 0xff, 0xff, 0xff, 0xff, 0xff, 0xff, 0xff, 
	0xff, 0xff, 0xff, 0xff, 0xff, 0xff, 0x80, 0x00, 0x00, 0x01, 0xff, 0xff, 0xff, 0xff, 0xff, 0xff, 
	0xff, 0xff, 0xff, 0xff, 0xff, 0xff, 0xff, 0xff, 0xff, 0xff, 0xff, 0xff, 0xff, 0xff, 0xff, 0xff, 
	0xff, 0xff, 0xff, 0xff, 0xff, 0xff, 0xff, 0xff, 0xff, 0xff, 0xff, 0xff, 0xff, 0xff, 0x80, 0x00, 
	0x00, 0x01, 0xff, 0xff, 0xff, 0xff, 0xff, 0xff, 0xff, 0xff, 0xff, 0xff, 0xff, 0xff, 0xff, 0xff, 
	0xff, 0xff, 0xff, 0xff, 0xff, 0xff, 0xff, 0xff, 0xff, 0xff, 0xff, 0xff, 0xff, 0xff, 0xff, 0xff, 
	0xff, 0xff, 0xff, 0xff, 0xff, 0xff, 0x80, 0x00, 0x00, 0x01, 0xff, 0xff, 0xff, 0xff, 0xff, 0xff, 
	0xff, 0xff, 0xff, 0xff, 0xff, 0xff, 0xff, 0xff, 0xff, 0xff, 0xff, 0xff, 0xff, 0xff, 0xff, 0xff, 
	0xff, 0xff, 0xff, 0xff, 0xff, 0xff, 0xff, 0xff, 0xff, 0xff, 0xff, 0xff, 0xff, 0xff, 0x80, 0x00, 
	0x00, 0x01, 0xff, 0xff, 0xff, 0xff, 0xff, 0xff, 0xff, 0xff, 0xff, 0xff, 0xff, 0xff, 0xff, 0xff, 
	0xff, 0xff, 0xff, 0xff, 0xff, 0xff, 0xff, 0xff, 0xff, 0xff, 0xff, 0xff, 0xff, 0xff, 0xff, 0xff, 
	0xff, 0xff, 0xff, 0xff, 0xff, 0xff, 0x80, 0x00, 0x00, 0x01, 0xff, 0xff, 0xff, 0xff, 0xff, 0xff, 
	0xff, 0xff, 0xff, 0xff, 0xff, 0xff, 0xff, 0xff, 0xff, 0xff, 0xff, 0xff, 0xff, 0xff, 0xff, 0xff, 
	0xff, 0xff, 0xff, 0xff, 0xff, 0xff, 0xff, 0xff, 0xff, 0xff, 0xff, 0xff, 0xff, 0xff, 0x80, 0x00, 
	0x00, 0x01, 0xff, 0xff, 0xff, 0xff, 0xff, 0xff, 0xff, 0xff, 0xff, 0xff, 0xff, 0xff, 0xff, 0xff, 
	0xff, 0xff, 0xff, 0xff, 0xff, 0xff, 0xff, 0xff, 0xff, 0xff, 0xff, 0xff, 0xff, 0xff, 0xff, 0xff, 
	0xff, 0xff, 0xff, 0xff, 0xff, 0xff, 0x80, 0x00, 0x00, 0x01, 0xff, 0xff, 0xff, 0xff, 0xff, 0xff, 
	0xff, 0xff, 0xff, 0xff, 0xff, 0xff, 0xff, 0xff, 0xff, 0xff, 0xff, 0xff, 0xff, 0xff, 0xff, 0xff, 
	0xff, 0xff, 0xff, 0xff, 0xff, 0xff, 0xff, 0xff, 0xff, 0xff, 0xff, 0xff, 0xff, 0xff, 0x80, 0x00, 
	0x00, 0x01, 0xff, 0xff, 0xff, 0xff, 0xff, 0xff, 0xff, 0xff, 0xff, 0xff, 0xff, 0xff, 0xff, 0xff, 
	0xff, 0xff, 0xff, 0xff, 0xff, 0xff, 0xff, 0xff, 0xff, 0xff, 0xff, 0xff, 0xff, 0xff, 0xff, 0xff, 
	0xff, 0xff, 0xff, 0xff, 0xff, 0xff, 0x80, 0x00, 0x00, 0x01, 0xff, 0xff, 0xff, 0xff, 0xff, 0xff, 
	0xff, 0xff, 0xff, 0xff, 0xff, 0xff, 0xff, 0xff, 0xff, 0xff, 0xff, 0xff, 0xff, 0xff, 0xff, 0xff, 
	0xff, 0xff, 0xff, 0xff, 0xff, 0xff, 0xff, 0xff, 0xff, 0xff, 0xff, 0xff, 0xff, 0xff, 0x80, 0x00, 
	0x00, 0x01, 0xff, 0xff, 0xff, 0xff, 0xff, 0xff, 0xff, 0xff, 0xff, 0xff, 0xff, 0xff, 0xff, 0xff, 
	0xff, 0xff, 0xff, 0xff, 0xff, 0xff, 0xff, 0xff, 0xff, 0xff, 0xff, 0xff, 0xff, 0xff, 0xff, 0xff, 
	0xff, 0xff, 0xff, 0xff, 0xff, 0xff, 0x80, 0x00, 0x00, 0x01, 0xff, 0xff, 0xff, 0xff, 0xff, 0xff, 
	0xff, 0xff, 0xff, 0xff, 0xff, 0xff, 0xff, 0xff, 0xff, 0xff, 0xff, 0xff, 0xff, 0xff, 0xff, 0xff, 
	0xff, 0xff, 0xff, 0xff, 0xff, 0xff, 0xff, 0xff, 0xff, 0xff, 0xff, 0xff, 0xff, 0xff, 0x80, 0x00, 
	0x00, 0x01, 0xff, 0xff, 0xff, 0xff, 0xff, 0xff, 0xff, 0xff, 0xff, 0xff, 0xff, 0xff, 0xff, 0xff, 
	0xff, 0xff, 0xff, 0xff, 0xff, 0xff, 0xff, 0xff, 0xff, 0xff, 0xff, 0xff, 0xff, 0xff, 0xff, 0xff, 
	0xff, 0xff, 0xff, 0xff, 0xff, 0xff, 0x80, 0x00, 0x00, 0x01, 0xff, 0xff, 0xff, 0xff, 0xff, 0xff, 
	0xff, 0xff, 0xff, 0xff, 0xff, 0xff, 0xff, 0xff, 0xff, 0xff, 0xff, 0xff, 0xff, 0xff, 0xff, 0xff, 
	0xff, 0xff, 0xff, 0xff, 0xff, 0xff, 0xff, 0xff, 0xff, 0xff, 0xff, 0xff, 0xff, 0xff, 0x80, 0x00, 
	0x00, 0x01, 0xff, 0xff, 0xff, 0xff, 0xff, 0xff, 0xff, 0xff, 0xff, 0xff, 0xff, 0xff, 0xff, 0xff, 
	0xff, 0xff, 0xff, 0xff, 0xff, 0xff, 0xff, 0xff, 0xff, 0xff, 0xff, 0xff, 0xff, 0xff, 0xff, 0xff, 
	0xff, 0xff, 0xff, 0xff, 0xff, 0xff, 0x80, 0x00, 0x00, 0x01, 0xff, 0xff, 0xff, 0xff, 0xff, 0xff, 
	0xff, 0xff, 0xff, 0xff, 0xff, 0xff, 0xff, 0xff, 0xff, 0xff, 0xff, 0xff, 0xff, 0xff, 0xff, 0xff, 
	0xff, 0xff, 0xff, 0xff, 0xff, 0xff, 0xff, 0xff, 0xff, 0xff, 0xff, 0xff, 0xff, 0xff, 0x80, 0x00, 
	0x00, 0x01, 0xff, 0xff, 0xff, 0xff, 0xff, 0xff, 0xff, 0xff, 0xff, 0xff, 0xff, 0xff, 0xff, 0xff, 
	0xff, 0xff, 0xff, 0xff, 0xff, 0xff, 0xff, 0xff, 0xff, 0xff, 0xff, 0xff, 0xff, 0xff, 0xff, 0xff, 
	0xff, 0xff, 0xff, 0xff, 0xff, 0xff, 0x80, 0x00, 0x00, 0x01, 0xff, 0xff, 0xff, 0xff, 0xff, 0xff, 
	0xff, 0xff, 0xff, 0xff, 0xff, 0xff, 0xff, 0xff, 0xff, 0xff, 0xff, 0xff, 0xff, 0xff, 0xff, 0xff, 
	0xff, 0xff, 0xff, 0xff, 0xff, 0xff, 0xff, 0xff, 0xff, 0xff, 0xff, 0xff, 0xff, 0xff, 0x80, 0x00, 
	0x00, 0x01, 0xff, 0xff, 0xff, 0xff, 0xff, 0xff, 0xff, 0xff, 0xff, 0xff, 0xff, 0xff, 0xff, 0xff, 
	0xff, 0xff, 0xff, 0xff, 0xff, 0xff, 0xff, 0xff, 0xff, 0xff, 0xff, 0xff, 0xff, 0xff, 0xff, 0xff, 
	0xff, 0xff, 0xff, 0xff, 0xff, 0xff, 0x80, 0x00, 0x00, 0x01, 0xff, 0xff, 0xff, 0xff, 0xff, 0xff, 
	0xff, 0xff, 0xff, 0xff, 0xff, 0xff, 0xff, 0xff, 0xff, 0xff, 0xff, 0xff, 0xff, 0xff, 0xff, 0xff, 
	0xff, 0xff, 0xff, 0xff, 0xff, 0xff, 0xff, 0xff, 0xff, 0xff, 0xff, 0xff, 0xff, 0xff, 0x80, 0x00, 
	0x00, 0x01, 0xff, 0xff, 0xff, 0xff, 0xff, 0xff, 0xff, 0xff, 0xff, 0xff, 0xff, 0xff, 0xff, 0xff, 
	0xff, 0xff, 0xff, 0xff, 0xff, 0xff, 0xff, 0xff, 0xff, 0xff, 0xff, 0xff, 0xff, 0xff, 0xff, 0xff, 
	0xff, 0xff, 0xff, 0xff, 0xff, 0xff, 0x80, 0x00, 0x00, 0x01, 0xff, 0xff, 0xff, 0xff, 0xff, 0xff, 
	0xff, 0xff, 0xff, 0xff, 0xff, 0xff, 0xff, 0xff, 0xff, 0xff, 0xff, 0xff, 0xff, 0xff, 0xff, 0xff, 
	0xff, 0xff, 0xff, 0xff, 0xff, 0xff, 0xff, 0xff, 0xff, 0xff, 0xff, 0xff, 0xff, 0xff, 0x80, 0x00, 
	0x00, 0x01, 0xff, 0xff, 0xff, 0xff, 0xff, 0xff, 0xff, 0xff, 0xff, 0xff, 0xff, 0xff, 0xff, 0xff, 
	0xff, 0xff, 0xff, 0xff, 0xff, 0xff, 0xff, 0xff, 0xff, 0xff, 0xff, 0xff, 0xff, 0xff, 0xff, 0xff, 
	0xff, 0xff, 0xff, 0xff, 0xff, 0xff, 0x80, 0x00, 0x00, 0x01, 0xff, 0xff, 0xff, 0xff, 0xff, 0xff, 
	0xff, 0xff, 0xff, 0xff, 0xff, 0xff, 0xff, 0xff, 0xff, 0xff, 0xff, 0xff, 0xff, 0xff, 0xff, 0xff, 
	0xff, 0xff, 0xff, 0xff, 0xff, 0xff, 0xff, 0xff, 0xff, 0xff, 0xff, 0xff, 0xff, 0xff, 0x80, 0x00, 
	0x00, 0x01, 0xff, 0xff, 0xff, 0xff, 0xff, 0xff, 0xff, 0xff, 0xff, 0xff, 0xff, 0xff, 0xff, 0xff, 
	0xff, 0xff, 0xff, 0xff, 0xff, 0xff, 0xff, 0xff, 0xff, 0xff, 0xff, 0xff, 0xff, 0xff, 0xff, 0xff, 
	0xff, 0xff, 0xff, 0xff, 0xff, 0xff, 0x80, 0x00, 0x00, 0x01, 0xff, 0xff, 0xff, 0xff, 0xff, 0xff, 
	0xff, 0xff, 0xff, 0xff, 0xff, 0xff, 0xff, 0xff, 0xff, 0xff, 0xff, 0xff, 0xff, 0xff, 0xff, 0xff, 
	0xff, 0xff, 0xff, 0xff, 0xff, 0xff, 0xff, 0xff, 0xff, 0xff, 0xff, 0xff, 0xff, 0xff, 0x80, 0x00, 
	0x00, 0x01, 0xff, 0xff, 0xff, 0xff, 0xff, 0xff, 0xff, 0xff, 0xff, 0xff, 0xff, 0xff, 0xff, 0xff, 
	0xff, 0xff, 0xff, 0xff, 0xff, 0xff, 0xff, 0xff, 0xff, 0xff, 0xff, 0xff, 0xff, 0xff, 0xff, 0xff, 
	0xff, 0xff, 0xff, 0xff, 0xff, 0xff, 0x80, 0x00, 0x00, 0x01, 0xff, 0xff, 0xff, 0xff, 0xff, 0xff, 
	0xff, 0xff, 0xff, 0xff, 0xff, 0xff, 0xff, 0xff, 0xff, 0xff, 0xff, 0xff, 0xff, 0xff, 0xff, 0xff, 
	0xff, 0xff, 0xff, 0xff, 0xff, 0xff, 0xff, 0xff, 0xff, 0xff, 0xff, 0xff, 0xff, 0xff, 0x80, 0x00, 
	0x00, 0x01, 0xff, 0xff, 0xff, 0xff, 0xff, 0xff, 0xff, 0xff, 0xff, 0xff, 0xff, 0xff, 0xff, 0xff, 
	0xff, 0xff, 0xff, 0xff, 0xff, 0xff, 0xff, 0xff, 0xff, 0xff, 0xff, 0xff, 0xff, 0xff, 0xff, 0xff, 
	0xff, 0xff, 0xff, 0xff, 0xff, 0xff, 0x80, 0x00, 0x00, 0x01, 0xff, 0xff, 0xff, 0xff, 0xff, 0xff, 
	0xff, 0xff, 0xff, 0xff, 0xff, 0xff, 0xff, 0xff, 0xff, 0xff, 0xff, 0xff, 0xff, 0xff, 0xff, 0xff, 
	0xff, 0xff, 0xff, 0xff, 0xff, 0xff, 0xff, 0xff, 0xff, 0xff, 0xff, 0xff, 0xff, 0xff, 0x80, 0x00, 
	0x00, 0x01, 0xff, 0xff, 0xff, 0xff, 0xff, 0xff, 0xff, 0xff, 0xff, 0xff, 0xff, 0xff, 0xff, 0xff, 
	0xff, 0xff, 0xff, 0xff, 0xff, 0xff, 0xff, 0xff, 0xff, 0xff, 0xff, 0xff, 0xff, 0xff, 0xff, 0xff, 
	0xff, 0xff, 0xff, 0xff, 0xff, 0xff, 0x80, 0x00, 0x00, 0x01, 0xff, 0xff, 0xff, 0xff, 0xff, 0xff, 
	0xff, 0xff, 0xff, 0xff, 0xff, 0xff, 0xff, 0xff, 0xff, 0xff, 0xff, 0xff, 0xff, 0xff, 0xff, 0xff, 
	0xff, 0xff, 0xff, 0xff, 0xff, 0xff, 0xff, 0xff, 0xff, 0xff, 0xff, 0xff, 0xff, 0xff, 0x80, 0x00, 
	0x00, 0x01, 0xff, 0xff, 0xff, 0xff, 0xff, 0xff, 0xff, 0xff, 0xff, 0xff, 0xff, 0xff, 0xff, 0xff, 
	0xff, 0xff, 0xff, 0xff, 0xff, 0xff, 0xff, 0xff, 0xff, 0xff, 0xff, 0xff, 0xff, 0xff, 0xff, 0xff, 
	0xff, 0xff, 0xff, 0xff, 0xff, 0xff, 0x80, 0x00, 0x00, 0x01, 0xff, 0xff, 0xff, 0xff, 0xff, 0xff, 
	0xff, 0xff, 0xff, 0xff, 0xff, 0xff, 0xff, 0xff, 0xff, 0xff, 0xff, 0xff, 0xff, 0xff, 0xff, 0xff, 
	0xff, 0xff, 0xff, 0xff, 0xff, 0xff, 0xff, 0xff, 0xff, 0xff, 0xff, 0xff, 0xff, 0xff, 0x80, 0x00, 
	0x00, 0x01, 0xff, 0xff, 0xff, 0xff, 0xff, 0xff, 0xff, 0xff, 0xff, 0xff, 0xff, 0xff, 0xff, 0xff, 
	0xff, 0xff, 0xff, 0xff, 0xff, 0xff, 0xff, 0xff, 0xff, 0xff, 0xff, 0xff, 0xff, 0xff, 0xff, 0xff, 
	0xff, 0xff, 0xff, 0xff, 0xff, 0xff, 0x80, 0x00, 0x00, 0x01, 0xff, 0xff, 0xff, 0xff, 0xff, 0xff, 
	0xff, 0xff, 0xff, 0xff, 0xff, 0xff, 0xff, 0xff, 0xff, 0xff, 0xff, 0xff, 0xff, 0xff, 0xff, 0xff, 
	0xff, 0xff, 0xff, 0xff, 0xff, 0xff, 0xff, 0xff, 0xff, 0xff, 0xff, 0xff, 0xff, 0xff, 0x80, 0x00, 
	0x00, 0x01, 0xff, 0xff, 0xff, 0xff, 0xff, 0xff, 0xff, 0xff, 0xff, 0xff, 0xff, 0xff, 0xff, 0xff, 
	0xff, 0xff, 0xff, 0xff, 0xff, 0xff, 0xff, 0xff, 0xff, 0xff, 0xff, 0xff, 0xff, 0xff, 0xff, 0xff, 
	0xff, 0xff, 0xff, 0xff, 0xff, 0xff, 0x80, 0x00, 0x00, 0x01, 0xff, 0xff, 0xff, 0xff, 0xff, 0xff, 
	0xff, 0xff, 0xff, 0xff, 0xff, 0xff, 0xff, 0xff, 0xff, 0xff, 0xff, 0xff, 0xff, 0xff, 0xff, 0xff, 
	0xff, 0xff, 0xff, 0xff, 0xff, 0xff, 0xff, 0xff, 0xff, 0xff, 0xff, 0xff, 0xff, 0xff, 0x80, 0x00, 
	0x00, 0x01, 0xff, 0xff, 0xff, 0xff, 0xff, 0xff, 0xff, 0xff, 0xff, 0xff, 0xff, 0xff, 0xff, 0xff, 
	0xff, 0xff, 0xff, 0xff, 0xff, 0xff, 0xff, 0xff, 0xff, 0xff, 0xff, 0xff, 0xff, 0xff, 0xff, 0xff, 
	0xff, 0xff, 0xff, 0xff, 0xff, 0xff, 0x80, 0x00, 0x00, 0x00, 0xff, 0xff, 0xff, 0xff, 0xff, 0xff, 
	0xff, 0xff, 0xff, 0xff, 0xff, 0xff, 0xff, 0xff, 0xff, 0xff, 0xff, 0xff, 0xff, 0xff, 0xff, 0xff, 
	0xff, 0xff, 0xff, 0xff, 0xff, 0xff, 0xff, 0xff, 0xff, 0xff, 0xff, 0xff, 0xff, 0xff, 0x00, 0x00, 
	0x00, 0x00, 0xff, 0xff, 0xff, 0xff, 0xff, 0xff, 0xff, 0xff, 0xff, 0xff, 0xff, 0xff, 0xff, 0xff, 
	0xff, 0xff, 0xff, 0xff, 0xff, 0xff, 0xff, 0xff, 0xff, 0xff, 0xff, 0xff, 0xff, 0xff, 0xff, 0xff, 
	0xff, 0xff, 0xff, 0xff, 0xff, 0xff, 0x00, 0x00, 0x00, 0x00, 0x7f, 0xff, 0xff, 0xff, 0xff, 0xff, 
	0xff, 0xff, 0xff, 0xff, 0xff, 0xff, 0xff, 0xff, 0xff, 0xff, 0xff, 0xff, 0xff, 0xff, 0xff, 0xff, 
	0xff, 0xff, 0xff, 0xff, 0xff, 0xff, 0xff, 0xff, 0xff, 0xff, 0xff, 0xff, 0xff, 0xfe, 0x00, 0x00, 
	0x00, 0x00, 0x7f, 0xff, 0xff, 0xff, 0xff, 0xff, 0xff, 0xff, 0xff, 0xff, 0xff, 0xff, 0xff, 0xff, 
	0xff, 0xff, 0xff, 0xff, 0xff, 0xff, 0xff, 0xff, 0xff, 0xff, 0xff, 0xff, 0xff, 0xff, 0xff, 0xff, 
	0xff, 0xff, 0xff, 0xff, 0xff, 0xfe, 0x00, 0x00, 0x00, 0x00, 0x1f, 0xff, 0xff, 0xff, 0xff, 0xff, 
	0xff, 0xff, 0xff, 0xff, 0xff, 0xff, 0xff, 0xff, 0xff, 0xff, 0xff, 0xff, 0xff, 0xff, 0xff, 0xff, 
	0xff, 0xff, 0xff, 0xff, 0xff, 0xff, 0xff, 0xff, 0xff, 0xff, 0xff, 0xff, 0xff, 0xf8, 0x00, 0x00, 
	0x00, 0x00, 0x07, 0xff, 0xff, 0xff, 0xff, 0xff, 0xff, 0xff, 0xff, 0xff, 0xff, 0xff, 0xff, 0xff, 
	0xff, 0xff, 0xff, 0xff, 0xff, 0xff, 0xff, 0xff, 0xff, 0xff, 0xff, 0xff, 0xff, 0xff, 0xff, 0xff, 
	0xff, 0xff, 0xff, 0xff, 0xff, 0xe0, 0x00, 0x00, 0x00, 0x00, 0x00, 0x00, 0x00, 0x00, 0x00, 0x00, 
	0x00, 0x00, 0x00, 0x00, 0x00, 0x00, 0x00, 0x00, 0x00, 0x00, 0x00, 0x00, 0x00, 0x00, 0x00, 0x00, 
	0x00, 0x00, 0x00, 0x00, 0x00, 0x00, 0x00, 0x00, 0x00, 0x00, 0x00, 0x00, 0x00, 0x00, 0x00, 0x00, 
	0x00, 0x00, 0x00, 0x00, 0x00, 0x00, 0x00, 0x00, 0x00, 0x00, 0x00, 0x00, 0x00, 0x00, 0x00, 0x00, 
	0x00, 0x00, 0x00, 0x00, 0x00, 0x00, 0x00, 0x00, 0x00, 0x00, 0x00, 0x00, 0x00, 0x00, 0x00, 0x00, 
	0x00, 0x00, 0x00, 0x00, 0x00, 0x00, 0x00, 0x00, 0x00, 0x00, 0x00, 0x00, 0x00, 0x00, 0x00, 0x00, 
	0x00, 0x00, 0x00, 0x00, 0x00, 0x00, 0x00, 0x00, 0x00, 0x00, 0x00, 0x00, 0x00, 0x00, 0x00, 0x00, 
	0x00, 0x00, 0x00, 0x00, 0x00, 0x00, 0x00, 0x00, 0x00, 0x00, 0x00, 0x00, 0x00, 0x00, 0x00, 0x00, 
	0x00, 0x00, 0x00, 0x00, 0x00, 0x00, 0x00, 0x00, 0x00, 0x00, 0x00, 0x00, 0x00, 0x00, 0x00, 0x00, 
	0x00, 0x00, 0x00, 0x00, 0x00, 0x00, 0x00, 0x00, 0x00, 0x00, 0x00, 0x00, 0x00, 0x00, 0x00, 0x00, 
	0x00, 0x00, 0x00, 0x00, 0x00, 0x00, 0x00, 0x00, 0x00, 0x00, 0x00, 0x00, 0x00, 0x00, 0x00, 0x00, 
	0x00, 0x00, 0x00, 0x00, 0x00, 0x00, 0x00, 0x00, 0x00, 0x00, 0x00, 0x00, 0x00, 0x00, 0x00, 0x00, 
	0x00, 0x00, 0x00, 0x00, 0x00, 0x00, 0x00, 0x00, 0x00, 0x00, 0x00, 0x00, 0x00, 0x00, 0x00, 0x00, 
	0x00, 0x00, 0x00, 0x00, 0x00, 0x00, 0x00, 0x00, 0x00, 0x00, 0x00, 0x00, 0x00, 0x00, 0x00, 0x00, 
	0x00, 0x00, 0x00, 0x00, 0x00, 0x00, 0x00, 0x00, 0x00, 0x00, 0x00, 0x00, 0x00, 0x00, 0x00, 0x00, 
	0x00, 0x00, 0x00, 0x00, 0x00, 0x00, 0x00, 0x00, 0x00, 0x00, 0x00, 0x00, 0x00, 0x00, 0x00, 0x00, 
	0x00, 0x00, 0x00, 0x00, 0x00, 0x00, 0x00, 0x00, 0x00, 0x00, 0x00, 0x00, 0x00, 0x00, 0x00, 0x00, 
	0x00, 0x00, 0x00, 0x00, 0x00, 0x00, 0x00, 0x00, 0x00, 0x00, 0x00, 0x00, 0x00, 0x00, 0x00, 0x00, 
	0x00, 0x00, 0x00, 0x00, 0x00, 0x00, 0x00, 0x00, 0x00, 0x00, 0x00, 0x00, 0x00, 0x00, 0x00, 0x00, 
	0x00, 0x00, 0x00, 0x00, 0x00, 0x00, 0x00, 0x00, 0x00, 0x00, 0x00, 0x00, 0x00, 0x00, 0x00, 0x00, 
	0x00, 0x00, 0x00, 0x00, 0x00, 0x00, 0x00, 0x00, 0x00, 0x00, 0x00, 0x00, 0x00, 0x00, 0x00, 0x00, 
	0x00, 0x00, 0x00, 0x00, 0x00, 0x00, 0x00, 0x00, 0x00, 0x00, 0x00, 0x00, 0x00, 0x00, 0x00, 0x00, 
	0x00, 0x00, 0x00, 0x00, 0x00, 0x00, 0x00, 0x00, 0x00, 0x00, 0x00, 0x00, 0x00, 0x00, 0x00, 0x00, 
	0x00, 0x00, 0x00, 0x00, 0x00, 0x00, 0x00, 0x00, 0x00, 0x00, 0x00, 0x00, 0x00, 0x00, 0x00, 0x00, 
	0x00, 0x00, 0x00, 0x00, 0x00, 0x00, 0x00, 0x00, 0x00, 0x00, 0x00, 0x00, 0x00, 0x00, 0x00, 0x00, 
	0x00, 0x00, 0x00, 0x00, 0x00, 0x00, 0x00, 0x00, 0x00, 0x00, 0x00, 0x00, 0x00, 0x00, 0x00, 0x00, 
	0x00, 0x00, 0x00, 0x00, 0x00, 0x00, 0x00, 0x00, 0x00, 0x00, 0x00, 0x00, 0x00, 0x00, 0x00, 0x00, 
	0x00, 0x00, 0x00, 0x00, 0x00, 0x00, 0x00, 0x00, 0x00, 0x00, 0x00, 0x00, 0x00, 0x00, 0x00, 0x00, 
	0x00, 0x00, 0x00, 0x00, 0x00, 0x00, 0x00, 0x00, 0x00, 0x00, 0x00, 0x00, 0x00, 0x00, 0x00, 0x00, 
	0x00, 0x00, 0x00, 0x00, 0x00, 0x00, 0x00, 0x00, 0x00, 0x00, 0x00, 0x00, 0x00, 0x00, 0x00, 0x00, 
	0x00, 0x00, 0x00, 0x00, 0x00, 0x00, 0x00, 0x00, 0x00, 0x00, 0x00, 0x00, 0x00, 0x00, 0x00, 0x00, 
	0x00, 0x00, 0x00, 0x00, 0x00, 0x00, 0x00, 0x00, 0x00, 0x00, 0x00, 0x00, 0x00, 0x00, 0x00, 0x00, 
	0x00, 0x00, 0x00, 0x00, 0x00, 0x00, 0x00, 0x00, 0x00, 0x00, 0x00, 0x00, 0x00, 0x00, 0x00, 0x00, 
	0x00, 0x00, 0x00, 0x00, 0x00, 0x00, 0x00, 0x00, 0x00, 0x00, 0x00, 0x00, 0x00, 0x00, 0x00, 0x00, 
	0x00, 0x00, 0x00, 0x00, 0x00, 0x00, 0x00, 0x00, 0x00, 0x00, 0x00, 0x00, 0x00, 0x00, 0x00, 0x00, 
	0x00, 0x00, 0x00, 0x00, 0x00, 0x00, 0x00, 0x00, 0x00, 0x00, 0x00, 0x00, 0x00, 0x00, 0x00, 0x00, 
	0x00, 0x00, 0x00, 0x00, 0x00, 0x00, 0x00, 0x00, 0x00, 0x00, 0x00, 0x00, 0x00, 0x00, 0x00, 0x00, 
	0x00, 0x00, 0x00, 0x00, 0x00, 0x00, 0x00, 0x00, 0x00, 0x00, 0x00, 0x00, 0x00, 0x00, 0x00, 0x00, 
	0x00, 0x00, 0x00, 0x00, 0x00, 0x00, 0x00, 0x00, 0x00, 0x00, 0x00, 0x00, 0x00, 0x00, 0x00, 0x00, 
	0x00, 0x00, 0x00, 0x00, 0x00, 0x00, 0x00, 0x00, 0x00, 0x00, 0x00, 0x00, 0x00, 0x00, 0x00, 0x00, 
	0x00, 0x00, 0x00, 0x00, 0x00, 0x00, 0x00, 0x00, 0x00, 0x00, 0x00, 0x00, 0x00, 0x00, 0x00, 0x00, 
	0x00, 0x00, 0x00, 0x00, 0x00, 0x00, 0x00, 0x00, 0x00, 0x00, 0x00, 0x00, 0x00, 0x00, 0x00, 0x00, 
	0x00, 0x00, 0x00, 0x00, 0x00, 0x00, 0x00, 0x00, 0x00, 0x00, 0x00, 0x00, 0x00, 0x00, 0x00, 0x00, 
	0x00, 0x00, 0x00, 0x00, 0x00, 0x00, 0x00, 0x00, 0x00, 0x00, 0x00, 0x00, 0x00, 0x00, 0x00, 0x00, 
	0x00, 0x00, 0x00, 0x00, 0x00, 0x00, 0x00, 0x00, 0x00, 0x00, 0x00, 0x00, 0x00, 0x00, 0x00, 0x00, 
	0x00, 0x00, 0x00, 0x00, 0x00, 0x00, 0x00, 0x00, 0x00, 0x00, 0x00, 0x00, 0x00, 0x00, 0x00, 0x00, 
	0x00, 0x00, 0x00, 0x00, 0x00, 0x00, 0x00, 0x00, 0x00, 0x00, 0x00, 0x00, 0x00, 0x00, 0x00, 0x00, 
	0x00, 0x00, 0x00, 0x00, 0x00, 0x00, 0x00, 0x00, 0x00, 0x00, 0x00, 0x00, 0x00, 0x00, 0x00, 0x00, 
	0x00, 0x00, 0x07, 0xff, 0xff, 0xff, 0xff, 0xff, 0xff, 0xff, 0xff, 0xff, 0xff, 0xff, 0xff, 0x80, 
	0x00, 0x00, 0x00, 0x00, 0x00, 0x00, 0x00, 0x00, 0x01, 0xff, 0xff, 0xff, 0xff, 0xff, 0xff, 0xff, 
	0xff, 0xff, 0xff, 0xff, 0xff, 0xe0, 0x00, 0x00, 0x00, 0x00, 0x1f, 0xff, 0xff, 0xff, 0xff, 0xff, 
	0xff, 0xff, 0xff, 0xff, 0xff, 0xff, 0xff, 0xe0, 0x00, 0x00, 0x00, 0x00, 0x00, 0x00, 0x00, 0x00, 
	0x07, 0xff, 0xff, 0xff, 0xff, 0xff, 0xff, 0xff, 0xff, 0xff, 0xff, 0xff, 0xff, 0xf8, 0x00, 0x00, 
	0x00, 0x00, 0x7f, 0xff, 0xff, 0xff, 0xff, 0xff, 0xff, 0xff, 0xff, 0xff, 0xff, 0xff, 0xff, 0xf8, 
	0x00, 0x00, 0x00, 0x00, 0x00, 0x00, 0x00, 0x00, 0x1f, 0xff, 0xff, 0xff, 0xff, 0xff, 0xff, 0xff, 
	0xff, 0xff, 0xff, 0xff, 0xff, 0xfe, 0x00, 0x00, 0x00, 0x00, 0x7f, 0xff, 0xff, 0xff, 0xff, 0xff, 
	0xff, 0xff, 0xff, 0xff, 0xff, 0xff, 0xff, 0xf8, 0x00, 0x00, 0x00, 0x00, 0x00, 0x00, 0x00, 0x00, 
	0x1f, 0xff, 0xff, 0xff, 0xff, 0xff, 0xff, 0xff, 0xff, 0xff, 0xff, 0xff, 0xff, 0xfe, 0x00, 0x00, 
	0x00, 0x00, 0xff, 0xff, 0xff, 0xff, 0xff, 0xff, 0xff, 0xff, 0xff, 0xff, 0xff, 0xff, 0xff, 0xfc, 
	0x00, 0x00, 0x00, 0x00, 0x00, 0x00, 0x00, 0x00, 0x3f, 0xff, 0xff, 0xff, 0xff, 0xff, 0xff, 0xff, 
	0xff, 0xff, 0xff, 0xff, 0xff, 0xff, 0x00, 0x00, 0x00, 0x00, 0xff, 0xff, 0xff, 0xff, 0xff, 0xff, 
	0xff, 0xff, 0xff, 0xff, 0xff, 0xff, 0xff, 0xfc, 0x00, 0x00, 0x00, 0x00, 0x00, 0x00, 0x00, 0x00, 
	0x3f, 0xff, 0xff, 0xff, 0xff, 0xff, 0xff, 0xff, 0xff, 0xff, 0xff, 0xff, 0xff, 0xff, 0x00, 0x00, 
	0x00, 0x01, 0xff, 0xff, 0xff, 0xff, 0xff, 0xff, 0xff, 0xff, 0xff, 0xff, 0xff, 0xff, 0xff, 0xfe, 
	0x00, 0x00, 0x00, 0x00, 0x00, 0x00, 0x00, 0x00, 0x7f, 0xff, 0xff, 0xff, 0xff, 0xff, 0xff, 0xff, 
	0xff, 0xff, 0xff, 0xff, 0xff, 0xff, 0x80, 0x00, 0x00, 0x01, 0xff, 0xff, 0xff, 0xff, 0xff, 0xff, 
	0xff, 0xff, 0xff, 0xff, 0xff, 0xff, 0xff, 0xfe, 0x00, 0x00, 0x00, 0x00, 0x00, 0x00, 0x00, 0x00, 
	0x7f, 0xff, 0xff, 0xff, 0xff, 0xff, 0xff, 0xff, 0xff, 0xff, 0xff, 0xff, 0xff, 0xff, 0x80, 0x00, 
	0x00, 0x01, 0xff, 0xff, 0xff, 0xff, 0xff, 0xff, 0xff, 0xff, 0xff, 0xff, 0xff, 0xff, 0xff, 0xfe, 
	0x00, 0x00, 0x00, 0x00, 0x00, 0x00, 0x00, 0x00, 0x7f, 0xff, 0xff, 0xff, 0xff, 0xff, 0xff, 0xff, 
	0xff, 0xff, 0xff, 0xff, 0xff, 0xff, 0x80, 0x00, 0x00, 0x01, 0xff, 0xff, 0xff, 0xff, 0xff, 0xff, 
	0xff, 0xff, 0xff, 0xff, 0xff, 0xff, 0xff, 0xfe, 0x00, 0x00, 0x00, 0x00, 0x00, 0x00, 0x00, 0x00, 
	0x7f, 0xff, 0xff, 0xff, 0xff, 0xff, 0xff, 0xff, 0xff, 0xff, 0xff, 0xff, 0xff, 0xff, 0x80, 0x00, 
	0x00, 0x01, 0xff, 0xff, 0xff, 0xff, 0xff, 0xff, 0xff, 0xff, 0xff, 0xff, 0xff, 0xff, 0xff, 0xfe, 
	0x00, 0x00, 0x00, 0x00, 0x00, 0x00, 0x00, 0x00, 0x7f, 0xff, 0xff, 0xff, 0xff, 0xff, 0xff, 0xff, 
	0xff, 0xff, 0xff, 0xff, 0xff, 0xff, 0x80, 0x00, 0x00, 0x01, 0xff, 0xff, 0xff, 0xff, 0xff, 0xff, 
	0xff, 0xff, 0xff, 0xff, 0xff, 0xff, 0xff, 0xfe, 0x00, 0x00, 0x00, 0x00, 0x00, 0x00, 0x00, 0x00, 
	0x7f, 0xff, 0xff, 0xff, 0xff, 0xff, 0xff, 0xff, 0xff, 0xff, 0xff, 0xff, 0xff, 0xff, 0x80, 0x00, 
	0x00, 0x01, 0xff, 0xff, 0xff, 0xff, 0xff, 0xff, 0xff, 0xff, 0xff, 0xff, 0xff, 0xff, 0xff, 0xfe, 
	0x00, 0x00, 0x00, 0x00, 0x00, 0x00, 0x00, 0x00, 0x7f, 0xff, 0xff, 0xff, 0xff, 0xff, 0xff, 0xff, 
	0xff, 0xff, 0xff, 0xff, 0xff, 0xff, 0x80, 0x00, 0x00, 0x01, 0xff, 0xff, 0xff, 0xff, 0xff, 0xff, 
	0xff, 0xff, 0xff, 0xff, 0xff, 0xff, 0xff, 0xfe, 0x00, 0x00, 0x00, 0x00, 0x00, 0x00, 0x00, 0x00, 
	0x7f, 0xff, 0xff, 0xff, 0xff, 0xff, 0xff, 0xff, 0xff, 0xff, 0xff, 0xff, 0xff, 0xff, 0x80, 0x00, 
	0x00, 0x01, 0xff, 0xff, 0xff, 0xff, 0xff, 0xff, 0xff, 0xff, 0xff, 0xff, 0xff, 0xff, 0xff, 0xfe, 
	0x00, 0x00, 0x00, 0x00, 0x00, 0x00, 0x00, 0x00, 0x7f, 0xff, 0xff, 0xff, 0xff, 0xff, 0xff, 0xff, 
	0xff, 0xff, 0xff, 0xff, 0xff, 0xff, 0x80, 0x00, 0x00, 0x01, 0xff, 0xff, 0xff, 0xff, 0xff, 0xff, 
	0xff, 0xff, 0xff, 0xff, 0xff, 0xff, 0xff, 0xfe, 0x00, 0x00, 0x00, 0x00, 0x00, 0x00, 0x00, 0x00, 
	0x7f, 0xff, 0xff, 0xff, 0xff, 0xff, 0xff, 0xff, 0xff, 0xff, 0xff, 0xff, 0xff, 0xff, 0x80, 0x00, 
	0x00, 0x01, 0xff, 0xff, 0xff, 0xff, 0xff, 0xff, 0xff, 0xff, 0xff, 0xff, 0xff, 0xff, 0xff, 0xfe, 
	0x00, 0x00, 0x00, 0x00, 0x00, 0x00, 0x00, 0x00, 0x7f, 0xff, 0xff, 0xff, 0xff, 0xff, 0xff, 0xff, 
	0xff, 0xff, 0xff, 0xff, 0xff, 0xff, 0x80, 0x00, 0x00, 0x01, 0xff, 0xff, 0xff, 0xff, 0xff, 0xff, 
	0xff, 0xff, 0xff, 0xff, 0xff, 0xff, 0xff, 0xfe, 0x00, 0x00, 0x00, 0x00, 0x00, 0x00, 0x00, 0x00, 
	0x7f, 0xff, 0xff, 0xff, 0xff, 0xff, 0xff, 0xff, 0xff, 0xff, 0xff, 0xff, 0xff, 0xff, 0x80, 0x00, 
	0x00, 0x01, 0xff, 0xff, 0xff, 0xff, 0xff, 0xff, 0xff, 0xff, 0xff, 0xff, 0xff, 0xff, 0xff, 0xfe, 
	0x00, 0x00, 0x00, 0x00, 0x00, 0x00, 0x00, 0x00, 0x7f, 0xff, 0xff, 0xff, 0xff, 0xff, 0xff, 0xff, 
	0xff, 0xff, 0xff, 0xff, 0xff, 0xff, 0x80, 0x00, 0x00, 0x01, 0xff, 0xff, 0xff, 0xff, 0xff, 0xff, 
	0xff, 0xff, 0xff, 0xff, 0xff, 0xff, 0xff, 0xfe, 0x00, 0x00, 0x00, 0x00, 0x00, 0x00, 0x00, 0x00, 
	0x7f, 0xff, 0xff, 0xff, 0xff, 0xff, 0xff, 0xff, 0xff, 0xff, 0xff, 0xff, 0xff, 0xff, 0x80, 0x00, 
	0x00, 0x01, 0xff, 0xff, 0xff, 0xff, 0xff, 0xff, 0xff, 0xff, 0xff, 0xff, 0xff, 0xff, 0xff, 0xfe, 
	0x00, 0x00, 0x00, 0x00, 0x00, 0x00, 0x00, 0x00, 0x7f, 0xff, 0xff, 0xff, 0xff, 0xff, 0xff, 0xff, 
	0xff, 0xff, 0xff, 0xff, 0xff, 0xff, 0x80, 0x00, 0x00, 0x01, 0xff, 0xff, 0xff, 0xff, 0xff, 0xff, 
	0xff, 0xff, 0xff, 0xff, 0xff, 0xff, 0xff, 0xfe, 0x00, 0x00, 0x00, 0x00, 0x00, 0x00, 0x00, 0x00, 
	0x7f, 0xff, 0xff, 0xff, 0xff, 0xff, 0xff, 0xff, 0xff, 0xff, 0xff, 0xff, 0xff, 0xff, 0x80, 0x00, 
	0x00, 0x01, 0xff, 0xff, 0xff, 0xff, 0xff, 0xff, 0xff, 0xff, 0xff, 0xff, 0xff, 0xff, 0xff, 0xfe, 
	0x00, 0x00, 0x00, 0x00, 0x00, 0x00, 0x00, 0x00, 0x7f, 0xff, 0xff, 0xff, 0xff, 0xff, 0xff, 0xff, 
	0xff, 0xff, 0xff, 0xff, 0xff, 0xff, 0x80, 0x00, 0x00, 0x01, 0xff, 0xff, 0xff, 0xff, 0xff, 0xff, 
	0xff, 0xff, 0xff, 0xff, 0xff, 0xff, 0xff, 0xfe, 0x00, 0x00, 0x00, 0x00, 0x00, 0x00, 0x00, 0x00, 
	0x7f, 0xff, 0xff, 0xff, 0xff, 0xff, 0xff, 0xff, 0xff, 0xff, 0xff, 0xff, 0xff, 0xff, 0x80, 0x00, 
	0x00, 0x01, 0xff, 0xff, 0xff, 0xff, 0xff, 0xff, 0xff, 0xff, 0xff, 0xff, 0xff, 0xff, 0xff, 0xfe, 
	0x00, 0x00, 0x00, 0x00, 0x00, 0x00, 0x00, 0x00, 0x7f, 0xff, 0xff, 0xff, 0xff, 0xff, 0xff, 0xff, 
	0xff, 0xff, 0xff, 0xff, 0xff, 0xff, 0x80, 0x00, 0x00, 0x01, 0xff, 0xff, 0xff, 0xff, 0xff, 0xff, 
	0xff, 0xff, 0xff, 0xff, 0xff, 0xff, 0xff, 0xfe, 0x00, 0x00, 0x00, 0x00, 0x00, 0x00, 0x00, 0x00, 
	0x7f, 0xff, 0xff, 0xff, 0xff, 0xff, 0xff, 0xff, 0xff, 0xff, 0xff, 0xff, 0xff, 0xff, 0x80, 0x00, 
	0x00, 0x01, 0xff, 0xff, 0xff, 0xff, 0xff, 0xff, 0xff, 0xff, 0xff, 0xff, 0xff, 0xff, 0xff, 0xfe, 
	0x00, 0x00, 0x00, 0x00, 0x00, 0x00, 0x00, 0x00, 0x7f, 0xff, 0xff, 0xff, 0xff, 0xff, 0xff, 0xff, 
	0xff, 0xff, 0xff, 0xff, 0xff, 0xff, 0x80, 0x00, 0x00, 0x01, 0xff, 0xff, 0xff, 0xff, 0xff, 0xff, 
	0xff, 0xff, 0xff, 0xff, 0xff, 0xff, 0xff, 0xfe, 0x00, 0x00, 0x00, 0x00, 0x00, 0x00, 0x00, 0x00, 
	0x7f, 0xff, 0xff, 0xff, 0xff, 0xff, 0xff, 0xff, 0xff, 0xff, 0xff, 0xff, 0xff, 0xff, 0x80, 0x00, 
	0x00, 0x01, 0xff, 0xff, 0xff, 0xff, 0xff, 0xff, 0xff, 0xff, 0xff, 0xff, 0xff, 0xff, 0xff, 0xfe, 
	0x00, 0x00, 0x00, 0x00, 0x00, 0x00, 0x00, 0x00, 0x7f, 0xff, 0xff, 0xff, 0xff, 0xff, 0xff, 0xff, 
	0xff, 0xff, 0xff, 0xff, 0xff, 0xff, 0x80, 0x00, 0x00, 0x01, 0xff, 0xff, 0xff, 0xff, 0xff, 0xff, 
	0xff, 0xff, 0xff, 0xff, 0xff, 0xff, 0xff, 0xfe, 0x00, 0x00, 0x00, 0x00, 0x00, 0x00, 0x00, 0x00, 
	0x7f, 0xff, 0xff, 0xff, 0xff, 0xff, 0xff, 0xff, 0xff, 0xff, 0xff, 0xff, 0xff, 0xff, 0x80, 0x00, 
	0x00, 0x01, 0xff, 0xff, 0xff, 0xff, 0xff, 0xff, 0xff, 0xff, 0xff, 0xff, 0xff, 0xff, 0xff, 0xfe, 
	0x00, 0x00, 0x00, 0x00, 0x00, 0x00, 0x00, 0x00, 0x7f, 0xff, 0xff, 0xff, 0xff, 0xff, 0xff, 0xff, 
	0xff, 0xff, 0xff, 0xff, 0xff, 0xff, 0x80, 0x00, 0x00, 0x01, 0xff, 0xff, 0xff, 0xff, 0xff, 0xff, 
	0xff, 0xff, 0xff, 0xff, 0xff, 0xff, 0xff, 0xfe, 0x00, 0x00, 0x00, 0x00, 0x00, 0x00, 0x00, 0x00, 
	0x7f, 0xff, 0xff, 0xff, 0xff, 0xff, 0xff, 0xff, 0xff, 0xff, 0xff, 0xff, 0xff, 0xff, 0x80, 0x00, 
	0x00, 0x01, 0xff, 0xff, 0xff, 0xff, 0xff, 0xff, 0xff, 0xff, 0xff, 0xff, 0xff, 0xff, 0xff, 0xfe, 
	0x00, 0x00, 0x00, 0x00, 0x00, 0x00, 0x00, 0x00, 0x7f, 0xff, 0xff, 0xff, 0xff, 0xff, 0xff, 0xff, 
	0xff, 0xff, 0xff, 0xff, 0xff, 0xff, 0x80, 0x00, 0x00, 0x01, 0xff, 0xff, 0xff, 0xff, 0xff, 0xff, 
	0xff, 0xff, 0xff, 0xff, 0xff, 0xff, 0xff, 0xfe, 0x00, 0x00, 0x00, 0x00, 0x00, 0x00, 0x00, 0x00, 
	0x7f, 0xff, 0xff, 0xff, 0xff, 0xff, 0xff, 0xff, 0xff, 0xff, 0xff, 0xff, 0xff, 0xff, 0x80, 0x00, 
	0x00, 0x01, 0xff, 0xff, 0xff, 0xff, 0xff, 0xff, 0xff, 0xff, 0xff, 0xff, 0xff, 0xff, 0xff, 0xfe, 
	0x00, 0x00, 0x00, 0x00, 0x00, 0x00, 0x00, 0x00, 0x7f, 0xff, 0xff, 0xff, 0xff, 0xff, 0xff, 0xff, 
	0xff, 0xff, 0xff, 0xff, 0xff, 0xff, 0x80, 0x00, 0x00, 0x01, 0xff, 0xff, 0xff, 0xff, 0xff, 0xff, 
	0xff, 0xff, 0xff, 0xff, 0xff, 0xff, 0xff, 0xfe, 0x00, 0x00, 0x00, 0x00, 0x00, 0x00, 0x00, 0x00, 
	0x7f, 0xff, 0xff, 0xff, 0xff, 0xff, 0xff, 0xff, 0xff, 0xff, 0xff, 0xff, 0xff, 0xff, 0x80, 0x00, 
	0x00, 0x01, 0xff, 0xff, 0xff, 0xff, 0xff, 0xff, 0xff, 0xff, 0xff, 0xff, 0xff, 0xff, 0xff, 0xfe, 
	0x00, 0x00, 0x00, 0x00, 0x00, 0x00, 0x00, 0x00, 0x7f, 0xff, 0xff, 0xff, 0xff, 0xff, 0xff, 0xff, 
	0xff, 0xff, 0xff, 0xff, 0xff, 0xff, 0x80, 0x00, 0x00, 0x01, 0xff, 0xff, 0xff, 0xff, 0xff, 0xff, 
	0xff, 0xff, 0xff, 0xff, 0xff, 0xff, 0xff, 0xfe, 0x00, 0x00, 0x00, 0x00, 0x00, 0x00, 0x00, 0x00, 
	0x7f, 0xff, 0xff, 0xff, 0xff, 0xff, 0xff, 0xff, 0xff, 0xff, 0xff, 0xff, 0xff, 0xff, 0x80, 0x00, 
	0x00, 0x01, 0xff, 0xff, 0xff, 0xff, 0xff, 0xff, 0xff, 0xff, 0xff, 0xff, 0xff, 0xff, 0xff, 0xfe, 
	0x00, 0x00, 0x00, 0x00, 0x00, 0x00, 0x00, 0x00, 0x7f, 0xff, 0xff, 0xff, 0xff, 0xff, 0xff, 0xff, 
	0xff, 0xff, 0xff, 0xff, 0xff, 0xff, 0x80, 0x00, 0x00, 0x01, 0xff, 0xff, 0xff, 0xff, 0xff, 0xff, 
	0xff, 0xff, 0xff, 0xff, 0xff, 0xff, 0xff, 0xfe, 0x00, 0x00, 0x00, 0x00, 0x00, 0x00, 0x00, 0x00, 
	0x7f, 0xff, 0xff, 0xff, 0xff, 0xff, 0xff, 0xff, 0xff, 0xff, 0xff, 0xff, 0xff, 0xff, 0x80, 0x00, 
	0x00, 0x01, 0xff, 0xff, 0xff, 0xff, 0xff, 0xff, 0xff, 0xff, 0xff, 0xff, 0xff, 0xff, 0xff, 0xfe, 
	0x00, 0x00, 0x00, 0x00, 0x00, 0x00, 0x00, 0x00, 0x7f, 0xff, 0xff, 0xff, 0xff, 0xff, 0xff, 0xff, 
	0xff, 0xff, 0xff, 0xff, 0xff, 0xff, 0x80, 0x00, 0x00, 0x01, 0xff, 0xff, 0xff, 0xff, 0xff, 0xff, 
	0xff, 0xff, 0xff, 0xff, 0xff, 0xff, 0xff, 0xfe, 0x00, 0x00, 0x00, 0x00, 0x00, 0x00, 0x00, 0x00, 
	0x7f, 0xff, 0xff, 0xff, 0xff, 0xff, 0xff, 0xff, 0xff, 0xff, 0xff, 0xff, 0xff, 0xff, 0x80, 0x00, 
	0x00, 0x01, 0xff, 0xff, 0xff, 0xff, 0xff, 0xff, 0xff, 0xff, 0xff, 0xff, 0xff, 0xff, 0xff, 0xfe, 
	0x00, 0x00, 0x00, 0x00, 0x00, 0x00, 0x00, 0x00, 0x7f, 0xff, 0xff, 0xff, 0xff, 0xff, 0xff, 0xff, 
	0xff, 0xff, 0xff, 0xff, 0xff, 0xff, 0x80, 0x00, 0x00, 0x01, 0xff, 0xff, 0xff, 0xff, 0xff, 0xff, 
	0xff, 0xff, 0xff, 0xff, 0xff, 0xff, 0xff, 0xfe, 0x00, 0x00, 0x00, 0x00, 0x00, 0x00, 0x00, 0x00, 
	0x7f, 0xff, 0xff, 0xff, 0xff, 0xff, 0xff, 0xff, 0xff, 0xff, 0xff, 0xff, 0xff, 0xff, 0x80, 0x00, 
	0x00, 0x01, 0xff, 0xff, 0xff, 0xff, 0xff, 0xff, 0xff, 0xff, 0xff, 0xff, 0xff, 0xff, 0xff, 0xfe, 
	0x00, 0x00, 0x00, 0x00, 0x00, 0x00, 0x00, 0x00, 0x7f, 0xff, 0xff, 0xff, 0xff, 0xff, 0xff, 0xff, 
	0xff, 0xff, 0xff, 0xff, 0xff, 0xff, 0x80, 0x00, 0x00, 0x01, 0xff, 0xff, 0xff, 0xff, 0xff, 0xff, 
	0xff, 0xff, 0xff, 0xff, 0xff, 0xff, 0xff, 0xfe, 0x00, 0x00, 0x00, 0x00, 0x00, 0x00, 0x00, 0x00, 
	0x7f, 0xff, 0xff, 0xff, 0xff, 0xff, 0xff, 0xff, 0xff, 0xff, 0xff, 0xff, 0xff, 0xff, 0x80, 0x00, 
	0x00, 0x01, 0xff, 0xff, 0xff, 0xff, 0xff, 0xff, 0xff, 0xff, 0xff, 0xff, 0xff, 0xff, 0xff, 0xfe, 
	0x00, 0x00, 0x00, 0x00, 0x00, 0x00, 0x00, 0x00, 0x7f, 0xff, 0xff, 0xff, 0xff, 0xff, 0xff, 0xff, 
	0xff, 0xff, 0xff, 0xff, 0xff, 0xff, 0x80, 0x00, 0x00, 0x01, 0xff, 0xff, 0xff, 0xff, 0xff, 0xff, 
	0xff, 0xff, 0xff, 0xff, 0xff, 0xff, 0xff, 0xfe, 0x00, 0x00, 0x00, 0x00, 0x00, 0x00, 0x00, 0x00, 
	0x7f, 0xff, 0xff, 0xff, 0xff, 0xff, 0xff, 0xff, 0xff, 0xff, 0xff, 0xff, 0xff, 0xff, 0x80, 0x00, 
	0x00, 0x01, 0xff, 0xff, 0xff, 0xff, 0xff, 0xff, 0xff, 0xff, 0xff, 0xff, 0xff, 0xff, 0xff, 0xfe, 
	0x00, 0x00, 0x00, 0x00, 0x00, 0x00, 0x00, 0x00, 0x7f, 0xff, 0xff, 0xff, 0xff, 0xff, 0xff, 0xff, 
	0xff, 0xff, 0xff, 0xff, 0xff, 0xff, 0x80, 0x00, 0x00, 0x01, 0xff, 0xff, 0xff, 0xff, 0xff, 0xff, 
	0xff, 0xff, 0xff, 0xff, 0xff, 0xff, 0xff, 0xfe, 0x00, 0x00, 0x00, 0x00, 0x00, 0x00, 0x00, 0x00, 
	0x7f, 0xff, 0xff, 0xff, 0xff, 0xff, 0xff, 0xff, 0xff, 0xff, 0xff, 0xff, 0xff, 0xff, 0x80, 0x00, 
	0x00, 0x01, 0xff, 0xff, 0xff, 0xff, 0xff, 0xff, 0xff, 0xff, 0xff, 0xff, 0xff, 0xff, 0xff, 0xfe, 
	0x00, 0x00, 0x00, 0x00, 0x00, 0x00, 0x00, 0x00, 0x7f, 0xff, 0xff, 0xff, 0xff, 0xff, 0xff, 0xff, 
	0xff, 0xff, 0xff, 0xff, 0xff, 0xff, 0x80, 0x00, 0x00, 0x01, 0xff, 0xff, 0xff, 0xff, 0xff, 0xff, 
	0xff, 0xff, 0xff, 0xff, 0xff, 0xff, 0xff, 0xfe, 0x00, 0x00, 0x00, 0x00, 0x00, 0x00, 0x00, 0x00, 
	0x7f, 0xff, 0xff, 0xff, 0xff, 0xff, 0xff, 0xff, 0xff, 0xff, 0xff, 0xff, 0xff, 0xff, 0x80, 0x00, 
	0x00, 0x01, 0xff, 0xff, 0xff, 0xff, 0xff, 0xff, 0xff, 0xff, 0xff, 0xff, 0xff, 0xff, 0xff, 0xfe, 
	0x00, 0x00, 0x00, 0x00, 0x00, 0x00, 0x00, 0x00, 0x7f, 0xff, 0xff, 0xff, 0xff, 0xff, 0xff, 0xff, 
	0xff, 0xff, 0xff, 0xff, 0xff, 0xff, 0x80, 0x00, 0x00, 0x01, 0xff, 0xff, 0xff, 0xff, 0xff, 0xff, 
	0xff, 0xff, 0xff, 0xff, 0xff, 0xff, 0xff, 0xfe, 0x00, 0x00, 0x00, 0x00, 0x00, 0x00, 0x00, 0x00, 
	0x7f, 0xff, 0xff, 0xff, 0xff, 0xff, 0xff, 0xff, 0xff, 0xff, 0xff, 0xff, 0xff, 0xff, 0x80, 0x00, 
	0x00, 0x01, 0xff, 0xff, 0xff, 0xff, 0xff, 0xff, 0xff, 0xff, 0xff, 0xff, 0xff, 0xff, 0xff, 0xfe, 
	0x00, 0x00, 0x00, 0x00, 0x00, 0x00, 0x00, 0x00, 0x7f, 0xff, 0xff, 0xff, 0xff, 0xff, 0xff, 0xff, 
	0xff, 0xff, 0xff, 0xff, 0xff, 0xff, 0x80, 0x00, 0x00, 0x01, 0xff, 0xff, 0xff, 0xff, 0xff, 0xff, 
	0xff, 0xff, 0xff, 0xff, 0xff, 0xff, 0xff, 0xfe, 0x00, 0x00, 0x00, 0x00, 0x00, 0x00, 0x00, 0x00, 
	0x7f, 0xff, 0xff, 0xff, 0xff, 0xff, 0xff, 0xff, 0xff, 0xff, 0xff, 0xff, 0xff, 0xff, 0x80, 0x00, 
	0x00, 0x01, 0xff, 0xff, 0xff, 0xff, 0xff, 0xff, 0xff, 0xff, 0xff, 0xff, 0xff, 0xff, 0xff, 0xfe, 
	0x00, 0x00, 0x00, 0x00, 0x00, 0x00, 0x00, 0x00, 0x7f, 0xff, 0xff, 0xff, 0xff, 0xff, 0xff, 0xff, 
	0xff, 0xff, 0xff, 0xff, 0xff, 0xff, 0x80, 0x00, 0x00, 0x01, 0xff, 0xff, 0xff, 0xff, 0xff, 0xff, 
	0xff, 0xff, 0xff, 0xff, 0xff, 0xff, 0xff, 0xfe, 0x00, 0x00, 0x00, 0x00, 0x00, 0x00, 0x00, 0x00, 
	0x7f, 0xff, 0xff, 0xff, 0xff, 0xff, 0xff, 0xff, 0xff, 0xff, 0xff, 0xff, 0xff, 0xff, 0x80, 0x00, 
	0x00, 0x01, 0xff, 0xff, 0xff, 0xff, 0xff, 0xff, 0xff, 0xff, 0xff, 0xff, 0xff, 0xff, 0xff, 0xfe, 
	0x00, 0x00, 0x00, 0x00, 0x00, 0x00, 0x00, 0x00, 0x7f, 0xff, 0xff, 0xff, 0xff, 0xff, 0xff, 0xff, 
	0xff, 0xff, 0xff, 0xff, 0xff, 0xff, 0x80, 0x00, 0x00, 0x01, 0xff, 0xff, 0xff, 0xff, 0xff, 0xff, 
	0xff, 0xff, 0xff, 0xff, 0xff, 0xff, 0xff, 0xfe, 0x00, 0x00, 0x00, 0x00, 0x00, 0x00, 0x00, 0x00, 
	0x7f, 0xff, 0xff, 0xff, 0xff, 0xff, 0xff, 0xff, 0xff, 0xff, 0xff, 0xff, 0xff, 0xff, 0x80, 0x00, 
	0x00, 0x01, 0xff, 0xff, 0xff, 0xff, 0xff, 0xff, 0xff, 0xff, 0xff, 0xff, 0xff, 0xff, 0xff, 0xfe, 
	0x00, 0x00, 0x00, 0x00, 0x00, 0x00, 0x00, 0x00, 0x7f, 0xff, 0xff, 0xff, 0xff, 0xff, 0xff, 0xff, 
	0xff, 0xff, 0xff, 0xff, 0xff, 0xff, 0x80, 0x00, 0x00, 0x01, 0xff, 0xff, 0xff, 0xff, 0xff, 0xff, 
	0xff, 0xff, 0xff, 0xff, 0xff, 0xff, 0xff, 0xfe, 0x00, 0x00, 0x00, 0x00, 0x00, 0x00, 0x00, 0x00, 
	0x7f, 0xff, 0xff, 0xff, 0xff, 0xff, 0xff, 0xff, 0xff, 0xff, 0xff, 0xff, 0xff, 0xff, 0x80, 0x00, 
	0x00, 0x01, 0xff, 0xff, 0xff, 0xff, 0xff, 0xff, 0xff, 0xff, 0xff, 0xff, 0xff, 0xff, 0xff, 0xfe, 
	0x00, 0x00, 0x00, 0x00, 0x00, 0x00, 0x00, 0x00, 0x7f, 0xff, 0xff, 0xff, 0xff, 0xff, 0xff, 0xff, 
	0xff, 0xff, 0xff, 0xff, 0xff, 0xff, 0x80, 0x00, 0x00, 0x01, 0xff, 0xff, 0xff, 0xff, 0xff, 0xff, 
	0xff, 0xff, 0xff, 0xff, 0xff, 0xff, 0xff, 0xfe, 0x00, 0x00, 0x00, 0x00, 0x00, 0x00, 0x00, 0x00, 
	0x7f, 0xff, 0xff, 0xff, 0xff, 0xff, 0xff, 0xff, 0xff, 0xff, 0xff, 0xff, 0xff, 0xff, 0x80, 0x00, 
	0x00, 0x01, 0xff, 0xff, 0xff, 0xff, 0xff, 0xff, 0xff, 0xff, 0xff, 0xff, 0xff, 0xff, 0xff, 0xfe, 
	0x00, 0x00, 0x00, 0x00, 0x00, 0x00, 0x00, 0x00, 0x7f, 0xff, 0xff, 0xff, 0xff, 0xff, 0xff, 0xff, 
	0xff, 0xff, 0xff, 0xff, 0xff, 0xff, 0x80, 0x00, 0x00, 0x01, 0xff, 0xff, 0xff, 0xff, 0xff, 0xff, 
	0xff, 0xff, 0xff, 0xff, 0xff, 0xff, 0xff, 0xfe, 0x00, 0x00, 0x00, 0x00, 0x00, 0x00, 0x00, 0x00, 
	0x7f, 0xff, 0xff, 0xff, 0xff, 0xff, 0xff, 0xff, 0xff, 0xff, 0xff, 0xff, 0xff, 0xff, 0x80, 0x00, 
	0x00, 0x01, 0xff, 0xff, 0xff, 0xff, 0xff, 0xff, 0xff, 0xff, 0xff, 0xff, 0xff, 0xff, 0xff, 0xfe, 
	0x00, 0x00, 0x00, 0x00, 0x00, 0x00, 0x00, 0x00, 0x7f, 0xff, 0xff, 0xff, 0xff, 0xff, 0xff, 0xff, 
	0xff, 0xff, 0xff, 0xff, 0xff, 0xff, 0x80, 0x00, 0x00, 0x01, 0xff, 0xff, 0xff, 0xff, 0xff, 0xff, 
	0xff, 0xff, 0xff, 0xff, 0xff, 0xff, 0xff, 0xfe, 0x00, 0x00, 0x00, 0x00, 0x00, 0x00, 0x00, 0x00, 
	0x7f, 0xff, 0xff, 0xff, 0xff, 0xff, 0xff, 0xff, 0xff, 0xff, 0xff, 0xff, 0xff, 0xff, 0x80, 0x00, 
	0x00, 0x01, 0xff, 0xff, 0xff, 0xff, 0xff, 0xff, 0xff, 0xff, 0xff, 0xff, 0xff, 0xff, 0xff, 0xfe, 
	0x00, 0x00, 0x00, 0x00, 0x00, 0x00, 0x00, 0x00, 0x7f, 0xff, 0xff, 0xff, 0xff, 0xff, 0xff, 0xff, 
	0xff, 0xff, 0xff, 0xff, 0xff, 0xff, 0x80, 0x00, 0x00, 0x01, 0xff, 0xff, 0xff, 0xff, 0xff, 0xff, 
	0xff, 0xff, 0xff, 0xff, 0xff, 0xff, 0xff, 0xfe, 0x00, 0x00, 0x00, 0x00, 0x00, 0x00, 0x00, 0x00, 
	0x7f, 0xff, 0xff, 0xff, 0xff, 0xff, 0xff, 0xff, 0xff, 0xff, 0xff, 0xff, 0xff, 0xff, 0x80, 0x00, 
	0x00, 0x01, 0xff, 0xff, 0xff, 0xff, 0xff, 0xff, 0xff, 0xff, 0xff, 0xff, 0xff, 0xff, 0xff, 0xfe, 
	0x00, 0x00, 0x00, 0x00, 0x00, 0x00, 0x00, 0x00, 0x7f, 0xff, 0xff, 0xff, 0xff, 0xff, 0xff, 0xff, 
	0xff, 0xff, 0xff, 0xff, 0xff, 0xff, 0x80, 0x00, 0x00, 0x01, 0xff, 0xff, 0xff, 0xff, 0xff, 0xff, 
	0xff, 0xff, 0xff, 0xff, 0xff, 0xff, 0xff, 0xfe, 0x00, 0x00, 0x00, 0x00, 0x00, 0x00, 0x00, 0x00, 
	0x7f, 0xff, 0xff, 0xff, 0xff, 0xff, 0xff, 0xff, 0xff, 0xff, 0xff, 0xff, 0xff, 0xff, 0x80, 0x00, 
	0x00, 0x01, 0xff, 0xff, 0xff, 0xff, 0xff, 0xff, 0xff, 0xff, 0xff, 0xff, 0xff, 0xff, 0xff, 0xfe, 
	0x00, 0x00, 0x00, 0x00, 0x00, 0x00, 0x00, 0x00, 0x7f, 0xff, 0xff, 0xff, 0xff, 0xff, 0xff, 0xff, 
	0xff, 0xff, 0xff, 0xff, 0xff, 0xff, 0x80, 0x00, 0x00, 0x01, 0xff, 0xff, 0xff, 0xff, 0xff, 0xff, 
	0xff, 0xff, 0xff, 0xff, 0xff, 0xff, 0xff, 0xfe, 0x00, 0x00, 0x00, 0x00, 0x00, 0x00, 0x00, 0x00, 
	0x7f, 0xff, 0xff, 0xff, 0xff, 0xff, 0xff, 0xff, 0xff, 0xff, 0xff, 0xff, 0xff, 0xff, 0x80, 0x00, 
	0x00, 0x01, 0xff, 0xff, 0xff, 0xff, 0xff, 0xff, 0xff, 0xff, 0xff, 0xff, 0xff, 0xff, 0xff, 0xfe, 
	0x00, 0x00, 0x00, 0x00, 0x00, 0x00, 0x00, 0x00, 0x7f, 0xff, 0xff, 0xff, 0xff, 0xff, 0xff, 0xff, 
	0xff, 0xff, 0xff, 0xff, 0xff, 0xff, 0x80, 0x00, 0x00, 0x01, 0xff, 0xff, 0xff, 0xff, 0xff, 0xff, 
	0xff, 0xff, 0xff, 0xff, 0xff, 0xff, 0xff, 0xfe, 0x00, 0x00, 0x00, 0x00, 0x00, 0x00, 0x00, 0x00, 
	0x7f, 0xff, 0xff, 0xff, 0xff, 0xff, 0xff, 0xff, 0xff, 0xff, 0xff, 0xff, 0xff, 0xff, 0x80, 0x00, 
	0x00, 0x01, 0xff, 0xff, 0xff, 0xff, 0xff, 0xff, 0xff, 0xff, 0xff, 0xff, 0xff, 0xff, 0xff, 0xfe, 
	0x00, 0x00, 0x00, 0x00, 0x00, 0x00, 0x00, 0x00, 0x7f, 0xff, 0xff, 0xff, 0xff, 0xff, 0xff, 0xff, 
	0xff, 0xff, 0xff, 0xff, 0xff, 0xff, 0x80, 0x00, 0x00, 0x01, 0xff, 0xff, 0xff, 0xff, 0xff, 0xff, 
	0xff, 0xff, 0xff, 0xff, 0xff, 0xff, 0xff, 0xfe, 0x00, 0x00, 0x00, 0x00, 0x00, 0x00, 0x00, 0x00, 
	0x7f, 0xff, 0xff, 0xff, 0xff, 0xff, 0xff, 0xff, 0xff, 0xff, 0xff, 0xff, 0xff, 0xff, 0x80, 0x00, 
	0x00, 0x01, 0xff, 0xff, 0xff, 0xff, 0xff, 0xff, 0xff, 0xff, 0xff, 0xff, 0xff, 0xff, 0xff, 0xfe, 
	0x00, 0x00, 0x00, 0x00, 0x00, 0x00, 0x00, 0x00, 0x7f, 0xff, 0xff, 0xff, 0xff, 0xff, 0xff, 0xff, 
	0xff, 0xff, 0xff, 0xff, 0xff, 0xff, 0x80, 0x00, 0x00, 0x01, 0xff, 0xff, 0xff, 0xff, 0xff, 0xff, 
	0xff, 0xff, 0xff, 0xff, 0xff, 0xff, 0xff, 0xfe, 0x00, 0x00, 0x00, 0x00, 0x00, 0x00, 0x00, 0x00, 
	0x7f, 0xff, 0xff, 0xff, 0xff, 0xff, 0xff, 0xff, 0xff, 0xff, 0xff, 0xff, 0xff, 0xff, 0x80, 0x00, 
	0x00, 0x01, 0xff, 0xff, 0xff, 0xff, 0xff, 0xff, 0xff, 0xff, 0xff, 0xff, 0xff, 0xff, 0xff, 0xfe, 
	0x00, 0x00, 0x00, 0x00, 0x00, 0x00, 0x00, 0x00, 0x7f, 0xff, 0xff, 0xff, 0xff, 0xff, 0xff, 0xff, 
	0xff, 0xff, 0xff, 0xff, 0xff, 0xff, 0x80, 0x00, 0x00, 0x01, 0xff, 0xff, 0xff, 0xff, 0xff, 0xff, 
	0xff, 0xff, 0xff, 0xff, 0xff, 0xff, 0xff, 0xfe, 0x00, 0x00, 0x00, 0x00, 0x00, 0x00, 0x00, 0x00, 
	0x7f, 0xff, 0xff, 0xff, 0xff, 0xff, 0xff, 0xff, 0xff, 0xff, 0xff, 0xff, 0xff, 0xff, 0x80, 0x00, 
	0x00, 0x01, 0xff, 0xff, 0xff, 0xff, 0xff, 0xff, 0xff, 0xff, 0xff, 0xff, 0xff, 0xff, 0xff, 0xfe, 
	0x00, 0x00, 0x00, 0x00, 0x00, 0x00, 0x00, 0x00, 0x7f, 0xff, 0xff, 0xff, 0xff, 0xff, 0xff, 0xff, 
	0xff, 0xff, 0xff, 0xff, 0xff, 0xff, 0x80, 0x00, 0x00, 0x01, 0xff, 0xff, 0xff, 0xff, 0xff, 0xff, 
	0xff, 0xff, 0xff, 0xff, 0xff, 0xff, 0xff, 0xfe, 0x00, 0x00, 0x00, 0x00, 0x00, 0x00, 0x00, 0x00, 
	0x7f, 0xff, 0xff, 0xff, 0xff, 0xff, 0xff, 0xff, 0xff, 0xff, 0xff, 0xff, 0xff, 0xff, 0x80, 0x00, 
	0x00, 0x01, 0xff, 0xff, 0xff, 0xff, 0xff, 0xff, 0xff, 0xff, 0xff, 0xff, 0xff, 0xff, 0xff, 0xfe, 
	0x00, 0x00, 0x00, 0x00, 0x00, 0x00, 0x00, 0x00, 0x7f, 0xff, 0xff, 0xff, 0xff, 0xff, 0xff, 0xff, 
	0xff, 0xff, 0xff, 0xff, 0xff, 0xff, 0x80, 0x00, 0x00, 0x01, 0xff, 0xff, 0xff, 0xff, 0xff, 0xff, 
	0xff, 0xff, 0xff, 0xff, 0xff, 0xff, 0xff, 0xfe, 0x00, 0x00, 0x00, 0x00, 0x00, 0x00, 0x00, 0x00, 
	0x7f, 0xff, 0xff, 0xff, 0xff, 0xff, 0xff, 0xff, 0xff, 0xff, 0xff, 0xff, 0xff, 0xff, 0x80, 0x00, 
	0x00, 0x01, 0xff, 0xff, 0xff, 0xff, 0xff, 0xff, 0xff, 0xff, 0xff, 0xff, 0xff, 0xff, 0xff, 0xfe, 
	0x00, 0x00, 0x00, 0x00, 0x00, 0x00, 0x00, 0x00, 0x7f, 0xff, 0xff, 0xff, 0xff, 0xff, 0xff, 0xff, 
	0xff, 0xff, 0xff, 0xff, 0xff, 0xff, 0x80, 0x00, 0x00, 0x00, 0xff, 0xff, 0xff, 0xff, 0xff, 0xff, 
	0xff, 0xff, 0xff, 0xff, 0xff, 0xff, 0xff, 0xfc, 0x00, 0x00, 0x00, 0x00, 0x00, 0x00, 0x00, 0x00, 
	0x3f, 0xff, 0xff, 0xff, 0xff, 0xff, 0xff, 0xff, 0xff, 0xff, 0xff, 0xff, 0xff, 0xff, 0x00, 0x00, 
	0x00, 0x00, 0xff, 0xff, 0xff, 0xff, 0xff, 0xff, 0xff, 0xff, 0xff, 0xff, 0xff, 0xff, 0xff, 0xfc, 
	0x00, 0x00, 0x00, 0x00, 0x00, 0x00, 0x00, 0x00, 0x3f, 0xff, 0xff, 0xff, 0xff, 0xff, 0xff, 0xff, 
	0xff, 0xff, 0xff, 0xff, 0xff, 0xff, 0x00, 0x00, 0x00, 0x00, 0x7f, 0xff, 0xff, 0xff, 0xff, 0xff, 
	0xff, 0xff, 0xff, 0xff, 0xff, 0xff, 0xff, 0xf8, 0x00, 0x00, 0x00, 0x00, 0x00, 0x00, 0x00, 0x00, 
	0x1f, 0xff, 0xff, 0xff, 0xff, 0xff, 0xff, 0xff, 0xff, 0xff, 0xff, 0xff, 0xff, 0xfe, 0x00, 0x00, 
	0x00, 0x00, 0x7f, 0xff, 0xff, 0xff, 0xff, 0xff, 0xff, 0xff, 0xff, 0xff, 0xff, 0xff, 0xff, 0xf8, 
	0x00, 0x00, 0x00, 0x00, 0x00, 0x00, 0x00, 0x00, 0x1f, 0xff, 0xff, 0xff, 0xff, 0xff, 0xff, 0xff, 
	0xff, 0xff, 0xff, 0xff, 0xff, 0xfe, 0x00, 0x00, 0x00, 0x00, 0x1f, 0xff, 0xff, 0xff, 0xff, 0xff, 
	0xff, 0xff, 0xff, 0xff, 0xff, 0xff, 0xff, 0xe0, 0x00, 0x00, 0x00, 0x00, 0x00, 0x00, 0x00, 0x00, 
	0x07, 0xff, 0xff, 0xff, 0xff, 0xff, 0xff, 0xff, 0xff, 0xff, 0xff, 0xff, 0xff, 0xf8, 0x00, 0x00, 
	0x00, 0x00, 0x07, 0xff, 0xff, 0xff, 0xff, 0xff, 0xff, 0xff, 0xff, 0xff, 0xff, 0xff, 0xff, 0x80, 
	0x00, 0x00, 0x00, 0x00, 0x00, 0x00, 0x00, 0x00, 0x01, 0xff, 0xff, 0xff, 0xff, 0xff, 0xff, 0xff, 
	0xff, 0xff, 0xff, 0xff, 0xff, 0xe0, 0x00, 0x00, 0x00, 0x00, 0x00, 0x00, 0x00, 0x00, 0x00, 0x00, 
	0x00, 0x00, 0x00, 0x00, 0x00, 0x00, 0x00, 0x00, 0x00, 0x00, 0x00, 0x00, 0x00, 0x00, 0x00, 0x00, 
	0x00, 0x00, 0x00, 0x00, 0x00, 0x00, 0x00, 0x00, 0x00, 0x00, 0x00, 0x00, 0x00, 0x00, 0x00, 0x00, 
	0x00, 0x00, 0x00, 0x00, 0x00, 0x00, 0x00, 0x00, 0x00, 0x00, 0x00, 0x00, 0x00, 0x00, 0x00, 0x00, 
	0x00, 0x00, 0x00, 0x00, 0x00, 0x00, 0x00, 0x00, 0x00, 0x00, 0x00, 0x00, 0x00, 0x00, 0x00, 0x00, 
	0x00, 0x00, 0x00, 0x00, 0x00, 0x00, 0x00, 0x00, 0x00, 0x00, 0x00, 0x00, 0x00, 0x00, 0x00, 0x00, 
	0x00, 0x00, 0x00, 0x00, 0x00, 0x00, 0x00, 0x00, 0x00, 0x00, 0x00, 0x00, 0x00, 0x00, 0x00, 0x00, 
	0x00, 0x00, 0x00, 0x00, 0x00, 0x00, 0x00, 0x00, 0x00, 0x00, 0x00, 0x00, 0x00, 0x00, 0x00, 0x00, 
	0x00, 0x00, 0x00, 0x00, 0x00, 0x00, 0x00, 0x00, 0x00, 0x00, 0x00, 0x00, 0x00, 0x00, 0x00, 0x00, 
	0x00, 0x00, 0x00, 0x00, 0x00, 0x00, 0x00, 0x00, 0x00, 0x00, 0x00, 0x00, 0x00, 0x00, 0x00, 0x00, 
	0x00, 0x00, 0x00, 0x00, 0x00, 0x00, 0x00, 0x00, 0x00, 0x00, 0x00, 0x00, 0x00, 0x00, 0x00, 0x00, 
	0x00, 0x00, 0x00, 0x00, 0x00, 0x00, 0x00, 0x00, 0x00, 0x00, 0x00, 0x00, 0x00, 0x00, 0x00, 0x00, 
	0x00, 0x00, 0x00, 0x00, 0x00, 0x00, 0x00, 0x00, 0x00, 0x00, 0x00, 0x00, 0x00, 0x00, 0x00, 0x00, 
	0x00, 0x00, 0x00, 0x00, 0x00, 0x00, 0x00, 0x00, 0x00, 0x00, 0x00, 0x00, 0x00, 0x00, 0x00, 0x00, 
	0x00, 0x00, 0x00, 0x00, 0x00, 0x00, 0x00, 0x00, 0x00, 0x00, 0x00, 0x00, 0x00, 0x00, 0x00, 0x00, 
	0x00, 0x00, 0x00, 0x00, 0x00, 0x00, 0x00, 0x00, 0x00, 0x00, 0x00, 0x00, 0x00, 0x00, 0x00, 0x00, 
	0x00, 0x00, 0x00, 0x00, 0x00, 0x00, 0x00, 0x00, 0x00, 0x00, 0x00, 0x00, 0x00, 0x00, 0x00, 0x00, 
	0x00, 0x00, 0x00, 0x00, 0x00, 0x00, 0x00, 0x00, 0x00, 0x00, 0x00, 0x00, 0x00, 0x00, 0x00, 0x00, 
	0x00, 0x00, 0x00, 0x00, 0x00, 0x00, 0x00, 0x00, 0x00, 0x00, 0x00, 0x00, 0x00, 0x00, 0x00, 0x00, 
	0x00, 0x00, 0x00, 0x00, 0x00, 0x00, 0x00, 0x00, 0x00, 0x00, 0x00, 0x00, 0x00, 0x00, 0x00, 0x00, 
	0x00, 0x00, 0x00, 0x00, 0x00, 0x00, 0x00, 0x00, 0x00, 0x00, 0x00, 0x00, 0x00, 0x00, 0x00, 0x00, 
	0x00, 0x00, 0x00, 0x00, 0x00, 0x00, 0x00, 0x00, 0x00, 0x00, 0x00, 0x00, 0x00, 0x00, 0x00, 0x00, 
	0x00, 0x00, 0x00, 0x00, 0x00, 0x00, 0x00, 0x00, 0x00, 0x00, 0x00, 0x00, 0x00, 0x00, 0x00, 0x00, 
	0x00, 0x00, 0x00, 0x00, 0x00, 0x00, 0x00, 0x00, 0x00, 0x00, 0x00, 0x00, 0x00, 0x00, 0x00, 0x00, 
	0x00, 0x00, 0x00, 0x00, 0x00, 0x00, 0x00, 0x00, 0x00, 0x00, 0x00, 0x00, 0x00, 0x00, 0x00, 0x00, 
	0x00, 0x00, 0x00, 0x00, 0x00, 0x00, 0x00, 0x00, 0x00, 0x00, 0x00, 0x00, 0x00, 0x00, 0x00, 0x00, 
	0x00, 0x00, 0x00, 0x00, 0x00, 0x00, 0x00, 0x00, 0x00, 0x00, 0x00, 0x00, 0x00, 0x00, 0x00, 0x00, 
	0x00, 0x00, 0x00, 0x00, 0x00, 0x00, 0x00, 0x00, 0x00, 0x00, 0x00, 0x00, 0x00, 0x00, 0x00, 0x00, 
	0x00, 0x00, 0x00, 0x00, 0x00, 0x00, 0x00, 0x00, 0x00, 0x00, 0x00, 0x00, 0x00, 0x00, 0x00, 0x00, 
	0x00, 0x00, 0x00, 0x00, 0x00, 0x00, 0x00, 0x00, 0x00, 0x00, 0x00, 0x00, 0x00, 0x00, 0x00, 0x00, 
	0x00, 0x00, 0x00, 0x00, 0x00, 0x00, 0x00, 0x00, 0x00, 0x00, 0x00, 0x00, 0x00, 0x00, 0x00, 0x00, 
	0x00, 0x00, 0x00, 0x00, 0x00, 0x00, 0x00, 0x00, 0x00, 0x00, 0x00, 0x00, 0x00, 0x00, 0x00, 0x00, 
	0x00, 0x00, 0x00, 0x00, 0x00, 0x00, 0x00, 0x00, 0x00, 0x00, 0x00, 0x00, 0x00, 0x00, 0x00, 0x00, 
	0x00, 0x00, 0x00, 0x00, 0x00, 0x00, 0x00, 0x00, 0x00, 0x00, 0x00, 0x00, 0x00, 0x00, 0x00, 0x00, 
	0x00, 0x00, 0x00, 0x00, 0x00, 0x00, 0x00, 0x00, 0x00, 0x00, 0x00, 0x00, 0x00, 0x00, 0x00, 0x00, 
	0x00, 0x00, 0x00, 0x00, 0x00, 0x00, 0x00, 0x00, 0x00, 0x00, 0x00, 0x00, 0x00, 0x00, 0x00, 0x00, 
	0x00, 0x00, 0x00, 0x00, 0x00, 0x00, 0x00, 0x00, 0x00, 0x00, 0x00, 0x00, 0x00, 0x00, 0x00, 0x00, 
	0x00, 0x00, 0x00, 0x00, 0x00, 0x00, 0x00, 0x00, 0x00, 0x00, 0x00, 0x00, 0x00, 0x00, 0x00, 0x00, 
	0x00, 0x00, 0x00, 0x00, 0x00, 0x00, 0x00, 0x00, 0x00, 0x00, 0x00, 0x00, 0x00, 0x00, 0x00, 0x00, 
	0x00, 0x00, 0x00, 0x00, 0x00, 0x00, 0x00, 0x00, 0x00, 0x00, 0x00, 0x00, 0x00, 0x00, 0x00, 0x00, 
	0x00, 0x00, 0x00, 0x00, 0x00, 0x00, 0x00, 0x00, 0x00, 0x00, 0x00, 0x00, 0x00, 0x00, 0x00, 0x00, 
	0x00, 0x00, 0x00, 0x00, 0x00, 0x00, 0x00, 0x00, 0x00, 0x00, 0x00, 0x00, 0x00, 0x00, 0x00, 0x00, 
	0x00, 0x00, 0x00, 0x00, 0x00, 0x00, 0x00, 0x00, 0x00, 0x00, 0x00, 0x00, 0x00, 0x00, 0x00, 0x00, 
	0x00, 0x00, 0x00, 0x00, 0x00, 0x00, 0x00, 0x00, 0x00, 0x00, 0x00, 0x00, 0x00, 0x00, 0x00, 0x00, 
	0x00, 0x00, 0x00, 0x00, 0x00, 0x00, 0x00, 0x00, 0x00, 0x00, 0x00, 0x00, 0x00, 0x00, 0x00, 0x00, 
	0x00, 0x00, 0x00, 0x00, 0x00, 0x00, 0x00, 0x00, 0x00, 0x00, 0x00, 0x00, 0x00, 0x00, 0x00, 0x00, 
	0x00, 0x00, 0x00, 0x00, 0x00, 0x00, 0x00, 0x00, 0x00, 0x00, 0x00, 0x00, 0x00, 0x00, 0x00, 0x00, 
	0x00, 0x00, 0x00, 0x00, 0x00, 0x00, 0x00, 0x00, 0x00, 0x00, 0x00, 0x00, 0x00, 0x00, 0x00, 0x00, 
	0x00, 0x00, 0x00, 0x00, 0x00, 0x00, 0x00, 0x00, 0x00, 0x00, 0x00, 0x00, 0x00, 0x00, 0x00, 0x00, 
	0x00, 0x00, 0x00, 0x00, 0x00, 0x00, 0x00, 0x00, 0x00, 0x00, 0x00, 0x00, 0x00, 0x00, 0x00, 0x00, 
	0x00, 0x00, 0x00, 0x00, 0x00, 0x00, 0x00, 0x00, 0x00, 0x00, 0x00, 0x00, 0x00, 0x00, 0x00, 0x00, 
	0x00, 0x00, 0x00, 0x00, 0x00, 0x00, 0x00, 0x00, 0x00, 0x00, 0x00, 0x00, 0x00, 0x00, 0x00, 0x00, 
	0x00, 0x00, 0x00, 0x00, 0x00, 0x00, 0x00, 0x00, 0x00, 0x00, 0x00, 0x00, 0x00, 0x00, 0x00, 0x00, 
	0x00, 0x00, 0x00, 0x00, 0x00, 0x00, 0x00, 0x00, 0x00, 0x00, 0x00, 0x00, 0x00, 0x00, 0x00, 0x00, 
	0x00, 0x00, 0x00, 0x00, 0x00, 0x00, 0x00, 0x00, 0x00, 0x00, 0x00, 0x00, 0x00, 0x00, 0x00, 0x00, 
	0x00, 0x00, 0x00, 0x00, 0x00, 0x00, 0x00, 0x00, 0x00, 0x00, 0x00, 0x00, 0x00, 0x00, 0x00, 0x00, 
	0x00, 0x00, 0x00, 0x00, 0x00, 0x00, 0x00, 0x00, 0x00, 0x00, 0x00, 0x00, 0x00, 0x00, 0x00, 0x00, 
	0x00, 0x00, 0x00, 0x00, 0x00, 0x00, 0x00, 0x00, 0x00, 0x00, 0x00, 0x00, 0x00, 0x00, 0x00, 0x00, 
	0x00, 0x00, 0x00, 0x00, 0x00, 0x00, 0x00, 0x00, 0x00, 0x00, 0x00, 0x00, 0x00, 0x00, 0x00, 0x00, 
	0x00, 0x00, 0x00, 0x00, 0x00, 0x00, 0x00, 0x00, 0x00, 0x00, 0x00, 0x00, 0x00, 0x00, 0x00, 0x00, 
	0x00, 0x00, 0x00, 0x00, 0x00, 0x00, 0x00, 0x00, 0x00, 0x00, 0x00, 0x00, 0x00, 0x00, 0x00, 0x00, 
	0x00, 0x00, 0x00, 0x00, 0x00, 0x00, 0x00, 0x00, 0x00, 0x00, 0x00, 0x00, 0x00, 0x00, 0x00, 0x00, 
	0x00, 0x00, 0x00, 0x00, 0x00, 0x00, 0x00, 0x00, 0x00, 0x00, 0x00, 0x00, 0x00, 0x00, 0x00, 0x00, 
	0x00, 0x00, 0x00, 0x00, 0x00, 0x00, 0x00, 0x00, 0x00, 0x00, 0x00, 0x00, 0x00, 0x00, 0x00, 0x00, 
	0x00, 0x00, 0x00, 0x00, 0x00, 0x00, 0x00, 0x00, 0x00, 0x00, 0x00, 0x00, 0x00, 0x00, 0x00, 0x00, 
	0x00, 0x00, 0x00, 0x00, 0x00, 0x00, 0x00, 0x00, 0x00, 0x00, 0x00, 0x00, 0x00, 0x00, 0x00, 0x00, 
	0x00, 0x00, 0x00, 0x00, 0x00, 0x00, 0x00, 0x00, 0x00, 0x00, 0x00, 0x00, 0x00, 0x00, 0x00, 0x00, 
	0x00, 0x00, 0x00, 0x00, 0x00, 0x00, 0x00, 0x00, 0x00, 0x00, 0x00, 0x00, 0x00, 0x00, 0x00, 0x00, 
	0x00, 0x00, 0x00, 0x00, 0x00, 0x00, 0x00, 0x00, 0x00, 0x00, 0x00, 0x00, 0x00, 0x00, 0x00, 0x00, 
	0x00, 0x00, 0x00, 0x00, 0x00, 0x00, 0x00, 0x00, 0x00, 0x00, 0x00, 0x00, 0x00, 0x00, 0x00, 0x00, 
	0x00, 0x00, 0x00, 0x00, 0x00, 0x00, 0x00, 0x00, 0x00, 0x00, 0x00, 0x00, 0x00, 0x00, 0x00, 0x00, 
	0x00, 0x00, 0x00, 0x00, 0x00, 0x00, 0x00, 0x00, 0x00, 0x00, 0x00, 0x00, 0x00, 0x00, 0x00, 0x00, 
	0x00, 0x00, 0x00, 0x00, 0x00, 0x00, 0x00, 0x00, 0x00, 0x00, 0x00, 0x00, 0x00, 0x00, 0x00, 0x00, 
	0x00, 0x00, 0x00, 0x00, 0x00, 0x00, 0x00, 0x00, 0x00, 0x00, 0x00, 0x00, 0x00, 0x00, 0x00, 0x00, 
	0x00, 0x00, 0x00, 0x00, 0x00, 0x00, 0x00, 0x00, 0x00, 0x00, 0x00, 0x00, 0x00, 0x00, 0x00, 0x00, 
	0x00, 0x00, 0x00, 0x00, 0x00, 0x00, 0x00, 0x00, 0x00, 0x00, 0x00, 0x00, 0x00, 0x00, 0x00, 0x00, 
	0x00, 0x00, 0x00, 0x00, 0x00, 0x00, 0x00, 0x00, 0x00, 0x00, 0x00, 0x00, 0x00, 0x00, 0x00, 0x00, 
	0x00, 0x00, 0x00, 0x00, 0x00, 0x00, 0x00, 0x00, 0x00, 0x00, 0x00, 0x00, 0x00, 0x00, 0x00, 0x00, 
	0x00, 0x00, 0x00, 0x00, 0x00, 0x00, 0x00, 0x00, 0x00, 0x00, 0x00, 0x00, 0x00, 0x00, 0x00, 0x00, 
	0x00, 0x00, 0x00, 0x00, 0x00, 0x00, 0x00, 0x00, 0x00, 0x00, 0x00, 0x00, 0x00, 0x00, 0x00, 0x00, 
	0x00, 0x00, 0x00, 0x00, 0x00, 0x00, 0x00, 0x00, 0x00, 0x00, 0x00, 0x00, 0x00, 0x00, 0x00, 0x00, 
	0x00, 0x00, 0x00, 0x00, 0x00, 0x00, 0x00, 0x00, 0x00, 0x00, 0x00, 0x00, 0x00, 0x00, 0x00, 0x00, 
	0x00, 0x00, 0x00, 0x00, 0x00, 0x00, 0x00, 0x00, 0x00, 0x00, 0x00, 0x00, 0x00, 0x00, 0x00, 0x00, 
	0x00, 0x00, 0x00, 0x00, 0x00, 0x00, 0x00, 0x00, 0x00, 0x00, 0x00, 0x00, 0x00, 0x00, 0x00, 0x00, 
	0x00, 0x00, 0x00, 0x00, 0x00, 0x00, 0x00, 0x00, 0x00, 0x00, 0x00, 0x00, 0x00, 0x00, 0x00, 0x00, 
	0x00, 0x00, 0x00, 0x00, 0x00, 0x00, 0x00, 0x00, 0x00, 0x00, 0x00, 0x00, 0x00, 0x00, 0x00, 0x00, 
	0x00, 0x00, 0x00, 0x00, 0x00, 0x00, 0x00, 0x00, 0x00, 0x00, 0x00, 0x00, 0x00, 0x00, 0x00, 0x00, 
	0x00, 0x00, 0x00, 0x00, 0x00, 0x00, 0x00, 0x00, 0x00, 0x00, 0x00, 0x00, 0x00, 0x00, 0x00, 0x00
};

const unsigned char KHUNG_bitmap[] PROGMEM = {
	0x00, 0x00, 0x00, 0x00, 0x00, 0x00, 0x00, 0x00, 0x00, 0x00, 0x00, 0x00, 0x00, 0x00, 0x00, 0x00, 
	0x00, 0x00, 0x00, 0x00, 0x00, 0x00, 0x00, 0x00, 0x00, 0x00, 0x00, 0x00, 0x00, 0x00, 0x00, 0x00, 
	0x00, 0x00, 0x00, 0x00, 0x00, 0x00, 0x00, 0x00, 0x00, 0x00, 0x00, 0x00, 0x00, 0x00, 0x00, 0x00, 
	0x00, 0x00, 0x00, 0x00, 0x00, 0x00, 0x00, 0x00, 0x00, 0x00, 0x00, 0x00, 0x00, 0x00, 0x00, 0x00, 
	0x00, 0x00, 0x00, 0x00, 0x00, 0x00, 0x00, 0x00, 0x00, 0x00, 0x00, 0x00, 0x00, 0x00, 0x00, 0x00, 
	0x00, 0x00, 0x00, 0x00, 0x00, 0x00, 0x00, 0x00, 0x00, 0x00, 0x00, 0x00, 0x00, 0x00, 0x00, 0x00, 
	0x00, 0x00, 0x00, 0x00, 0x00, 0x00, 0x00, 0x00, 0x00, 0x00, 0x00, 0x00, 0x00, 0x00, 0x00, 0x00, 
	0x00, 0x00, 0x00, 0x00, 0x00, 0x00, 0x00, 0x00, 0x00, 0x00, 0x00, 0x00, 0x00, 0x00, 0x00, 0x00, 
	0x00, 0x00, 0x00, 0x00, 0x00, 0x00, 0x00, 0x00, 0x00, 0x00, 0x00, 0x00, 0x00, 0x00, 0x00, 0x00, 
	0x00, 0x00, 0x00, 0x00, 0x00, 0x00, 0x00, 0x00, 0x00, 0x00, 0x00, 0x00, 0x00, 0x00, 0x00, 0x00, 
	0x00, 0x00, 0x00, 0x00, 0x00, 0x00, 0x00, 0x00, 0x00, 0x00, 0x00, 0x00, 0x00, 0x00, 0x00, 0x00, 
	0x00, 0x00, 0x00, 0x00, 0x00, 0x00, 0x00, 0x00, 0x00, 0x00, 0x00, 0x00, 0x00, 0x00, 0x00, 0x00, 
	0x00, 0x00, 0x00, 0x00, 0x00, 0x00, 0x00, 0x00, 0x00, 0x00, 0x00, 0x00, 0x00, 0x00, 0x00, 0x00, 
	0x00, 0x00, 0x00, 0x00, 0x00, 0x00, 0x00, 0x00, 0x00, 0x00, 0x00, 0x00, 0x00, 0x00, 0x00, 0x00, 
	0x00, 0x00, 0x00, 0x00, 0x00, 0x00, 0x00, 0x00, 0x00, 0x00, 0x00, 0x00, 0x00, 0x00, 0x00, 0x00, 
	0x00, 0x00, 0x00, 0x00, 0x00, 0x00, 0x00, 0x00, 0x00, 0x00, 0x00, 0x00, 0x00, 0x00, 0x00, 0x00, 
	0x00, 0x00, 0x00, 0x00, 0x00, 0x00, 0x00, 0x00, 0x00, 0x00, 0x00, 0x00, 0x00, 0x00, 0x00, 0x00, 
	0x00, 0x00, 0x00, 0x00, 0x00, 0x00, 0x00, 0x00, 0x00, 0x00, 0x00, 0x00, 0x00, 0x00, 0x00, 0x00, 
	0x00, 0x00, 0x00, 0x00, 0x00, 0x00, 0x00, 0x00, 0x00, 0x00, 0x00, 0x00, 0x00, 0x00, 0x00, 0x00, 
	0x00, 0x00, 0x00, 0x00, 0x00, 0x00, 0x00, 0x00, 0x00, 0x00, 0x00, 0x00, 0x00, 0x00, 0x00, 0x00, 
	0x00, 0x00, 0x00, 0x00, 0x00, 0x00, 0x00, 0x00, 0x00, 0x00, 0x00, 0x00, 0x00, 0x00, 0x00, 0x00, 
	0x00, 0x00, 0x00, 0x00, 0x00, 0x00, 0x00, 0x00, 0x00, 0x00, 0x00, 0x00, 0x00, 0x00, 0x00, 0x00, 
	0x00, 0x00, 0x00, 0x00, 0x00, 0x00, 0x00, 0x00, 0x00, 0x00, 0x00, 0x00, 0x00, 0x00, 0x00, 0x00, 
	0x00, 0x00, 0x00, 0x00, 0x00, 0x00, 0x00, 0x00, 0x00, 0x00, 0x00, 0x00, 0x00, 0x00, 0x00, 0x00, 
	0x00, 0x00, 0x00, 0x00, 0x00, 0x00, 0x00, 0x00, 0x00, 0x00, 0x00, 0x00, 0x00, 0x00, 0x00, 0x00, 
	0x00, 0x00, 0x00, 0x00, 0x00, 0x00, 0x00, 0x00, 0x00, 0x00, 0x00, 0x00, 0x00, 0x00, 0x00, 0x00, 
	0x00, 0x00, 0x00, 0x00, 0x00, 0x00, 0x00, 0x00, 0x00, 0x00, 0x00, 0x00, 0x00, 0x00, 0x00, 0x00, 
	0x00, 0x00, 0x00, 0x00, 0x00, 0x00, 0x00, 0x00, 0x00, 0x00, 0x00, 0x00, 0x00, 0x00, 0x00, 0x00, 
	0x00, 0x00, 0x00, 0x00, 0x00, 0x00, 0x00, 0x00, 0x00, 0x00, 0x00, 0x00, 0x00, 0x00, 0x00, 0x00, 
	0x00, 0x00, 0x00, 0x00, 0x00, 0x00, 0x00, 0x00, 0x00, 0x00, 0x00, 0x00, 0x00, 0x00, 0x00, 0x00, 
	0x00, 0x00, 0x00, 0x00, 0x00, 0x00, 0x00, 0x00, 0x00, 0x00, 0x00, 0x00, 0x00, 0x00, 0x00, 0x00, 
	0x00, 0x00, 0x00, 0x00, 0x00, 0x00, 0x00, 0x00, 0x00, 0x00, 0x00, 0x00, 0x00, 0x00, 0x00, 0x00, 
	0x00, 0x00, 0x00, 0x00, 0x00, 0x00, 0x00, 0x00, 0x00, 0x00, 0x00, 0x00, 0x00, 0x00, 0x00, 0x00, 
	0x00, 0x00, 0x00, 0x00, 0x00, 0x00, 0x00, 0x00, 0x00, 0x00, 0x00, 0x00, 0x00, 0x00, 0x00, 0x00, 
	0x00, 0x00, 0x00, 0x00, 0x00, 0x00, 0x00, 0x00, 0x00, 0x00, 0x00, 0x00, 0x00, 0x00, 0x00, 0x00, 
	0x00, 0x00, 0x07, 0xff, 0xff, 0xff, 0xff, 0xff, 0xff, 0xff, 0xff, 0xff, 0xff, 0xff, 0xff, 0xff, 
	0xff, 0xff, 0xff, 0xff, 0xff, 0xff, 0xff, 0xff, 0xff, 0xff, 0xff, 0xff, 0xff, 0xff, 0xff, 0xff, 
	0xff, 0xff, 0xff, 0xff, 0xff, 0xe0, 0x00, 0x00, 0x00, 0x00, 0x18, 0x00, 0x00, 0x00, 0x00, 0x00, 
	0x00, 0x00, 0x00, 0x00, 0x00, 0x00, 0x00, 0x00, 0x00, 0x00, 0x00, 0x00, 0x00, 0x00, 0x00, 0x00, 
	0x00, 0x00, 0x00, 0x00, 0x00, 0x00, 0x00, 0x00, 0x00, 0x00, 0x00, 0x00, 0x00, 0x18, 0x00, 0x00, 
	0x00, 0x00, 0x60, 0x00, 0x00, 0x00, 0x00, 0x00, 0x00, 0x00, 0x00, 0x00, 0x00, 0x00, 0x00, 0x00, 
	0x00, 0x00, 0x00, 0x00, 0x00, 0x00, 0x00, 0x00, 0x00, 0x00, 0x00, 0x00, 0x00, 0x00, 0x00, 0x00, 
	0x00, 0x00, 0x00, 0x00, 0x00, 0x06, 0x00, 0x00, 0x00, 0x00, 0x80, 0x00, 0x00, 0x00, 0x00, 0x00, 
	0x00, 0x00, 0x00, 0x00, 0x00, 0x00, 0x00, 0x00, 0x00, 0x00, 0x00, 0x00, 0x00, 0x00, 0x00, 0x00, 
	0x00, 0x00, 0x00, 0x00, 0x00, 0x00, 0x00, 0x00, 0x00, 0x00, 0x00, 0x00, 0x00, 0x01, 0x00, 0x00, 
	0x00, 0x00, 0x80, 0x00, 0x00, 0x00, 0x00, 0x00, 0x00, 0x00, 0x00, 0x00, 0x00, 0x00, 0x00, 0x00, 
	0x00, 0x00, 0x00, 0x00, 0x00, 0x00, 0x00, 0x00, 0x00, 0x00, 0x00, 0x00, 0x00, 0x00, 0x00, 0x00, 
	0x00, 0x00, 0x00, 0x00, 0x00, 0x01, 0x00, 0x00, 0x00, 0x01, 0x00, 0x00, 0x00, 0x00, 0x00, 0x00, 
	0x00, 0x00, 0x00, 0x00, 0x00, 0x00, 0x00, 0x00, 0x00, 0x00, 0x00, 0x00, 0x00, 0x00, 0x00, 0x00, 
	0x00, 0x00, 0x00, 0x00, 0x00, 0x00, 0x00, 0x00, 0x00, 0x00, 0x00, 0x00, 0x00, 0x00, 0x80, 0x00, 
	0x00, 0x01, 0x00, 0x00, 0x00, 0x00, 0x00, 0x00, 0x00, 0x00, 0x00, 0x00, 0x00, 0x00, 0x00, 0x00, 
	0x00, 0x00, 0x00, 0x00, 0x00, 0x00, 0x00, 0x00, 0x00, 0x00, 0x00, 0x00, 0x00, 0x00, 0x00, 0x00, 
	0x00, 0x00, 0x00, 0x00, 0x00, 0x00, 0x80, 0x00, 0x00, 0x02, 0x00, 0x00, 0x00, 0x00, 0x00, 0x00, 
	0x00, 0x00, 0x00, 0x00, 0x00, 0x00, 0x00, 0x00, 0x00, 0x00, 0x00, 0x00, 0x00, 0x00, 0x00, 0x00, 
	0x00, 0x00, 0x00, 0x00, 0x00, 0x00, 0x00, 0x00, 0x00, 0x00, 0x00, 0x00, 0x00, 0x00, 0x40, 0x00, 
	0x00, 0x02, 0x00, 0x00, 0x00, 0x00, 0x00, 0x00, 0x00, 0x00, 0x00, 0x00, 0x00, 0x00, 0x00, 0x00, 
	0x00, 0x00, 0x00, 0x00, 0x00, 0x00, 0x00, 0x00, 0x00, 0x00, 0x00, 0x00, 0x00, 0x00, 0x00, 0x00, 
	0x00, 0x00, 0x00, 0x00, 0x00, 0x00, 0x40, 0x00, 0x00, 0x02, 0x00, 0x00, 0x00, 0x00, 0x00, 0x00, 
	0x00, 0x00, 0x00, 0x00, 0x00, 0x00, 0x00, 0x00, 0x00, 0x00, 0x00, 0x00, 0x00, 0x00, 0x00, 0x00, 
	0x00, 0x00, 0x00, 0x00, 0x00, 0x00, 0x00, 0x00, 0x00, 0x00, 0x00, 0x00, 0x00, 0x00, 0x40, 0x00, 
	0x00, 0x02, 0x00, 0x00, 0x00, 0x00, 0x00, 0x00, 0x00, 0x00, 0x00, 0x00, 0x00, 0x00, 0x00, 0x00, 
	0x00, 0x00, 0x00, 0x00, 0x00, 0x00, 0x00, 0x00, 0x00, 0x00, 0x00, 0x00, 0x00, 0x00, 0x00, 0x00, 
	0x00, 0x00, 0x00, 0x00, 0x00, 0x00, 0x40, 0x00, 0x00, 0x02, 0x00, 0x00, 0x00, 0x00, 0x00, 0x00, 
	0x00, 0x00, 0x00, 0x00, 0x00, 0x00, 0x00, 0x00, 0x00, 0x00, 0x00, 0x00, 0x00, 0x00, 0x00, 0x00, 
	0x00, 0x00, 0x00, 0x00, 0x00, 0x00, 0x00, 0x00, 0x00, 0x00, 0x00, 0x00, 0x00, 0x00, 0x40, 0x00, 
	0x00, 0x02, 0x00, 0x00, 0x00, 0x00, 0x00, 0x00, 0x00, 0x00, 0x00, 0x00, 0x00, 0x00, 0x00, 0x00, 
	0x00, 0x00, 0x00, 0x00, 0x00, 0x00, 0x00, 0x00, 0x00, 0x00, 0x00, 0x00, 0x00, 0x00, 0x00, 0x00, 
	0x00, 0x00, 0x00, 0x00, 0x00, 0x00, 0x40, 0x00, 0x00, 0x02, 0x00, 0x00, 0x00, 0x00, 0x00, 0x00, 
	0x00, 0x00, 0x00, 0x00, 0x00, 0x00, 0x00, 0x00, 0x00, 0x00, 0x00, 0x00, 0x00, 0x00, 0x00, 0x00, 
	0x00, 0x00, 0x00, 0x00, 0x00, 0x00, 0x00, 0x00, 0x00, 0x00, 0x00, 0x00, 0x00, 0x00, 0x40, 0x00, 
	0x00, 0x02, 0x00, 0x00, 0x00, 0x00, 0x00, 0x00, 0x00, 0x00, 0x00, 0x00, 0x00, 0x00, 0x00, 0x00, 
	0x00, 0x00, 0x00, 0x00, 0x00, 0x00, 0x00, 0x00, 0x00, 0x00, 0x00, 0x00, 0x00, 0x00, 0x00, 0x00, 
	0x00, 0x00, 0x00, 0x00, 0x00, 0x00, 0x40, 0x00, 0x00, 0x02, 0x00, 0x00, 0x00, 0x00, 0x00, 0x00, 
	0x00, 0x00, 0x00, 0x00, 0x00, 0x00, 0x00, 0x00, 0x00, 0x00, 0x00, 0x00, 0x00, 0x00, 0x00, 0x00, 
	0x00, 0x00, 0x00, 0x00, 0x00, 0x00, 0x00, 0x00, 0x00, 0x00, 0x00, 0x00, 0x00, 0x00, 0x40, 0x00, 
	0x00, 0x02, 0x00, 0x00, 0x00, 0x00, 0x00, 0x00, 0x00, 0x00, 0x00, 0x00, 0x00, 0x00, 0x00, 0x00, 
	0x00, 0x00, 0x00, 0x00, 0x00, 0x00, 0x00, 0x00, 0x00, 0x00, 0x00, 0x00, 0x00, 0x00, 0x00, 0x00, 
	0x00, 0x00, 0x00, 0x00, 0x00, 0x00, 0x40, 0x00, 0x00, 0x02, 0x00, 0x00, 0x00, 0x00, 0x00, 0x00, 
	0x00, 0x00, 0x00, 0x00, 0x00, 0x00, 0x00, 0x00, 0x00, 0x00, 0x00, 0x00, 0x00, 0x00, 0x00, 0x00, 
	0x00, 0x00, 0x00, 0x00, 0x00, 0x00, 0x00, 0x00, 0x00, 0x00, 0x00, 0x00, 0x00, 0x00, 0x40, 0x00, 
	0x00, 0x02, 0x00, 0x00, 0x00, 0x00, 0x00, 0x00, 0x00, 0x00, 0x00, 0x00, 0x00, 0x00, 0x00, 0x00, 
	0x00, 0x00, 0x00, 0x00, 0x00, 0x00, 0x00, 0x00, 0x00, 0x00, 0x00, 0x00, 0x00, 0x00, 0x00, 0x00, 
	0x00, 0x00, 0x00, 0x00, 0x00, 0x00, 0x40, 0x00, 0x00, 0x02, 0x00, 0x00, 0x00, 0x00, 0x00, 0x00, 
	0x00, 0x00, 0x00, 0x00, 0x00, 0x00, 0x00, 0x00, 0x00, 0x00, 0x00, 0x00, 0x00, 0x00, 0x00, 0x00, 
	0x00, 0x00, 0x00, 0x00, 0x00, 0x00, 0x00, 0x00, 0x00, 0x00, 0x00, 0x00, 0x00, 0x00, 0x40, 0x00, 
	0x00, 0x02, 0x00, 0x00, 0x00, 0x00, 0x00, 0x00, 0x00, 0x00, 0x00, 0x00, 0x00, 0x00, 0x00, 0x00, 
	0x00, 0x00, 0x00, 0x00, 0x00, 0x00, 0x00, 0x00, 0x00, 0x00, 0x00, 0x00, 0x00, 0x00, 0x00, 0x00, 
	0x00, 0x00, 0x00, 0x00, 0x00, 0x00, 0x40, 0x00, 0x00, 0x02, 0x00, 0x00, 0x00, 0x00, 0x00, 0x00, 
	0x00, 0x00, 0x00, 0x00, 0x00, 0x00, 0x00, 0x00, 0x00, 0x00, 0x00, 0x00, 0x00, 0x00, 0x00, 0x00, 
	0x00, 0x00, 0x00, 0x00, 0x00, 0x00, 0x00, 0x00, 0x00, 0x00, 0x00, 0x00, 0x00, 0x00, 0x40, 0x00, 
	0x00, 0x02, 0x00, 0x00, 0x00, 0x00, 0x00, 0x00, 0x00, 0x00, 0x00, 0x00, 0x00, 0x00, 0x00, 0x00, 
	0x00, 0x00, 0x00, 0x00, 0x00, 0x00, 0x00, 0x00, 0x00, 0x00, 0x00, 0x00, 0x00, 0x00, 0x00, 0x00, 
	0x00, 0x00, 0x00, 0x00, 0x00, 0x00, 0x40, 0x00, 0x00, 0x02, 0x00, 0x00, 0x00, 0x00, 0x00, 0x00, 
	0x00, 0x00, 0x00, 0x00, 0x00, 0x00, 0x00, 0x00, 0x00, 0x00, 0x00, 0x00, 0x00, 0x00, 0x00, 0x00, 
	0x00, 0x00, 0x00, 0x00, 0x00, 0x00, 0x00, 0x00, 0x00, 0x00, 0x00, 0x00, 0x00, 0x00, 0x40, 0x00, 
	0x00, 0x02, 0x00, 0x00, 0x00, 0x00, 0x00, 0x00, 0x00, 0x00, 0x00, 0x00, 0x00, 0x00, 0x00, 0x00, 
	0x00, 0x00, 0x00, 0x00, 0x00, 0x00, 0x00, 0x00, 0x00, 0x00, 0x00, 0x00, 0x00, 0x00, 0x00, 0x00, 
	0x00, 0x00, 0x00, 0x00, 0x00, 0x00, 0x40, 0x00, 0x00, 0x02, 0x00, 0x00, 0x00, 0x00, 0x00, 0x00, 
	0x00, 0x00, 0x00, 0x00, 0x00, 0x00, 0x00, 0x00, 0x00, 0x00, 0x00, 0x00, 0x00, 0x00, 0x00, 0x00, 
	0x00, 0x00, 0x00, 0x00, 0x00, 0x00, 0x00, 0x00, 0x00, 0x00, 0x00, 0x00, 0x00, 0x00, 0x40, 0x00, 
	0x00, 0x02, 0x00, 0x00, 0x00, 0x00, 0x00, 0x00, 0x00, 0x00, 0x00, 0x00, 0x00, 0x00, 0x00, 0x00, 
	0x00, 0x00, 0x00, 0x00, 0x00, 0x00, 0x00, 0x00, 0x00, 0x00, 0x00, 0x00, 0x00, 0x00, 0x00, 0x00, 
	0x00, 0x00, 0x00, 0x00, 0x00, 0x00, 0x40, 0x00, 0x00, 0x02, 0x00, 0x00, 0x00, 0x00, 0x00, 0x00, 
	0x00, 0x00, 0x00, 0x00, 0x00, 0x00, 0x00, 0x00, 0x00, 0x00, 0x00, 0x00, 0x00, 0x00, 0x00, 0x00, 
	0x00, 0x00, 0x00, 0x00, 0x00, 0x00, 0x00, 0x00, 0x00, 0x00, 0x00, 0x00, 0x00, 0x00, 0x40, 0x00, 
	0x00, 0x02, 0x00, 0x00, 0x00, 0x00, 0x00, 0x00, 0x00, 0x00, 0x00, 0x00, 0x00, 0x00, 0x00, 0x00, 
	0x00, 0x00, 0x00, 0x00, 0x00, 0x00, 0x00, 0x00, 0x00, 0x00, 0x00, 0x00, 0x00, 0x00, 0x00, 0x00, 
	0x00, 0x00, 0x00, 0x00, 0x00, 0x00, 0x40, 0x00, 0x00, 0x02, 0x00, 0x00, 0x00, 0x00, 0x00, 0x00, 
	0x00, 0x00, 0x00, 0x00, 0x00, 0x00, 0x00, 0x00, 0x00, 0x00, 0x00, 0x00, 0x00, 0x00, 0x00, 0x00, 
	0x00, 0x00, 0x00, 0x00, 0x00, 0x00, 0x00, 0x00, 0x00, 0x00, 0x00, 0x00, 0x00, 0x00, 0x40, 0x00, 
	0x00, 0x02, 0x00, 0x00, 0x00, 0x00, 0x00, 0x00, 0x00, 0x00, 0x00, 0x00, 0x00, 0x00, 0x00, 0x00, 
	0x00, 0x00, 0x00, 0x00, 0x00, 0x00, 0x00, 0x00, 0x00, 0x00, 0x00, 0x00, 0x00, 0x00, 0x00, 0x00, 
	0x00, 0x00, 0x00, 0x00, 0x00, 0x00, 0x40, 0x00, 0x00, 0x02, 0x00, 0x00, 0x00, 0x00, 0x00, 0x00, 
	0x00, 0x00, 0x00, 0x00, 0x00, 0x00, 0x00, 0x00, 0x00, 0x00, 0x00, 0x00, 0x00, 0x00, 0x00, 0x00, 
	0x00, 0x00, 0x00, 0x00, 0x00, 0x00, 0x00, 0x00, 0x00, 0x00, 0x00, 0x00, 0x00, 0x00, 0x40, 0x00, 
	0x00, 0x02, 0x00, 0x00, 0x00, 0x00, 0x00, 0x00, 0x00, 0x00, 0x00, 0x00, 0x00, 0x00, 0x00, 0x00, 
	0x00, 0x00, 0x00, 0x00, 0x00, 0x00, 0x00, 0x00, 0x00, 0x00, 0x00, 0x00, 0x00, 0x00, 0x00, 0x00, 
	0x00, 0x00, 0x00, 0x00, 0x00, 0x00, 0x40, 0x00, 0x00, 0x02, 0x00, 0x00, 0x00, 0x00, 0x00, 0x00, 
	0x00, 0x00, 0x00, 0x00, 0x00, 0x00, 0x00, 0x00, 0x00, 0x00, 0x00, 0x00, 0x00, 0x00, 0x00, 0x00, 
	0x00, 0x00, 0x00, 0x00, 0x00, 0x00, 0x00, 0x00, 0x00, 0x00, 0x00, 0x00, 0x00, 0x00, 0x40, 0x00, 
	0x00, 0x02, 0x00, 0x00, 0x00, 0x00, 0x00, 0x00, 0x00, 0x00, 0x00, 0x00, 0x00, 0x00, 0x00, 0x00, 
	0x00, 0x00, 0x00, 0x00, 0x00, 0x00, 0x00, 0x00, 0x00, 0x00, 0x00, 0x00, 0x00, 0x00, 0x00, 0x00, 
	0x00, 0x00, 0x00, 0x00, 0x00, 0x00, 0x40, 0x00, 0x00, 0x02, 0x00, 0x00, 0x00, 0x00, 0x00, 0x00, 
	0x00, 0x00, 0x00, 0x00, 0x00, 0x00, 0x00, 0x00, 0x00, 0x00, 0x00, 0x00, 0x00, 0x00, 0x00, 0x00, 
	0x00, 0x00, 0x00, 0x00, 0x00, 0x00, 0x00, 0x00, 0x00, 0x00, 0x00, 0x00, 0x00, 0x00, 0x40, 0x00, 
	0x00, 0x02, 0x00, 0x00, 0x00, 0x00, 0x00, 0x00, 0x00, 0x00, 0x00, 0x00, 0x00, 0x00, 0x00, 0x00, 
	0x00, 0x00, 0x00, 0x00, 0x00, 0x00, 0x00, 0x00, 0x00, 0x00, 0x00, 0x00, 0x00, 0x00, 0x00, 0x00, 
	0x00, 0x00, 0x00, 0x00, 0x00, 0x00, 0x40, 0x00, 0x00, 0x02, 0x00, 0x00, 0x00, 0x00, 0x00, 0x00, 
	0x00, 0x00, 0x00, 0x00, 0x00, 0x00, 0x00, 0x00, 0x00, 0x00, 0x00, 0x00, 0x00, 0x00, 0x00, 0x00, 
	0x00, 0x00, 0x00, 0x00, 0x00, 0x00, 0x00, 0x00, 0x00, 0x00, 0x00, 0x00, 0x00, 0x00, 0x40, 0x00, 
	0x00, 0x02, 0x00, 0x00, 0x00, 0x00, 0x00, 0x00, 0x00, 0x00, 0x00, 0x00, 0x00, 0x00, 0x00, 0x00, 
	0x00, 0x00, 0x00, 0x00, 0x00, 0x00, 0x00, 0x00, 0x00, 0x00, 0x00, 0x00, 0x00, 0x00, 0x00, 0x00, 
	0x00, 0x00, 0x00, 0x00, 0x00, 0x00, 0x40, 0x00, 0x00, 0x02, 0x00, 0x00, 0x00, 0x00, 0x00, 0x00, 
	0x00, 0x00, 0x00, 0x00, 0x00, 0x00, 0x00, 0x00, 0x00, 0x00, 0x00, 0x00, 0x00, 0x00, 0x00, 0x00, 
	0x00, 0x00, 0x00, 0x00, 0x00, 0x00, 0x00, 0x00, 0x00, 0x00, 0x00, 0x00, 0x00, 0x00, 0x40, 0x00, 
	0x00, 0x02, 0x00, 0x00, 0x00, 0x00, 0x00, 0x00, 0x00, 0x00, 0x00, 0x00, 0x00, 0x00, 0x00, 0x00, 
	0x00, 0x00, 0x00, 0x00, 0x00, 0x00, 0x00, 0x00, 0x00, 0x00, 0x00, 0x00, 0x00, 0x00, 0x00, 0x00, 
	0x00, 0x00, 0x00, 0x00, 0x00, 0x00, 0x40, 0x00, 0x00, 0x02, 0x00, 0x00, 0x00, 0x00, 0x00, 0x00, 
	0x00, 0x00, 0x00, 0x00, 0x00, 0x00, 0x00, 0x00, 0x00, 0x00, 0x00, 0x00, 0x00, 0x00, 0x00, 0x00, 
	0x00, 0x00, 0x00, 0x00, 0x00, 0x00, 0x00, 0x00, 0x00, 0x00, 0x00, 0x00, 0x00, 0x00, 0x40, 0x00, 
	0x00, 0x02, 0x00, 0x00, 0x00, 0x00, 0x00, 0x00, 0x00, 0x00, 0x00, 0x00, 0x00, 0x00, 0x00, 0x00, 
	0x00, 0x00, 0x00, 0x00, 0x00, 0x00, 0x00, 0x00, 0x00, 0x00, 0x00, 0x00, 0x00, 0x00, 0x00, 0x00, 
	0x00, 0x00, 0x00, 0x00, 0x00, 0x00, 0x40, 0x00, 0x00, 0x02, 0x00, 0x00, 0x00, 0x00, 0x00, 0x00, 
	0x00, 0x00, 0x00, 0x00, 0x00, 0x00, 0x00, 0x00, 0x00, 0x00, 0x00, 0x00, 0x00, 0x00, 0x00, 0x00, 
	0x00, 0x00, 0x00, 0x00, 0x00, 0x00, 0x00, 0x00, 0x00, 0x00, 0x00, 0x00, 0x00, 0x00, 0x40, 0x00, 
	0x00, 0x02, 0x00, 0x00, 0x00, 0x00, 0x00, 0x00, 0x00, 0x00, 0x00, 0x00, 0x00, 0x00, 0x00, 0x00, 
	0x00, 0x00, 0x00, 0x00, 0x00, 0x00, 0x00, 0x00, 0x00, 0x00, 0x00, 0x00, 0x00, 0x00, 0x00, 0x00, 
	0x00, 0x00, 0x00, 0x00, 0x00, 0x00, 0x40, 0x00, 0x00, 0x02, 0x00, 0x00, 0x00, 0x00, 0x00, 0x00, 
	0x00, 0x00, 0x00, 0x00, 0x00, 0x00, 0x00, 0x00, 0x00, 0x00, 0x00, 0x00, 0x00, 0x00, 0x00, 0x00, 
	0x00, 0x00, 0x00, 0x00, 0x00, 0x00, 0x00, 0x00, 0x00, 0x00, 0x00, 0x00, 0x00, 0x00, 0x40, 0x00, 
	0x00, 0x02, 0x00, 0x00, 0x00, 0x00, 0x00, 0x00, 0x00, 0x00, 0x00, 0x00, 0x00, 0x00, 0x00, 0x00, 
	0x00, 0x00, 0x00, 0x00, 0x00, 0x00, 0x00, 0x00, 0x00, 0x00, 0x00, 0x00, 0x00, 0x00, 0x00, 0x00, 
	0x00, 0x00, 0x00, 0x00, 0x00, 0x00, 0x40, 0x00, 0x00, 0x02, 0x00, 0x00, 0x00, 0x00, 0x00, 0x00, 
	0x00, 0x00, 0x00, 0x00, 0x00, 0x00, 0x00, 0x00, 0x00, 0x00, 0x00, 0x00, 0x00, 0x00, 0x00, 0x00, 
	0x00, 0x00, 0x00, 0x00, 0x00, 0x00, 0x00, 0x00, 0x00, 0x00, 0x00, 0x00, 0x00, 0x00, 0x40, 0x00, 
	0x00, 0x02, 0x00, 0x00, 0x00, 0x00, 0x00, 0x00, 0x00, 0x00, 0x00, 0x00, 0x00, 0x00, 0x00, 0x00, 
	0x00, 0x00, 0x00, 0x00, 0x00, 0x00, 0x00, 0x00, 0x00, 0x00, 0x00, 0x00, 0x00, 0x00, 0x00, 0x00, 
	0x00, 0x00, 0x00, 0x00, 0x00, 0x00, 0x40, 0x00, 0x00, 0x02, 0x00, 0x00, 0x00, 0x00, 0x00, 0x00, 
	0x00, 0x00, 0x00, 0x00, 0x00, 0x00, 0x00, 0x00, 0x00, 0x00, 0x00, 0x00, 0x00, 0x00, 0x00, 0x00, 
	0x00, 0x00, 0x00, 0x00, 0x00, 0x00, 0x00, 0x00, 0x00, 0x00, 0x00, 0x00, 0x00, 0x00, 0x40, 0x00, 
	0x00, 0x02, 0x00, 0x00, 0x00, 0x00, 0x00, 0x00, 0x00, 0x00, 0x00, 0x00, 0x00, 0x00, 0x00, 0x00, 
	0x00, 0x00, 0x00, 0x00, 0x00, 0x00, 0x00, 0x00, 0x00, 0x00, 0x00, 0x00, 0x00, 0x00, 0x00, 0x00, 
	0x00, 0x00, 0x00, 0x00, 0x00, 0x00, 0x40, 0x00, 0x00, 0x02, 0x00, 0x00, 0x00, 0x00, 0x00, 0x00, 
	0x00, 0x00, 0x00, 0x00, 0x00, 0x00, 0x00, 0x00, 0x00, 0x00, 0x00, 0x00, 0x00, 0x00, 0x00, 0x00, 
	0x00, 0x00, 0x00, 0x00, 0x00, 0x00, 0x00, 0x00, 0x00, 0x00, 0x00, 0x00, 0x00, 0x00, 0x40, 0x00, 
	0x00, 0x02, 0x00, 0x00, 0x00, 0x00, 0x00, 0x00, 0x00, 0x00, 0x00, 0x00, 0x00, 0x00, 0x00, 0x00, 
	0x00, 0x00, 0x00, 0x00, 0x00, 0x00, 0x00, 0x00, 0x00, 0x00, 0x00, 0x00, 0x00, 0x00, 0x00, 0x00, 
	0x00, 0x00, 0x00, 0x00, 0x00, 0x00, 0x40, 0x00, 0x00, 0x02, 0x00, 0x00, 0x00, 0x00, 0x00, 0x00, 
	0x00, 0x00, 0x00, 0x00, 0x00, 0x00, 0x00, 0x00, 0x00, 0x00, 0x00, 0x00, 0x00, 0x00, 0x00, 0x00, 
	0x00, 0x00, 0x00, 0x00, 0x00, 0x00, 0x00, 0x00, 0x00, 0x00, 0x00, 0x00, 0x00, 0x00, 0x40, 0x00, 
	0x00, 0x02, 0x00, 0x00, 0x00, 0x00, 0x00, 0x00, 0x00, 0x00, 0x00, 0x00, 0x00, 0x00, 0x00, 0x00, 
	0x00, 0x00, 0x00, 0x00, 0x00, 0x00, 0x00, 0x00, 0x00, 0x00, 0x00, 0x00, 0x00, 0x00, 0x00, 0x00, 
	0x00, 0x00, 0x00, 0x00, 0x00, 0x00, 0x40, 0x00, 0x00, 0x02, 0x00, 0x00, 0x00, 0x00, 0x00, 0x00, 
	0x00, 0x00, 0x00, 0x00, 0x00, 0x00, 0x00, 0x00, 0x00, 0x00, 0x00, 0x00, 0x00, 0x00, 0x00, 0x00, 
	0x00, 0x00, 0x00, 0x00, 0x00, 0x00, 0x00, 0x00, 0x00, 0x00, 0x00, 0x00, 0x00, 0x00, 0x40, 0x00, 
	0x00, 0x02, 0x00, 0x00, 0x00, 0x00, 0x00, 0x00, 0x00, 0x00, 0x00, 0x00, 0x00, 0x00, 0x00, 0x00, 
	0x00, 0x00, 0x00, 0x00, 0x00, 0x00, 0x00, 0x00, 0x00, 0x00, 0x00, 0x00, 0x00, 0x00, 0x00, 0x00, 
	0x00, 0x00, 0x00, 0x00, 0x00, 0x00, 0x40, 0x00, 0x00, 0x02, 0x00, 0x00, 0x00, 0x00, 0x00, 0x00, 
	0x00, 0x00, 0x00, 0x00, 0x00, 0x00, 0x00, 0x00, 0x00, 0x00, 0x00, 0x00, 0x00, 0x00, 0x00, 0x00, 
	0x00, 0x00, 0x00, 0x00, 0x00, 0x00, 0x00, 0x00, 0x00, 0x00, 0x00, 0x00, 0x00, 0x00, 0x40, 0x00, 
	0x00, 0x02, 0x00, 0x00, 0x00, 0x00, 0x00, 0x00, 0x00, 0x00, 0x00, 0x00, 0x00, 0x00, 0x00, 0x00, 
	0x00, 0x00, 0x00, 0x00, 0x00, 0x00, 0x00, 0x00, 0x00, 0x00, 0x00, 0x00, 0x00, 0x00, 0x00, 0x00, 
	0x00, 0x00, 0x00, 0x00, 0x00, 0x00, 0x40, 0x00, 0x00, 0x02, 0x00, 0x00, 0x00, 0x00, 0x00, 0x00, 
	0x00, 0x00, 0x00, 0x00, 0x00, 0x00, 0x00, 0x00, 0x00, 0x00, 0x00, 0x00, 0x00, 0x00, 0x00, 0x00, 
	0x00, 0x00, 0x00, 0x00, 0x00, 0x00, 0x00, 0x00, 0x00, 0x00, 0x00, 0x00, 0x00, 0x00, 0x40, 0x00, 
	0x00, 0x02, 0x00, 0x00, 0x00, 0x00, 0x00, 0x00, 0x00, 0x00, 0x00, 0x00, 0x00, 0x00, 0x00, 0x00, 
	0x00, 0x00, 0x00, 0x00, 0x00, 0x00, 0x00, 0x00, 0x00, 0x00, 0x00, 0x00, 0x00, 0x00, 0x00, 0x00, 
	0x00, 0x00, 0x00, 0x00, 0x00, 0x00, 0x40, 0x00, 0x00, 0x02, 0x00, 0x00, 0x00, 0x00, 0x00, 0x00, 
	0x00, 0x00, 0x00, 0x00, 0x00, 0x00, 0x00, 0x00, 0x00, 0x00, 0x00, 0x00, 0x00, 0x00, 0x00, 0x00, 
	0x00, 0x00, 0x00, 0x00, 0x00, 0x00, 0x00, 0x00, 0x00, 0x00, 0x00, 0x00, 0x00, 0x00, 0x40, 0x00, 
	0x00, 0x02, 0x00, 0x00, 0x00, 0x00, 0x00, 0x00, 0x00, 0x00, 0x00, 0x00, 0x00, 0x00, 0x00, 0x00, 
	0x00, 0x00, 0x00, 0x00, 0x00, 0x00, 0x00, 0x00, 0x00, 0x00, 0x00, 0x00, 0x00, 0x00, 0x00, 0x00, 
	0x00, 0x00, 0x00, 0x00, 0x00, 0x00, 0x40, 0x00, 0x00, 0x02, 0x00, 0x00, 0x00, 0x00, 0x00, 0x00, 
	0x00, 0x00, 0x00, 0x00, 0x00, 0x00, 0x00, 0x00, 0x00, 0x00, 0x00, 0x00, 0x00, 0x00, 0x00, 0x00, 
	0x00, 0x00, 0x00, 0x00, 0x00, 0x00, 0x00, 0x00, 0x00, 0x00, 0x00, 0x00, 0x00, 0x00, 0x40, 0x00, 
	0x00, 0x02, 0x00, 0x00, 0x00, 0x00, 0x00, 0x00, 0x00, 0x00, 0x00, 0x00, 0x00, 0x00, 0x00, 0x00, 
	0x00, 0x00, 0x00, 0x00, 0x00, 0x00, 0x00, 0x00, 0x00, 0x00, 0x00, 0x00, 0x00, 0x00, 0x00, 0x00, 
	0x00, 0x00, 0x00, 0x00, 0x00, 0x00, 0x40, 0x00, 0x00, 0x02, 0x00, 0x00, 0x00, 0x00, 0x00, 0x00, 
	0x00, 0x00, 0x00, 0x00, 0x00, 0x00, 0x00, 0x00, 0x00, 0x00, 0x00, 0x00, 0x00, 0x00, 0x00, 0x00, 
	0x00, 0x00, 0x00, 0x00, 0x00, 0x00, 0x00, 0x00, 0x00, 0x00, 0x00, 0x00, 0x00, 0x00, 0x40, 0x00, 
	0x00, 0x02, 0x00, 0x00, 0x00, 0x00, 0x00, 0x00, 0x00, 0x00, 0x00, 0x00, 0x00, 0x00, 0x00, 0x00, 
	0x00, 0x00, 0x00, 0x00, 0x00, 0x00, 0x00, 0x00, 0x00, 0x00, 0x00, 0x00, 0x00, 0x00, 0x00, 0x00, 
	0x00, 0x00, 0x00, 0x00, 0x00, 0x00, 0x40, 0x00, 0x00, 0x02, 0x00, 0x00, 0x00, 0x00, 0x00, 0x00, 
	0x00, 0x00, 0x00, 0x00, 0x00, 0x00, 0x00, 0x00, 0x00, 0x00, 0x00, 0x00, 0x00, 0x00, 0x00, 0x00, 
	0x00, 0x00, 0x00, 0x00, 0x00, 0x00, 0x00, 0x00, 0x00, 0x00, 0x00, 0x00, 0x00, 0x00, 0x40, 0x00, 
	0x00, 0x02, 0x00, 0x00, 0x00, 0x00, 0x00, 0x00, 0x00, 0x00, 0x00, 0x00, 0x00, 0x00, 0x00, 0x00, 
	0x00, 0x00, 0x00, 0x00, 0x00, 0x00, 0x00, 0x00, 0x00, 0x00, 0x00, 0x00, 0x00, 0x00, 0x00, 0x00, 
	0x00, 0x00, 0x00, 0x00, 0x00, 0x00, 0x40, 0x00, 0x00, 0x02, 0x00, 0x00, 0x00, 0x00, 0x00, 0x00, 
	0x00, 0x00, 0x00, 0x00, 0x00, 0x00, 0x00, 0x00, 0x00, 0x00, 0x00, 0x00, 0x00, 0x00, 0x00, 0x00, 
	0x00, 0x00, 0x00, 0x00, 0x00, 0x00, 0x00, 0x00, 0x00, 0x00, 0x00, 0x00, 0x00, 0x00, 0x40, 0x00, 
	0x00, 0x02, 0x00, 0x00, 0x00, 0x00, 0x00, 0x00, 0x00, 0x00, 0x00, 0x00, 0x00, 0x00, 0x00, 0x00, 
	0x00, 0x00, 0x00, 0x00, 0x00, 0x00, 0x00, 0x00, 0x00, 0x00, 0x00, 0x00, 0x00, 0x00, 0x00, 0x00, 
	0x00, 0x00, 0x00, 0x00, 0x00, 0x00, 0x40, 0x00, 0x00, 0x02, 0x00, 0x00, 0x00, 0x00, 0x00, 0x00, 
	0x00, 0x00, 0x00, 0x00, 0x00, 0x00, 0x00, 0x00, 0x00, 0x00, 0x00, 0x00, 0x00, 0x00, 0x00, 0x00, 
	0x00, 0x00, 0x00, 0x00, 0x00, 0x00, 0x00, 0x00, 0x00, 0x00, 0x00, 0x00, 0x00, 0x00, 0x40, 0x00, 
	0x00, 0x02, 0x00, 0x00, 0x00, 0x00, 0x00, 0x00, 0x00, 0x00, 0x00, 0x00, 0x00, 0x00, 0x00, 0x00, 
	0x00, 0x00, 0x00, 0x00, 0x00, 0x00, 0x00, 0x00, 0x00, 0x00, 0x00, 0x00, 0x00, 0x00, 0x00, 0x00, 
	0x00, 0x00, 0x00, 0x00, 0x00, 0x00, 0x40, 0x00, 0x00, 0x01, 0x00, 0x00, 0x00, 0x00, 0x00, 0x00, 
	0x00, 0x00, 0x00, 0x00, 0x00, 0x00, 0x00, 0x00, 0x00, 0x00, 0x00, 0x00, 0x00, 0x00, 0x00, 0x00, 
	0x00, 0x00, 0x00, 0x00, 0x00, 0x00, 0x00, 0x00, 0x00, 0x00, 0x00, 0x00, 0x00, 0x00, 0x80, 0x00, 
	0x00, 0x01, 0x00, 0x00, 0x00, 0x00, 0x00, 0x00, 0x00, 0x00, 0x00, 0x00, 0x00, 0x00, 0x00, 0x00, 
	0x00, 0x00, 0x00, 0x00, 0x00, 0x00, 0x00, 0x00, 0x00, 0x00, 0x00, 0x00, 0x00, 0x00, 0x00, 0x00, 
	0x00, 0x00, 0x00, 0x00, 0x00, 0x00, 0x80, 0x00, 0x00, 0x00, 0x80, 0x00, 0x00, 0x00, 0x00, 0x00, 
	0x00, 0x00, 0x00, 0x00, 0x00, 0x00, 0x00, 0x00, 0x00, 0x00, 0x00, 0x00, 0x00, 0x00, 0x00, 0x00, 
	0x00, 0x00, 0x00, 0x00, 0x00, 0x00, 0x00, 0x00, 0x00, 0x00, 0x00, 0x00, 0x00, 0x01, 0x00, 0x00, 
	0x00, 0x00, 0x80, 0x00, 0x00, 0x00, 0x00, 0x00, 0x00, 0x00, 0x00, 0x00, 0x00, 0x00, 0x00, 0x00, 
	0x00, 0x00, 0x00, 0x00, 0x00, 0x00, 0x00, 0x00, 0x00, 0x00, 0x00, 0x00, 0x00, 0x00, 0x00, 0x00, 
	0x00, 0x00, 0x00, 0x00, 0x00, 0x01, 0x00, 0x00, 0x00, 0x00, 0x60, 0x00, 0x00, 0x00, 0x00, 0x00, 
	0x00, 0x00, 0x00, 0x00, 0x00, 0x00, 0x00, 0x00, 0x00, 0x00, 0x00, 0x00, 0x00, 0x00, 0x00, 0x00, 
	0x00, 0x00, 0x00, 0x00, 0x00, 0x00, 0x00, 0x00, 0x00, 0x00, 0x00, 0x00, 0x00, 0x06, 0x00, 0x00, 
	0x00, 0x00, 0x18, 0x00, 0x00, 0x00, 0x00, 0x00, 0x00, 0x00, 0x00, 0x00, 0x00, 0x00, 0x00, 0x00, 
	0x00, 0x00, 0x00, 0x00, 0x00, 0x00, 0x00, 0x00, 0x00, 0x00, 0x00, 0x00, 0x00, 0x00, 0x00, 0x00, 
	0x00, 0x00, 0x00, 0x00, 0x00, 0x18, 0x00, 0x00, 0x00, 0x00, 0x07, 0xff, 0xff, 0xff, 0xff, 0xff, 
	0xff, 0xff, 0xff, 0xff, 0xff, 0xff, 0xff, 0xff, 0xff, 0xff, 0xff, 0xff, 0xff, 0xff, 0xff, 0xff, 
	0xff, 0xff, 0xff, 0xff, 0xff, 0xff, 0xff, 0xff, 0xff, 0xff, 0xff, 0xff, 0xff, 0xe0, 0x00, 0x00, 
	0x00, 0x00, 0x00, 0x00, 0x00, 0x00, 0x00, 0x00, 0x00, 0x00, 0x00, 0x00, 0x00, 0x00, 0x00, 0x00, 
	0x00, 0x00, 0x00, 0x00, 0x00, 0x00, 0x00, 0x00, 0x00, 0x00, 0x00, 0x00, 0x00, 0x00, 0x00, 0x00, 
	0x00, 0x00, 0x00, 0x00, 0x00, 0x00, 0x00, 0x00, 0x00, 0x00, 0x00, 0x00, 0x00, 0x00, 0x00, 0x00, 
	0x00, 0x00, 0x00, 0x00, 0x00, 0x00, 0x00, 0x00, 0x00, 0x00, 0x00, 0x00, 0x00, 0x00, 0x00, 0x00, 
	0x00, 0x00, 0x00, 0x00, 0x00, 0x00, 0x00, 0x00, 0x00, 0x00, 0x00, 0x00, 0x00, 0x00, 0x00, 0x00, 
	0x00, 0x00, 0x00, 0x00, 0x00, 0x00, 0x00, 0x00, 0x00, 0x00, 0x00, 0x00, 0x00, 0x00, 0x00, 0x00, 
	0x00, 0x00, 0x00, 0x00, 0x00, 0x00, 0x00, 0x00, 0x00, 0x00, 0x00, 0x00, 0x00, 0x00, 0x00, 0x00, 
	0x00, 0x00, 0x00, 0x00, 0x00, 0x00, 0x00, 0x00, 0x00, 0x00, 0x00, 0x00, 0x00, 0x00, 0x00, 0x00, 
	0x00, 0x00, 0x00, 0x00, 0x00, 0x00, 0x00, 0x00, 0x00, 0x00, 0x00, 0x00, 0x00, 0x00, 0x00, 0x00, 
	0x00, 0x00, 0x00, 0x00, 0x00, 0x00, 0x00, 0x00, 0x00, 0x00, 0x00, 0x00, 0x00, 0x00, 0x00, 0x00, 
	0x00, 0x00, 0x00, 0x00, 0x00, 0x00, 0x00, 0x00, 0x00, 0x00, 0x00, 0x00, 0x00, 0x00, 0x00, 0x00, 
	0x00, 0x00, 0x00, 0x00, 0x00, 0x00, 0x00, 0x00, 0x00, 0x00, 0x00, 0x00, 0x00, 0x00, 0x00, 0x00, 
	0x00, 0x00, 0x00, 0x00, 0x00, 0x00, 0x00, 0x00, 0x00, 0x00, 0x00, 0x00, 0x00, 0x00, 0x00, 0x00, 
	0x00, 0x00, 0x00, 0x00, 0x00, 0x00, 0x00, 0x00, 0x00, 0x00, 0x00, 0x00, 0x00, 0x00, 0x00, 0x00, 
	0x00, 0x00, 0x00, 0x00, 0x00, 0x00, 0x00, 0x00, 0x00, 0x00, 0x00, 0x00, 0x00, 0x00, 0x00, 0x00, 
	0x00, 0x00, 0x00, 0x00, 0x00, 0x00, 0x00, 0x00, 0x00, 0x00, 0x00, 0x00, 0x00, 0x00, 0x00, 0x00, 
	0x00, 0x00, 0x00, 0x00, 0x00, 0x00, 0x00, 0x00, 0x00, 0x00, 0x00, 0x00, 0x00, 0x00, 0x00, 0x00, 
	0x00, 0x00, 0x00, 0x00, 0x00, 0x00, 0x00, 0x00, 0x00, 0x00, 0x00, 0x00, 0x00, 0x00, 0x00, 0x00, 
	0x00, 0x00, 0x00, 0x00, 0x00, 0x00, 0x00, 0x00, 0x00, 0x00, 0x00, 0x00, 0x00, 0x00, 0x00, 0x00, 
	0x00, 0x00, 0x00, 0x00, 0x00, 0x00, 0x00, 0x00, 0x00, 0x00, 0x00, 0x00, 0x00, 0x00, 0x00, 0x00, 
	0x00, 0x00, 0x00, 0x00, 0x00, 0x00, 0x00, 0x00, 0x00, 0x00, 0x00, 0x00, 0x00, 0x00, 0x00, 0x00, 
	0x00, 0x00, 0x00, 0x00, 0x00, 0x00, 0x00, 0x00, 0x00, 0x00, 0x00, 0x00, 0x00, 0x00, 0x00, 0x00, 
	0x00, 0x00, 0x00, 0x00, 0x00, 0x00, 0x00, 0x00, 0x00, 0x00, 0x00, 0x00, 0x00, 0x00, 0x00, 0x00, 
	0x00, 0x00, 0x00, 0x00, 0x00, 0x00, 0x00, 0x00, 0x00, 0x00, 0x00, 0x00, 0x00, 0x00, 0x00, 0x00, 
	0x00, 0x00, 0x00, 0x00, 0x00, 0x00, 0x00, 0x00, 0x00, 0x00, 0x00, 0x00, 0x00, 0x00, 0x00, 0x00, 
	0x00, 0x00, 0x00, 0x00, 0x00, 0x00, 0x00, 0x00, 0x00, 0x00, 0x00, 0x00, 0x00, 0x00, 0x00, 0x00, 
	0x00, 0x00, 0x00, 0x00, 0x00, 0x00, 0x00, 0x00, 0x00, 0x00, 0x00, 0x00, 0x00, 0x00, 0x00, 0x00, 
	0x00, 0x00, 0x00, 0x00, 0x00, 0x00, 0x00, 0x00, 0x00, 0x00, 0x00, 0x00, 0x00, 0x00, 0x00, 0x00, 
	0x00, 0x00, 0x00, 0x00, 0x00, 0x00, 0x00, 0x00, 0x00, 0x00, 0x00, 0x00, 0x00, 0x00, 0x00, 0x00, 
	0x00, 0x00, 0x00, 0x00, 0x00, 0x00, 0x00, 0x00, 0x00, 0x00, 0x00, 0x00, 0x00, 0x00, 0x00, 0x00, 
	0x00, 0x00, 0x00, 0x00, 0x00, 0x00, 0x00, 0x00, 0x00, 0x00, 0x00, 0x00, 0x00, 0x00, 0x00, 0x00, 
	0x00, 0x00, 0x00, 0x00, 0x00, 0x00, 0x00, 0x00, 0x00, 0x00, 0x00, 0x00, 0x00, 0x00, 0x00, 0x00, 
	0x00, 0x00, 0x00, 0x00, 0x00, 0x00, 0x00, 0x00, 0x00, 0x00, 0x00, 0x00, 0x00, 0x00, 0x00, 0x00, 
	0x00, 0x00, 0x00, 0x00, 0x00, 0x00, 0x00, 0x00, 0x00, 0x00, 0x00, 0x00, 0x00, 0x00, 0x00, 0x00, 
	0x00, 0x00, 0x00, 0x00, 0x00, 0x00, 0x00, 0x00, 0x00, 0x00, 0x00, 0x00, 0x00, 0x00, 0x00, 0x00, 
	0x00, 0x00, 0x00, 0x00, 0x00, 0x00, 0x00, 0x00, 0x00, 0x00, 0x00, 0x00, 0x00, 0x00, 0x00, 0x00, 
	0x00, 0x00, 0x00, 0x00, 0x00, 0x00, 0x00, 0x00, 0x00, 0x00, 0x00, 0x00, 0x00, 0x00, 0x00, 0x00, 
	0x00, 0x00, 0x00, 0x00, 0x00, 0x00, 0x00, 0x00, 0x00, 0x00, 0x00, 0x00, 0x00, 0x00, 0x00, 0x00, 
	0x00, 0x00, 0x00, 0x00, 0x00, 0x00, 0x00, 0x00, 0x00, 0x00, 0x00, 0x00, 0x00, 0x00, 0x00, 0x00, 
	0x00, 0x00, 0x00, 0x00, 0x00, 0x00, 0x00, 0x00, 0x00, 0x00, 0x00, 0x00, 0x00, 0x00, 0x00, 0x00, 
	0x00, 0x00, 0x00, 0x00, 0x00, 0x00, 0x00, 0x00, 0x00, 0x00, 0x00, 0x00, 0x00, 0x00, 0x00, 0x00, 
	0x00, 0x00, 0x00, 0x00, 0x00, 0x00, 0x00, 0x00, 0x00, 0x00, 0x00, 0x00, 0x00, 0x00, 0x00, 0x00, 
	0x00, 0x00, 0x00, 0x00, 0x00, 0x00, 0x00, 0x00, 0x00, 0x00, 0x07, 0xff, 0xff, 0xff, 0xff, 0xff, 
	0xff, 0xff, 0xff, 0xff, 0xff, 0xff, 0xff, 0x80, 0x00, 0x00, 0x00, 0x00, 0x00, 0x00, 0x00, 0x00, 
	0x01, 0xff, 0xff, 0xff, 0xff, 0xff, 0xff, 0xff, 0xff, 0xff, 0xff, 0xff, 0xff, 0xe0, 0x00, 0x00, 
	0x00, 0x00, 0x18, 0x00, 0x00, 0x00, 0x00, 0x00, 0x00, 0x00, 0x00, 0x00, 0x00, 0x00, 0x00, 0x60, 
	0x00, 0x00, 0x00, 0x00, 0x00, 0x00, 0x00, 0x00, 0x06, 0x00, 0x00, 0x00, 0x00, 0x00, 0x00, 0x00, 
	0x00, 0x00, 0x00, 0x00, 0x00, 0x18, 0x00, 0x00, 0x00, 0x00, 0x60, 0x00, 0x00, 0x00, 0x00, 0x00, 
	0x00, 0x00, 0x00, 0x00, 0x00, 0x00, 0x00, 0x18, 0x00, 0x00, 0x00, 0x00, 0x00, 0x00, 0x00, 0x00, 
	0x18, 0x00, 0x00, 0x00, 0x00, 0x00, 0x00, 0x00, 0x00, 0x00, 0x00, 0x00, 0x00, 0x06, 0x00, 0x00, 
	0x00, 0x00, 0x80, 0x00, 0x00, 0x00, 0x00, 0x00, 0x00, 0x00, 0x00, 0x00, 0x00, 0x00, 0x00, 0x04, 
	0x00, 0x00, 0x00, 0x00, 0x00, 0x00, 0x00, 0x00, 0x20, 0x00, 0x00, 0x00, 0x00, 0x00, 0x00, 0x00, 
	0x00, 0x00, 0x00, 0x00, 0x00, 0x01, 0x00, 0x00, 0x00, 0x00, 0x80, 0x00, 0x00, 0x00, 0x00, 0x00, 
	0x00, 0x00, 0x00, 0x00, 0x00, 0x00, 0x00, 0x04, 0x00, 0x00, 0x00, 0x00, 0x00, 0x00, 0x00, 0x00, 
	0x20, 0x00, 0x00, 0x00, 0x00, 0x00, 0x00, 0x00, 0x00, 0x00, 0x00, 0x00, 0x00, 0x01, 0x00, 0x00, 
	0x00, 0x01, 0x00, 0x00, 0x00, 0x00, 0x00, 0x00, 0x00, 0x00, 0x00, 0x00, 0x00, 0x00, 0x00, 0x02, 
	0x00, 0x00, 0x00, 0x00, 0x00, 0x00, 0x00, 0x00, 0x40, 0x00, 0x00, 0x00, 0x00, 0x00, 0x00, 0x00, 
	0x00, 0x00, 0x00, 0x00, 0x00, 0x00, 0x80, 0x00, 0x00, 0x01, 0x00, 0x00, 0x00, 0x00, 0x00, 0x00, 
	0x00, 0x00, 0x00, 0x00, 0x00, 0x00, 0x00, 0x02, 0x00, 0x00, 0x00, 0x00, 0x00, 0x00, 0x00, 0x00, 
	0x40, 0x00, 0x00, 0x00, 0x00, 0x00, 0x00, 0x00, 0x00, 0x00, 0x00, 0x00, 0x00, 0x00, 0x80, 0x00, 
	0x00, 0x02, 0x00, 0x00, 0x00, 0x00, 0x00, 0x00, 0x00, 0x00, 0x00, 0x00, 0x00, 0x00, 0x00, 0x01, 
	0x00, 0x00, 0x00, 0x00, 0x00, 0x00, 0x00, 0x00, 0x80, 0x00, 0x00, 0x00, 0x00, 0x00, 0x00, 0x00, 
	0x00, 0x00, 0x00, 0x00, 0x00, 0x00, 0x40, 0x00, 0x00, 0x02, 0x00, 0x00, 0x00, 0x00, 0x00, 0x00, 
	0x00, 0x00, 0x00, 0x00, 0x00, 0x00, 0x00, 0x01, 0x00, 0x00, 0x00, 0x00, 0x00, 0x00, 0x00, 0x00, 
	0x80, 0x00, 0x00, 0x00, 0x00, 0x00, 0x00, 0x00, 0x00, 0x00, 0x00, 0x00, 0x00, 0x00, 0x40, 0x00, 
	0x00, 0x02, 0x00, 0x00, 0x00, 0x00, 0x00, 0x00, 0x00, 0x00, 0x00, 0x00, 0x00, 0x00, 0x00, 0x01, 
	0x00, 0x00, 0x00, 0x00, 0x00, 0x00, 0x00, 0x00, 0x80, 0x00, 0x00, 0x00, 0x00, 0x00, 0x00, 0x00, 
	0x00, 0x00, 0x00, 0x00, 0x00, 0x00, 0x40, 0x00, 0x00, 0x02, 0x00, 0x00, 0x00, 0x00, 0x00, 0x00, 
	0x00, 0x00, 0x00, 0x00, 0x00, 0x00, 0x00, 0x01, 0x00, 0x00, 0x00, 0x00, 0x00, 0x00, 0x00, 0x00, 
	0x80, 0x00, 0x00, 0x00, 0x00, 0x00, 0x00, 0x00, 0x00, 0x00, 0x00, 0x00, 0x00, 0x00, 0x40, 0x00, 
	0x00, 0x02, 0x00, 0x00, 0x00, 0x00, 0x00, 0x00, 0x00, 0x00, 0x00, 0x00, 0x00, 0x00, 0x00, 0x01, 
	0x00, 0x00, 0x00, 0x00, 0x00, 0x00, 0x00, 0x00, 0x80, 0x00, 0x00, 0x00, 0x00, 0x00, 0x00, 0x00, 
	0x00, 0x00, 0x00, 0x00, 0x00, 0x00, 0x40, 0x00, 0x00, 0x02, 0x00, 0x00, 0x00, 0x00, 0x00, 0x00, 
	0x00, 0x00, 0x00, 0x00, 0x00, 0x00, 0x00, 0x01, 0x00, 0x00, 0x00, 0x00, 0x00, 0x00, 0x00, 0x00, 
	0x80, 0x00, 0x00, 0x00, 0x00, 0x00, 0x00, 0x00, 0x00, 0x00, 0x00, 0x00, 0x00, 0x00, 0x40, 0x00, 
	0x00, 0x02, 0x00, 0x00, 0x00, 0x00, 0x00, 0x00, 0x00, 0x00, 0x00, 0x00, 0x00, 0x00, 0x00, 0x01, 
	0x00, 0x00, 0x00, 0x00, 0x00, 0x00, 0x00, 0x00, 0x80, 0x00, 0x00, 0x00, 0x00, 0x00, 0x00, 0x00, 
	0x00, 0x00, 0x00, 0x00, 0x00, 0x00, 0x40, 0x00, 0x00, 0x02, 0x00, 0x00, 0x00, 0x00, 0x00, 0x00, 
	0x00, 0x00, 0x00, 0x00, 0x00, 0x00, 0x00, 0x01, 0x00, 0x00, 0x00, 0x00, 0x00, 0x00, 0x00, 0x00, 
	0x80, 0x00, 0x00, 0x00, 0x00, 0x00, 0x00, 0x00, 0x00, 0x00, 0x00, 0x00, 0x00, 0x00, 0x40, 0x00, 
	0x00, 0x02, 0x00, 0x00, 0x00, 0x00, 0x00, 0x00, 0x00, 0x00, 0x00, 0x00, 0x00, 0x00, 0x00, 0x01, 
	0x00, 0x00, 0x00, 0x00, 0x00, 0x00, 0x00, 0x00, 0x80, 0x00, 0x00, 0x00, 0x00, 0x00, 0x00, 0x00, 
	0x00, 0x00, 0x00, 0x00, 0x00, 0x00, 0x40, 0x00, 0x00, 0x02, 0x00, 0x00, 0x00, 0x00, 0x00, 0x00, 
	0x00, 0x00, 0x00, 0x00, 0x00, 0x00, 0x00, 0x01, 0x00, 0x00, 0x00, 0x00, 0x00, 0x00, 0x00, 0x00, 
	0x80, 0x00, 0x00, 0x00, 0x00, 0x00, 0x00, 0x00, 0x00, 0x00, 0x00, 0x00, 0x00, 0x00, 0x40, 0x00, 
	0x00, 0x02, 0x00, 0x00, 0x00, 0x00, 0x00, 0x00, 0x00, 0x00, 0x00, 0x00, 0x00, 0x00, 0x00, 0x01, 
	0x00, 0x00, 0x00, 0x00, 0x00, 0x00, 0x00, 0x00, 0x80, 0x00, 0x00, 0x00, 0x00, 0x00, 0x00, 0x00, 
	0x00, 0x00, 0x00, 0x00, 0x00, 0x00, 0x40, 0x00, 0x00, 0x02, 0x00, 0x00, 0x00, 0x00, 0x00, 0x00, 
	0x00, 0x00, 0x00, 0x00, 0x00, 0x00, 0x00, 0x01, 0x00, 0x00, 0x00, 0x00, 0x00, 0x00, 0x00, 0x00, 
	0x80, 0x00, 0x00, 0x00, 0x00, 0x00, 0x00, 0x00, 0x00, 0x00, 0x00, 0x00, 0x00, 0x00, 0x40, 0x00, 
	0x00, 0x02, 0x00, 0x00, 0x00, 0x00, 0x00, 0x00, 0x00, 0x00, 0x00, 0x00, 0x00, 0x00, 0x00, 0x01, 
	0x00, 0x00, 0x00, 0x00, 0x00, 0x00, 0x00, 0x00, 0x80, 0x00, 0x00, 0x00, 0x00, 0x00, 0x00, 0x00, 
	0x00, 0x00, 0x00, 0x00, 0x00, 0x00, 0x40, 0x00, 0x00, 0x02, 0x00, 0x00, 0x00, 0x00, 0x00, 0x00, 
	0x00, 0x00, 0x00, 0x00, 0x00, 0x00, 0x00, 0x01, 0x00, 0x00, 0x00, 0x00, 0x00, 0x00, 0x00, 0x00, 
	0x80, 0x00, 0x00, 0x00, 0x00, 0x00, 0x00, 0x00, 0x00, 0x00, 0x00, 0x00, 0x00, 0x00, 0x40, 0x00, 
	0x00, 0x02, 0x00, 0x00, 0x00, 0x00, 0x00, 0x00, 0x00, 0x00, 0x00, 0x00, 0x00, 0x00, 0x00, 0x01, 
	0x00, 0x00, 0x00, 0x00, 0x00, 0x00, 0x00, 0x00, 0x80, 0x00, 0x00, 0x00, 0x00, 0x00, 0x00, 0x00, 
	0x00, 0x00, 0x00, 0x00, 0x00, 0x00, 0x40, 0x00, 0x00, 0x02, 0x00, 0x00, 0x00, 0x00, 0x00, 0x00, 
	0x00, 0x00, 0x00, 0x00, 0x00, 0x00, 0x00, 0x01, 0x00, 0x00, 0x00, 0x00, 0x00, 0x00, 0x00, 0x00, 
	0x80, 0x00, 0x00, 0x00, 0x00, 0x00, 0x00, 0x00, 0x00, 0x00, 0x00, 0x00, 0x00, 0x00, 0x40, 0x00, 
	0x00, 0x02, 0x00, 0x00, 0x00, 0x00, 0x00, 0x00, 0x00, 0x00, 0x00, 0x00, 0x00, 0x00, 0x00, 0x01, 
	0x00, 0x00, 0x00, 0x00, 0x00, 0x00, 0x00, 0x00, 0x80, 0x00, 0x00, 0x00, 0x00, 0x00, 0x00, 0x00, 
	0x00, 0x00, 0x00, 0x00, 0x00, 0x00, 0x40, 0x00, 0x00, 0x02, 0x00, 0x00, 0x00, 0x00, 0x00, 0x00, 
	0x00, 0x00, 0x00, 0x00, 0x00, 0x00, 0x00, 0x01, 0x00, 0x00, 0x00, 0x00, 0x00, 0x00, 0x00, 0x00, 
	0x80, 0x00, 0x00, 0x00, 0x00, 0x00, 0x00, 0x00, 0x00, 0x00, 0x00, 0x00, 0x00, 0x00, 0x40, 0x00, 
	0x00, 0x02, 0x00, 0x00, 0x00, 0x00, 0x00, 0x00, 0x00, 0x00, 0x00, 0x00, 0x00, 0x00, 0x00, 0x01, 
	0x00, 0x00, 0x00, 0x00, 0x00, 0x00, 0x00, 0x00, 0x80, 0x00, 0x00, 0x00, 0x00, 0x00, 0x00, 0x00, 
	0x00, 0x00, 0x00, 0x00, 0x00, 0x00, 0x40, 0x00, 0x00, 0x02, 0x00, 0x00, 0x00, 0x00, 0x00, 0x00, 
	0x00, 0x00, 0x00, 0x00, 0x00, 0x00, 0x00, 0x01, 0x00, 0x00, 0x00, 0x00, 0x00, 0x00, 0x00, 0x00, 
	0x80, 0x00, 0x00, 0x00, 0x00, 0x00, 0x00, 0x00, 0x00, 0x00, 0x00, 0x00, 0x00, 0x00, 0x40, 0x00, 
	0x00, 0x02, 0x00, 0x00, 0x00, 0x00, 0x00, 0x00, 0x00, 0x00, 0x00, 0x00, 0x00, 0x00, 0x00, 0x01, 
	0x00, 0x00, 0x00, 0x00, 0x00, 0x00, 0x00, 0x00, 0x80, 0x00, 0x00, 0x00, 0x00, 0x00, 0x00, 0x00, 
	0x00, 0x00, 0x00, 0x00, 0x00, 0x00, 0x40, 0x00, 0x00, 0x02, 0x00, 0x00, 0x00, 0x00, 0x00, 0x00, 
	0x00, 0x00, 0x00, 0x00, 0x00, 0x00, 0x00, 0x01, 0x00, 0x00, 0x00, 0x00, 0x00, 0x00, 0x00, 0x00, 
	0x80, 0x00, 0x00, 0x00, 0x00, 0x00, 0x00, 0x00, 0x00, 0x00, 0x00, 0x00, 0x00, 0x00, 0x40, 0x00, 
	0x00, 0x02, 0x00, 0x00, 0x00, 0x00, 0x00, 0x00, 0x00, 0x00, 0x00, 0x00, 0x00, 0x00, 0x00, 0x01, 
	0x00, 0x00, 0x00, 0x00, 0x00, 0x00, 0x00, 0x00, 0x80, 0x00, 0x00, 0x00, 0x00, 0x00, 0x00, 0x00, 
	0x00, 0x00, 0x00, 0x00, 0x00, 0x00, 0x40, 0x00, 0x00, 0x02, 0x00, 0x00, 0x00, 0x00, 0x00, 0x00, 
	0x00, 0x00, 0x00, 0x00, 0x00, 0x00, 0x00, 0x01, 0x00, 0x00, 0x00, 0x00, 0x00, 0x00, 0x00, 0x00, 
	0x80, 0x00, 0x00, 0x00, 0x00, 0x00, 0x00, 0x00, 0x00, 0x00, 0x00, 0x00, 0x00, 0x00, 0x40, 0x00, 
	0x00, 0x02, 0x00, 0x00, 0x00, 0x00, 0x00, 0x00, 0x00, 0x00, 0x00, 0x00, 0x00, 0x00, 0x00, 0x01, 
	0x00, 0x00, 0x00, 0x00, 0x00, 0x00, 0x00, 0x00, 0x80, 0x00, 0x00, 0x00, 0x00, 0x00, 0x00, 0x00, 
	0x00, 0x00, 0x00, 0x00, 0x00, 0x00, 0x40, 0x00, 0x00, 0x02, 0x00, 0x00, 0x00, 0x00, 0x00, 0x00, 
	0x00, 0x00, 0x00, 0x00, 0x00, 0x00, 0x00, 0x01, 0x00, 0x00, 0x00, 0x00, 0x00, 0x00, 0x00, 0x00, 
	0x80, 0x00, 0x00, 0x00, 0x00, 0x00, 0x00, 0x00, 0x00, 0x00, 0x00, 0x00, 0x00, 0x00, 0x40, 0x00, 
	0x00, 0x02, 0x00, 0x00, 0x00, 0x00, 0x00, 0x00, 0x00, 0x00, 0x00, 0x00, 0x00, 0x00, 0x00, 0x01, 
	0x00, 0x00, 0x00, 0x00, 0x00, 0x00, 0x00, 0x00, 0x80, 0x00, 0x00, 0x00, 0x00, 0x00, 0x00, 0x00, 
	0x00, 0x00, 0x00, 0x00, 0x00, 0x00, 0x40, 0x00, 0x00, 0x02, 0x00, 0x00, 0x00, 0x00, 0x00, 0x00, 
	0x00, 0x00, 0x00, 0x00, 0x00, 0x00, 0x00, 0x01, 0x00, 0x00, 0x00, 0x00, 0x00, 0x00, 0x00, 0x00, 
	0x80, 0x00, 0x00, 0x00, 0x00, 0x00, 0x00, 0x00, 0x00, 0x00, 0x00, 0x00, 0x00, 0x00, 0x40, 0x00, 
	0x00, 0x02, 0x00, 0x00, 0x00, 0x00, 0x00, 0x00, 0x00, 0x00, 0x00, 0x00, 0x00, 0x00, 0x00, 0x01, 
	0x00, 0x00, 0x00, 0x00, 0x00, 0x00, 0x00, 0x00, 0x80, 0x00, 0x00, 0x00, 0x00, 0x00, 0x00, 0x00, 
	0x00, 0x00, 0x00, 0x00, 0x00, 0x00, 0x40, 0x00, 0x00, 0x02, 0x00, 0x00, 0x00, 0x00, 0x00, 0x00, 
	0x00, 0x00, 0x00, 0x00, 0x00, 0x00, 0x00, 0x01, 0x00, 0x00, 0x00, 0x00, 0x00, 0x00, 0x00, 0x00, 
	0x80, 0x00, 0x00, 0x00, 0x00, 0x00, 0x00, 0x00, 0x00, 0x00, 0x00, 0x00, 0x00, 0x00, 0x40, 0x00, 
	0x00, 0x02, 0x00, 0x00, 0x00, 0x00, 0x00, 0x00, 0x00, 0x00, 0x00, 0x00, 0x00, 0x00, 0x00, 0x01, 
	0x00, 0x00, 0x00, 0x00, 0x00, 0x00, 0x00, 0x00, 0x80, 0x00, 0x00, 0x00, 0x00, 0x00, 0x00, 0x00, 
	0x00, 0x00, 0x00, 0x00, 0x00, 0x00, 0x40, 0x00, 0x00, 0x02, 0x00, 0x00, 0x00, 0x00, 0x00, 0x00, 
	0x00, 0x00, 0x00, 0x00, 0x00, 0x00, 0x00, 0x01, 0x00, 0x00, 0x00, 0x00, 0x00, 0x00, 0x00, 0x00, 
	0x80, 0x00, 0x00, 0x00, 0x00, 0x00, 0x00, 0x00, 0x00, 0x00, 0x00, 0x00, 0x00, 0x00, 0x40, 0x00, 
	0x00, 0x02, 0x00, 0x00, 0x00, 0x00, 0x00, 0x00, 0x00, 0x00, 0x00, 0x00, 0x00, 0x00, 0x00, 0x01, 
	0x00, 0x00, 0x00, 0x00, 0x00, 0x00, 0x00, 0x00, 0x80, 0x00, 0x00, 0x00, 0x00, 0x00, 0x00, 0x00, 
	0x00, 0x00, 0x00, 0x00, 0x00, 0x00, 0x40, 0x00, 0x00, 0x02, 0x00, 0x00, 0x00, 0x00, 0x00, 0x00, 
	0x00, 0x00, 0x00, 0x00, 0x00, 0x00, 0x00, 0x01, 0x00, 0x00, 0x00, 0x00, 0x00, 0x00, 0x00, 0x00, 
	0x80, 0x00, 0x00, 0x00, 0x00, 0x00, 0x00, 0x00, 0x00, 0x00, 0x00, 0x00, 0x00, 0x00, 0x40, 0x00, 
	0x00, 0x02, 0x00, 0x00, 0x00, 0x00, 0x00, 0x00, 0x00, 0x00, 0x00, 0x00, 0x00, 0x00, 0x00, 0x01, 
	0x00, 0x00, 0x00, 0x00, 0x00, 0x00, 0x00, 0x00, 0x80, 0x00, 0x00, 0x00, 0x00, 0x00, 0x00, 0x00, 
	0x00, 0x00, 0x00, 0x00, 0x00, 0x00, 0x40, 0x00, 0x00, 0x02, 0x00, 0x00, 0x00, 0x00, 0x00, 0x00, 
	0x00, 0x00, 0x00, 0x00, 0x00, 0x00, 0x00, 0x01, 0x00, 0x00, 0x00, 0x00, 0x00, 0x00, 0x00, 0x00, 
	0x80, 0x00, 0x00, 0x00, 0x00, 0x00, 0x00, 0x00, 0x00, 0x00, 0x00, 0x00, 0x00, 0x00, 0x40, 0x00, 
	0x00, 0x02, 0x00, 0x00, 0x00, 0x00, 0x00, 0x00, 0x00, 0x00, 0x00, 0x00, 0x00, 0x00, 0x00, 0x01, 
	0x00, 0x00, 0x00, 0x00, 0x00, 0x00, 0x00, 0x00, 0x80, 0x00, 0x00, 0x00, 0x00, 0x00, 0x00, 0x00, 
	0x00, 0x00, 0x00, 0x00, 0x00, 0x00, 0x40, 0x00, 0x00, 0x02, 0x00, 0x00, 0x00, 0x00, 0x00, 0x00, 
	0x00, 0x00, 0x00, 0x00, 0x00, 0x00, 0x00, 0x01, 0x00, 0x00, 0x00, 0x00, 0x00, 0x00, 0x00, 0x00, 
	0x80, 0x00, 0x00, 0x00, 0x00, 0x00, 0x00, 0x00, 0x00, 0x00, 0x00, 0x00, 0x00, 0x00, 0x40, 0x00, 
	0x00, 0x02, 0x00, 0x00, 0x00, 0x00, 0x00, 0x00, 0x00, 0x00, 0x00, 0x00, 0x00, 0x00, 0x00, 0x01, 
	0x00, 0x00, 0x00, 0x00, 0x00, 0x00, 0x00, 0x00, 0x80, 0x00, 0x00, 0x00, 0x00, 0x00, 0x00, 0x00, 
	0x00, 0x00, 0x00, 0x00, 0x00, 0x00, 0x40, 0x00, 0x00, 0x02, 0x00, 0x00, 0x00, 0x00, 0x00, 0x00, 
	0x00, 0x00, 0x00, 0x00, 0x00, 0x00, 0x00, 0x01, 0x00, 0x00, 0x00, 0x00, 0x00, 0x00, 0x00, 0x00, 
	0x80, 0x00, 0x00, 0x00, 0x00, 0x00, 0x00, 0x00, 0x00, 0x00, 0x00, 0x00, 0x00, 0x00, 0x40, 0x00, 
	0x00, 0x02, 0x00, 0x00, 0x00, 0x00, 0x00, 0x00, 0x00, 0x00, 0x00, 0x00, 0x00, 0x00, 0x00, 0x01, 
	0x00, 0x00, 0x00, 0x00, 0x00, 0x00, 0x00, 0x00, 0x80, 0x00, 0x00, 0x00, 0x00, 0x00, 0x00, 0x00, 
	0x00, 0x00, 0x00, 0x00, 0x00, 0x00, 0x40, 0x00, 0x00, 0x02, 0x00, 0x00, 0x00, 0x00, 0x00, 0x00, 
	0x00, 0x00, 0x00, 0x00, 0x00, 0x00, 0x00, 0x01, 0x00, 0x00, 0x00, 0x00, 0x00, 0x00, 0x00, 0x00, 
	0x80, 0x00, 0x00, 0x00, 0x00, 0x00, 0x00, 0x00, 0x00, 0x00, 0x00, 0x00, 0x00, 0x00, 0x40, 0x00, 
	0x00, 0x02, 0x00, 0x00, 0x00, 0x00, 0x00, 0x00, 0x00, 0x00, 0x00, 0x00, 0x00, 0x00, 0x00, 0x01, 
	0x00, 0x00, 0x00, 0x00, 0x00, 0x00, 0x00, 0x00, 0x80, 0x00, 0x00, 0x00, 0x00, 0x00, 0x00, 0x00, 
	0x00, 0x00, 0x00, 0x00, 0x00, 0x00, 0x40, 0x00, 0x00, 0x02, 0x00, 0x00, 0x00, 0x00, 0x00, 0x00, 
	0x00, 0x00, 0x00, 0x00, 0x00, 0x00, 0x00, 0x01, 0x00, 0x00, 0x00, 0x00, 0x00, 0x00, 0x00, 0x00, 
	0x80, 0x00, 0x00, 0x00, 0x00, 0x00, 0x00, 0x00, 0x00, 0x00, 0x00, 0x00, 0x00, 0x00, 0x40, 0x00, 
	0x00, 0x02, 0x00, 0x00, 0x00, 0x00, 0x00, 0x00, 0x00, 0x00, 0x00, 0x00, 0x00, 0x00, 0x00, 0x01, 
	0x00, 0x00, 0x00, 0x00, 0x00, 0x00, 0x00, 0x00, 0x80, 0x00, 0x00, 0x00, 0x00, 0x00, 0x00, 0x00, 
	0x00, 0x00, 0x00, 0x00, 0x00, 0x00, 0x40, 0x00, 0x00, 0x02, 0x00, 0x00, 0x00, 0x00, 0x00, 0x00, 
	0x00, 0x00, 0x00, 0x00, 0x00, 0x00, 0x00, 0x01, 0x00, 0x00, 0x00, 0x00, 0x00, 0x00, 0x00, 0x00, 
	0x80, 0x00, 0x00, 0x00, 0x00, 0x00, 0x00, 0x00, 0x00, 0x00, 0x00, 0x00, 0x00, 0x00, 0x40, 0x00, 
	0x00, 0x02, 0x00, 0x00, 0x00, 0x00, 0x00, 0x00, 0x00, 0x00, 0x00, 0x00, 0x00, 0x00, 0x00, 0x01, 
	0x00, 0x00, 0x00, 0x00, 0x00, 0x00, 0x00, 0x00, 0x80, 0x00, 0x00, 0x00, 0x00, 0x00, 0x00, 0x00, 
	0x00, 0x00, 0x00, 0x00, 0x00, 0x00, 0x40, 0x00, 0x00, 0x02, 0x00, 0x00, 0x00, 0x00, 0x00, 0x00, 
	0x00, 0x00, 0x00, 0x00, 0x00, 0x00, 0x00, 0x01, 0x00, 0x00, 0x00, 0x00, 0x00, 0x00, 0x00, 0x00, 
	0x80, 0x00, 0x00, 0x00, 0x00, 0x00, 0x00, 0x00, 0x00, 0x00, 0x00, 0x00, 0x00, 0x00, 0x40, 0x00, 
	0x00, 0x02, 0x00, 0x00, 0x00, 0x00, 0x00, 0x00, 0x00, 0x00, 0x00, 0x00, 0x00, 0x00, 0x00, 0x01, 
	0x00, 0x00, 0x00, 0x00, 0x00, 0x00, 0x00, 0x00, 0x80, 0x00, 0x00, 0x00, 0x00, 0x00, 0x00, 0x00, 
	0x00, 0x00, 0x00, 0x00, 0x00, 0x00, 0x40, 0x00, 0x00, 0x02, 0x00, 0x00, 0x00, 0x00, 0x00, 0x00, 
	0x00, 0x00, 0x00, 0x00, 0x00, 0x00, 0x00, 0x01, 0x00, 0x00, 0x00, 0x00, 0x00, 0x00, 0x00, 0x00, 
	0x80, 0x00, 0x00, 0x00, 0x00, 0x00, 0x00, 0x00, 0x00, 0x00, 0x00, 0x00, 0x00, 0x00, 0x40, 0x00, 
	0x00, 0x02, 0x00, 0x00, 0x00, 0x00, 0x00, 0x00, 0x00, 0x00, 0x00, 0x00, 0x00, 0x00, 0x00, 0x01, 
	0x00, 0x00, 0x00, 0x00, 0x00, 0x00, 0x00, 0x00, 0x80, 0x00, 0x00, 0x00, 0x00, 0x00, 0x00, 0x00, 
	0x00, 0x00, 0x00, 0x00, 0x00, 0x00, 0x40, 0x00, 0x00, 0x02, 0x00, 0x00, 0x00, 0x00, 0x00, 0x00, 
	0x00, 0x00, 0x00, 0x00, 0x00, 0x00, 0x00, 0x01, 0x00, 0x00, 0x00, 0x00, 0x00, 0x00, 0x00, 0x00, 
	0x80, 0x00, 0x00, 0x00, 0x00, 0x00, 0x00, 0x00, 0x00, 0x00, 0x00, 0x00, 0x00, 0x00, 0x40, 0x00, 
	0x00, 0x02, 0x00, 0x00, 0x00, 0x00, 0x00, 0x00, 0x00, 0x00, 0x00, 0x00, 0x00, 0x00, 0x00, 0x01, 
	0x00, 0x00, 0x00, 0x00, 0x00, 0x00, 0x00, 0x00, 0x80, 0x00, 0x00, 0x00, 0x00, 0x00, 0x00, 0x00, 
	0x00, 0x00, 0x00, 0x00, 0x00, 0x00, 0x40, 0x00, 0x00, 0x02, 0x00, 0x00, 0x00, 0x00, 0x00, 0x00, 
	0x00, 0x00, 0x00, 0x00, 0x00, 0x00, 0x00, 0x01, 0x00, 0x00, 0x00, 0x00, 0x00, 0x00, 0x00, 0x00, 
	0x80, 0x00, 0x00, 0x00, 0x00, 0x00, 0x00, 0x00, 0x00, 0x00, 0x00, 0x00, 0x00, 0x00, 0x40, 0x00, 
	0x00, 0x02, 0x00, 0x00, 0x00, 0x00, 0x00, 0x00, 0x00, 0x00, 0x00, 0x00, 0x00, 0x00, 0x00, 0x01, 
	0x00, 0x00, 0x00, 0x00, 0x00, 0x00, 0x00, 0x00, 0x80, 0x00, 0x00, 0x00, 0x00, 0x00, 0x00, 0x00, 
	0x00, 0x00, 0x00, 0x00, 0x00, 0x00, 0x40, 0x00, 0x00, 0x02, 0x00, 0x00, 0x00, 0x00, 0x00, 0x00, 
	0x00, 0x00, 0x00, 0x00, 0x00, 0x00, 0x00, 0x01, 0x00, 0x00, 0x00, 0x00, 0x00, 0x00, 0x00, 0x00, 
	0x80, 0x00, 0x00, 0x00, 0x00, 0x00, 0x00, 0x00, 0x00, 0x00, 0x00, 0x00, 0x00, 0x00, 0x40, 0x00, 
	0x00, 0x02, 0x00, 0x00, 0x00, 0x00, 0x00, 0x00, 0x00, 0x00, 0x00, 0x00, 0x00, 0x00, 0x00, 0x01, 
	0x00, 0x00, 0x00, 0x00, 0x00, 0x00, 0x00, 0x00, 0x80, 0x00, 0x00, 0x00, 0x00, 0x00, 0x00, 0x00, 
	0x00, 0x00, 0x00, 0x00, 0x00, 0x00, 0x40, 0x00, 0x00, 0x02, 0x00, 0x00, 0x00, 0x00, 0x00, 0x00, 
	0x00, 0x00, 0x00, 0x00, 0x00, 0x00, 0x00, 0x01, 0x00, 0x00, 0x00, 0x00, 0x00, 0x00, 0x00, 0x00, 
	0x80, 0x00, 0x00, 0x00, 0x00, 0x00, 0x00, 0x00, 0x00, 0x00, 0x00, 0x00, 0x00, 0x00, 0x40, 0x00, 
	0x00, 0x02, 0x00, 0x00, 0x00, 0x00, 0x00, 0x00, 0x00, 0x00, 0x00, 0x00, 0x00, 0x00, 0x00, 0x01, 
	0x00, 0x00, 0x00, 0x00, 0x00, 0x00, 0x00, 0x00, 0x80, 0x00, 0x00, 0x00, 0x00, 0x00, 0x00, 0x00, 
	0x00, 0x00, 0x00, 0x00, 0x00, 0x00, 0x40, 0x00, 0x00, 0x02, 0x00, 0x00, 0x00, 0x00, 0x00, 0x00, 
	0x00, 0x00, 0x00, 0x00, 0x00, 0x00, 0x00, 0x01, 0x00, 0x00, 0x00, 0x00, 0x00, 0x00, 0x00, 0x00, 
	0x80, 0x00, 0x00, 0x00, 0x00, 0x00, 0x00, 0x00, 0x00, 0x00, 0x00, 0x00, 0x00, 0x00, 0x40, 0x00, 
	0x00, 0x02, 0x00, 0x00, 0x00, 0x00, 0x00, 0x00, 0x00, 0x00, 0x00, 0x00, 0x00, 0x00, 0x00, 0x01, 
	0x00, 0x00, 0x00, 0x00, 0x00, 0x00, 0x00, 0x00, 0x80, 0x00, 0x00, 0x00, 0x00, 0x00, 0x00, 0x00, 
	0x00, 0x00, 0x00, 0x00, 0x00, 0x00, 0x40, 0x00, 0x00, 0x02, 0x00, 0x00, 0x00, 0x00, 0x00, 0x00, 
	0x00, 0x00, 0x00, 0x00, 0x00, 0x00, 0x00, 0x01, 0x00, 0x00, 0x00, 0x00, 0x00, 0x00, 0x00, 0x00, 
	0x80, 0x00, 0x00, 0x00, 0x00, 0x00, 0x00, 0x00, 0x00, 0x00, 0x00, 0x00, 0x00, 0x00, 0x40, 0x00, 
	0x00, 0x02, 0x00, 0x00, 0x00, 0x00, 0x00, 0x00, 0x00, 0x00, 0x00, 0x00, 0x00, 0x00, 0x00, 0x01, 
	0x00, 0x00, 0x00, 0x00, 0x00, 0x00, 0x00, 0x00, 0x80, 0x00, 0x00, 0x00, 0x00, 0x00, 0x00, 0x00, 
	0x00, 0x00, 0x00, 0x00, 0x00, 0x00, 0x40, 0x00, 0x00, 0x02, 0x00, 0x00, 0x00, 0x00, 0x00, 0x00, 
	0x00, 0x00, 0x00, 0x00, 0x00, 0x00, 0x00, 0x01, 0x00, 0x00, 0x00, 0x00, 0x00, 0x00, 0x00, 0x00, 
	0x80, 0x00, 0x00, 0x00, 0x00, 0x00, 0x00, 0x00, 0x00, 0x00, 0x00, 0x00, 0x00, 0x00, 0x40, 0x00, 
	0x00, 0x02, 0x00, 0x00, 0x00, 0x00, 0x00, 0x00, 0x00, 0x00, 0x00, 0x00, 0x00, 0x00, 0x00, 0x01, 
	0x00, 0x00, 0x00, 0x00, 0x00, 0x00, 0x00, 0x00, 0x80, 0x00, 0x00, 0x00, 0x00, 0x00, 0x00, 0x00, 
	0x00, 0x00, 0x00, 0x00, 0x00, 0x00, 0x40, 0x00, 0x00, 0x02, 0x00, 0x00, 0x00, 0x00, 0x00, 0x00, 
	0x00, 0x00, 0x00, 0x00, 0x00, 0x00, 0x00, 0x01, 0x00, 0x00, 0x00, 0x00, 0x00, 0x00, 0x00, 0x00, 
	0x80, 0x00, 0x00, 0x00, 0x00, 0x00, 0x00, 0x00, 0x00, 0x00, 0x00, 0x00, 0x00, 0x00, 0x40, 0x00, 
	0x00, 0x02, 0x00, 0x00, 0x00, 0x00, 0x00, 0x00, 0x00, 0x00, 0x00, 0x00, 0x00, 0x00, 0x00, 0x01, 
	0x00, 0x00, 0x00, 0x00, 0x00, 0x00, 0x00, 0x00, 0x80, 0x00, 0x00, 0x00, 0x00, 0x00, 0x00, 0x00, 
	0x00, 0x00, 0x00, 0x00, 0x00, 0x00, 0x40, 0x00, 0x00, 0x02, 0x00, 0x00, 0x00, 0x00, 0x00, 0x00, 
	0x00, 0x00, 0x00, 0x00, 0x00, 0x00, 0x00, 0x01, 0x00, 0x00, 0x00, 0x00, 0x00, 0x00, 0x00, 0x00, 
	0x80, 0x00, 0x00, 0x00, 0x00, 0x00, 0x00, 0x00, 0x00, 0x00, 0x00, 0x00, 0x00, 0x00, 0x40, 0x00, 
	0x00, 0x02, 0x00, 0x00, 0x00, 0x00, 0x00, 0x00, 0x00, 0x00, 0x00, 0x00, 0x00, 0x00, 0x00, 0x01, 
	0x00, 0x00, 0x00, 0x00, 0x00, 0x00, 0x00, 0x00, 0x80, 0x00, 0x00, 0x00, 0x00, 0x00, 0x00, 0x00, 
	0x00, 0x00, 0x00, 0x00, 0x00, 0x00, 0x40, 0x00, 0x00, 0x02, 0x00, 0x00, 0x00, 0x00, 0x00, 0x00, 
	0x00, 0x00, 0x00, 0x00, 0x00, 0x00, 0x00, 0x01, 0x00, 0x00, 0x00, 0x00, 0x00, 0x00, 0x00, 0x00, 
	0x80, 0x00, 0x00, 0x00, 0x00, 0x00, 0x00, 0x00, 0x00, 0x00, 0x00, 0x00, 0x00, 0x00, 0x40, 0x00, 
	0x00, 0x02, 0x00, 0x00, 0x00, 0x00, 0x00, 0x00, 0x00, 0x00, 0x00, 0x00, 0x00, 0x00, 0x00, 0x01, 
	0x00, 0x00, 0x00, 0x00, 0x00, 0x00, 0x00, 0x00, 0x80, 0x00, 0x00, 0x00, 0x00, 0x00, 0x00, 0x00, 
	0x00, 0x00, 0x00, 0x00, 0x00, 0x00, 0x40, 0x00, 0x00, 0x02, 0x00, 0x00, 0x00, 0x00, 0x00, 0x00, 
	0x00, 0x00, 0x00, 0x00, 0x00, 0x00, 0x00, 0x01, 0x00, 0x00, 0x00, 0x00, 0x00, 0x00, 0x00, 0x00, 
	0x80, 0x00, 0x00, 0x00, 0x00, 0x00, 0x00, 0x00, 0x00, 0x00, 0x00, 0x00, 0x00, 0x00, 0x40, 0x00, 
	0x00, 0x02, 0x00, 0x00, 0x00, 0x00, 0x00, 0x00, 0x00, 0x00, 0x00, 0x00, 0x00, 0x00, 0x00, 0x01, 
	0x00, 0x00, 0x00, 0x00, 0x00, 0x00, 0x00, 0x00, 0x80, 0x00, 0x00, 0x00, 0x00, 0x00, 0x00, 0x00, 
	0x00, 0x00, 0x00, 0x00, 0x00, 0x00, 0x40, 0x00, 0x00, 0x02, 0x00, 0x00, 0x00, 0x00, 0x00, 0x00, 
	0x00, 0x00, 0x00, 0x00, 0x00, 0x00, 0x00, 0x01, 0x00, 0x00, 0x00, 0x00, 0x00, 0x00, 0x00, 0x00, 
	0x80, 0x00, 0x00, 0x00, 0x00, 0x00, 0x00, 0x00, 0x00, 0x00, 0x00, 0x00, 0x00, 0x00, 0x40, 0x00, 
	0x00, 0x02, 0x00, 0x00, 0x00, 0x00, 0x00, 0x00, 0x00, 0x00, 0x00, 0x00, 0x00, 0x00, 0x00, 0x01, 
	0x00, 0x00, 0x00, 0x00, 0x00, 0x00, 0x00, 0x00, 0x80, 0x00, 0x00, 0x00, 0x00, 0x00, 0x00, 0x00, 
	0x00, 0x00, 0x00, 0x00, 0x00, 0x00, 0x40, 0x00, 0x00, 0x02, 0x00, 0x00, 0x00, 0x00, 0x00, 0x00, 
	0x00, 0x00, 0x00, 0x00, 0x00, 0x00, 0x00, 0x01, 0x00, 0x00, 0x00, 0x00, 0x00, 0x00, 0x00, 0x00, 
	0x80, 0x00, 0x00, 0x00, 0x00, 0x00, 0x00, 0x00, 0x00, 0x00, 0x00, 0x00, 0x00, 0x00, 0x40, 0x00, 
	0x00, 0x02, 0x00, 0x00, 0x00, 0x00, 0x00, 0x00, 0x00, 0x00, 0x00, 0x00, 0x00, 0x00, 0x00, 0x01, 
	0x00, 0x00, 0x00, 0x00, 0x00, 0x00, 0x00, 0x00, 0x80, 0x00, 0x00, 0x00, 0x00, 0x00, 0x00, 0x00, 
	0x00, 0x00, 0x00, 0x00, 0x00, 0x00, 0x40, 0x00, 0x00, 0x02, 0x00, 0x00, 0x00, 0x00, 0x00, 0x00, 
	0x00, 0x00, 0x00, 0x00, 0x00, 0x00, 0x00, 0x01, 0x00, 0x00, 0x00, 0x00, 0x00, 0x00, 0x00, 0x00, 
	0x80, 0x00, 0x00, 0x00, 0x00, 0x00, 0x00, 0x00, 0x00, 0x00, 0x00, 0x00, 0x00, 0x00, 0x40, 0x00, 
	0x00, 0x02, 0x00, 0x00, 0x00, 0x00, 0x00, 0x00, 0x00, 0x00, 0x00, 0x00, 0x00, 0x00, 0x00, 0x01, 
	0x00, 0x00, 0x00, 0x00, 0x00, 0x00, 0x00, 0x00, 0x80, 0x00, 0x00, 0x00, 0x00, 0x00, 0x00, 0x00, 
	0x00, 0x00, 0x00, 0x00, 0x00, 0x00, 0x40, 0x00, 0x00, 0x02, 0x00, 0x00, 0x00, 0x00, 0x00, 0x00, 
	0x00, 0x00, 0x00, 0x00, 0x00, 0x00, 0x00, 0x01, 0x00, 0x00, 0x00, 0x00, 0x00, 0x00, 0x00, 0x00, 
	0x80, 0x00, 0x00, 0x00, 0x00, 0x00, 0x00, 0x00, 0x00, 0x00, 0x00, 0x00, 0x00, 0x00, 0x40, 0x00, 
	0x00, 0x02, 0x00, 0x00, 0x00, 0x00, 0x00, 0x00, 0x00, 0x00, 0x00, 0x00, 0x00, 0x00, 0x00, 0x01, 
	0x00, 0x00, 0x00, 0x00, 0x00, 0x00, 0x00, 0x00, 0x80, 0x00, 0x00, 0x00, 0x00, 0x00, 0x00, 0x00, 
	0x00, 0x00, 0x00, 0x00, 0x00, 0x00, 0x40, 0x00, 0x00, 0x01, 0x00, 0x00, 0x00, 0x00, 0x00, 0x00, 
	0x00, 0x00, 0x00, 0x00, 0x00, 0x00, 0x00, 0x02, 0x00, 0x00, 0x00, 0x00, 0x00, 0x00, 0x00, 0x00, 
	0x40, 0x00, 0x00, 0x00, 0x00, 0x00, 0x00, 0x00, 0x00, 0x00, 0x00, 0x00, 0x00, 0x00, 0x80, 0x00, 
	0x00, 0x01, 0x00, 0x00, 0x00, 0x00, 0x00, 0x00, 0x00, 0x00, 0x00, 0x00, 0x00, 0x00, 0x00, 0x02, 
	0x00, 0x00, 0x00, 0x00, 0x00, 0x00, 0x00, 0x00, 0x40, 0x00, 0x00, 0x00, 0x00, 0x00, 0x00, 0x00, 
	0x00, 0x00, 0x00, 0x00, 0x00, 0x00, 0x80, 0x00, 0x00, 0x00, 0x80, 0x00, 0x00, 0x00, 0x00, 0x00, 
	0x00, 0x00, 0x00, 0x00, 0x00, 0x00, 0x00, 0x04, 0x00, 0x00, 0x00, 0x00, 0x00, 0x00, 0x00, 0x00, 
	0x20, 0x00, 0x00, 0x00, 0x00, 0x00, 0x00, 0x00, 0x00, 0x00, 0x00, 0x00, 0x00, 0x01, 0x00, 0x00, 
	0x00, 0x00, 0x80, 0x00, 0x00, 0x00, 0x00, 0x00, 0x00, 0x00, 0x00, 0x00, 0x00, 0x00, 0x00, 0x04, 
	0x00, 0x00, 0x00, 0x00, 0x00, 0x00, 0x00, 0x00, 0x20, 0x00, 0x00, 0x00, 0x00, 0x00, 0x00, 0x00, 
	0x00, 0x00, 0x00, 0x00, 0x00, 0x01, 0x00, 0x00, 0x00, 0x00, 0x60, 0x00, 0x00, 0x00, 0x00, 0x00, 
	0x00, 0x00, 0x00, 0x00, 0x00, 0x00, 0x00, 0x18, 0x00, 0x00, 0x00, 0x00, 0x00, 0x00, 0x00, 0x00, 
	0x18, 0x00, 0x00, 0x00, 0x00, 0x00, 0x00, 0x00, 0x00, 0x00, 0x00, 0x00, 0x00, 0x06, 0x00, 0x00, 
	0x00, 0x00, 0x18, 0x00, 0x00, 0x00, 0x00, 0x00, 0x00, 0x00, 0x00, 0x00, 0x00, 0x00, 0x00, 0x60, 
	0x00, 0x00, 0x00, 0x00, 0x00, 0x00, 0x00, 0x00, 0x06, 0x00, 0x00, 0x00, 0x00, 0x00, 0x00, 0x00, 
	0x00, 0x00, 0x00, 0x00, 0x00, 0x18, 0x00, 0x00, 0x00, 0x00, 0x07, 0xff, 0xff, 0xff, 0xff, 0xff, 
	0xff, 0xff, 0xff, 0xff, 0xff, 0xff, 0xff, 0x80, 0x00, 0x00, 0x00, 0x00, 0x00, 0x00, 0x00, 0x00, 
	0x01, 0xff, 0xff, 0xff, 0xff, 0xff, 0xff, 0xff, 0xff, 0xff, 0xff, 0xff, 0xff, 0xe0, 0x00, 0x00, 
	0x00, 0x00, 0x00, 0x00, 0x00, 0x00, 0x00, 0x00, 0x00, 0x00, 0x00, 0x00, 0x00, 0x00, 0x00, 0x00, 
	0x00, 0x00, 0x00, 0x00, 0x00, 0x00, 0x00, 0x00, 0x00, 0x00, 0x00, 0x00, 0x00, 0x00, 0x00, 0x00, 
	0x00, 0x00, 0x00, 0x00, 0x00, 0x00, 0x00, 0x00, 0x00, 0x00, 0x00, 0x00, 0x00, 0x00, 0x00, 0x00, 
	0x00, 0x00, 0x00, 0x00, 0x00, 0x00, 0x00, 0x00, 0x00, 0x00, 0x00, 0x00, 0x00, 0x00, 0x00, 0x00, 
	0x00, 0x00, 0x00, 0x00, 0x00, 0x00, 0x00, 0x00, 0x00, 0x00, 0x00, 0x00, 0x00, 0x00, 0x00, 0x00, 
	0x00, 0x00, 0x00, 0x00, 0x00, 0x00, 0x00, 0x00, 0x00, 0x00, 0x00, 0x00, 0x00, 0x00, 0x00, 0x00, 
	0x00, 0x00, 0x00, 0x00, 0x00, 0x00, 0x00, 0x00, 0x00, 0x00, 0x00, 0x00, 0x00, 0x00, 0x00, 0x00, 
	0x00, 0x00, 0x00, 0x00, 0x00, 0x00, 0x00, 0x00, 0x00, 0x00, 0x00, 0x00, 0x00, 0x00, 0x00, 0x00, 
	0x00, 0x00, 0x00, 0x00, 0x00, 0x00, 0x00, 0x00, 0x00, 0x00, 0x00, 0x00, 0x00, 0x00, 0x00, 0x00, 
	0x00, 0x00, 0x00, 0x00, 0x00, 0x00, 0x00, 0x00, 0x00, 0x00, 0x00, 0x00, 0x00, 0x00, 0x00, 0x00, 
	0x00, 0x00, 0x00, 0x00, 0x00, 0x00, 0x00, 0x00, 0x00, 0x00, 0x00, 0x00, 0x00, 0x00, 0x00, 0x00, 
	0x00, 0x00, 0x00, 0x00, 0x00, 0x00, 0x00, 0x00, 0x00, 0x00, 0x00, 0x00, 0x00, 0x00, 0x00, 0x00, 
	0x00, 0x00, 0x00, 0x00, 0x00, 0x00, 0x00, 0x00, 0x00, 0x00, 0x00, 0x00, 0x00, 0x00, 0x00, 0x00, 
	0x00, 0x00, 0x00, 0x00, 0x00, 0x00, 0x00, 0x00, 0x00, 0x00, 0x00, 0x00, 0x00, 0x00, 0x00, 0x00, 
	0x00, 0x00, 0x00, 0x00, 0x00, 0x00, 0x00, 0x00, 0x00, 0x00, 0x00, 0x00, 0x00, 0x00, 0x00, 0x00, 
	0x00, 0x00, 0x00, 0x00, 0x00, 0x00, 0x00, 0x00, 0x00, 0x00, 0x00, 0x00, 0x00, 0x00, 0x00, 0x00, 
	0x00, 0x00, 0x00, 0x00, 0x00, 0x00, 0x00, 0x00, 0x00, 0x00, 0x00, 0x00, 0x00, 0x00, 0x00, 0x00, 
	0x00, 0x00, 0x00, 0x00, 0x00, 0x00, 0x00, 0x00, 0x00, 0x00, 0x00, 0x00, 0x00, 0x00, 0x00, 0x00, 
	0x00, 0x00, 0x00, 0x00, 0x00, 0x00, 0x00, 0x00, 0x00, 0x00, 0x00, 0x00, 0x00, 0x00, 0x00, 0x00, 
	0x00, 0x00, 0x00, 0x00, 0x00, 0x00, 0x00, 0x00, 0x00, 0x00, 0x00, 0x00, 0x00, 0x00, 0x00, 0x00, 
	0x00, 0x00, 0x00, 0x00, 0x00, 0x00, 0x00, 0x00, 0x00, 0x00, 0x00, 0x00, 0x00, 0x00, 0x00, 0x00, 
	0x00, 0x00, 0x00, 0x00, 0x00, 0x00, 0x00, 0x00, 0x00, 0x00, 0x00, 0x00, 0x00, 0x00, 0x00, 0x00, 
	0x00, 0x00, 0x00, 0x00, 0x00, 0x00, 0x00, 0x00, 0x00, 0x00, 0x00, 0x00, 0x00, 0x00, 0x00, 0x00, 
	0x00, 0x00, 0x00, 0x00, 0x00, 0x00, 0x00, 0x00, 0x00, 0x00, 0x00, 0x00, 0x00, 0x00, 0x00, 0x00, 
	0x00, 0x00, 0x00, 0x00, 0x00, 0x00, 0x00, 0x00, 0x00, 0x00, 0x00, 0x00, 0x00, 0x00, 0x00, 0x00, 
	0x00, 0x00, 0x00, 0x00, 0x00, 0x00, 0x00, 0x00, 0x00, 0x00, 0x00, 0x00, 0x00, 0x00, 0x00, 0x00, 
	0x00, 0x00, 0x00, 0x00, 0x00, 0x00, 0x00, 0x00, 0x00, 0x00, 0x00, 0x00, 0x00, 0x00, 0x00, 0x00, 
	0x00, 0x00, 0x00, 0x00, 0x00, 0x00, 0x00, 0x00, 0x00, 0x00, 0x00, 0x00, 0x00, 0x00, 0x00, 0x00, 
	0x00, 0x00, 0x00, 0x00, 0x00, 0x00, 0x00, 0x00, 0x00, 0x00, 0x00, 0x00, 0x00, 0x00, 0x00, 0x00, 
	0x00, 0x00, 0x00, 0x00, 0x00, 0x00, 0x00, 0x00, 0x00, 0x00, 0x00, 0x00, 0x00, 0x00, 0x00, 0x00, 
	0x00, 0x00, 0x00, 0x00, 0x00, 0x00, 0x00, 0x00, 0x00, 0x00, 0x00, 0x00, 0x00, 0x00, 0x00, 0x00, 
	0x00, 0x00, 0x00, 0x00, 0x00, 0x00, 0x00, 0x00, 0x00, 0x00, 0x00, 0x00, 0x00, 0x00, 0x00, 0x00, 
	0x00, 0x00, 0x00, 0x00, 0x00, 0x00, 0x00, 0x00, 0x00, 0x00, 0x00, 0x00, 0x00, 0x00, 0x00, 0x00, 
	0x00, 0x00, 0x00, 0x00, 0x00, 0x00, 0x00, 0x00, 0x00, 0x00, 0x00, 0x00, 0x00, 0x00, 0x00, 0x00, 
	0x00, 0x00, 0x00, 0x00, 0x00, 0x00, 0x00, 0x00, 0x00, 0x00, 0x00, 0x00, 0x00, 0x00, 0x00, 0x00, 
	0x00, 0x00, 0x00, 0x00, 0x00, 0x00, 0x00, 0x00, 0x00, 0x00, 0x00, 0x00, 0x00, 0x00, 0x00, 0x00, 
	0x00, 0x00, 0x00, 0x00, 0x00, 0x00, 0x00, 0x00, 0x00, 0x00, 0x00, 0x00, 0x00, 0x00, 0x00, 0x00, 
	0x00, 0x00, 0x00, 0x00, 0x00, 0x00, 0x00, 0x00, 0x00, 0x00, 0x00, 0x00, 0x00, 0x00, 0x00, 0x00, 
	0x00, 0x00, 0x00, 0x00, 0x00, 0x00, 0x00, 0x00, 0x00, 0x00, 0x00, 0x00, 0x00, 0x00, 0x00, 0x00, 
	0x00, 0x00, 0x00, 0x00, 0x00, 0x00, 0x00, 0x00, 0x00, 0x00, 0x00, 0x00, 0x00, 0x00, 0x00, 0x00, 
	0x00, 0x00, 0x00, 0x00, 0x00, 0x00, 0x00, 0x00, 0x00, 0x00, 0x00, 0x00, 0x00, 0x00, 0x00, 0x00, 
	0x00, 0x00, 0x00, 0x00, 0x00, 0x00, 0x00, 0x00, 0x00, 0x00, 0x00, 0x00, 0x00, 0x00, 0x00, 0x00, 
	0x00, 0x00, 0x00, 0x00, 0x00, 0x00, 0x00, 0x00, 0x00, 0x00, 0x00, 0x00, 0x00, 0x00, 0x00, 0x00, 
	0x00, 0x00, 0x00, 0x00, 0x00, 0x00, 0x00, 0x00, 0x00, 0x00, 0x00, 0x00, 0x00, 0x00, 0x00, 0x00, 
	0x00, 0x00, 0x00, 0x00, 0x00, 0x00, 0x00, 0x00, 0x00, 0x00, 0x00, 0x00, 0x00, 0x00, 0x00, 0x00, 
	0x00, 0x00, 0x00, 0x00, 0x00, 0x00, 0x00, 0x00, 0x00, 0x00, 0x00, 0x00, 0x00, 0x00, 0x00, 0x00, 
	0x00, 0x00, 0x00, 0x00, 0x00, 0x00, 0x00, 0x00, 0x00, 0x00, 0x00, 0x00, 0x00, 0x00, 0x00, 0x00, 
	0x00, 0x00, 0x00, 0x00, 0x00, 0x00, 0x00, 0x00, 0x00, 0x00, 0x00, 0x00, 0x00, 0x00, 0x00, 0x00, 
	0x00, 0x00, 0x00, 0x00, 0x00, 0x00, 0x00, 0x00, 0x00, 0x00, 0x00, 0x00, 0x00, 0x00, 0x00, 0x00, 
	0x00, 0x00, 0x00, 0x00, 0x00, 0x00, 0x00, 0x00, 0x00, 0x00, 0x00, 0x00, 0x00, 0x00, 0x00, 0x00, 
	0x00, 0x00, 0x00, 0x00, 0x00, 0x00, 0x00, 0x00, 0x00, 0x00, 0x00, 0x00, 0x00, 0x00, 0x00, 0x00, 
	0x00, 0x00, 0x00, 0x00, 0x00, 0x00, 0x00, 0x00, 0x00, 0x00, 0x00, 0x00, 0x00, 0x00, 0x00, 0x00, 
	0x00, 0x00, 0x00, 0x00, 0x00, 0x00, 0x00, 0x00, 0x00, 0x00, 0x00, 0x00, 0x00, 0x00, 0x00, 0x00, 
	0x00, 0x00, 0x00, 0x00, 0x00, 0x00, 0x00, 0x00, 0x00, 0x00, 0x00, 0x00, 0x00, 0x00, 0x00, 0x00, 
	0x00, 0x00, 0x00, 0x00, 0x00, 0x00, 0x00, 0x00, 0x00, 0x00, 0x00, 0x00, 0x00, 0x00, 0x00, 0x00, 
	0x00, 0x00, 0x00, 0x00, 0x00, 0x00, 0x00, 0x00, 0x00, 0x00, 0x00, 0x00, 0x00, 0x00, 0x00, 0x00, 
	0x00, 0x00, 0x00, 0x00, 0x00, 0x00, 0x00, 0x00, 0x00, 0x00, 0x00, 0x00, 0x00, 0x00, 0x00, 0x00, 
	0x00, 0x00, 0x00, 0x00, 0x00, 0x00, 0x00, 0x00, 0x00, 0x00, 0x00, 0x00, 0x00, 0x00, 0x00, 0x00, 
	0x00, 0x00, 0x00, 0x00, 0x00, 0x00, 0x00, 0x00, 0x00, 0x00, 0x00, 0x00, 0x00, 0x00, 0x00, 0x00, 
	0x00, 0x00, 0x00, 0x00, 0x00, 0x00, 0x00, 0x00, 0x00, 0x00, 0x00, 0x00, 0x00, 0x00, 0x00, 0x00, 
	0x00, 0x00, 0x00, 0x00, 0x00, 0x00, 0x00, 0x00, 0x00, 0x00, 0x00, 0x00, 0x00, 0x00, 0x00, 0x00, 
	0x00, 0x00, 0x00, 0x00, 0x00, 0x00, 0x00, 0x00, 0x00, 0x00, 0x00, 0x00, 0x00, 0x00, 0x00, 0x00, 
	0x00, 0x00, 0x00, 0x00, 0x00, 0x00, 0x00, 0x00, 0x00, 0x00, 0x00, 0x00, 0x00, 0x00, 0x00, 0x00, 
	0x00, 0x00, 0x00, 0x00, 0x00, 0x00, 0x00, 0x00, 0x00, 0x00, 0x00, 0x00, 0x00, 0x00, 0x00, 0x00, 
	0x00, 0x00, 0x00, 0x00, 0x00, 0x00, 0x00, 0x00, 0x00, 0x00, 0x00, 0x00, 0x00, 0x00, 0x00, 0x00, 
	0x00, 0x00, 0x00, 0x00, 0x00, 0x00, 0x00, 0x00, 0x00, 0x00, 0x00, 0x00, 0x00, 0x00, 0x00, 0x00, 
	0x00, 0x00, 0x00, 0x00, 0x00, 0x00, 0x00, 0x00, 0x00, 0x00, 0x00, 0x00, 0x00, 0x00, 0x00, 0x00, 
	0x00, 0x00, 0x00, 0x00, 0x00, 0x00, 0x00, 0x00, 0x00, 0x00, 0x00, 0x00, 0x00, 0x00, 0x00, 0x00, 
	0x00, 0x00, 0x00, 0x00, 0x00, 0x00, 0x00, 0x00, 0x00, 0x00, 0x00, 0x00, 0x00, 0x00, 0x00, 0x00, 
	0x00, 0x00, 0x00, 0x00, 0x00, 0x00, 0x00, 0x00, 0x00, 0x00, 0x00, 0x00, 0x00, 0x00, 0x00, 0x00, 
	0x00, 0x00, 0x00, 0x00, 0x00, 0x00, 0x00, 0x00, 0x00, 0x00, 0x00, 0x00, 0x00, 0x00, 0x00, 0x00, 
	0x00, 0x00, 0x00, 0x00, 0x00, 0x00, 0x00, 0x00, 0x00, 0x00, 0x00, 0x00, 0x00, 0x00, 0x00, 0x00, 
	0x00, 0x00, 0x00, 0x00, 0x00, 0x00, 0x00, 0x00, 0x00, 0x00, 0x00, 0x00, 0x00, 0x00, 0x00, 0x00, 
	0x00, 0x00, 0x00, 0x00, 0x00, 0x00, 0x00, 0x00, 0x00, 0x00, 0x00, 0x00, 0x00, 0x00, 0x00, 0x00, 
	0x00, 0x00, 0x00, 0x00, 0x00, 0x00, 0x00, 0x00, 0x00, 0x00, 0x00, 0x00, 0x00, 0x00, 0x00, 0x00, 
	0x00, 0x00, 0x00, 0x00, 0x00, 0x00, 0x00, 0x00, 0x00, 0x00, 0x00, 0x00, 0x00, 0x00, 0x00, 0x00, 
	0x00, 0x00, 0x00, 0x00, 0x00, 0x00, 0x00, 0x00, 0x00, 0x00, 0x00, 0x00, 0x00, 0x00, 0x00, 0x00, 
	0x00, 0x00, 0x00, 0x00, 0x00, 0x00, 0x00, 0x00, 0x00, 0x00, 0x00, 0x00, 0x00, 0x00, 0x00, 0x00, 
	0x00, 0x00, 0x00, 0x00, 0x00, 0x00, 0x00, 0x00, 0x00, 0x00, 0x00, 0x00, 0x00, 0x00, 0x00, 0x00, 
	0x00, 0x00, 0x00, 0x00, 0x00, 0x00, 0x00, 0x00, 0x00, 0x00, 0x00, 0x00, 0x00, 0x00, 0x00, 0x00, 
	0x00, 0x00, 0x00, 0x00, 0x00, 0x00, 0x00, 0x00, 0x00, 0x00, 0x00, 0x00, 0x00, 0x00, 0x00, 0x00, 
	0x00, 0x00, 0x00, 0x00, 0x00, 0x00, 0x00, 0x00, 0x00, 0x00, 0x00, 0x00, 0x00, 0x00, 0x00, 0x00, 
	0x00, 0x00, 0x00, 0x00, 0x00, 0x00, 0x00, 0x00, 0x00, 0x00, 0x00, 0x00, 0x00, 0x00, 0x00, 0x00, 
	0x00, 0x00, 0x00, 0x00, 0x00, 0x00, 0x00, 0x00, 0x00, 0x00, 0x00, 0x00, 0x00, 0x00, 0x00, 0x00, 
	0x00, 0x00, 0x00, 0x00, 0x00, 0x00, 0x00, 0x00, 0x00, 0x00, 0x00, 0x00, 0x00, 0x00, 0x00, 0x00
};

const unsigned short NEN_bitmap[] PROGMEM = {
  	0xbbbb, 0xbbdb, 0xbbdb, 0xbbfb, 0xbbfb, 0xbbfb, 0xbc1c, 0xbc1c, 0xcc9e, 0xbc3c, 0xb3db, 0xb3bb, 0xb3db, 0xbbdc, 0xbbdb, 0xb3bb, 
	0xb3db, 0xb3db, 0xbbfc, 0xb41c, 0xb43c, 0xb45c, 0xb47c, 0xac9d, 0xa49c, 0xa4bd, 0x9cfd, 0x9d3e, 0x9d5e, 0x9d7e, 0x957e, 0x957e, 
	0x959f, 0x959f, 0x959f, 0x8d7e, 0x957e, 0x957e, 0x957e, 0x957e, 0x957e, 0x957e, 0x959e, 0x959f, 0x95bf, 0x95bf, 0x959f, 0x959e, 
	0x9dbf, 0x95bf, 0x959e, 0x957e, 0x8d7e, 0x8d7e, 0x8d7e, 0x957e, 0x8d3d, 0x8d5d, 0x959d, 0xae3f, 0xb67f, 0xbe9f, 0xb67f, 0xbe7f, 
	0xbe7f, 0xb63f, 0xae1e, 0xb65e, 0xc6df, 0xd71f, 0xd71f, 0xcefe, 0xd71f, 0xd75f, 0xcf1f, 0xb65e, 0x9ddd, 0x9dbe, 0x9dbf, 0x959e, 
	0x959d, 0x9dbd, 0x9dde, 0xa5fe, 0xae3f, 0xae3f, 0xae3f, 0xae3f, 0xae3f, 0xae3f, 0xa61f, 0xa5ff, 0x9dff, 0x9ddf, 0x95df, 0x95df, 
	0x9dbf, 0x9dbf, 0x9dbf, 0x9dbf, 0x9dbe, 0x9dbe, 0x9dbe, 0x9dbe, 0x9dff, 0x9dff, 0x95df, 0x959e, 0x8d9e, 0x959f, 0x959f, 0x8d9f, 
	0x8d9f, 0x8d9e, 0x8d9e, 0x8d9e, 0x8d9f, 0x8d9f, 0x8d9f, 0x8d9f, 0x8d7f, 0x8d7f, 0x8d7f, 0x8d7f, 0x8d7f, 0x8d7f, 0x8d7f, 0x8d7f, 
	0x8d9f, 0x8d9f, 0x8d9f, 0x8d9e, 0x8d9e, 0x8d9e, 0x8d9e, 0x8d9e, 0x95be, 0x95be, 0x95be, 0x95de, 0x9ddf, 0x9dff, 0x9e1f, 0x9e1f, 
	0x9dff, 0x95ff, 0x95df, 0x95bf, 0x95bf, 0x95bf, 0x95bf, 0x95bf, 0x8d9f, 0x8d9f, 0x8d7f, 0x8d7f, 0x8d7f, 0x8d7f, 0x8d7f, 0x8d7f, 
	0x8d9f, 0x8d9f, 0x8d9f, 0x8d9f, 0x8d9f, 0x8d9f, 0x8d9f, 0x8dbf, 0x8dbf, 0x8d9f, 0x8d9f, 0x8dbf, 0x8dbf, 0x8dbf, 0x8dbf, 0x8d9e, 
	0x95df, 0x95df, 0x95df, 0x95df, 0x9ddf, 0x9ddf, 0x9ddf, 0x95bf, 0x95bf, 0x95be, 0x95be, 0x9dde, 0xa5ff, 0xa61f, 0x9dfe, 0x95be, 
	0x8d7e, 0x8d7f, 0x855f, 0x8d7f, 0x855f, 0x855f, 0x855f, 0x855f, 0x855f, 0x855f, 0x855f, 0x855f, 0x855f, 0x855f, 0x855f, 0x855f, 
	0x7d5f, 0x7d5f, 0x7d5f, 0x7d5f, 0x7d5f, 0x7d5f, 0x7d5e, 0x7d5e, 0x7d3e, 0x7d3e, 0x7d3e, 0x7d5e, 0x7d5e, 0x7d3e, 0x7d3e, 0x7d3e, 
	0x7d1e, 0x7d1f, 0x7d1f, 0x7d1f, 0x7d1f, 0x7d1f, 0x7d1f, 0x7d1f, 0x7d1f, 0x7d1f, 0x7d1f, 0x7cff, 0x7d1f, 0x7d1f, 0x7d3f, 0x7d3f, 
	0x7d1f, 0x7d1e, 0x853e, 0x959e, 0x9dde, 0xa61f, 0xb67f, 0xbedf, 0xc6df, 0xbe7f, 0xb67f, 0xbe7f, 0xbe9f, 0xc6ff, 0xc71e, 0xc6fd, 
	0xd75f, 0xd75f, 0xcf3f, 0xc6fe, 0xbebe, 0xbebe, 0xb69e, 0xb69e, 0xae5d, 0xa63d, 0xa63d, 0xae3d, 0xb65e, 0xb65e, 0xbe9e, 0xbebf, 
	0xb65d, 0xbe9e, 0xc6df, 0xcedf, 0xcebf, 0xd6df, 0xdf1f, 0xe75f, 0xef7f, 0xe77f, 0xefbf, 0xd71d, 0xcefd, 0xd75f, 0xc6de, 0xc6bf, 
	0x9cfc, 0x8c5a, 0x8417, 0x94b8, 0xbdfb, 0xdefe, 0xe75f, 0xdf1f, 0xe6ff, 0xad3d, 0x943a, 0x9c5c, 0xa45c, 0x9bfa, 0x8377, 0x93d9, 
	0x8b98, 0x8bb9, 0x93d9, 0x93d9, 0x8bb9, 0x8b99, 0x8b99, 0x8b99, 0x93da, 0x8bb9, 0x8b99, 0x8bb9, 0x8bb9, 0x8b98, 0x8b98, 0x8bb8, 
	0xbbbb, 0xbbdb, 0xbbdb, 0xbbfb, 0xbbfb, 0xbbfb, 0xbc1c, 0xbc1c, 0xc45d, 0xbc3c, 0xbc1c, 0xbbfb, 0xbbdb, 0xbbdb, 0xbbbb, 0xb3db, 
	0xb3db, 0xb3db, 0xb3fb, 0xb41c, 0xb43c, 0xb45c, 0xac7c, 0xac9d, 0xacbd, 0xa4bd, 0x9cdd, 0x9d1d, 0x9d5e, 0x9d7e, 0x957e, 0x957e, 
	0x959e, 0x959f, 0x959e, 0x8d9e, 0x8d7e, 0x957e, 0x957e, 0x957e, 0x8d7e, 0x957e, 0x957e, 0x957e, 0x957e, 0x957e, 0x959e, 0x959e, 
	0x95bf, 0x95be, 0x959e, 0x8d7e, 0x8d7e, 0x8d7e, 0x8d7e, 0x8d7e, 0x8d5d, 0x8d5d, 0x959d, 0xa61f, 0xb67f, 0xb67f, 0xb67f, 0xb67f, 
	0xbe7f, 0xb63f, 0xae1e, 0xb63e, 0xbe9e, 0xcedf, 0xceff, 0xceff, 0xd73f, 0xd73f, 0xc6bf, 0xae1e, 0x9dbd, 0x959e, 0x959e, 0x959e, 
	0x95be, 0x9dde, 0xa5fe, 0xa61f, 0xae3f, 0xae3f, 0xae3f, 0xae3f, 0xae1f, 0xa61f, 0xa5ff, 0x9dff, 0x9ddf, 0x9ddf, 0x95df, 0x95df, 
	0x9dbf, 0x9dbf, 0x9dbf, 0x9dbf, 0x9dbe, 0x9dbe, 0x9dbe, 0x9dbe, 0x9dff, 0x9dff, 0x9ddf, 0x959e, 0x8d7e, 0x8d9f, 0x95bf, 0x95bf, 
	0x8d9f, 0x8d9e, 0x8d7e, 0x8d7e, 0x8d9e, 0x8d9e, 0x8d9e, 0x8d7e, 0x8d7e, 0x8d7e, 0x8d7e, 0x8d7e, 0x8d7e, 0x8d7f, 0x8d7f, 0x8d7f, 
	0x8d9f, 0x8d9f, 0x8d9f, 0x8d9e, 0x8d9e, 0x8d9e, 0x8d9e, 0x8d9e, 0x95be, 0x95be, 0x95be, 0x95de, 0x9dff, 0x9dff, 0x9dff, 0x9e1f, 
	0x9dff, 0x95ff, 0x95df, 0x95bf, 0x95bf, 0x8dbf, 0x8dbf, 0x8dbf, 0x8d9e, 0x8d9f, 0x8d7f, 0x8d7f, 0x8d7f, 0x8d7f, 0x8d7f, 0x8d7f, 
	0x8d9f, 0x8d9f, 0x8d9f, 0x8d9f, 0x8d9f, 0x8d9f, 0x8d9f, 0x8d9f, 0x8dbf, 0x8d9f, 0x8d9f, 0x8dbf, 0x8dbf, 0x95df, 0x8dbf, 0x8dbe, 
	0x95df, 0x95df, 0x95df, 0x9ddf, 0x9ddf, 0x95df, 0x95bf, 0x95bf, 0x95bf, 0x95be, 0x95be, 0x9dde, 0xa5ff, 0xa61f, 0x9dfe, 0x9dde, 
	0x959f, 0x8d7f, 0x855e, 0x855f, 0x857f, 0x855f, 0x855f, 0x855f, 0x855f, 0x855f, 0x855f, 0x855f, 0x855f, 0x855f, 0x855f, 0x855f, 
	0x7d5f, 0x7d5f, 0x7d5f, 0x7d5f, 0x7d5f, 0x7d5e, 0x7d5e, 0x7d3e, 0x7d3e, 0x7d3e, 0x7d3e, 0x7d3e, 0x7d3e, 0x7d3e, 0x7d3e, 0x7d3e, 
	0x7d1e, 0x7d1f, 0x7d1f, 0x7d1f, 0x7d1f, 0x7d1f, 0x7d1f, 0x7d1f, 0x7d1f, 0x7d1f, 0x7d1f, 0x7d1e, 0x7d1f, 0x7d3f, 0x7d3e, 0x7d1e, 
	0x7d1e, 0x7d1e, 0x853e, 0x8d9e, 0x9dde, 0xa61f, 0xae7f, 0xbebf, 0xbebf, 0xbe7f, 0xbe7f, 0xbe7f, 0xb69f, 0xbedf, 0xc71f, 0xc6fe, 
	0xc71f, 0xcf3f, 0xcf3f, 0xc6df, 0xbebe, 0xbebe, 0xb69e, 0xb67e, 0xae7e, 0xa63d, 0xa61d, 0xae3d, 0xb65e, 0xb67e, 0xbe9f, 0xbebf, 
	0xbe9e, 0xc6de, 0xcedf, 0xcedf, 0xcebf, 0xd6df, 0xdf1f, 0xe75f, 0xe75f, 0xe79f, 0xdf5f, 0xd71e, 0xc6dd, 0xc6de, 0xceff, 0xceff, 
	0x94db, 0x83d8, 0x9cba, 0xd6bf, 0xef5f, 0xe73f, 0xdeff, 0xd6bf, 0xad5c, 0x9479, 0x9c7b, 0x943b, 0x8398, 0x8b98, 0x93b9, 0x9bfa, 
	0x93d9, 0x93d9, 0x93da, 0x93da, 0x8bb9, 0x8b99, 0x8b99, 0x8b99, 0x8b99, 0x8b99, 0x8bb9, 0x8bb9, 0x8bb9, 0x8bb9, 0x8bb9, 0x8bb8, 
	0xbbdb, 0xbbdb, 0xbbdb, 0xbbfb, 0xbbfb, 0xb3fb, 0xbc1b, 0xbc1c, 0xbc1c, 0xbc3c, 0xc45d, 0xbc3c, 0xbbfc, 0xb3db, 0xb3db, 0xb3fb, 
	0xb3fb, 0xb3fb, 0xb41c, 0xb43c, 0xac3c, 0xac5c, 0xac7c, 0xacbd, 0xacdd, 0xa4dd, 0x9cdc, 0x94fd, 0x953d, 0x9d7e, 0x9d9e, 0x959e, 
	0x959e, 0x8d9e, 0x8d9e, 0x8d7e, 0x8d7e, 0x8d7e, 0x957e, 0x957e, 0x8d7e, 0x8d7e, 0x8d7e, 0x8d5e, 0x8d7e, 0x8d7e, 0x957e, 0x959e, 
	0x959e, 0x959e, 0x959e, 0x8d7e, 0x8d7e, 0x8d7e, 0x8d7e, 0x8d7e, 0x8d7e, 0x957d, 0x959e, 0xa5fe, 0xae3f, 0xb65f, 0xb65f, 0xb65f, 
	0xbe7f, 0xb65f, 0xae1e, 0xb63e, 0xbe7e, 0xc6bf, 0xceff, 0xceff, 0xceff, 0xc6bf, 0xb65e, 0xae1e, 0xa5fe, 0x9dde, 0x95bf, 0x959e, 
	0x959e, 0x9dbe, 0x9dfe, 0xa61f, 0xae3f, 0xae5f, 0xae3f, 0xae3f, 0xa5de, 0x9dde, 0x9dde, 0x9dde, 0x9ddf, 0x95df, 0x95df, 0x95df, 
	0x9dbf, 0x9dbf, 0x9dbf, 0x9dbf, 0x9dbe, 0x9dbe, 0x9dbe, 0x9dbe, 0xa5ff, 0xa61f, 0x9dff, 0x95bf, 0x8d9e, 0x959e, 0x95bf, 0x95bf, 
	0x8d9e, 0x8d9e, 0x8d7e, 0x8d7e, 0x8d7e, 0x8d9e, 0x8d7e, 0x8d7e, 0x8d7e, 0x8d7e, 0x8d7e, 0x8d7e, 0x8d7e, 0x8d7e, 0x8d7f, 0x8d7f, 
	0x8d7f, 0x8d7f, 0x8d7e, 0x8d7e, 0x8d7e, 0x8d9e, 0x8d9e, 0x8d9e, 0x8d9e, 0x959e, 0x95be, 0x95de, 0x9dff, 0x9dff, 0x9dff, 0x9dff, 
	0x9dff, 0x9dff, 0x95df, 0x95df, 0x95bf, 0x8d9f, 0x8d9f, 0x8d9f, 0x8d9e, 0x8d9f, 0x8d7f, 0x8d7f, 0x8d7f, 0x8d7f, 0x8d7f, 0x8d7f, 
	0x8d7e, 0x8d7e, 0x8d9f, 0x8d9f, 0x8d9f, 0x8d9f, 0x8d9f, 0x8d9f, 0x8d9f, 0x8d9f, 0x8d9f, 0x8dbf, 0x95bf, 0x95df, 0x95bf, 0x95bf, 
	0x95df, 0x95df, 0x9ddf, 0x9ddf, 0x95df, 0x95df, 0x95bf, 0x95be, 0x95bf, 0x95be, 0x95be, 0x9dde, 0xa5ff, 0xa61f, 0xa61f, 0x9dff, 
	0x95bf, 0x8d7f, 0x855e, 0x855f, 0x857f, 0x855f, 0x855f, 0x855f, 0x855f, 0x855f, 0x855f, 0x855f, 0x855f, 0x855f, 0x7d5e, 0x7d5e, 
	0x7d3e, 0x7d5f, 0x7d5e, 0x7d5e, 0x7d5e, 0x7d3e, 0x7d3e, 0x7d3e, 0x7d3e, 0x7d3e, 0x7d3e, 0x7d3e, 0x7d3e, 0x7d3e, 0x7d3e, 0x7d3e, 
	0x7d1e, 0x7d1e, 0x7d1e, 0x7d1e, 0x7d1e, 0x7d1f, 0x7d1f, 0x7d1e, 0x7d1f, 0x7d1e, 0x7d1e, 0x7d3e, 0x855f, 0x855f, 0x7d3e, 0x751e, 
	0x751e, 0x751e, 0x7d5e, 0x857e, 0x8dbe, 0x95de, 0x9dff, 0xa63f, 0x9ddf, 0xa61f, 0xb65f, 0xb65f, 0xae5f, 0xbebf, 0xc6ff, 0xbedf, 
	0xb67d, 0xc6ff, 0xcf1f, 0xc6df, 0xbe9e, 0xbebf, 0xbebf, 0xb67e, 0xb67f, 0xae3e, 0xa61d, 0xae3d, 0xb67f, 0xbebf, 0xc6bf, 0xc6bf, 
	0xc6df, 0xceff, 0xceff, 0xcedf, 0xcedf, 0xcedf, 0xd6ff, 0xdf3f, 0xdf5f, 0xefbf, 0xd71e, 0xd71e, 0xd6fe, 0xcefe, 0xdf5f, 0xc69f, 
	0x8437, 0x9499, 0xc63f, 0xef5f, 0xdeff, 0xd69f, 0xce5f, 0xb59d, 0x9479, 0x8bf8, 0x83d8, 0x7b77, 0x8bd9, 0x9c5a, 0x9419, 0x93d9, 
	0x93f9, 0x93d9, 0x93d9, 0x8bb9, 0x8bb9, 0x8bb9, 0x8b99, 0x8b79, 0x8378, 0x8b99, 0x8bb9, 0x8bb9, 0x8bb9, 0x93d9, 0x8bd9, 0x8b98, 
	0xb3db, 0xbbdb, 0xbbfb, 0xbbfb, 0xb3fb, 0xb3fb, 0xb41b, 0xb41c, 0xb41c, 0xbc3c, 0xc45d, 0xbc3d, 0xbc1c, 0xb3db, 0xb3fc, 0xbc1c, 
	0xb41c, 0xac1c, 0xb43c, 0xb43c, 0xac5c, 0xac7c, 0xac9d, 0xacbd, 0xacdd, 0xa4fd, 0x9cfd, 0x9d1d, 0x953d, 0x955e, 0x957e, 0x959e, 
	0x957e, 0x8d9e, 0x8d7e, 0x8d7e, 0x8d7e, 0x8d7e, 0x8d7e, 0x8d7e, 0x8d7e, 0x8d7e, 0x8d7e, 0x8d7e, 0x8d7e, 0x957f, 0x959f, 0x959f, 
	0x959e, 0x959e, 0x8d7e, 0x8d7e, 0x8d7e, 0x8d7e, 0x8d7e, 0x8d7e, 0x959e, 0x957e, 0x959e, 0x9dde, 0xa5fe, 0xae3f, 0xae3f, 0xae3f, 
	0xb67f, 0xb65f, 0xae3f, 0xb63e, 0xb65f, 0xc69f, 0xcedf, 0xceff, 0xc6df, 0xb67f, 0xae3e, 0xb65f, 0xae5f, 0xa61f, 0x95bf, 0x8d7e, 
	0x957d, 0x959e, 0x9dde, 0xa61f, 0xae3f, 0xae3f, 0xae3f, 0xa61f, 0x9dbe, 0x9dbe, 0x9dbe, 0x9dbe, 0x95df, 0x95df, 0x95df, 0x95df, 
	0x95bf, 0x9dbf, 0x9dbf, 0x9dbf, 0x9dbf, 0x9dbe, 0x9dbe, 0x9dbe, 0xa61f, 0xa63f, 0xa63f, 0xa61f, 0x9ddf, 0x95bf, 0x959f, 0x959e, 
	0x8d9e, 0x8d9e, 0x8d7e, 0x8d7e, 0x8d7e, 0x8d7e, 0x8d7e, 0x8d7e, 0x8d7e, 0x8d7e, 0x8d7f, 0x8d7f, 0x8d7e, 0x8d7e, 0x8d7e, 0x8d7e, 
	0x8d7e, 0x8d7e, 0x8d7e, 0x8d7e, 0x8d7e, 0x8d9e, 0x8d9e, 0x8d9e, 0x8d9e, 0x8d9e, 0x95be, 0x95df, 0x9dff, 0x9dff, 0x9dff, 0x9dff, 
	0x9dff, 0x9dff, 0x95ff, 0x95df, 0x95bf, 0x8d9f, 0x8d9f, 0x8d9e, 0x8d9e, 0x8d9f, 0x8d7f, 0x8d7f, 0x8d7f, 0x8d7f, 0x8d7f, 0x8d7f, 
	0x8d7e, 0x8d9f, 0x8d9f, 0x8d9f, 0x8d9f, 0x8dbf, 0x8d9f, 0x8d7e, 0x8d9f, 0x8d9e, 0x8d9f, 0x8dbf, 0x95bf, 0x95df, 0x95df, 0x95df, 
	0x95df, 0x95de, 0x9dff, 0x9dff, 0x95df, 0x95df, 0x95bf, 0x95be, 0x95bf, 0x95bf, 0x95be, 0x9ddf, 0xa5ff, 0xa61f, 0xa61f, 0xa61f, 
	0x95df, 0x8d7f, 0x855e, 0x855e, 0x857f, 0x857f, 0x855f, 0x855f, 0x855f, 0x855f, 0x855f, 0x855f, 0x855f, 0x855f, 0x7d5e, 0x7d5e, 
	0x7d3e, 0x7d3e, 0x7d3e, 0x7d3e, 0x7d3e, 0x7d3e, 0x7d3e, 0x7d3e, 0x7d3e, 0x7d3e, 0x7d3e, 0x7d3f, 0x7d3f, 0x7d3e, 0x7d3f, 0x7d3e, 
	0x7d1e, 0x7d1e, 0x7d1e, 0x7d1e, 0x7d1e, 0x7d1e, 0x7d1e, 0x7d1e, 0x7d1e, 0x7d1e, 0x7d3e, 0x855f, 0x8d9f, 0x8d9f, 0x857e, 0x7d3e, 
	0x753e, 0x753e, 0x7d3e, 0x7d5e, 0x857d, 0x857d, 0x8d7d, 0x8d7d, 0x851c, 0x959f, 0xa63f, 0xa63f, 0xa5ff, 0xae5f, 0xb6bf, 0xae7f, 
	0xa5fc, 0xbebf, 0xcf1f, 0xbebf, 0xb67f, 0xbebf, 0xbedf, 0xbe9f, 0xb65e, 0xae3e, 0xae3e, 0xb67f, 0xbe9f, 0xc6df, 0xc6df, 0xc6df, 
	0xd71f, 0xd71f, 0xcf1f, 0xcedf, 0xcebf, 0xcebf, 0xd6ff, 0xd71f, 0xdf5f, 0xe79f, 0xd71e, 0xcede, 0xd71f, 0xdf3f, 0xd6df, 0xad7b, 
	0xa51a, 0xce3e, 0xe73f, 0xe6ff, 0xce5f, 0xc61f, 0xad5c, 0x8c58, 0x8c18, 0x8c38, 0x8bf8, 0x8bf8, 0xc59f, 0xbd5e, 0x93f9, 0x8bb8, 
	0x93d9, 0x8bb9, 0x8bb9, 0x8bb9, 0x8bb9, 0x8bb9, 0x8b99, 0x8378, 0x8b99, 0x8bb9, 0x8bb9, 0x8b98, 0x8b98, 0x93d9, 0x8bd9, 0x8b98, 
	0xb3db, 0xb3db, 0xbbdb, 0xbbfb, 0xb3fb, 0xb3fb, 0xb3fb, 0xb41b, 0xbc1c, 0xbc3c, 0xbc3c, 0xbc3c, 0xbc1c, 0xb3fc, 0xbbfc, 0xb41c, 
	0xac1c, 0xac3c, 0xac5c, 0xac5c, 0xac5c, 0xac7c, 0xac9d, 0xacbd, 0xa4dd, 0xa4fd, 0xa53e, 0xa53e, 0x9d3e, 0x953d, 0x955e, 0x957e, 
	0x959e, 0x8d9e, 0x8d7e, 0x8d7e, 0x8d7e, 0x8d7e, 0x8d7e, 0x8d7e, 0x8d7e, 0x8d7e, 0x959f, 0x959f, 0x959f, 0x959f, 0x8d7f, 0x8d7e, 
	0x959e, 0x957e, 0x8d9e, 0x8d7e, 0x8d7e, 0x8d7e, 0x8d7e, 0x8d7e, 0x8d7e, 0x8d7e, 0x957d, 0x959e, 0x9dde, 0xa5fe, 0xae1e, 0xae1e, 
	0xae3f, 0xae3f, 0xae3f, 0xae3f, 0xb65f, 0xbe7f, 0xc6bf, 0xc6df, 0xc6bf, 0xb65f, 0xae1f, 0xae5f, 0xae7f, 0xa61f, 0x95be, 0x8d7e, 
	0x959e, 0x95be, 0x9ddf, 0xa61f, 0xa61f, 0xa61f, 0xa61f, 0x9dff, 0x959d, 0x959e, 0x959e, 0x95be, 0x95bf, 0x95df, 0x95df, 0x95df, 
	0x95bf, 0x95bf, 0x95bf, 0x95bf, 0x95bf, 0x95be, 0x95be, 0x9dbe, 0x9ddf, 0xa61f, 0xae5f, 0xae5f, 0xa61f, 0x9dff, 0x9dbf, 0x959e, 
	0x8d9e, 0x8d9e, 0x8d7e, 0x8d7e, 0x8d9e, 0x8d9e, 0x8d9e, 0x8d7e, 0x8d9f, 0x8d9f, 0x8d9f, 0x8d7f, 0x8d7f, 0x8d7f, 0x8d7f, 0x8d7f, 
	0x857e, 0x857e, 0x857e, 0x8d7e, 0x8d7e, 0x8d9e, 0x8d9e, 0x8d9e, 0x8d9e, 0x8d9e, 0x95be, 0x95bf, 0x9ddf, 0x9dff, 0x9ddf, 0x95df, 
	0x9dff, 0x9dff, 0x95ff, 0x95df, 0x95bf, 0x8dbf, 0x8d9f, 0x8d7e, 0x8d7e, 0x8d7e, 0x8d7f, 0x8d7f, 0x8d7f, 0x8d9f, 0x8d9f, 0x8d9f, 
	0x8d9f, 0x95bf, 0x95bf, 0x8dbf, 0x95bf, 0x95df, 0x95bf, 0x8d7e, 0x8d9e, 0x8d9e, 0x8d9e, 0x8dbf, 0x95bf, 0x95bf, 0x95df, 0x95df, 
	0x95de, 0x95de, 0x9dff, 0x9dff, 0x95df, 0x95bf, 0x95bf, 0x95bf, 0x95df, 0x95bf, 0x95bf, 0x9ddf, 0x9dff, 0xa61f, 0xa61f, 0xa61f, 
	0x95df, 0x8d7f, 0x853e, 0x855e, 0x857f, 0x857f, 0x855f, 0x855f, 0x855f, 0x855f, 0x855f, 0x853f, 0x853f, 0x855f, 0x7d5e, 0x7d5e, 
	0x7d3e, 0x7d3e, 0x7d3e, 0x7d3e, 0x7d3e, 0x7d3e, 0x7d3e, 0x7d3e, 0x7d1e, 0x7d3e, 0x7d3f, 0x7d3f, 0x7d3f, 0x7d3f, 0x7d3f, 0x7d1e, 
	0x751e, 0x751e, 0x751e, 0x751e, 0x751e, 0x751e, 0x7d1e, 0x7d1e, 0x7d1e, 0x7d1e, 0x7d3e, 0x8d7f, 0x95df, 0x95df, 0x8dbf, 0x857e, 
	0x753e, 0x755f, 0x755e, 0x753d, 0x7d5d, 0x7d3d, 0x7d3d, 0x7d1c, 0x853d, 0x8d7f, 0x9ddf, 0x95bf, 0x8d7e, 0x95be, 0xa61f, 0x9dfe, 
	0x9dbd, 0xbe9f, 0xc6ff, 0xbe9f, 0xb65f, 0xbe9f, 0xbebf, 0xbe9f, 0xae3e, 0xb65f, 0xbe9f, 0xc6bf, 0xc6df, 0xcedf, 0xcedf, 0xceff, 
	0xd71f, 0xd71f, 0xceff, 0xcedf, 0xc6bf, 0xc6bf, 0xcedf, 0xceff, 0xe77f, 0xd71f, 0xd71f, 0xcebe, 0xd6ff, 0xdf1f, 0xbdfd, 0xa53a, 
	0xd6bf, 0xdedf, 0xd67f, 0xce5f, 0xce3f, 0xa4fb, 0x83f7, 0x8417, 0x83f7, 0x9458, 0xc5de, 0xce1f, 0xd65f, 0xacdc, 0x8bd9, 0x8bd9, 
	0x8bb9, 0x8bb9, 0x8bb9, 0x8bb9, 0x8bb9, 0x8bb9, 0x8b99, 0x8378, 0x8bb9, 0x8bb9, 0x8bb9, 0x8398, 0x8b98, 0x8bd9, 0x93f9, 0x8bd8, 
	0xb3db, 0xbbdb, 0xbbdb, 0xbbdb, 0xb3db, 0xb3fb, 0xb3fb, 0xb3fb, 0xbc1c, 0xbc1c, 0xbc1c, 0xbc1c, 0xbc1c, 0xbc1c, 0xbc1c, 0xb41c, 
	0xac3c, 0xac5c, 0xac5c, 0xac7c, 0xac7c, 0xac7c, 0xac7c, 0xa49c, 0xa4bc, 0xa4fd, 0xa53e, 0xa55e, 0x9d5e, 0x9d3e, 0x9d5e, 0x955e, 
	0x959e, 0x959e, 0x959e, 0x8d7e, 0x8d7e, 0x8d7e, 0x8d7e, 0x8d7e, 0x8d5e, 0x8d7e, 0x8d7e, 0x959f, 0x959f, 0x8d7f, 0x8d7e, 0x8d5e, 
	0x8d7e, 0x8d7e, 0x8d7e, 0x8d7e, 0x8d7e, 0x8d7f, 0x8d7f, 0x8d7e, 0x8d7e, 0x8d7e, 0x957e, 0x959e, 0x9dbe, 0xa5ff, 0xa5fe, 0xa5de, 
	0xa5fe, 0xa5fe, 0xa61e, 0xa61e, 0xae1f, 0xae3f, 0xb65f, 0xb65f, 0xb63f, 0xa5de, 0x9dbe, 0x9dde, 0xa5ff, 0x9dff, 0x9dff, 0x9dff, 
	0x95df, 0x95df, 0x9dff, 0x9dff, 0x9dff, 0x9ddf, 0x95be, 0x959e, 0x8d7e, 0x8d9e, 0x8d9e, 0x8d9e, 0x8d9e, 0x95bf, 0x95df, 0x95df, 
	0x95bf, 0x95bf, 0x95bf, 0x95bf, 0x95df, 0x95df, 0x95be, 0x95be, 0x95be, 0x9dff, 0xa61f, 0xa63f, 0xa63f, 0xa61f, 0x9dff, 0x95bf, 
	0x95bf, 0x8d9f, 0x8d9e, 0x8d9e, 0x8d9f, 0x8d9f, 0x8d9f, 0x8d9f, 0x8d9f, 0x8d9f, 0x8d9f, 0x8d9f, 0x8d9f, 0x8d7f, 0x8d7f, 0x8d7f, 
	0x8d7e, 0x8d7e, 0x8d7e, 0x8d7e, 0x8d7e, 0x8d9f, 0x8d9f, 0x8d9f, 0x8d9e, 0x8d9e, 0x959e, 0x95bf, 0x95df, 0x95df, 0x95df, 0x95df, 
	0x95df, 0x95df, 0x95df, 0x95df, 0x95df, 0x95bf, 0x8d9f, 0x8d9e, 0x8d7e, 0x8d7e, 0x8d7f, 0x8d7f, 0x8d7f, 0x8d9f, 0x8d9f, 0x8d9f, 
	0x8d9f, 0x95bf, 0x95bf, 0x8dbf, 0x95bf, 0x9dff, 0x95df, 0x8d9e, 0x8d9e, 0x8d9e, 0x95be, 0x95be, 0x95be, 0x95bf, 0x95df, 0x95ff, 
	0x9dff, 0x9dff, 0x9e1f, 0x9dff, 0x95de, 0x95be, 0x95bf, 0x95bf, 0x95bf, 0x95bf, 0x95bf, 0x95bf, 0x9ddf, 0x9ddf, 0x9dff, 0x9dff, 
	0x95bf, 0x8d7f, 0x855e, 0x855e, 0x855f, 0x855f, 0x855f, 0x855f, 0x855f, 0x855f, 0x853f, 0x853f, 0x853f, 0x855e, 0x7d3e, 0x7d5e, 
	0x7d3e, 0x7d3e, 0x7d3e, 0x7d3e, 0x7d3e, 0x7d3f, 0x7d3f, 0x7d3f, 0x7d1f, 0x7d1f, 0x7d3f, 0x7d3f, 0x7d3f, 0x7d3f, 0x7d1f, 0x7d1e, 
	0x751e, 0x753e, 0x753e, 0x753e, 0x751e, 0x751e, 0x751e, 0x7d1e, 0x751e, 0x7d3e, 0x855e, 0x8d9f, 0x95ff, 0x95ff, 0x95df, 0x8dbf, 
	0x753e, 0x755e, 0x753e, 0x753e, 0x755d, 0x7d5e, 0x855e, 0x853d, 0x853e, 0x853e, 0x8d5e, 0x851d, 0x7cfc, 0x8d3d, 0x9dbe, 0x9dde, 
	0xa5dd, 0xb67f, 0xbebf, 0xb65f, 0xae1e, 0xae3f, 0xb67f, 0xb65f, 0xae3e, 0xbe7f, 0xc6bf, 0xc6df, 0xcedf, 0xceff, 0xceff, 0xceff, 
	0xd71f, 0xd6ff, 0xcedf, 0xc6df, 0xc6bf, 0xc6bf, 0xc6df, 0xc6de, 0xdf7f, 0xc6be, 0xd71f, 0xd6ff, 0xd6df, 0xd69f, 0xbdbd, 0xce3f, 
	0xd69f, 0xd67f, 0xbdde, 0xad5c, 0xa4fb, 0x83f7, 0x8417, 0xb57c, 0xb57c, 0xad3a, 0xef3f, 0xe6df, 0xacfc, 0x8398, 0x8bfa, 0x8399, 
	0x8bb9, 0x8bd9, 0x8bd9, 0x93fa, 0x93fa, 0x93da, 0x8bb9, 0x8b99, 0x8bb9, 0x8bb9, 0x8bb8, 0x8bb9, 0x8bd9, 0x93f9, 0x9419, 0x9419, 
	0xbbba, 0xbbdb, 0xbbdb, 0xbbdb, 0xbbdb, 0xb3db, 0xb3db, 0xbbfb, 0xb3db, 0xb3fb, 0xbbfc, 0xbc1c, 0xbbfc, 0xbbfc, 0xbbfc, 0xb41c, 
	0xb43c, 0xb45c, 0xb47d, 0xb49d, 0xb47d, 0xac7c, 0xac7c, 0xa47c, 0xa49c, 0xa4bc, 0xa4fd, 0xa51e, 0xa55e, 0xa55e, 0x9d3e, 0x953d, 
	0x9d9e, 0x959e, 0x959e, 0x959e, 0x8d7e, 0x8d7e, 0x8d7e, 0x8d7e, 0x8d7e, 0x8d7e, 0x8d7e, 0x8d7e, 0x8d7f, 0x8d7e, 0x8d5e, 0x8d5e, 
	0x8d7e, 0x8d7e, 0x8d7e, 0x8d7e, 0x8d7e, 0x8d7f, 0x8d7f, 0x8d7e, 0x8d7e, 0x8d9e, 0x959e, 0x959e, 0x9dbf, 0xa5ff, 0xa5ff, 0x9dde, 
	0x9dfe, 0x9dfe, 0x9dde, 0x9dde, 0x9dde, 0xa5de, 0xa5ff, 0xa5ff, 0x9d9e, 0x957e, 0x8d5d, 0x8d5d, 0x959e, 0x95df, 0x9dff, 0x9e1f, 
	0x95bf, 0x95bf, 0x95bf, 0x95bf, 0x95bf, 0x959e, 0x8d7e, 0x8d5d, 0x8d7e, 0x8d7e, 0x8d7d, 0x8d7e, 0x8d7e, 0x8d9e, 0x95bf, 0x95df, 
	0x95df, 0x95df, 0x95df, 0x95df, 0x95df, 0x95df, 0x95df, 0x95bf, 0x9ddf, 0x9ddf, 0x9ddf, 0x9ddf, 0x9dff, 0xa5ff, 0xa5ff, 0x9dbf, 
	0x95bf, 0x95bf, 0x8dbf, 0x8d9f, 0x8dbf, 0x95bf, 0x8dbf, 0x8dbf, 0x8d9f, 0x8d9f, 0x8d9f, 0x8d9f, 0x8d9f, 0x8d7e, 0x8d7f, 0x8d7e, 
	0x8d7e, 0x8d7e, 0x8d7e, 0x8d7e, 0x8d9f, 0x8d9f, 0x8d9f, 0x8dbf, 0x95bf, 0x8d9f, 0x8d9f, 0x959f, 0x95bf, 0x95df, 0x95bf, 0x95bf, 
	0x95bf, 0x95df, 0x95df, 0x95df, 0x95df, 0x95bf, 0x8dbf, 0x8d9f, 0x8d7e, 0x8d7e, 0x8d7f, 0x8d7f, 0x8d7f, 0x8d9f, 0x8d9f, 0x8d9f, 
	0x8d9f, 0x8dbf, 0x8dbf, 0x8d9f, 0x95bf, 0x9e1f, 0x9dff, 0x95df, 0x8d9e, 0x959e, 0x95be, 0x95be, 0x95be, 0x95be, 0x95df, 0x95ff, 
	0x9e1f, 0xa63f, 0x9e1f, 0x9dff, 0x95de, 0x959e, 0x959e, 0x95bf, 0x959f, 0x959f, 0x959f, 0x959f, 0x959f, 0x959f, 0x959e, 0x959e, 
	0x8d9f, 0x855e, 0x855e, 0x855e, 0x855f, 0x855f, 0x855f, 0x855f, 0x853f, 0x853f, 0x853f, 0x853f, 0x855e, 0x7d3e, 0x7d3e, 0x7d5e, 
	0x7d3e, 0x7d3e, 0x7d5e, 0x7d5e, 0x7d3e, 0x7d3f, 0x7d3f, 0x7d3f, 0x7d1f, 0x7d1f, 0x7d1f, 0x7d1f, 0x7d1f, 0x7d1f, 0x7d1f, 0x7d1f, 
	0x753e, 0x753e, 0x753e, 0x753e, 0x751e, 0x751e, 0x751e, 0x751e, 0x751e, 0x7d3e, 0x857f, 0x8dbf, 0x95ff, 0x9dff, 0x95df, 0x8ddf, 
	0x753e, 0x753e, 0x753e, 0x753e, 0x7d5e, 0x859f, 0x8d9f, 0x8d9f, 0x855e, 0x851d, 0x851d, 0x8d3d, 0x8d3d, 0x957d, 0x9dff, 0xa61f, 
	0x9dbd, 0xae3f, 0xb65f, 0xae1e, 0xa5dd, 0xa5dd, 0xae1e, 0xb65f, 0xb65e, 0xbe7f, 0xc6bf, 0xc6df, 0xcedf, 0xceff, 0xd71f, 0xceff, 
	0xceff, 0xcedf, 0xc6df, 0xc6bf, 0xc6bf, 0xc6df, 0xc6df, 0xc6df, 0xceff, 0xc6df, 0xcebf, 0xce9f, 0xc63e, 0xbdde, 0xbd9e, 0xc5df, 
	0xad3d, 0xb55e, 0xad5d, 0x949a, 0x7bd6, 0x9477, 0xc61d, 0xe73f, 0xe73f, 0xdebf, 0xef1f, 0xad1b, 0x83d8, 0x7337, 0x8bdb, 0x837a, 
	0x8bda, 0x93f9, 0x941a, 0x943a, 0x941a, 0x93fa, 0x8bd9, 0x8bb9, 0x83b8, 0x8398, 0x8bd9, 0x9c3a, 0x9c5a, 0x943a, 0x9419, 0x9419, 
	0xbbba, 0xbbbb, 0xbbdb, 0xbbdb, 0xbbdb, 0xbbbb, 0xbbdb, 0xbbdb, 0xb3ba, 0xbbdb, 0xbbfc, 0xbc1c, 0xbbfc, 0xbbdc, 0xbbfc, 0xb3fc, 
	0xbc5d, 0xbc7d, 0xbc9d, 0xbcbd, 0xb49d, 0xb49d, 0xac9d, 0xac9c, 0xa47c, 0xa47c, 0x9c9c, 0xa4fd, 0xad5e, 0xad7f, 0xa53e, 0x9d1d, 
	0x9d9f, 0x95be, 0x959e, 0x959e, 0x8d7e, 0x8d7e, 0x8d7e, 0x8d7e, 0x8d9e, 0x8d7e, 0x8d7e, 0x8d7e, 0x8d5e, 0x8d7e, 0x8d7e, 0x8d7e, 
	0x8d5e, 0x8d5e, 0x8d5e, 0x8d7e, 0x8d7e, 0x8d7e, 0x8d7e, 0x8d7e, 0x8d7e, 0x8d9f, 0x959f, 0x959f, 0x9ddf, 0xa5ff, 0xa5df, 0x9dbe, 
	0x9dff, 0x9dfe, 0x9dde, 0x95be, 0x9dbe, 0x9dbe, 0x9dbf, 0x9dbf, 0x957e, 0x957e, 0x957e, 0x8d5d, 0x8d5d, 0x8d9e, 0x8d9e, 0x8dbf, 
	0x8d7e, 0x8d7e, 0x8d7e, 0x8d7e, 0x8d9e, 0x8d7e, 0x855e, 0x855d, 0x8d7e, 0x857e, 0x855d, 0x855d, 0x855e, 0x8d7e, 0x8d9f, 0x95bf, 
	0x95df, 0x95df, 0x95df, 0x95df, 0x95df, 0x95df, 0x95df, 0x95df, 0x9dff, 0x9ddf, 0x959e, 0x957e, 0x959e, 0x9ddf, 0x9ddf, 0x959e, 
	0x95df, 0x95bf, 0x95bf, 0x95bf, 0x95bf, 0x95bf, 0x95bf, 0x95bf, 0x8d9f, 0x8d9f, 0x8d9e, 0x8d9e, 0x8d7e, 0x8d7e, 0x8d7e, 0x8d7e, 
	0x8d7e, 0x8d7e, 0x8d7e, 0x8d9e, 0x8d9f, 0x8d9f, 0x8dbf, 0x95bf, 0x95bf, 0x95bf, 0x8d9f, 0x8d9f, 0x95bf, 0x95bf, 0x95bf, 0x95bf, 
	0x95bf, 0x95bf, 0x95df, 0x95df, 0x95df, 0x95df, 0x95bf, 0x8d9f, 0x8d7e, 0x8d7e, 0x8d7f, 0x8d7f, 0x8d7f, 0x8d9f, 0x8d9f, 0x8d9f, 
	0x8d7e, 0x8d9f, 0x8d9f, 0x8d9e, 0x95bf, 0x9e1f, 0xa61f, 0x9dff, 0x959e, 0x95be, 0x95be, 0x95be, 0x95be, 0x95be, 0x95df, 0x95ff, 
	0xa65f, 0xa65f, 0xa63f, 0x9dff, 0x95be, 0x8d9e, 0x8d9e, 0x959f, 0x959f, 0x959f, 0x8d9e, 0x8d9e, 0x8d7e, 0x8d7e, 0x8d7e, 0x8d7e, 
	0x8d7e, 0x855e, 0x855e, 0x855e, 0x855f, 0x853e, 0x853f, 0x855f, 0x853f, 0x853f, 0x853f, 0x853f, 0x853e, 0x7d3e, 0x7d5e, 0x7d5e, 
	0x7d3e, 0x7d5e, 0x7d5e, 0x7d5e, 0x7d5f, 0x7d3f, 0x7d3f, 0x7d3f, 0x7d1f, 0x7d1f, 0x7d1f, 0x7d1f, 0x7d1f, 0x7d1f, 0x7d1f, 0x7d1e, 
	0x751e, 0x753e, 0x753e, 0x751e, 0x751e, 0x751f, 0x751f, 0x751f, 0x751e, 0x7d3f, 0x857f, 0x95bf, 0x95df, 0x95df, 0x95df, 0x95df, 
	0x753e, 0x753e, 0x753e, 0x751e, 0x7d3e, 0x8d9f, 0x95bf, 0x95bf, 0x95bf, 0x8d5d, 0x959e, 0xa5ff, 0xa5ff, 0xa5fe, 0xae1f, 0xae3f, 
	0x9d9d, 0xa5fe, 0xa61e, 0xa5dd, 0x9d9c, 0x9dbc, 0xae1e, 0xb65e, 0xb67e, 0xbe9f, 0xc69f, 0xc6bf, 0xcedf, 0xd71f, 0xd71f, 0xceff, 
	0xcedf, 0xcedf, 0xc6bf, 0xc6bf, 0xc6df, 0xc6df, 0xc6df, 0xc6df, 0xbe7e, 0xcf1f, 0xbe5e, 0xadbc, 0xa53b, 0xa4db, 0xa4dc, 0x8bd9, 
	0x83da, 0x7358, 0x83f9, 0x8c38, 0x7bd5, 0xad5a, 0xe73f, 0xe71f, 0xdeff, 0xf79f, 0xd69f, 0x7355, 0x8bd9, 0x8bda, 0x83bb, 0x8bbb, 
	0x8bda, 0x941a, 0x9c5b, 0x9c5b, 0x943a, 0x8bfa, 0x8bd9, 0x8bd9, 0x83b8, 0x83b8, 0x9419, 0xa4bc, 0xa4dc, 0x9c5a, 0x8bf8, 0x8c18, 
	0xc3bb, 0xc3bb, 0xbbbb, 0xbbbb, 0xbbbb, 0xbbbb, 0xbbbb, 0xbbbb, 0xbbbb, 0xbbdb, 0xbbdb, 0xbbfc, 0xbbdc, 0xbbdb, 0xb3bb, 0xb3db, 
	0xb3fb, 0xb41b, 0xb43c, 0xb45c, 0xbc7d, 0xbc9d, 0xbcbd, 0xb4bd, 0xac7c, 0xacbd, 0xacdd, 0xa4bd, 0xa4dd, 0xad3e, 0xad7f, 0xad7f, 
	0x9d7e, 0x9d9e, 0x959e, 0x957e, 0x957e, 0x959e, 0x8d9e, 0x8d7e, 0x8d9e, 0x8d7e, 0x8d7e, 0x8d7e, 0x959f, 0x959f, 0x8d7e, 0x8d7e, 
	0x8d7e, 0x8d7e, 0x8d7e, 0x8d7e, 0x8d7e, 0x8d9f, 0x8d9f, 0x8d7f, 0x8d7f, 0x8d9f, 0x959f, 0x95bf, 0x959f, 0x9dbf, 0x9dbf, 0x9ddf, 
	0x9dff, 0x9dff, 0x9dff, 0x9dff, 0x9ddf, 0x9dbf, 0x9dbf, 0x9dbf, 0x9dbf, 0x959f, 0x957e, 0x8d7e, 0x8d7e, 0x8d7d, 0x855d, 0x855e, 
	0x855e, 0x855e, 0x857e, 0x857e, 0x8d7e, 0x857e, 0x855e, 0x855e, 0x857e, 0x857e, 0x855e, 0x855e, 0x855e, 0x8d7e, 0x8d9e, 0x95bf, 
	0x95bf, 0x8dbe, 0x8dbe, 0x95df, 0x9dff, 0x9e1f, 0x9dff, 0x95df, 0x959e, 0x959e, 0x95be, 0x95be, 0x9dbe, 0x95be, 0x959e, 0x95be, 
	0x95bf, 0x95bf, 0x95bf, 0x95bf, 0x95bf, 0x95bf, 0x8dbf, 0x8d9f, 0x8d9f, 0x8d9f, 0x8d9f, 0x8d9e, 0x8d7e, 0x8d7e, 0x8d7e, 0x8d7e, 
	0x8d9f, 0x8d9f, 0x8d9f, 0x8d9e, 0x95bf, 0x95df, 0x95df, 0x95bf, 0x95bf, 0x8dbf, 0x8d9f, 0x8d9f, 0x8d9f, 0x95bf, 0x95bf, 0x95bf, 
	0x8dbf, 0x95bf, 0x95df, 0x95df, 0x95df, 0x95df, 0x95bf, 0x8d9f, 0x8d7e, 0x8d7e, 0x855e, 0x855e, 0x8d7f, 0x8d7f, 0x8d7f, 0x8d7e, 
	0x857e, 0x857e, 0x8d7e, 0x8d7e, 0x8d9e, 0x95df, 0x9e1f, 0xa61f, 0xa61f, 0x9dff, 0x9dde, 0x95be, 0x95be, 0x95be, 0x95de, 0x9e1f, 
	0xa63f, 0xa63f, 0x9dff, 0x95be, 0x8d9d, 0x8d7d, 0x8d9e, 0x959f, 0x8d9f, 0x8d7e, 0x8d7f, 0x8d9f, 0x8d9f, 0x8d9f, 0x8d9f, 0x8d7e, 
	0x8d7f, 0x8d7f, 0x8d7f, 0x8d7f, 0x857f, 0x855f, 0x855f, 0x855f, 0x855f, 0x855f, 0x855f, 0x855f, 0x855e, 0x855e, 0x7d5e, 0x7d5e, 
	0x7d3e, 0x7d3e, 0x7d5e, 0x7d3e, 0x7d3e, 0x7d3f, 0x7d3f, 0x7d1f, 0x7d1f, 0x7d3f, 0x7d3f, 0x7d3f, 0x7d1f, 0x7d1e, 0x7d1e, 0x7d1e, 
	0x7d3e, 0x7d3e, 0x751e, 0x751e, 0x751f, 0x751f, 0x751f, 0x74ff, 0x74ff, 0x7d1e, 0x853f, 0x8d9f, 0x95df, 0x95df, 0x95be, 0x95be, 
	0x857f, 0x751e, 0x74fd, 0x7d1e, 0x8d7f, 0x959f, 0x9ddf, 0xa5ff, 0xa5ff, 0xae1f, 0xb65f, 0xbe9f, 0xbe9f, 0xbe7f, 0xb65f, 0xb63e, 
	0xa61e, 0xa5fe, 0x9ddd, 0x9ddd, 0xa5fd, 0xae3e, 0xb65e, 0xb65e, 0xc6df, 0xbe9e, 0xc6df, 0xceff, 0xc6be, 0xcede, 0xd71f, 0xcedf, 
	0xcedf, 0xc69f, 0xbe7f, 0xbe9f, 0xbebf, 0xbebf, 0xc6df, 0xc6ff, 0xceff, 0xc6bf, 0xb61d, 0xb5dd, 0xa53c, 0x8c39, 0x83b8, 0x7b78, 
	0x7b9a, 0x7359, 0x7bb8, 0x7bf7, 0x8415, 0xad9a, 0xe73f, 0xef5f, 0xdedf, 0xad3a, 0x9479, 0x8c19, 0x83b9, 0x8bda, 0x8bdb, 0x941b, 
	0x941a, 0x943a, 0x941a, 0x941a, 0x941a, 0x8bf9, 0x8bd9, 0x83b8, 0x7b77, 0xa4bc, 0xbd5e, 0xa4dc, 0x9439, 0x8c18, 0x9418, 0x8bf8, 
	0xc3bb, 0xc3bb, 0xc3bb, 0xc3bb, 0xc3bb, 0xc3bb, 0xbbbb, 0xbbbb, 0xbb9a, 0xbb9b, 0xbbbb, 0xbbdb, 0xbbdc, 0xbbdc, 0xbbdc, 0xbbdb, 
	0xb3db, 0xb3db, 0xb3fb, 0xb41c, 0xb43c, 0xbc5c, 0xb47d, 0xb49d, 0xb49d, 0xac7c, 0x9c5b, 0x9c5b, 0x9c7c, 0xa4dd, 0xad3e, 0xad9f, 
	0x9d9e, 0x9dbf, 0x9dbe, 0x957e, 0x957d, 0x8d7e, 0x8d9e, 0x8d7d, 0x8d9e, 0x8d7e, 0x8d9e, 0x959e, 0x95bf, 0x95bf, 0x959e, 0x957e, 
	0x8d7e, 0x8d7e, 0x8d5e, 0x8d7e, 0x8d7e, 0x8d7e, 0x8d9f, 0x8d7e, 0x8d9f, 0x8d9f, 0x8d9f, 0x8d9f, 0x959f, 0x957e, 0x959f, 0x959e, 
	0x95be, 0x95be, 0x95be, 0x959e, 0x959e, 0x959e, 0x959f, 0x95bf, 0x95bf, 0x95bf, 0x959f, 0x8d9e, 0x8d7e, 0x8d5d, 0x855d, 0x855e, 
	0x855e, 0x855e, 0x855e, 0x857f, 0x857f, 0x855e, 0x855e, 0x855e, 0x855e, 0x857e, 0x855e, 0x855e, 0x855e, 0x8d7e, 0x8d9e, 0x95be, 
	0x95df, 0x95df, 0x95be, 0x95df, 0x95df, 0x9ddf, 0x95bf, 0x8d9e, 0x959e, 0x959e, 0x95be, 0x95be, 0x95bf, 0x95be, 0x95be, 0x95be, 
	0x95bf, 0x95bf, 0x95bf, 0x95bf, 0x95bf, 0x8dbf, 0x8d9f, 0x8d9f, 0x8d9e, 0x8d9e, 0x8d9e, 0x8d9e, 0x8d9e, 0x8d7e, 0x8d7e, 0x8d7e, 
	0x8d9e, 0x95bf, 0x95bf, 0x95be, 0x95bf, 0x95df, 0x95df, 0x95df, 0x95bf, 0x8dbf, 0x8d9f, 0x8d9f, 0x8d9f, 0x8dbf, 0x95bf, 0x95bf, 
	0x8dbf, 0x95bf, 0x95df, 0x95df, 0x95df, 0x95df, 0x8dbf, 0x8d9f, 0x8d9e, 0x8d7e, 0x8d7e, 0x8d7e, 0x8d7f, 0x8d7f, 0x8d7f, 0x8d7f, 
	0x857e, 0x8d9e, 0x8d9e, 0x8d7e, 0x95be, 0x9dff, 0xa61f, 0xa63f, 0xae5f, 0xa63f, 0xa61f, 0x9dff, 0x9dde, 0x95be, 0x95de, 0x9dff, 
	0xa63f, 0x9e1f, 0x9dfe, 0x95be, 0x8d9e, 0x8d7e, 0x8d9e, 0x959f, 0x8d9f, 0x8d9f, 0x8d9f, 0x8d9f, 0x8d9f, 0x8d9f, 0x8d9f, 0x8d9f, 
	0x8d9f, 0x8d9f, 0x8d7f, 0x8d7f, 0x855f, 0x855f, 0x855f, 0x855f, 0x855f, 0x855f, 0x855f, 0x855f, 0x855e, 0x855e, 0x7d5e, 0x7d5e, 
	0x7d5e, 0x7d5e, 0x7d5e, 0x7d3e, 0x7d3e, 0x7d3f, 0x7d1f, 0x7d1f, 0x7d1f, 0x7d1f, 0x7d1f, 0x7d1f, 0x7d1e, 0x7d1e, 0x7d1e, 0x7d1e, 
	0x7d3e, 0x7d3e, 0x7d1e, 0x751e, 0x751f, 0x74ff, 0x74ff, 0x74ff, 0x7d1f, 0x7d1f, 0x853f, 0x8d9f, 0x95df, 0x9ddf, 0x95be, 0x959e, 
	0x857e, 0x853e, 0x853e, 0x8d5e, 0x957f, 0x9dbf, 0xa5ff, 0xae3f, 0xb65f, 0xbe7f, 0xc6bf, 0xc6df, 0xc6df, 0xc6bf, 0xbe9f, 0xbe7f, 
	0xae3e, 0xa61e, 0xa61e, 0xb67f, 0xbebf, 0xbebf, 0xbe9f, 0xbe7e, 0xceff, 0xc6df, 0xceff, 0xceff, 0xbebe, 0xc6be, 0xc6de, 0xbe9e, 
	0xbe9f, 0xb65e, 0xb63e, 0xb65e, 0xb67f, 0xb67f, 0xbe9f, 0xbebf, 0xc6df, 0xc6bf, 0xb63e, 0xb5de, 0x9cfc, 0x83f9, 0x83b9, 0x7b99, 
	0x83db, 0x7bba, 0x7bd8, 0x73b6, 0x9497, 0xd69e, 0xef7f, 0xce5e, 0x9cb9, 0x7bb6, 0x8c19, 0x9c5b, 0x83b9, 0x8bda, 0x941a, 0x8bf9, 
	0x8bd8, 0x8bf9, 0x943a, 0x943a, 0x8bf9, 0x83b8, 0x8398, 0x8398, 0x945a, 0x9c9b, 0xa49b, 0x9459, 0x8c18, 0x9438, 0x9438, 0x8c18, 
	0xc39b, 0xc39b, 0xc3bb, 0xc3bb, 0xc3bb, 0xc3bb, 0xc3bb, 0xc3bb, 0xbb9b, 0xbbbb, 0xbbbb, 0xbbdb, 0xbbbb, 0xbbdb, 0xbbdb, 0xbbdb, 
	0xb3bb, 0xb3db, 0xb3db, 0xb3db, 0xb3fb, 0xb41c, 0xb43c, 0xb47d, 0xbcbe, 0xac7c, 0x9c3b, 0x9c5b, 0x9c9c, 0x9c9c, 0xa4fd, 0xad7f, 
	0xa59f, 0xa5bf, 0xa5bf, 0x9d9e, 0x957e, 0x957d, 0x8d9d, 0x8d9e, 0x8d9e, 0x8d9e, 0x959e, 0x95be, 0x9ddf, 0x9ddf, 0x9dbf, 0x959e, 
	0x8d7e, 0x8d7e, 0x8d5e, 0x8d7e, 0x8d7e, 0x8d7e, 0x8d7e, 0x8d7e, 0x8d7e, 0x8d7e, 0x8d7f, 0x8d7f, 0x8d5e, 0x8d5e, 0x8d5e, 0x8d5e, 
	0x8d7e, 0x8d9e, 0x8d7d, 0x8d7d, 0x8d7d, 0x8d7e, 0x95bf, 0x9ddf, 0x9ddf, 0x9ddf, 0x9ddf, 0x95bf, 0x8d7e, 0x8d5d, 0x855d, 0x855e, 
	0x853e, 0x855e, 0x855e, 0x855e, 0x855f, 0x855f, 0x855f, 0x855f, 0x855e, 0x855e, 0x857e, 0x8d7e, 0x8d7e, 0x8d7e, 0x8d9e, 0x959e, 
	0x95df, 0x95be, 0x8dbe, 0x8dbe, 0x95be, 0x95be, 0x8d9e, 0x8d7d, 0x8d9e, 0x959e, 0x959e, 0x95bf, 0x95bf, 0x95bf, 0x95bf, 0x95bf, 
	0x95be, 0x95bf, 0x95bf, 0x95bf, 0x8dbf, 0x8d9e, 0x8d9e, 0x8d9e, 0x8d7e, 0x8d7e, 0x8d9e, 0x8d9e, 0x8d9e, 0x8d9e, 0x8d9e, 0x8d9e, 
	0x8d9e, 0x95be, 0x95df, 0x95df, 0x9ddf, 0x9dff, 0x9dff, 0x95df, 0x95bf, 0x8dbf, 0x8d9e, 0x8d9f, 0x8d9f, 0x8dbf, 0x8dbf, 0x8dbf, 
	0x8d9e, 0x95bf, 0x95df, 0x95df, 0x95df, 0x95bf, 0x8d9f, 0x8d9f, 0x8d9e, 0x8d7e, 0x8d7e, 0x8d7f, 0x8d7f, 0x8d7f, 0x8d7f, 0x8d7f, 
	0x857f, 0x8d9f, 0x8d9f, 0x8d9e, 0x95be, 0xa5ff, 0xa63f, 0xae3f, 0xb67f, 0xae5f, 0xae3f, 0xa63f, 0xa61f, 0x9dde, 0x95de, 0x9dff, 
	0x9e1f, 0x9dfe, 0x95be, 0x8d9e, 0x8d9e, 0x8d9e, 0x8d9f, 0x8d9f, 0x8d9f, 0x8d9f, 0x8d9f, 0x8d9f, 0x8d9f, 0x8d9f, 0x8d9f, 0x8d9f, 
	0x8d9f, 0x8d9f, 0x8d7f, 0x8d7e, 0x855f, 0x855f, 0x855f, 0x855f, 0x855f, 0x855f, 0x855f, 0x855f, 0x855e, 0x855e, 0x7d5e, 0x7d5e, 
	0x7d5e, 0x7d5e, 0x7d5e, 0x7d3e, 0x7d3f, 0x7d3f, 0x7d1f, 0x7d1f, 0x7d1f, 0x7d1f, 0x7d1e, 0x7d1e, 0x7d1e, 0x853e, 0x853e, 0x853e, 
	0x855e, 0x855e, 0x7d3e, 0x7d1e, 0x7d1e, 0x74ff, 0x74ff, 0x74ff, 0x74ff, 0x74fe, 0x7d1e, 0x8d7f, 0x95bf, 0x95bf, 0x95be, 0x959e, 
	0x95be, 0x959e, 0x9dbf, 0x9ddf, 0x9dbf, 0xa5df, 0xb61f, 0xbe7f, 0xc6bf, 0xc6bf, 0xcedf, 0xceff, 0xceff, 0xceff, 0xc6bf, 0xc6bf, 
	0xae5f, 0xa61e, 0xae3e, 0xbebf, 0xcf3f, 0xc6ff, 0xbe9f, 0xb65e, 0xc6df, 0xc6bf, 0xceff, 0xceff, 0xc6be, 0xbebe, 0xc6be, 0xbe9e, 
	0xb63e, 0xae1d, 0xa5fd, 0xa5fe, 0xae1e, 0xae3e, 0xae3f, 0xb65f, 0xbebf, 0xc6df, 0xc67f, 0xbe1f, 0x9d1c, 0x7bd8, 0x7398, 0x7378, 
	0x7399, 0x73b9, 0x8419, 0x94ba, 0xb5dd, 0xdeff, 0xce5f, 0x8c37, 0x83d8, 0x9c5b, 0xacff, 0x9c7d, 0x8bfa, 0x943a, 0x8c18, 0x83d7, 
	0x9c7a, 0x8bf9, 0x8bf9, 0x8c19, 0x83d8, 0x8bf9, 0x945a, 0x9c7b, 0xa4bb, 0x9c7a, 0x9439, 0x8c18, 0x8c18, 0x8c18, 0x8c18, 0x8c17, 
	0xbb9a, 0xc3bb, 0xc3bb, 0xc3bb, 0xc3bb, 0xc3bb, 0xc3bb, 0xc3bb, 0xbbbb, 0xc3db, 0xbbdb, 0xbbbb, 0xb3bb, 0xb3bb, 0xbbdc, 0xbbfc, 
	0xbbdb, 0xbbdb, 0xb3db, 0xb3db, 0xb3fb, 0xb41c, 0xbc3c, 0xb45d, 0xbcbe, 0xb49d, 0xac9d, 0xacdd, 0xa4dd, 0xa4dd, 0x9cbc, 0x9cdc, 
	0xa57e, 0xa5bf, 0xa5df, 0xa5df, 0x9dbe, 0x959e, 0x95be, 0x95be, 0x95be, 0x95be, 0x95be, 0x9ddf, 0xa5ff, 0xa5ff, 0xa5df, 0x9ddf, 
	0x959e, 0x8d7e, 0x8d7e, 0x8d7d, 0x8d7d, 0x8d7e, 0x857e, 0x857e, 0x855e, 0x855e, 0x857e, 0x855e, 0x855e, 0x853e, 0x8d5e, 0x8d5e, 
	0x8d7e, 0x8d7e, 0x8d7e, 0x8d7e, 0x8d7e, 0x959e, 0x9ddf, 0x9dff, 0x9dff, 0x9dff, 0x9dff, 0x95df, 0x8d9e, 0x8d5e, 0x853d, 0x855e, 
	0x853e, 0x853e, 0x853e, 0x853e, 0x855f, 0x855f, 0x855f, 0x855f, 0x855e, 0x855e, 0x857e, 0x8d7e, 0x8d7e, 0x8d7e, 0x959e, 0x959e, 
	0x95be, 0x8dbd, 0x8d9d, 0x8d9d, 0x959e, 0x95be, 0x8d9e, 0x8d7e, 0x959e, 0x959e, 0x959f, 0x95bf, 0x95bf, 0x95bf, 0x95bf, 0x95bf, 
	0x95be, 0x95be, 0x95be, 0x8dbe, 0x8dbe, 0x8d9e, 0x8d9e, 0x8d9e, 0x8d7e, 0x8d7e, 0x8d9e, 0x8d9e, 0x8d9e, 0x8d9e, 0x8d9e, 0x8d7e, 
	0x95be, 0x95de, 0x95df, 0x9dff, 0x9dff, 0x9e1f, 0x9dff, 0x95df, 0x95bf, 0x8dbe, 0x8d9e, 0x8d9e, 0x8dbf, 0x8dbf, 0x8dbf, 0x8dbf, 
	0x8d9e, 0x8dbf, 0x95df, 0x95df, 0x95df, 0x95bf, 0x8d9f, 0x8d9f, 0x8d9e, 0x8d7e, 0x8d7e, 0x8d7e, 0x8d7f, 0x8d7f, 0x8d7f, 0x8d7f, 
	0x857f, 0x8d9f, 0x8d9f, 0x8d9e, 0x95be, 0x9dff, 0xa63f, 0xae3f, 0xb67f, 0xb65f, 0xb67f, 0xb67f, 0xae5f, 0x9dff, 0x95be, 0x95be, 
	0x9dde, 0x95be, 0x8d9e, 0x8d7e, 0x8d9e, 0x8d9e, 0x8d9f, 0x8d7f, 0x8d9f, 0x8d7f, 0x8d7f, 0x8d9f, 0x8d9f, 0x8d9f, 0x8d9f, 0x8d9f, 
	0x95bf, 0x8d9f, 0x8d7f, 0x8d7e, 0x855e, 0x855f, 0x855f, 0x855f, 0x855f, 0x855f, 0x855f, 0x855e, 0x855e, 0x855e, 0x7d5e, 0x7d5e, 
	0x7d5e, 0x7d5e, 0x7d5e, 0x7d3e, 0x7d3f, 0x7d3f, 0x7d1f, 0x7d1f, 0x7d1f, 0x7d1f, 0x7d1e, 0x853f, 0x855f, 0x8d7f, 0x8d7f, 0x8d5e, 
	0x959f, 0x8d9e, 0x8d7e, 0x855e, 0x7d3e, 0x7d1f, 0x7cff, 0x7cff, 0x74ff, 0x7cfe, 0x7d1e, 0x855e, 0x8d7e, 0x959e, 0x9dbe, 0xa5fe, 
	0xa61f, 0xae1f, 0xae3f, 0xae3f, 0xae1f, 0xadff, 0xb63f, 0xc67f, 0xcebf, 0xcebf, 0xcede, 0xceff, 0xd71f, 0xd6ff, 0xcedf, 0xc6df, 
	0xb67f, 0xa5fe, 0xa61e, 0xbedf, 0xcf5f, 0xc6ff, 0xb65e, 0xadfd, 0xadfc, 0xae1d, 0xb67e, 0xbebf, 0xc6df, 0xc6df, 0xbebf, 0xb67e, 
	0xa61d, 0xa5dd, 0x9dbd, 0x9dbd, 0xa5de, 0xa5de, 0xadfe, 0xae1e, 0xbe9f, 0xc69f, 0xb61f, 0xa59e, 0x8c9b, 0x73b8, 0x73b9, 0x7bda, 
	0x845c, 0x8c7b, 0xa55e, 0xc65f, 0xd6df, 0xce5f, 0xa51c, 0x7b97, 0x9c7c, 0xb51f, 0xacdf, 0x8bfb, 0x8bfa, 0x8bd8, 0x83b6, 0xa4da, 
	0xb55e, 0x8c19, 0x7b97, 0x83b8, 0x83d8, 0x9c7b, 0xb55e, 0xb55e, 0x9c9b, 0x9c7a, 0x9439, 0x8c18, 0x9438, 0x9c9a, 0xa4da, 0xa4fb, 
	0xbbba, 0xbbbb, 0xbbbb, 0xbbbb, 0xc3bb, 0xc3bb, 0xc3db, 0xc3db, 0xbbbb, 0xbbdb, 0xbbdb, 0xb3bb, 0xb3bb, 0xb3fc, 0xbc1c, 0xbc3c, 
	0xbbfc, 0xbbdb, 0xbbdb, 0xb3db, 0xb3db, 0xb41c, 0xb43c, 0xb45c, 0xb49d, 0xbcfe, 0xb51e, 0xb51e, 0xad3e, 0xa53e, 0x9cfd, 0x94bc, 
	0x9d3d, 0xa57e, 0xa5bf, 0xa5df, 0xa5df, 0x9ddf, 0x9dde, 0x9dde, 0x95de, 0x95de, 0x9dde, 0xa5ff, 0xa61f, 0xae1f, 0xa61f, 0xa5ff, 
	0x95be, 0x959e, 0x8d7e, 0x8d7d, 0x8d7d, 0x8d7e, 0x8d7e, 0x8d7e, 0x857e, 0x857e, 0x857e, 0x855e, 0x855e, 0x853e, 0x853e, 0x853e, 
	0x8d7e, 0x8d7e, 0x959e, 0x95be, 0x95be, 0x9ddf, 0x9dff, 0x9e1f, 0x9dff, 0x9e1f, 0x9e1f, 0x9ddf, 0x959f, 0x8d7e, 0x8d5e, 0x8d5e, 
	0x853e, 0x853e, 0x853f, 0x853f, 0x855f, 0x855f, 0x855f, 0x855f, 0x855e, 0x855e, 0x8d7e, 0x8d9e, 0x8d9e, 0x959e, 0x959e, 0x95be, 
	0x95be, 0x95bd, 0x8d9d, 0x959d, 0x959e, 0x95be, 0x959e, 0x8d9e, 0x95bf, 0x95bf, 0x959f, 0x959f, 0x95bf, 0x95bf, 0x95bf, 0x95be, 
	0x95be, 0x95be, 0x95be, 0x8dbe, 0x8dbe, 0x8d9e, 0x8d9e, 0x8d7e, 0x8d7e, 0x8d9e, 0x8d9e, 0x8d9f, 0x8d9f, 0x8d9f, 0x8d9e, 0x8d7e, 
	0x95be, 0x95de, 0x9dfe, 0x9dff, 0x9e1f, 0x9e1f, 0x9e1f, 0x95df, 0x95df, 0x95be, 0x8dbe, 0x8d9e, 0x8dbe, 0x8dbf, 0x8dbf, 0x8dbf, 
	0x8d9e, 0x8dbf, 0x95df, 0x95df, 0x95df, 0x95bf, 0x8d9f, 0x8d9f, 0x8d9e, 0x8d7e, 0x8d7e, 0x8d7e, 0x8d7f, 0x8d7f, 0x8d7f, 0x8d7f, 
	0x859f, 0x8d9f, 0x8d9f, 0x8d9e, 0x95be, 0x9ddf, 0xa61f, 0xa61f, 0xae1f, 0xae3f, 0xb67f, 0xb69f, 0xae7f, 0xa61f, 0x95be, 0x959d, 
	0x95be, 0x959e, 0x8d7e, 0x8d7e, 0x8d7e, 0x8d9e, 0x8d7f, 0x8d7e, 0x8d7f, 0x8d7f, 0x8d7e, 0x8d7e, 0x8d9f, 0x8d9f, 0x8d9f, 0x8d9f, 
	0x95bf, 0x8dbf, 0x8d9f, 0x8d7f, 0x857e, 0x855e, 0x855f, 0x855f, 0x855f, 0x855f, 0x855f, 0x855e, 0x855e, 0x855e, 0x7d5e, 0x7d5e, 
	0x7d5e, 0x7d5e, 0x7d5e, 0x7d3e, 0x7d3e, 0x7d3f, 0x7d1f, 0x7d1f, 0x7d1e, 0x7d1e, 0x853f, 0x8d7f, 0x8d9f, 0x8d9f, 0x8d9f, 0x8d9e, 
	0x9ddf, 0x9ddf, 0x95bf, 0x8d9f, 0x855e, 0x7d1e, 0x7cfe, 0x7cfe, 0x7d1f, 0x7d1e, 0x853e, 0x855e, 0x8d5d, 0x959d, 0xa61e, 0xb67f, 
	0xb67f, 0xb67f, 0xb67f, 0xb65f, 0xb63f, 0xb61f, 0xbe3f, 0xc67f, 0xcebf, 0xcebe, 0xcede, 0xcefe, 0xd71f, 0xd71f, 0xceff, 0xc6df, 
	0xb67f, 0xa5fe, 0xa61e, 0xc6df, 0xcf5f, 0xc6df, 0xae1e, 0x9dbc, 0x955a, 0x9d9b, 0xa5fd, 0xb65e, 0xbebf, 0xbedf, 0xb67f, 0xa61e, 
	0xa61e, 0x9ddd, 0x95bd, 0x9dbd, 0x9dbe, 0xa5de, 0xa5de, 0xadfe, 0xc6bf, 0xb63f, 0x951b, 0x7c59, 0x73d8, 0x73d9, 0x8cbd, 0x9d3f, 
	0xa57f, 0xa59f, 0xb5ff, 0xbe1f, 0xad7d, 0x94bb, 0x9c9b, 0xa4dd, 0xad1f, 0x941c, 0x83ba, 0x8bba, 0x93fa, 0x8bf8, 0x9c79, 0xd63f, 
	0xad1c, 0x8bf9, 0x7bb7, 0x8bf9, 0x8bf9, 0x9cbb, 0xb55e, 0xad1d, 0x9c9b, 0x9c9b, 0x947a, 0x9459, 0xa4da, 0xbdbe, 0xce1f, 0xce1f, 
	0xbbbb, 0xbbbb, 0xbbdb, 0xbbbb, 0xbbbb, 0xbbdb, 0xbbdb, 0xbbdb, 0xc3fc, 0xc43d, 0xc43d, 0xbbfc, 0xb3db, 0xb3fb, 0xb41c, 0xb3fc, 
	0xbbfc, 0xbbdb, 0xbbdb, 0xbbdb, 0xb3db, 0xb3fb, 0xb41c, 0xb45c, 0xb49d, 0xbd1e, 0xbd5f, 0xb53f, 0xad5f, 0xad9f, 0xad7f, 0x9d5e, 
	0x9d3d, 0x9d5d, 0xa57e, 0xa5bf, 0xa5df, 0xa5df, 0x9dde, 0x9dfe, 0x9dfe, 0x9dfe, 0x9dfe, 0xa61f, 0xae3f, 0xae3f, 0xae1f, 0xa61f, 
	0x9dde, 0x95de, 0x959e, 0x8d9e, 0x8d9e, 0x8d9e, 0x8d9e, 0x8d9e, 0x8d9e, 0x8d9f, 0x8d9f, 0x8d7e, 0x855e, 0x855e, 0x853e, 0x853e, 
	0x8d7e, 0x8d7e, 0x95bf, 0x95df, 0x9ddf, 0x9dff, 0x9dff, 0x9e1f, 0x9e1f, 0x9dff, 0x9dff, 0x9ddf, 0x9dbf, 0x959f, 0x8d5e, 0x8d3e, 
	0x853e, 0x853f, 0x853f, 0x855f, 0x855f, 0x855f, 0x855f, 0x855f, 0x855e, 0x855e, 0x8d7e, 0x8d9e, 0x959e, 0x95be, 0x9dbe, 0x9dde, 
	0x9dfe, 0x95de, 0x95de, 0x95de, 0x95be, 0x95be, 0x95be, 0x959e, 0x95bf, 0x95bf, 0x95bf, 0x95bf, 0x8d9f, 0x8d9f, 0x8d9f, 0x8d9e, 
	0x95bf, 0x95bf, 0x95be, 0x8dbe, 0x8dbe, 0x8d9e, 0x8d9e, 0x8d7e, 0x8d7e, 0x8d9e, 0x8d9f, 0x8dbf, 0x95bf, 0x8dbf, 0x8d9f, 0x8d9e, 
	0x95be, 0x9dde, 0x9dfe, 0x9dff, 0x9e1f, 0x9e1f, 0x9e1f, 0x95df, 0x95de, 0x95be, 0x8dbe, 0x8d9e, 0x8dbe, 0x8dbe, 0x8dbf, 0x8dbf, 
	0x8d9e, 0x95bf, 0x95df, 0x95df, 0x95df, 0x95bf, 0x8d9f, 0x8d9f, 0x8d9e, 0x8d7e, 0x8d7e, 0x8d7f, 0x8d7f, 0x8d7f, 0x8d7f, 0x8d7f, 
	0x859f, 0x8d9f, 0x8d9e, 0x8d9e, 0x95be, 0x9dde, 0xa5fe, 0xa5fe, 0xa5fe, 0xae1e, 0xae5f, 0xb67f, 0xae5f, 0xa61f, 0x95be, 0x959d, 
	0x95be, 0x95be, 0x959e, 0x959e, 0x8d9e, 0x8d7e, 0x8d7e, 0x8d7e, 0x8d7f, 0x8d7f, 0x857e, 0x857e, 0x8d7e, 0x8d9f, 0x8d9f, 0x8d9f, 
	0x95bf, 0x95bf, 0x8d9f, 0x8d7f, 0x857f, 0x857f, 0x855f, 0x855f, 0x855f, 0x855f, 0x855f, 0x855e, 0x855e, 0x855e, 0x7d5e, 0x7d5e, 
	0x7d5e, 0x7d5e, 0x7d5e, 0x7d5e, 0x7d3e, 0x7d3f, 0x7d1f, 0x7d1f, 0x7d1e, 0x7d3e, 0x855f, 0x8d7f, 0x8d9f, 0x95bf, 0x95be, 0x95be, 
	0x9dfe, 0xa5fe, 0xa5ff, 0x9ddf, 0x8d9f, 0x853e, 0x7d1e, 0x7cfe, 0x7cfe, 0x7d1e, 0x7d1d, 0x855d, 0x8d7d, 0x95bd, 0xae3f, 0xbebf, 
	0xbebe, 0xbebe, 0xbe9f, 0xbe9f, 0xbe5f, 0xb63e, 0xbe5f, 0xc69f, 0xcedf, 0xcedf, 0xcefe, 0xd71f, 0xd73f, 0xd71f, 0xcedf, 0xc6bf, 
	0xa5fe, 0x9dbe, 0xa5fe, 0xbebf, 0xcf1f, 0xbebf, 0xa5dd, 0x955b, 0x9d7c, 0xa5fd, 0xae1e, 0xae3e, 0xb69f, 0xb69f, 0xa61e, 0x9ddd, 
	0xa63f, 0x9dfe, 0x95bd, 0x9dbe, 0x9dbe, 0xa5be, 0xa5de, 0xadff, 0xc69f, 0xb61f, 0x8cfb, 0x7c79, 0x7c3a, 0x847b, 0x9d5f, 0xa5bf, 
	0xa59f, 0xaddf, 0xa59f, 0x8c9b, 0x73b8, 0x7bb8, 0x9cdd, 0xc5df, 0xb51f, 0x8399, 0x8399, 0x8bb9, 0x8398, 0xa49b, 0xbd5e, 0xb53d, 
	0x83d8, 0x83d8, 0x945a, 0x9cbb, 0x9c9b, 0x9cbc, 0xa4fc, 0x9cbb, 0x947a, 0x9cbb, 0x9cbb, 0xa4db, 0xb59d, 0xce3f, 0xc61f, 0xb57c, 
	0xbbdb, 0xbbdb, 0xbbdb, 0xbbdb, 0xbbdb, 0xbbdb, 0xbbdb, 0xbbdb, 0xbc1c, 0xc45d, 0xcc7e, 0xbc5d, 0xb41c, 0xb41c, 0xabfb, 0xabdb, 
	0xbbdb, 0xbbdb, 0xbbdb, 0xbbdb, 0xb3db, 0xb3fb, 0xac1b, 0xac1b, 0xac7c, 0xacdd, 0xad1e, 0xad3e, 0xa55e, 0xa57f, 0xa5bf, 0xaddf, 
	0xa59e, 0xa55e, 0xa57e, 0xa5bf, 0xa5df, 0xa5ff, 0xa5ff, 0xa61f, 0xa61f, 0xa61e, 0xa61e, 0xa63f, 0xae3f, 0xae3f, 0xae1e, 0xa61e, 
	0xa61f, 0x9dff, 0x95de, 0x95be, 0x8dbe, 0x8dbe, 0x8dbe, 0x8dbe, 0x8dbf, 0x8dbf, 0x8dbf, 0x8d9f, 0x8d7f, 0x8d5e, 0x8d5f, 0x8d5f, 
	0x8d7f, 0x959f, 0x95bf, 0x95bf, 0x95de, 0x9dde, 0x9dfe, 0x9dfe, 0x9dfe, 0x9dfe, 0x9dde, 0x9ddf, 0x9ddf, 0x9dbf, 0x957f, 0x8d3e, 
	0x853e, 0x855f, 0x855f, 0x855f, 0x855f, 0x855f, 0x855f, 0x855f, 0x855e, 0x855e, 0x8d7f, 0x8d9f, 0x95be, 0x9dbf, 0x9ddf, 0x9dff, 
	0x9e1e, 0x9e1e, 0x9dfe, 0x9dfe, 0x9dff, 0x9ddf, 0x95df, 0x95bf, 0x95bf, 0x95bf, 0x95bf, 0x8d9f, 0x8d9f, 0x8d9f, 0x8dbf, 0x8dbf, 
	0x95df, 0x95bf, 0x95bf, 0x95be, 0x8dbe, 0x8d9e, 0x8d9e, 0x8d7e, 0x8d7e, 0x8d7e, 0x8d9f, 0x95bf, 0x95bf, 0x95df, 0x95bf, 0x95bf, 
	0x95de, 0x9dfe, 0x9dfe, 0x9dfe, 0x9e1f, 0x9e1f, 0x9e1f, 0x95df, 0x95de, 0x95be, 0x8dbe, 0x8d9e, 0x8dbe, 0x8dbe, 0x8dbe, 0x8d9e, 
	0x8d9e, 0x95bf, 0x95df, 0x95ff, 0x95df, 0x95bf, 0x8dbf, 0x8dbf, 0x8d9f, 0x8d9f, 0x8d7f, 0x8d7f, 0x8d9f, 0x8d9f, 0x8d9f, 0x8d9f, 
	0x8d9f, 0x8dbf, 0x8dbf, 0x95be, 0x95de, 0xa5ff, 0xa61f, 0xa61e, 0xa5fe, 0xae1e, 0xae3f, 0xb67f, 0xae5f, 0xa5fe, 0x9dde, 0x95be, 
	0x9ddf, 0x9ddf, 0x9ddf, 0x95bf, 0x959f, 0x8d7f, 0x8d7f, 0x8d7f, 0x8d7f, 0x8d7f, 0x857e, 0x857e, 0x8d9e, 0x8d9f, 0x8dbf, 0x8dbf, 
	0x95bf, 0x95bf, 0x8d9f, 0x8d9f, 0x8d7f, 0x857f, 0x855f, 0x855f, 0x855f, 0x855f, 0x855f, 0x855e, 0x855e, 0x855e, 0x7d5e, 0x7d5e, 
	0x7d5e, 0x7d5e, 0x7d5e, 0x7d5e, 0x7d3e, 0x7d3f, 0x7d3f, 0x7d1e, 0x7d1e, 0x855f, 0x8d7f, 0x8d9f, 0x8d9f, 0x95be, 0x95df, 0x9dff, 
	0xa5fe, 0xa61e, 0xae3f, 0xa61f, 0x95df, 0x8d7e, 0x853e, 0x7d1e, 0x7cfd, 0x7cfd, 0x7d1d, 0x855d, 0x95bd, 0xa61e, 0xae7f, 0xbedf, 
	0xc6fe, 0xcf1e, 0xcf1f, 0xc6df, 0xbe7f, 0xb63e, 0xc67f, 0xcedf, 0xd71f, 0xd71f, 0xd71f, 0xd73f, 0xd71f, 0xcedf, 0xbe7f, 0xae1f, 
	0x957c, 0x8d5c, 0x957d, 0xa5ff, 0xb65f, 0xb65f, 0xa5fe, 0x9d9c, 0xae3f, 0xbe9f, 0xb67f, 0xae3f, 0xae5f, 0xae3f, 0x9dfe, 0x9dfe, 
	0xa65f, 0x9e1e, 0x95be, 0x95be, 0x9dbe, 0xa5be, 0xa5df, 0xaddf, 0xb61f, 0xaddf, 0x9d3c, 0x953c, 0x953d, 0x951e, 0x9d7f, 0x953f, 
	0x9d5f, 0x9d7f, 0x8cdd, 0x73f9, 0x7bd9, 0x947c, 0xa51e, 0xb55f, 0x945a, 0x8bd8, 0x83b8, 0x8377, 0x941a, 0xbd1f, 0xac9d, 0x7b58, 
	0x8bf9, 0x947a, 0xa4dc, 0xa4fc, 0xa4bc, 0x9cbb, 0x9cbb, 0x947a, 0x8c39, 0x947a, 0x9cdb, 0xad1c, 0xb55c, 0xb57c, 0xa4fa, 0x9478, 
	0xb3fb, 0xb3fb, 0xb3db, 0xb3db, 0xbbdb, 0xbbdb, 0xbbdb, 0xbbdb, 0xb39a, 0xbc1c, 0xcc7e, 0xc47d, 0xbc5d, 0xbc5d, 0xb43c, 0xb3fb, 
	0xb3db, 0xbbdb, 0xbbfb, 0xb3fb, 0xb3fb, 0xb3fb, 0xabfb, 0xac1b, 0xa41b, 0xa43b, 0xa49c, 0xa4fd, 0xa51d, 0x9d1d, 0x9d5e, 0xaddf, 
	0xb5ff, 0xa59e, 0xa57e, 0xa5be, 0xadff, 0xadff, 0xa61f, 0xae1f, 0xae3f, 0xa63f, 0xa61e, 0xae1e, 0xae3f, 0xae3f, 0xae1e, 0xae1e, 
	0xa63f, 0x9e1f, 0x9dde, 0x95de, 0x95be, 0x95be, 0x95be, 0x95be, 0x8dbe, 0x8dbf, 0x95bf, 0x8dbf, 0x8d9f, 0x8d9f, 0x8d9f, 0x8d9f, 
	0x959f, 0x959f, 0x95bf, 0x95be, 0x95de, 0x95de, 0x9dde, 0x9dfe, 0x9dfe, 0x9dde, 0x9dde, 0x9ddf, 0x9ddf, 0x9ddf, 0x957f, 0x8d5e, 
	0x853e, 0x855f, 0x8d5f, 0x8d7f, 0x857f, 0x855f, 0x855f, 0x855e, 0x855e, 0x855e, 0x8d7e, 0x959e, 0x95be, 0x9ddf, 0xa5ff, 0xa61f, 
	0xa61e, 0xa61e, 0xa61e, 0xa61f, 0xa61f, 0x9e1f, 0x9dff, 0x95df, 0x95bf, 0x8d9f, 0x8d9f, 0x8d9f, 0x8d9f, 0x8dbf, 0x8dbf, 0x95bf, 
	0x95df, 0x95df, 0x95be, 0x95be, 0x8dbe, 0x8d9e, 0x8d9e, 0x8d9e, 0x857e, 0x8d7e, 0x8d9f, 0x95bf, 0x95df, 0x95df, 0x95df, 0x95df, 
	0x9dfe, 0x9e1e, 0x9e1e, 0x9e1e, 0x9e1e, 0xa61f, 0x9e1f, 0x9dfe, 0x95de, 0x95de, 0x8dbe, 0x8d9e, 0x8dbe, 0x8dbe, 0x8dbe, 0x8d9e, 
	0x8d9e, 0x95bf, 0x9dff, 0x9dff, 0x95df, 0x95bf, 0x8dbf, 0x8dbf, 0x8dbf, 0x8d9f, 0x8d9f, 0x8d9f, 0x8d9f, 0x8d9f, 0x8d9f, 0x8d9f, 
	0x8d9f, 0x8dbf, 0x8dbf, 0x95bf, 0x9ddf, 0xa61f, 0xae3f, 0xae3f, 0xae1e, 0xae1f, 0xae3f, 0xae5f, 0xae3f, 0xa5fe, 0x9dde, 0x9dde, 
	0x9dff, 0x9dff, 0x9dff, 0x9ddf, 0x95bf, 0x8d9e, 0x8d7e, 0x8d7e, 0x8d9f, 0x8d7e, 0x8d7e, 0x8d7e, 0x8d9e, 0x8d9e, 0x8dbf, 0x8dbf, 
	0x95bf, 0x95bf, 0x95bf, 0x8d9f, 0x8d9f, 0x857f, 0x855f, 0x855f, 0x855e, 0x855f, 0x855f, 0x855f, 0x855e, 0x855e, 0x7d5e, 0x7d5e, 
	0x7d5e, 0x7d5e, 0x7d5e, 0x7d3e, 0x7d3e, 0x7d3e, 0x7d3e, 0x7d1e, 0x855f, 0x8d7f, 0x8d9f, 0x959f, 0x8d9e, 0x95be, 0x9dff, 0xa63f, 
	0xa5fe, 0xae1e, 0xae5f, 0xae5f, 0xa5ff, 0x95be, 0x8d7e, 0x855e, 0x853e, 0x7d1d, 0x853d, 0x959e, 0xa61f, 0xb67f, 0xc6bf, 0xceff, 
	0xcf3f, 0xd77f, 0xdf9f, 0xd73f, 0xc69e, 0xbe3d, 0xc69f, 0xd71f, 0xd73f, 0xd71f, 0xd71f, 0xcf1f, 0xceff, 0xbe9f, 0xadff, 0x9d9e, 
	0x853d, 0x851c, 0x851c, 0x8d5c, 0x9dde, 0xae1e, 0xae1e, 0xadfe, 0xb67f, 0xc6ff, 0xbe9f, 0xa5fe, 0x9dff, 0x9ddf, 0x95bf, 0x9dff, 
	0xa65f, 0x9e1f, 0x9dde, 0x9dbe, 0x9dbe, 0x9dbe, 0xa5df, 0xaddf, 0x9d7d, 0x9d7e, 0x953d, 0x955e, 0x9d7f, 0x955f, 0x9d7f, 0x951e, 
	0x94fe, 0x847c, 0x73b9, 0x6b99, 0x8c5c, 0xa4de, 0x9c9d, 0x8c3a, 0x83d8, 0x8bf8, 0x7b56, 0x8bf8, 0xd63f, 0xcdff, 0x8bda, 0x8c1a, 
	0xad5e, 0xb59e, 0xad3d, 0x949b, 0x947a, 0x949b, 0x947a, 0x8c59, 0x8c39, 0x8c59, 0x949a, 0x9cba, 0x9499, 0x8c78, 0x9498, 0x9cd9, 
	0xbc1b, 0xb41b, 0xb3fa, 0xb3fb, 0xbbfb, 0xbbfb, 0xbbdb, 0xbbbb, 0xbbdb, 0xbbdb, 0xb3db, 0xbbfb, 0xbc3c, 0xc47d, 0xbc5d, 0xbc3c, 
	0xabdb, 0xb41c, 0xb41b, 0xabfb, 0xb41b, 0xbc7c, 0xb43b, 0xa3b9, 0xb41b, 0xac3b, 0xa43b, 0x9c3a, 0x9c7b, 0x9cfd, 0xa55e, 0x9d7e, 
	0xa5df, 0xadff, 0xae1f, 0xae1f, 0xadff, 0xadfe, 0xae1e, 0xae3f, 0xae1e, 0xae1e, 0xae1e, 0xae3e, 0xae3f, 0xae3f, 0xae1f, 0xae1f, 
	0xa61e, 0xa61e, 0xa5fe, 0x9dfe, 0x9dde, 0x95de, 0x95be, 0x95be, 0x95be, 0x95bf, 0x95be, 0x8d9e, 0x959e, 0x95df, 0x9dff, 0x9dff, 
	0x95be, 0x95df, 0x95ff, 0x9dff, 0x95de, 0x95de, 0x95be, 0x95be, 0x9dde, 0x95de, 0x95be, 0x95be, 0x95de, 0x95be, 0x959e, 0x8d7e, 
	0x855e, 0x855e, 0x855e, 0x855e, 0x857f, 0x857f, 0x855e, 0x855e, 0x855e, 0x855e, 0x8d7e, 0x8d9e, 0x95be, 0x9ddf, 0xa5ff, 0xa5ff, 
	0xa63f, 0xa63f, 0xa63f, 0xa63e, 0xa63e, 0xa61e, 0x9e1f, 0x9dff, 0x95df, 0x95bf, 0x8d9f, 0x8d9f, 0x8dbf, 0x8d9e, 0x8d9e, 0x8dbe, 
	0x8dbe, 0x8dbe, 0x8dbe, 0x8dbe, 0x8d9e, 0x8d9e, 0x859e, 0x857f, 0x857e, 0x857e, 0x8d9f, 0x95df, 0x95df, 0x95df, 0x95bf, 0x95be, 
	0xa63f, 0x9dfe, 0x9dfe, 0x9e1e, 0xa63e, 0xa63e, 0x9e1e, 0x9dfe, 0x9e1f, 0x95ff, 0x95de, 0x8dbe, 0x95de, 0x95de, 0x9dbe, 0x95be, 
	0x95be, 0x9ddf, 0x9e1f, 0x9e3f, 0x9dff, 0x8dbf, 0x8dbf, 0x8ddf, 0x8d9f, 0x859f, 0x857e, 0x857e, 0x8d7f, 0x8d9f, 0x8d9f, 0x8dbf, 
	0x8dbf, 0x8dbf, 0x8dbf, 0x95be, 0x95de, 0x9dfe, 0xa61f, 0xae3f, 0xa61e, 0xae3f, 0xae5f, 0xae5f, 0xa61f, 0x9dfe, 0x9ddd, 0x9dde, 
	0x9dde, 0x9dfe, 0xa61f, 0x9e1f, 0x9ddf, 0x959e, 0x8d7e, 0x8d7e, 0x8d9e, 0x8d9e, 0x8d9e, 0x8d9e, 0x8d9e, 0x8dbe, 0x95be, 0x95be, 
	0x95be, 0x95bf, 0x95df, 0x95bf, 0x8d9f, 0x8d7f, 0x855e, 0x855f, 0x855f, 0x855f, 0x855f, 0x855f, 0x855f, 0x855f, 0x7d5e, 0x7d5e, 
	0x7d5e, 0x7d5e, 0x7d3e, 0x7d3e, 0x7d3e, 0x7d3e, 0x7d3e, 0x7d3e, 0x855f, 0x855f, 0x8d9f, 0x95bf, 0x8d7e, 0x959e, 0x9ddf, 0xa5ff, 
	0xa5de, 0xae1f, 0xb67f, 0xb65f, 0xae5e, 0xae5f, 0x9dfe, 0x851c, 0x7d1d, 0x74dc, 0x855e, 0xa63f, 0xbe9f, 0xcedf, 0xdf1f, 0xdf3f, 
	0xd75f, 0xd75f, 0xd75f, 0xd75f, 0xcebf, 0xc65e, 0xcebf, 0xe77f, 0xe77f, 0xcedf, 0xceff, 0xceff, 0xae3e, 0xa5df, 0xa5df, 0x8d5f, 
	0x7d1d, 0x7d1d, 0x7d1c, 0x8d7d, 0x9dbd, 0x9dbc, 0xb65d, 0xbe9e, 0xbe9e, 0xc6df, 0xbebf, 0xa61e, 0x957d, 0x8d5e, 0x8d9f, 0x95bf, 
	0xae5f, 0x9ddf, 0x9dbe, 0xa5df, 0x9dbe, 0xa5ff, 0xae3f, 0x8d3c, 0x7cbb, 0x8cfd, 0x955f, 0xa5bf, 0x953e, 0x9d5f, 0xadff, 0x8cdd, 
	0x8c5c, 0x83bb, 0x7b7a, 0x83ba, 0x83bb, 0x7b9a, 0x7bba, 0x83fa, 0x83d9, 0x6b15, 0x83d8, 0xad5d, 0xc61f, 0xad5c, 0x9499, 0xbdff, 
	0xce7f, 0xbe1f, 0xa57d, 0x94db, 0x8c7a, 0x8459, 0x845a, 0x8c9a, 0x8cbb, 0x94fb, 0x9d1c, 0x94fb, 0x94fa, 0x951b, 0x9d5b, 0xa57c, 
	0xb41a, 0xb41b, 0xb41b, 0xb3fb, 0xbbfb, 0xbbdb, 0xbbdb, 0xbbdb, 0xbbfc, 0xbbdb, 0xb3db, 0xbbfb, 0xbc3c, 0xbc5c, 0xbc5c, 0xbc5c, 
	0xb47c, 0xb45c, 0xac3b, 0xac3b, 0xac5b, 0xb47c, 0xbc9c, 0xbcbd, 0xb45b, 0xac5b, 0xa43a, 0x9c3a, 0x9c5b, 0x9cbc, 0xad5e, 0xaddf, 
	0xa5df, 0xa61f, 0xae1f, 0xae1f, 0xadfe, 0xadfe, 0xae1e, 0xb63f, 0xae1e, 0xae1e, 0xae3e, 0xae3e, 0xae3e, 0xae3f, 0xae3f, 0xae3f, 
	0xa61e, 0xa61e, 0xa61e, 0xa5fe, 0x9dde, 0x9dde, 0x95be, 0x95be, 0x95be, 0x95be, 0x95be, 0x959e, 0x95be, 0x95df, 0x9dff, 0x9dff, 
	0x95de, 0x95fe, 0x95ff, 0x9dff, 0x9dde, 0x95be, 0x95be, 0x95be, 0x9dde, 0x95de, 0x95be, 0x95be, 0x95be, 0x95be, 0x95be, 0x8d7e, 
	0x855e, 0x855e, 0x855e, 0x855e, 0x857e, 0x857e, 0x855e, 0x855e, 0x855e, 0x855e, 0x8d7e, 0x8d9e, 0x95be, 0x9ddf, 0xa5ff, 0xa61f, 
	0xa63f, 0xa63f, 0xa63f, 0xa63e, 0xa63e, 0xa61e, 0x9e1e, 0x9dfe, 0x95df, 0x95bf, 0x8d9f, 0x8d9f, 0x8dbf, 0x8d9e, 0x8dbe, 0x8dbe, 
	0x8dbe, 0x8dbe, 0x8dbe, 0x8dbe, 0x8dbf, 0x859f, 0x859f, 0x857f, 0x857f, 0x855e, 0x857e, 0x8dbf, 0x95bf, 0x95bf, 0x8d9e, 0x95be, 
	0x9e1f, 0x9dfe, 0x9dfe, 0x9ddd, 0x9dfd, 0xa61d, 0x9dfe, 0x9dfe, 0x9e1f, 0x95fe, 0x95de, 0x95de, 0x95df, 0x9dff, 0x9dde, 0x9dde, 
	0x9dfe, 0x9e1f, 0xa63f, 0xa63f, 0x9e1f, 0x95df, 0x8dbf, 0x8dbf, 0x8d9f, 0x8d9f, 0x857e, 0x8d9e, 0x8d9f, 0x8d9f, 0x8dbf, 0x8d9f, 
	0x8dbf, 0x8dbf, 0x8dbf, 0x95be, 0x95de, 0x9dde, 0x9dfe, 0xa5fe, 0xa5fe, 0xae3f, 0xae5f, 0xb67f, 0xa61e, 0x9ddd, 0x9ddd, 0xa5fe, 
	0xa61e, 0xa61e, 0xa63f, 0xa61f, 0x9dff, 0x9dbe, 0x95be, 0x959e, 0x959e, 0x8d9e, 0x959e, 0x959e, 0x959e, 0x95be, 0x95be, 0x95be, 
	0x95be, 0x95bf, 0x95bf, 0x95bf, 0x8d7f, 0x8d7e, 0x855e, 0x855f, 0x855f, 0x855f, 0x855f, 0x855f, 0x855f, 0x855f, 0x7d5f, 0x7d5f, 
	0x7d5e, 0x7d5e, 0x7d5e, 0x7d3e, 0x7d3e, 0x7d3e, 0x7d3e, 0x7d3e, 0x853e, 0x7d3e, 0x8d7f, 0x95df, 0x959e, 0x957e, 0x959e, 0x959e, 
	0x9dbe, 0xa5ff, 0xb67f, 0xbe7f, 0xb67e, 0xbe9f, 0xae5f, 0x959d, 0x855e, 0x7d1d, 0x855e, 0x9ddf, 0xb65f, 0xcedf, 0xe73f, 0xdf3f, 
	0xdf5f, 0xdf9f, 0xdf7f, 0xd71f, 0xcedf, 0xd6ff, 0xdf1f, 0xdf3f, 0xd73f, 0xc69e, 0xc6bf, 0xbe9f, 0x9dbe, 0x957e, 0x957f, 0x7d1e, 
	0x7d1e, 0x855f, 0x7d1d, 0x853c, 0x8d7b, 0xa5dc, 0xc6df, 0xd73f, 0xd73f, 0xcf1f, 0xbe9f, 0x9ddd, 0x8d5c, 0x8d5e, 0x8d7f, 0x8d7f, 
	0xae5f, 0x9dbf, 0x959d, 0xa5ff, 0x9dbd, 0x959d, 0x9dbe, 0x7cdb, 0x851d, 0x955f, 0x957f, 0x9d5f, 0x953f, 0x9d9f, 0xa5bf, 0x7c3b, 
	0x7bba, 0x7b7a, 0x7b7a, 0x839a, 0x83bb, 0x83ba, 0x7b99, 0x7378, 0x7378, 0x7bd8, 0xad7e, 0xbdff, 0xa55c, 0xb5dd, 0xc67f, 0xcebf, 
	0xc69f, 0xb5ff, 0x9d3c, 0x8cdb, 0x8cba, 0x8cdb, 0x951c, 0x9d3d, 0xa57d, 0xa59e, 0xa5be, 0xa59d, 0x9d7d, 0xa5bd, 0xa5dd, 0xaddd, 
	0xb41a, 0xb41b, 0xbc3b, 0xbc1b, 0xb3fb, 0xb3fb, 0xbbfb, 0xbc1c, 0xbc1c, 0xbc1c, 0xb3fb, 0xb41b, 0xb41b, 0xb43c, 0xbc7c, 0xbc7c, 
	0xc4fe, 0xb49d, 0xb49c, 0xb4fd, 0xb4fd, 0xa4bc, 0xb51d, 0xc5bf, 0xbd7e, 0xbd1d, 0xb4dc, 0xac9b, 0xa47b, 0x9c7b, 0xacfd, 0xbdbf, 
	0xaddf, 0xa61f, 0xae1f, 0xae3f, 0xae1f, 0xae1e, 0xb63f, 0xb65f, 0xb63f, 0xb63f, 0xb63e, 0xae3e, 0xae3e, 0xae3f, 0xae3f, 0xae3f, 
	0xae3e, 0xa63e, 0xa61e, 0xa61e, 0x9dfe, 0x9dde, 0x9dde, 0x9dbe, 0x9dbe, 0x95be, 0x95be, 0x95be, 0x95be, 0x9dff, 0x9dff, 0x9dff, 
	0x95fe, 0x95ff, 0x9dff, 0x9dff, 0x9dfe, 0x9dde, 0x95de, 0x9dde, 0x9dde, 0x95be, 0x95be, 0x95be, 0x95be, 0x95be, 0x8d9e, 0x8d7e, 
	0x855e, 0x855e, 0x855e, 0x855e, 0x857e, 0x855e, 0x855e, 0x855e, 0x855e, 0x855e, 0x8d7e, 0x8d9e, 0x95bf, 0x9dff, 0xa61f, 0xa61f, 
	0xa61f, 0xa63f, 0xa63f, 0xa63e, 0xa63e, 0xa61e, 0x9e1e, 0x9dfe, 0x95df, 0x95bf, 0x8d9f, 0x8dbf, 0x8dbf, 0x8d9f, 0x8d9e, 0x8dbe, 
	0x8dbe, 0x8dbe, 0x8dbe, 0x8dbf, 0x8dbf, 0x8d9f, 0x857f, 0x857f, 0x857f, 0x855e, 0x857e, 0x8d9e, 0x8d9e, 0x8d9e, 0x8d9e, 0x95be, 
	0xa63f, 0xa63f, 0xa63f, 0x9ddd, 0x9ddd, 0xa61e, 0xa61e, 0x9e1e, 0x9e1e, 0x95ff, 0x95ff, 0x95ff, 0x9e1f, 0xa61f, 0xa5ff, 0xa5fe, 
	0xa61f, 0xa63f, 0xa65f, 0xae7f, 0xa63f, 0x9dff, 0x95de, 0x95de, 0x8dbe, 0x8d9e, 0x8d7e, 0x8d9e, 0x8d9f, 0x95bf, 0x95bf, 0x8dbf, 
	0x8d9e, 0x8dbf, 0x8dbf, 0x95be, 0x95de, 0x9dde, 0x9dde, 0x9dde, 0x9dfe, 0xa63f, 0xb67f, 0xb69f, 0xae3f, 0x95bd, 0x95dd, 0xa61e, 
	0xa63f, 0xa63f, 0xa61f, 0xa61f, 0xa5ff, 0x9ddf, 0x9ddf, 0x95bf, 0x959e, 0x959f, 0x959f, 0x959f, 0x95bf, 0x95bf, 0x95bf, 0x95bf, 
	0x95bf, 0x95bf, 0x95bf, 0x8d9f, 0x8d7f, 0x8d7e, 0x855f, 0x855f, 0x855f, 0x855f, 0x855f, 0x855f, 0x855f, 0x855f, 0x7d5f, 0x7d5f, 
	0x7d5e, 0x7d5e, 0x7d5e, 0x7d5e, 0x7d5e, 0x7d3e, 0x7d3e, 0x7d3e, 0x7d3e, 0x7d1d, 0x855e, 0x95bf, 0x959e, 0x959e, 0x95be, 0x959e, 
	0x9d9e, 0xa5ff, 0xbe7f, 0xbe9f, 0xbe9f, 0xc6df, 0xbe9f, 0xa61f, 0x8d7e, 0x7d3e, 0x853e, 0x959f, 0xa61f, 0xbe9f, 0xcedf, 0xc69e, 
	0xcf1f, 0xcf1f, 0xc6ff, 0xbe9e, 0xc69f, 0xcedf, 0xcedf, 0xc67e, 0xc6df, 0xb65d, 0xae3d, 0xa5fe, 0x8d5c, 0x851d, 0x851e, 0x7cde, 
	0x74fe, 0x7d3e, 0x7d1d, 0x851c, 0x957c, 0xae5e, 0xd75f, 0xdf7f, 0xdf9f, 0xd75f, 0xbebf, 0x9ddd, 0x8d3c, 0x853d, 0x855f, 0x8d7f, 
	0xa61f, 0x9dbf, 0x9dbe, 0x9dde, 0x84fb, 0x7499, 0x851c, 0x8d3c, 0x955e, 0x957f, 0x953f, 0x955f, 0x9d7f, 0x9d7f, 0x8cdd, 0x6377, 
	0x6b57, 0x7378, 0x7b99, 0x7bba, 0x83fb, 0x843b, 0x841a, 0x73b9, 0x7bd8, 0x9d1c, 0xb5ff, 0xad9d, 0xaddd, 0xcedf, 0xceff, 0xcedf, 
	0xbe5f, 0xa5be, 0x953c, 0x951b, 0x953c, 0x9d7d, 0xa5be, 0xadff, 0xadff, 0xae1f, 0xadff, 0xadfe, 0xadfe, 0xae1e, 0xae1e, 0xae1e, 
	0xb41a, 0xb41b, 0xb43b, 0xbc1b, 0xb41b, 0xb41b, 0xbc1b, 0xbc1c, 0xbc3c, 0xbc3c, 0xb43c, 0xb41b, 0xac1b, 0xac1b, 0xb45b, 0xb47c, 
	0xbcdd, 0xb4bd, 0xb4fd, 0xbd7f, 0xbd7e, 0xa53d, 0xad5d, 0xb5df, 0xce3f, 0xbdbf, 0xb55e, 0xb51d, 0xacdc, 0xa49b, 0xacdc, 0xb57e, 
	0xaddf, 0xae1f, 0xae1f, 0xae3f, 0xae3f, 0xae3f, 0xb65f, 0xb65f, 0xb67f, 0xb67f, 0xb65f, 0xb65f, 0xae3e, 0xae3e, 0xae3f, 0xae3f, 
	0xae3e, 0xa63e, 0xa61e, 0xa61e, 0xa5fe, 0x9dfe, 0x9dde, 0x9dde, 0x9dde, 0x9dde, 0x9dde, 0x95be, 0x9dde, 0x9dff, 0x9dff, 0x9dff, 
	0x9dff, 0x9dff, 0x9dff, 0x9dff, 0x9dfe, 0x9dde, 0x9dde, 0x9dde, 0x9dde, 0x95be, 0x95be, 0x95be, 0x95be, 0x95be, 0x8d9e, 0x8d7e, 
	0x857e, 0x855e, 0x855e, 0x855e, 0x857e, 0x857e, 0x857e, 0x855e, 0x855e, 0x855e, 0x8d7e, 0x8d9e, 0x95bf, 0x9ddf, 0x9dff, 0xa61f, 
	0xa61f, 0xa63f, 0xa63f, 0xa63e, 0xa63e, 0xa61e, 0x9e1e, 0x9dfe, 0x95df, 0x95bf, 0x8d9f, 0x8dbf, 0x8dbf, 0x8dbf, 0x8d9e, 0x8dbe, 
	0x8d9e, 0x8dbe, 0x8dbf, 0x8dbf, 0x8dbf, 0x8d9f, 0x857f, 0x857f, 0x857f, 0x857e, 0x857e, 0x8d7e, 0x8d9e, 0x95be, 0x95de, 0x95de, 
	0xa63f, 0xae7f, 0xae5f, 0xa61e, 0x9dfd, 0xa61e, 0xa63f, 0x9e1e, 0x9e1e, 0x95ff, 0x961f, 0x9e1f, 0xa63f, 0xa63f, 0xa63f, 0xa61f, 
	0xa63f, 0xa63f, 0xae5f, 0xae7f, 0xae7f, 0xa61f, 0x9dfe, 0x9dfe, 0x9dde, 0x95be, 0x8d9d, 0x8d9e, 0x95be, 0x95bf, 0x95df, 0x95bf, 
	0x8d9e, 0x8dbe, 0x8dbe, 0x95be, 0x95de, 0x95de, 0x9dde, 0x9dde, 0xa5fe, 0xa61f, 0xb67f, 0xbedf, 0xae7f, 0x9dde, 0x95bd, 0x9e1e, 
	0xa63e, 0xa63e, 0xa61e, 0xa61e, 0xa5ff, 0x9dff, 0x9ddf, 0x9ddf, 0x95bf, 0x95bf, 0x9dbf, 0x9dbf, 0x95bf, 0x95bf, 0x959f, 0x95bf, 
	0x95bf, 0x95bf, 0x95bf, 0x8d9e, 0x8d7e, 0x8d7e, 0x855e, 0x857f, 0x855f, 0x855f, 0x855f, 0x855f, 0x855f, 0x855f, 0x7d5f, 0x7d5f, 
	0x7d5e, 0x7d5e, 0x7d5f, 0x7d5f, 0x7d5e, 0x7d5e, 0x7d5e, 0x7d5e, 0x7d3e, 0x7d3e, 0x853e, 0x855e, 0x8d7e, 0x9ddf, 0xa63f, 0x9dff, 
	0x9d9e, 0xa5ff, 0xbe7f, 0xc6bf, 0xbebf, 0xc6bf, 0xbe9f, 0xae3f, 0x959f, 0x7d1e, 0x7d1e, 0x855f, 0x8d9e, 0x9dbe, 0xa5dd, 0xa5dc, 
	0xae5e, 0xa61d, 0xa5fc, 0xae1e, 0xae1e, 0xae1e, 0xadfe, 0xae1e, 0xbe7f, 0xae1d, 0xa5fd, 0x9dbd, 0x853c, 0x7cfd, 0x851e, 0x7cfe, 
	0x7cfe, 0x853e, 0x7d1d, 0x959e, 0xae3f, 0xc6df, 0xd75f, 0xd75f, 0xdf7f, 0xd75f, 0xc6df, 0xa5fd, 0x853c, 0x853d, 0x855e, 0x8d7f, 
	0xa5ff, 0xa5ff, 0x9dbe, 0x957d, 0x7499, 0x6c58, 0x957d, 0xa5ff, 0x9d9f, 0x9dbf, 0x9d7f, 0x9d9f, 0x9d7f, 0x745b, 0x63b8, 0x63b8, 
	0x7c3a, 0x843a, 0x843a, 0x845b, 0x8c9c, 0x94fd, 0x94fd, 0x94dc, 0x9d3d, 0xadbe, 0xa59c, 0xa59c, 0xc6bf, 0xd71f, 0xbe9e, 0xbe7e, 
	0xae1e, 0xa5bd, 0x9d7c, 0x9d9d, 0xa5de, 0xae1f, 0xae1f, 0xae3f, 0xae1f, 0xae1f, 0xa5ff, 0xa5fe, 0xa61e, 0xae3f, 0xae1e, 0xa5fe, 
	0xb41a, 0xb41a, 0xb3fa, 0xb41b, 0xbc3b, 0xbc3c, 0xb43c, 0xb43c, 0xbc7d, 0xbc7d, 0xb45c, 0xac3b, 0xa41b, 0xa41a, 0xa43b, 0xac5b, 
	0xac5b, 0xac9c, 0xb4fd, 0xbd7e, 0xbddf, 0xb5de, 0xadbe, 0xadde, 0xbe3f, 0xb5de, 0xb59e, 0xb59e, 0xb55e, 0xad1d, 0xad3d, 0xb59e, 
	0xadde, 0xae1e, 0xae1f, 0xae3f, 0xb63f, 0xb65f, 0xb65f, 0xb67f, 0xb69f, 0xb69f, 0xb67f, 0xb65f, 0xae5f, 0xae3e, 0xae1e, 0xae1e, 
	0xae3e, 0xa63e, 0xa63e, 0xa61e, 0xa61e, 0xa5fe, 0x9dfe, 0x9dfe, 0x9dde, 0x9dde, 0x9dde, 0x9dde, 0x9dde, 0x9dff, 0x9e1f, 0x9dfe, 
	0x9e1f, 0x9e1f, 0x9dff, 0x9dff, 0x9dfe, 0x9dfe, 0x9dfe, 0x9dfe, 0x9dde, 0x9dde, 0x95be, 0x95be, 0x95be, 0x8dbe, 0x8d9e, 0x8d9e, 
	0x857e, 0x855e, 0x855e, 0x855e, 0x857e, 0x857f, 0x857f, 0x857e, 0x855e, 0x857e, 0x857e, 0x8d7e, 0x8d9e, 0x95bf, 0x9ddf, 0x9dff, 
	0xa61f, 0xa61f, 0xa63f, 0xa63e, 0xa63e, 0xa63e, 0x9e1e, 0x9dfe, 0x95df, 0x95bf, 0x8d9f, 0x8dbf, 0x8dbf, 0x8d9e, 0x8d9e, 0x8dbe, 
	0x8d9e, 0x8d9e, 0x8dbf, 0x8dbf, 0x8dbf, 0x8d9f, 0x859f, 0x857f, 0x859f, 0x857f, 0x857e, 0x8d9e, 0x95be, 0x9dff, 0x9e1f, 0x9e1f, 
	0x9e1f, 0xa65f, 0xae7f, 0xa63f, 0xa61e, 0xa61e, 0x9e1e, 0x9dfe, 0x961e, 0x961f, 0x961f, 0x9e3f, 0xa65f, 0xae5f, 0xae5f, 0xae5f, 
	0xa63f, 0xa63f, 0xae5f, 0xb69f, 0xb69f, 0xb67f, 0xae3f, 0xae3e, 0xa5fe, 0x9ddd, 0x959d, 0x95bd, 0x95de, 0x9dff, 0x9dff, 0x95ff, 
	0x8dbf, 0x8dbe, 0x8dbe, 0x8dbe, 0x95be, 0x95de, 0x9dff, 0x9dff, 0xa61f, 0xa61f, 0xae7f, 0xbebf, 0xb69f, 0xa61f, 0x95dd, 0x95dd, 
	0xa63e, 0xa63e, 0xa61e, 0xa61e, 0xa5ff, 0x9dff, 0x9ddf, 0x9ddf, 0x9ddf, 0x9ddf, 0x9dbf, 0x9dbf, 0x9dbf, 0x9dbf, 0x9d9f, 0x959f, 
	0x95df, 0x95bf, 0x959e, 0x8d9e, 0x8d7e, 0x8d7e, 0x857e, 0x857f, 0x855f, 0x855f, 0x855f, 0x855f, 0x855f, 0x855f, 0x855f, 0x7d5f, 
	0x855f, 0x855f, 0x7d5e, 0x7d5e, 0x7d5e, 0x7d5e, 0x7d5e, 0x7d5e, 0x7d3e, 0x855e, 0x855e, 0x7d1d, 0x855d, 0x9e1f, 0xae7f, 0x9dff, 
	0x957e, 0x9dbe, 0xb63f, 0xbe9f, 0xbe9f, 0xbe9f, 0xbe9f, 0xae3f, 0x9dff, 0x853e, 0x74fe, 0x7d1e, 0x7d1d, 0x7cfc, 0x853c, 0x959c, 
	0x8d5b, 0x8d7b, 0x959c, 0x9dbe, 0x9dbe, 0x9d9d, 0xa5be, 0xadff, 0xae3f, 0xa61e, 0x9dfe, 0x959e, 0x853d, 0x7d1e, 0x7d1f, 0x7d1f, 
	0x857f, 0x8d9f, 0x95df, 0xae7f, 0xbebf, 0xbebf, 0xcf1f, 0xd73f, 0xd75f, 0xcf1f, 0xb67f, 0x9d9c, 0x853c, 0x853d, 0x8d7f, 0x8d9f, 
	0xa61f, 0xa5ff, 0x957d, 0x8d5c, 0x8d5c, 0x95bd, 0xae3f, 0xa5ff, 0x9dbf, 0x9dbf, 0x957f, 0x8d1e, 0x7c9b, 0x63b8, 0x63b7, 0x8cfc, 
	0xa59f, 0x9d3d, 0x951d, 0x9d5e, 0xa59f, 0xa59f, 0xadbf, 0xae1f, 0xbe5f, 0xa59d, 0xadfd, 0xc6df, 0xc6df, 0xc6df, 0xc6ff, 0xb67d, 
	0xa61d, 0xa5fd, 0x9ddd, 0xa5fe, 0xae1f, 0xae3f, 0xae3f, 0xae3f, 0xa63f, 0xa61f, 0xa61e, 0xa5fe, 0xa61e, 0xae5f, 0xa63e, 0x9dfe, 
	0xbc1a, 0xb3fa, 0xb3fa, 0xb41b, 0xb43b, 0xbc5c, 0xb43c, 0xb43c, 0xbc7d, 0xb49d, 0xb49d, 0xac7c, 0xac5b, 0xa43b, 0xa43b, 0xa45b, 
	0xa43a, 0xac7b, 0xacdc, 0xb55d, 0xbddf, 0xc63f, 0xc65f, 0xbe3f, 0xb5ff, 0xb5de, 0xb5be, 0xbddf, 0xbddf, 0xb5bf, 0xb59f, 0xb5df, 
	0xadde, 0xadfe, 0xadfe, 0xae1e, 0xb63e, 0xb63e, 0xb65f, 0xb65f, 0xb69f, 0xb69f, 0xb67f, 0xb67f, 0xb65f, 0xae3e, 0xae3e, 0xae1e, 
	0xae3e, 0xa63e, 0xa63e, 0xa61e, 0xa61e, 0xa61e, 0xa61f, 0xa61f, 0x9dff, 0x9dff, 0x9dfe, 0x9dde, 0x9dde, 0xa61f, 0xa61f, 0x9dfe, 
	0xa61f, 0xa61f, 0xa61f, 0xa5ff, 0xa61f, 0xa61f, 0xa5fe, 0xa5fe, 0x9dfe, 0x9dde, 0x95be, 0x95be, 0x95be, 0x8d9e, 0x8d9e, 0x8d7e, 
	0x857e, 0x855e, 0x855e, 0x857e, 0x857f, 0x859f, 0x859f, 0x859f, 0x857e, 0x857e, 0x857e, 0x857e, 0x8d9e, 0x8d9e, 0x95bf, 0x95df, 
	0xa61f, 0xa61f, 0xa63f, 0xae3f, 0xa63e, 0xa63e, 0x9e1e, 0x9dfe, 0x95ff, 0x95bf, 0x8d9f, 0x8dbf, 0x8dbf, 0x8d9f, 0x859e, 0x8dbe, 
	0x8d9e, 0x8d9f, 0x8dbf, 0x8dbf, 0x8dbf, 0x8d9f, 0x859f, 0x857f, 0x859f, 0x8d9f, 0x8d9e, 0x8dbe, 0x95df, 0x9e1f, 0xa63f, 0xa63f, 
	0x9e1f, 0xa63f, 0xa65f, 0xae5f, 0xa63f, 0xa61e, 0x9e1e, 0x9e1e, 0x95fe, 0x95ff, 0x961f, 0x9e3f, 0xa65f, 0xae7f, 0xae7f, 0xae5f, 
	0xa63f, 0xa63e, 0xae5f, 0xb69f, 0xbebf, 0xbebf, 0xbe9f, 0xbe9f, 0xae3e, 0xae1e, 0xa5dd, 0x9dfe, 0xa61f, 0xa63f, 0x9e1f, 0x9e1f, 
	0x8dbf, 0x8dbe, 0x8dbe, 0x8dbe, 0x95be, 0x95df, 0x9dff, 0xa61f, 0xa61f, 0xa61f, 0xa63f, 0xae7f, 0xae9f, 0xa63f, 0x9dfe, 0x95bd, 
	0xa61e, 0xa61e, 0xa63f, 0xa61f, 0x9dff, 0x9dff, 0xa5ff, 0xa5ff, 0xa5ff, 0xa5ff, 0xa5df, 0x9ddf, 0x9dbf, 0x9dbf, 0x9d9f, 0x9dbf, 
	0x9ddf, 0x95bf, 0x8d9e, 0x8d7e, 0x8d7e, 0x8d7e, 0x857e, 0x857f, 0x855f, 0x855f, 0x855f, 0x855f, 0x855f, 0x855f, 0x855f, 0x855f, 
	0x855e, 0x855f, 0x7d5f, 0x7d5f, 0x7d5f, 0x7d5e, 0x7d5e, 0x7d5e, 0x7d3e, 0x857e, 0x857e, 0x7d3d, 0x7d3d, 0x95ff, 0x9e1f, 0x8d9e, 
	0x8d5d, 0x957d, 0xa5fe, 0xb67f, 0xbe9f, 0xbe9e, 0xb67f, 0xae3f, 0x9dbf, 0x853e, 0x7d1e, 0x853f, 0x7d1e, 0x74dc, 0x74dc, 0x7d1c, 
	0x749a, 0x8d3d, 0x959e, 0x8d5d, 0x8d3d, 0x9d9f, 0x9dbf, 0x9d9e, 0x9dbf, 0x9ddf, 0x95bf, 0x8d5e, 0x7d1e, 0x7d1e, 0x7d1f, 0x7d1f, 
	0x95bf, 0xa61f, 0xae5f, 0xb69f, 0xb65f, 0xa5dd, 0xbe7e, 0xceff, 0xcf1f, 0xbe9f, 0xa5dd, 0x8d3b, 0x853c, 0x8d7e, 0x8d9f, 0x8d9f, 
	0x8d5d, 0x9dbe, 0x9d9d, 0x9dde, 0xae3f, 0xae5f, 0xae5f, 0x9dbe, 0x959f, 0x851d, 0x6c3a, 0x5bb8, 0x7439, 0x84dc, 0x8d1c, 0xa5df, 
	0xadff, 0x9d9e, 0x9d9d, 0xadff, 0xb63f, 0xae3f, 0xb63f, 0xbe7f, 0xb65f, 0xae1e, 0xae1d, 0xc6ff, 0xcf3f, 0xc6ff, 0xc6ff, 0xbebe, 
	0xae5e, 0xa61e, 0x9dfd, 0xa5fd, 0xa61e, 0xa61e, 0xa61e, 0xa63f, 0xa63f, 0xa61e, 0x9dfe, 0x9dfe, 0xa63e, 0xa65f, 0xa63e, 0x9dfe, 
	0xb3fa, 0xb3fa, 0xb3fa, 0xb41b, 0xb43b, 0xb43b, 0xb45c, 0xb45c, 0xb49d, 0xb49d, 0xb4bd, 0xb4bd, 0xb49c, 0xac7b, 0xac5b, 0xa43a, 
	0xac5a, 0xac7b, 0xacbb, 0xb51c, 0xbd7e, 0xc5df, 0xc61f, 0xc61f, 0xb5be, 0xbdbe, 0xbddf, 0xbddf, 0xb5ff, 0xb5df, 0xadff, 0xadff, 
	0xadde, 0xadde, 0xadfe, 0xae1e, 0xb61e, 0xb63e, 0xb65e, 0xae5e, 0xb67f, 0xb67f, 0xb67f, 0xb67f, 0xb65f, 0xae5f, 0xae3e, 0xae1e, 
	0xa61e, 0xa61e, 0xa61e, 0xa61e, 0xa61e, 0xa61f, 0xa61f, 0xa61f, 0xa61f, 0xa61f, 0x9dfe, 0x9dde, 0x9dde, 0xa61e, 0xa63f, 0xa61e, 
	0xa61f, 0xa61f, 0xa5fe, 0xa5fe, 0xa61f, 0xa61f, 0xa61f, 0xa61f, 0xa61e, 0x9dfe, 0x95be, 0x95be, 0x95be, 0x8dbf, 0x8d9e, 0x857e, 
	0x857e, 0x857e, 0x857e, 0x857e, 0x859f, 0x8d9f, 0x8dbf, 0x8dbf, 0x859f, 0x857e, 0x857e, 0x857e, 0x857e, 0x8d9e, 0x8d9e, 0x959e, 
	0x9dff, 0xa5fe, 0xa61f, 0xa63f, 0xa65e, 0xa63e, 0x9e1e, 0x9e1e, 0x95ff, 0x95bf, 0x8dbf, 0x8dbf, 0x8dbf, 0x8d9f, 0x859e, 0x8dbe, 
	0x8d9f, 0x8d9f, 0x8d9f, 0x8d9f, 0x8d9f, 0x8d9f, 0x859f, 0x859f, 0x8d9f, 0x8dbf, 0x8dbf, 0x8dbe, 0x95df, 0xa63f, 0xa65f, 0xa65f, 
	0x9e3f, 0x9e1f, 0xa63f, 0xae7f, 0xae5f, 0xa61f, 0x9e1e, 0x9e3f, 0x961f, 0x95ff, 0x961f, 0x9e3f, 0xa65f, 0xae7f, 0xb67f, 0xb67f, 
	0xae5f, 0xae5e, 0xae5f, 0xbebf, 0xc6ff, 0xc6ff, 0xc6df, 0xc6df, 0xb65e, 0xb63e, 0xae3e, 0xae3f, 0xae7f, 0xae7f, 0xa65f, 0x9e1f, 
	0x8dbe, 0x8dbf, 0x8dbe, 0x8dbe, 0x95be, 0x95df, 0x9dff, 0x9dff, 0x9dff, 0x9dff, 0x9dff, 0x9e1f, 0xa63f, 0xa63f, 0x9e1f, 0x95be, 
	0x9dde, 0xa5ff, 0xa61f, 0xa61f, 0x9ddf, 0x9dbe, 0x9ddf, 0xa5ff, 0xa5ff, 0xa5ff, 0xa5df, 0xa5df, 0x9dbf, 0x9dbf, 0xa5df, 0xa5df, 
	0x9ddf, 0x95be, 0x8d9e, 0x8d7e, 0x8d7e, 0x8d7e, 0x857e, 0x857f, 0x855f, 0x855f, 0x855f, 0x855f, 0x855f, 0x855f, 0x855f, 0x855f, 
	0x855f, 0x855f, 0x855f, 0x7d5f, 0x7d5f, 0x7d5e, 0x7d5e, 0x7d7e, 0x7d5e, 0x7d5e, 0x7d5e, 0x7d5e, 0x7d3d, 0x857e, 0x8dbf, 0x857e, 
	0x855d, 0x855d, 0x9ddd, 0xae5f, 0xb69f, 0xb67f, 0xb67f, 0xae3f, 0x957e, 0x851e, 0x84fe, 0x7cde, 0x6c9d, 0x6c9d, 0x6cbd, 0x6c7b, 
	0x749c, 0x851e, 0x8d3f, 0x84fe, 0x7cdd, 0x8d3e, 0x851e, 0x7cbc, 0x851d, 0x8d5e, 0x8d5f, 0x7d3e, 0x7d1e, 0x7d1e, 0x7cff, 0x7d1e, 
	0x9ddf, 0xae5f, 0xae3f, 0xae1f, 0x9dbd, 0x955b, 0xadfd, 0xb65e, 0xb65e, 0xb63e, 0xa5dd, 0x8d5c, 0x8d5c, 0x959e, 0x95bf, 0x95bf, 
	0x8d1c, 0x9dbe, 0xa5de, 0xae3f, 0xb67f, 0xa61f, 0xa5ff, 0x9dbe, 0x959e, 0x7c9b, 0x6bf9, 0x63d8, 0x84dc, 0xa5df, 0xa5df, 0xae3f, 
	0xa5fe, 0x9ddd, 0xa5fe, 0xae3f, 0xb67f, 0xb67f, 0xb67f, 0xb67f, 0xae1d, 0xbe9f, 0xa61c, 0xbe9e, 0xdf9f, 0xcf3f, 0xc6de, 0xc6ff, 
	0xbebf, 0xae5e, 0xa61d, 0x9e1d, 0xa63e, 0xa63e, 0xa63e, 0xa63e, 0xa61e, 0xa61e, 0x9e1e, 0x9dfe, 0xa61e, 0xa63f, 0xa63e, 0x9dfd, 
	0xb3d9, 0xb3fa, 0xbbfa, 0xb41b, 0xb41b, 0xb43b, 0xb45c, 0xb47c, 0xb49c, 0xb49d, 0xb4bd, 0xbcdd, 0xb4bd, 0xb49c, 0xac5b, 0xac5b, 
	0xac5a, 0xac5a, 0xac9b, 0xb4fc, 0xb51c, 0xb53c, 0xb55c, 0xb57d, 0xad1c, 0xb55d, 0xbd9e, 0xb59d, 0xad9d, 0xadbe, 0xaddf, 0xb5ff, 
	0xb5de, 0xb5de, 0xb5de, 0xb5fe, 0xb61e, 0xb63e, 0xb63e, 0xae3e, 0xae5e, 0xae5e, 0xb67f, 0xb67f, 0xb67f, 0xb65f, 0xae3f, 0xae3f, 
	0xa61e, 0xa61e, 0xa61e, 0xa61e, 0xa61f, 0xa61f, 0xa61f, 0xa61f, 0xa61f, 0xa61f, 0x9dfe, 0x9dde, 0x9dde, 0xa61e, 0xa63e, 0xa61e, 
	0xa61f, 0xa61f, 0xa5fe, 0xa61e, 0xa61e, 0xae3f, 0xae3f, 0xa61e, 0xa61e, 0x9dfe, 0x95de, 0x95be, 0x95be, 0x8d9e, 0x8d9e, 0x857e, 
	0x857e, 0x857e, 0x857e, 0x857e, 0x8d9f, 0x8dbf, 0x8dbf, 0x8dbf, 0x8d9f, 0x8d9f, 0x857e, 0x857e, 0x857e, 0x857e, 0x8d9e, 0x8d9e, 
	0x9dff, 0xa5ff, 0xa61f, 0xa63f, 0xa65f, 0xa63e, 0x9e3e, 0x9e1f, 0x95ff, 0x95be, 0x8dbf, 0x8dbf, 0x8dbf, 0x8d9e, 0x859e, 0x8d9e, 
	0x8d9f, 0x8d9f, 0x8d9f, 0x8d9f, 0x8d9f, 0x8d9f, 0x8d9f, 0x8d9f, 0x8d9f, 0x8dbf, 0x8dbf, 0x8dbe, 0x95df, 0x9e1f, 0xa63f, 0xa63f, 
	0x9e1f, 0x95df, 0x9dff, 0xa63f, 0xa63f, 0x9dfe, 0x9dde, 0x9e1f, 0x961f, 0x95ff, 0x961f, 0x9e3f, 0xa65f, 0xae7f, 0xb67f, 0xb67f, 
	0xae7f, 0xae5e, 0xb67e, 0xbebf, 0xcf1f, 0xcf1f, 0xceff, 0xceff, 0xbe5d, 0xb65e, 0xb65e, 0xbe9f, 0xbebf, 0xb6bf, 0xae7f, 0xa63f, 
	0x8dbe, 0x8dbf, 0x95bf, 0x95df, 0x95df, 0x95df, 0x95df, 0x95df, 0x9dff, 0x9dff, 0x95de, 0x95be, 0x9dde, 0xa63f, 0xa63f, 0x9dff, 
	0x95be, 0x9ddf, 0xa61f, 0xa5ff, 0x9dbe, 0x959e, 0x9dbe, 0xa5ff, 0xa61f, 0xa5ff, 0xa5de, 0x9dde, 0xa5de, 0xa5de, 0xa5fe, 0xa5ff, 
	0x9dff, 0x95be, 0x8d9e, 0x8d7d, 0x8d7e, 0x8d7e, 0x857e, 0x857e, 0x857f, 0x855f, 0x855f, 0x857f, 0x857f, 0x855f, 0x855e, 0x855e, 
	0x855f, 0x855f, 0x855f, 0x855f, 0x7d5e, 0x7d5e, 0x7d7e, 0x7d7e, 0x857e, 0x753d, 0x7d3d, 0x7d5e, 0x7d3d, 0x7d3d, 0x857e, 0x857e, 
	0x857e, 0x855d, 0x95de, 0xae7f, 0xb69f, 0xb67f, 0xb65f, 0xae1f, 0x9d9f, 0x953f, 0x7c7d, 0x5b9a, 0x537a, 0x643c, 0x749e, 0x643c, 
	0x84ff, 0x7cdf, 0x7cdf, 0x7cdf, 0x7cde, 0x749d, 0x6c3c, 0x641b, 0x6c7c, 0x7cfe, 0x7d1e, 0x7cfe, 0x7d1e, 0x7d1f, 0x7d1f, 0x853f, 
	0x9dff, 0xae3f, 0xa5df, 0x9d9d, 0x957c, 0x9d7b, 0xadfd, 0xa5dc, 0x9d9b, 0xadfd, 0xae3f, 0xa5fe, 0x957d, 0x8d7e, 0x95bf, 0x9ddf, 
	0xa5ff, 0xa5ff, 0x9dbd, 0xae3f, 0xb69f, 0xa63f, 0xa5fe, 0x9dbe, 0x959e, 0x851c, 0x9d9f, 0xa5bf, 0x9dbf, 0x9d9e, 0x9d7d, 0xb65f, 
	0xb67f, 0xb69f, 0xb67f, 0xae5f, 0xb67f, 0xb69f, 0xb67f, 0xae3e, 0xb65e, 0xae3d, 0xb65e, 0xd75f, 0xcf1f, 0xbebd, 0xcf3f, 0xcf1f, 
	0xbedf, 0xae7f, 0xa61d, 0xa63e, 0xae7f, 0xb67f, 0xae5f, 0xa63e, 0xa63e, 0xa63e, 0xa61e, 0xa61e, 0xa63e, 0xa63f, 0xa63e, 0x9dfe, 
	0xbbfa, 0xb3fa, 0xb3fa, 0xb43b, 0xbc5c, 0xbc9c, 0xb47c, 0xb47c, 0xac5b, 0xac5c, 0xb47c, 0xbcbd, 0xbcdd, 0xbcdd, 0xbc9c, 0xb47b, 
	0xac5a, 0xac5a, 0xa45a, 0xa49a, 0xacfb, 0xbd5d, 0xb55c, 0xad1b, 0x9c79, 0x9c59, 0xa49a, 0xacfb, 0xa4db, 0x9cbb, 0xa4fc, 0xb57e, 
	0xb57d, 0xbdbe, 0xbdff, 0xbe1f, 0xb61e, 0xadfe, 0xadfe, 0xae1e, 0xae3e, 0xa63e, 0xae3e, 0xae7f, 0xb67f, 0xb67f, 0xae3f, 0xa61e, 
	0xa61e, 0xa61e, 0x9dfe, 0x9dfe, 0xa61f, 0xa63f, 0xa61f, 0xa61f, 0x9dff, 0x9dff, 0x9dfe, 0x9dde, 0x9ddd, 0x9dfe, 0xa61e, 0xa61e, 
	0xa5fe, 0xa5fe, 0xa5fe, 0xa5fe, 0xa61e, 0xae3e, 0xae3f, 0xae5f, 0xa5fe, 0x9dfe, 0x9dde, 0x95de, 0x95be, 0x8d9e, 0x8d9e, 0x8d9e, 
	0x857e, 0x857e, 0x857e, 0x857e, 0x857e, 0x8d9e, 0x8d9f, 0x8dbf, 0x8dbf, 0x8d9f, 0x8d9e, 0x857e, 0x857e, 0x857e, 0x855e, 0x855e, 
	0x959e, 0x9dde, 0x9e1f, 0xa63f, 0xa65f, 0xa65f, 0x9e3e, 0x95fe, 0x8d9d, 0x8dbe, 0x8dbe, 0x8d9e, 0x8dbf, 0x8ddf, 0x8ddf, 0x8d9e, 
	0x8d7e, 0x8d9f, 0x8d9f, 0x8d9f, 0x8d9f, 0x8dbf, 0x8dbf, 0x859e, 0x8dbe, 0x8d9e, 0x8dbe, 0x95de, 0x95df, 0x9dff, 0x9dff, 0x9dff, 
	0x95de, 0x95de, 0x9dff, 0x9e1f, 0xa63f, 0xa61f, 0x9dfe, 0x95de, 0x95ff, 0x95fe, 0x9e1f, 0xa65f, 0xa67f, 0xae5f, 0xae7f, 0xb69f, 
	0xae7e, 0xae7e, 0xb67e, 0xbe9f, 0xc6ff, 0xd73f, 0xcf1f, 0xcedf, 0xbe7e, 0xc6bf, 0xc6df, 0xc6df, 0xbedf, 0xb6bf, 0xae5f, 0x9e1f, 
	0x95df, 0x95bf, 0x95bf, 0x95df, 0x95df, 0x95bf, 0x95be, 0x95be, 0x95be, 0x8dbe, 0x8d9d, 0x8d9d, 0x95be, 0x95de, 0x9dff, 0x9dff, 
	0x959e, 0x959e, 0x959e, 0x959e, 0x959d, 0x957d, 0x9dbe, 0xa5fe, 0xa5fe, 0xa61e, 0xa61e, 0xa5fd, 0xa61d, 0xae3e, 0xae3e, 0xa5fd, 
	0x9dde, 0x95be, 0x8d7e, 0x8d7e, 0x8d7e, 0x8d7e, 0x857e, 0x855e, 0x857f, 0x857f, 0x857f, 0x857f, 0x857f, 0x857f, 0x857f, 0x857f, 
	0x855f, 0x855f, 0x855f, 0x855e, 0x7d7e, 0x7d5e, 0x7d7e, 0x7d7e, 0x7d5e, 0x859f, 0x7d5e, 0x751d, 0x855e, 0x855e, 0x7d3d, 0x855e, 
	0x7d3d, 0x857d, 0x8dbd, 0x95fe, 0xa65f, 0xb67f, 0xae3f, 0xa5bf, 0x9d5f, 0x951f, 0x73fc, 0x5319, 0x5b7b, 0x5b7b, 0x5b9b, 0x8d1f, 
	0x84df, 0x7cbf, 0x84df, 0x7cdf, 0x641c, 0x537a, 0x4b38, 0x3ab7, 0x6c5d, 0x7cff, 0x7cde, 0x749d, 0x7cfe, 0x853f, 0x7d1e, 0x853e, 
	0x957d, 0x957c, 0x955c, 0x955c, 0xa5dd, 0xb65e, 0xbe7f, 0xb65e, 0xb65f, 0xb65f, 0xae5f, 0xa5fe, 0x959d, 0x8d7e, 0x95be, 0x9ddf, 
	0x9ddf, 0xa5de, 0xa5fe, 0xb67f, 0xb69f, 0x9dde, 0x853b, 0x851b, 0x9ddf, 0x959e, 0x955e, 0x9d7e, 0x9dbe, 0xa5ff, 0xae3f, 0xb65f, 
	0xbe9f, 0xbebf, 0xb67f, 0xb67e, 0xbebf, 0xbe9f, 0xb65e, 0xb65e, 0xae3d, 0xb65d, 0xbe9e, 0xc6ff, 0xcf1f, 0xc6ff, 0xc6de, 0xc6ff, 
	0xbebf, 0xb67f, 0xae3e, 0xa61d, 0xae3e, 0xae5f, 0xb67f, 0xb69f, 0xb67f, 0xae5f, 0xa63e, 0xa63e, 0xa63f, 0xa61e, 0x9dfe, 0x9ddd, 
	0xb3fa, 0xb3fa, 0xb41a, 0xb45b, 0xbc9c, 0xbcbd, 0xb49c, 0xac9c, 0xac5c, 0xac5b, 0xac5c, 0xb49c, 0xbcbd, 0xc4bd, 0xc49d, 0xbc7c, 
	0xb47b, 0xbcfc, 0xc57e, 0xcddf, 0xce1f, 0xc5ff, 0xb5bd, 0xad3c, 0xa4fb, 0xa4ba, 0x9c59, 0xa459, 0xa45a, 0xac7b, 0xac9b, 0xacbb, 
	0xacdc, 0xacfc, 0xb53d, 0xbdbe, 0xbe1f, 0xb61e, 0xae1e, 0xae1e, 0xa5fd, 0x9ddd, 0x9ddd, 0xa5fe, 0xa61f, 0xae3f, 0xae1f, 0xa61f, 
	0xa61f, 0x9dfe, 0x9dfe, 0x9dde, 0x9dfe, 0x9dff, 0x9e1f, 0xa61f, 0x9e1f, 0x9e1f, 0x9dff, 0x9dde, 0x9dde, 0x9dfe, 0xa63f, 0xa61f, 
	0xa61e, 0xa61e, 0xa5fe, 0xa61e, 0xae1e, 0xae3e, 0xae5f, 0xb65f, 0xae5f, 0xa61e, 0x9dde, 0x95be, 0x959e, 0x8d9e, 0x8d9e, 0x8d9e, 
	0x8d9e, 0x8d9e, 0x8d9e, 0x8d9e, 0x8d9e, 0x8d9e, 0x8dbf, 0x95df, 0x8dbf, 0x8d9e, 0x8d9e, 0x857e, 0x857e, 0x857e, 0x857e, 0x855e, 
	0x8d7e, 0x95be, 0x9dde, 0x9e1e, 0xa63f, 0xa65f, 0xa63f, 0x9e1e, 0x8d9d, 0x8dbe, 0x8dbe, 0x8d9e, 0x8dbe, 0x95df, 0x8dde, 0x8dbe, 
	0x8d9e, 0x8d9f, 0x8d9f, 0x8d9e, 0x8d9f, 0x8dbf, 0x95df, 0x8dbf, 0x95df, 0x8dbe, 0x8dbe, 0x95de, 0x9dff, 0x9e1f, 0x9dff, 0x9dfe, 
	0x8dbe, 0x8dde, 0x95de, 0x9dfe, 0x9e1f, 0x9e1f, 0x9e1f, 0x9dff, 0x961f, 0x95ff, 0x9e1f, 0x9e3f, 0xa65f, 0xae5f, 0xae7e, 0xb69f, 
	0xb67e, 0xb67e, 0xb69e, 0xbe9f, 0xc6df, 0xceff, 0xc6df, 0xbe9e, 0xbe5e, 0xbe9f, 0xc6bf, 0xbebf, 0xbe9f, 0xb67f, 0xa63f, 0x9dff, 
	0x95df, 0x95bf, 0x8dbf, 0x95bf, 0x95bf, 0x8d9e, 0x8d9e, 0x8dbe, 0x8dbe, 0x8d9e, 0x8d9d, 0x8d9d, 0x8d9d, 0x95be, 0x95be, 0x95be, 
	0x8d7e, 0x8d7e, 0x8d9e, 0x959e, 0x957d, 0x957d, 0x9dbd, 0xa61e, 0xa63e, 0xae3e, 0xa61d, 0xa5fc, 0xae3d, 0xb67e, 0xb69e, 0xae5e, 
	0x9e1e, 0x95df, 0x8d9e, 0x8d7e, 0x8d7e, 0x8d7e, 0x8d7e, 0x855e, 0x857f, 0x857f, 0x857f, 0x857f, 0x857f, 0x857f, 0x857e, 0x857f, 
	0x855f, 0x855f, 0x855e, 0x855e, 0x7d7e, 0x7d7e, 0x7d7e, 0x7d7e, 0x7d5e, 0x7d7e, 0x7d5e, 0x7d3e, 0x7d5e, 0x7d3e, 0x7d1e, 0x7d3e, 
	0x7d5e, 0x857e, 0x7d5d, 0x855c, 0x95bd, 0xa61f, 0xae1f, 0xaddf, 0x9d3f, 0x8c7d, 0x5af8, 0x52b8, 0x52b8, 0x4ab8, 0x6bdd, 0x8cdf, 
	0x84bf, 0x8cff, 0x7c7f, 0x6bfc, 0x63fc, 0x4b59, 0x42f8, 0x539a, 0x7cdf, 0x851f, 0x851f, 0x851f, 0x853e, 0x7cfd, 0x851d, 0x9dff, 
	0x9dbd, 0x9dbd, 0x9d9c, 0xa5bc, 0xae3e, 0xc6bf, 0xcf1f, 0xceff, 0xbe9f, 0xbe7f, 0xae5f, 0xa5fe, 0x95be, 0x959e, 0x959e, 0x95be, 
	0x9dde, 0xa5de, 0xa61e, 0xb67f, 0xbebf, 0xa61e, 0x959d, 0x95be, 0x9dbe, 0x959e, 0x959e, 0x9dbe, 0xadff, 0xb63f, 0xb67f, 0xbe9f, 
	0xbebf, 0xbebf, 0xb67e, 0xb67e, 0xbebf, 0xbebf, 0xb65e, 0xb63d, 0xb65d, 0xb65e, 0xbe9e, 0xceff, 0xceff, 0xcedf, 0xc6df, 0xc6df, 
	0xbebf, 0xb67f, 0xae3e, 0xae1e, 0xae3e, 0xb65f, 0xb67f, 0xb69f, 0xb69f, 0xae5f, 0xae3e, 0xae3e, 0xa63e, 0xa61e, 0xa5fe, 0x9ddd, 
	0xb41a, 0xb41a, 0xb43a, 0xb47b, 0xb4bc, 0xb4dd, 0xb4dd, 0xacbd, 0xac9c, 0xa45b, 0xa43b, 0xac5b, 0xbc7c, 0xc49d, 0xc49c, 0xc47c, 
	0xc4dc, 0xcd7e, 0xd5ff, 0xd65f, 0xc65f, 0xbe3f, 0xb61e, 0xb5fe, 0xb5bd, 0xb57d, 0xacbb, 0xa439, 0xabf9, 0xbc1a, 0xc41b, 0xb3fa, 
	0xb47b, 0xa45a, 0xa49b, 0xb53d, 0xbddf, 0xbe1f, 0xb5ff, 0xadfe, 0xa5fe, 0x9ddd, 0x95bd, 0x95bd, 0x9dde, 0xa5ff, 0xa61f, 0xa61f, 
	0x9dde, 0x95de, 0x95be, 0x8d9d, 0x8d9d, 0x8d9e, 0x95be, 0x9ddf, 0x9dff, 0x9dff, 0x9dff, 0x95de, 0x95de, 0x9dfe, 0xa61f, 0xa61f, 
	0xa61e, 0xa5fe, 0xa5fe, 0xa61e, 0xae3e, 0xb65f, 0xb67f, 0xb67f, 0xb67f, 0xae5e, 0xa5fe, 0x9ddd, 0x95be, 0x95be, 0x95be, 0x8d9e, 
	0x8d9e, 0x8d9e, 0x8d9e, 0x8d9e, 0x8d9e, 0x8d9e, 0x95be, 0x95df, 0x8dbe, 0x8dbe, 0x8d9e, 0x857e, 0x857e, 0x857e, 0x7d5e, 0x855e, 
	0x855d, 0x8d7e, 0x8dbe, 0x95de, 0x9e1e, 0xa63f, 0xa65f, 0x9e3f, 0x8dbd, 0x95de, 0x95be, 0x8dbe, 0x95be, 0x95df, 0x95de, 0x95be, 
	0x8d9e, 0x8d9e, 0x8d9e, 0x8d9e, 0x8dbf, 0x95ff, 0x95ff, 0x95df, 0x95ff, 0x95de, 0x95de, 0x95de, 0x9e1f, 0xa63f, 0x9dff, 0x9dde, 
	0x8dbe, 0x8dbe, 0x95de, 0x95de, 0x9dfe, 0x9e1f, 0x9e3f, 0x9e3f, 0x961f, 0x95ff, 0x961f, 0x9e3f, 0xa63f, 0xae5e, 0xae5e, 0xb67e, 
	0xb67e, 0xb69e, 0xbe9f, 0xbebf, 0xbebf, 0xbebf, 0xbe9f, 0xb65e, 0xae3d, 0xbe7f, 0xbebf, 0xbe9f, 0xb67f, 0xae3e, 0xa61e, 0x9dfe, 
	0x95df, 0x95bf, 0x8d9e, 0x8d9e, 0x8d9e, 0x857e, 0x857e, 0x8d9e, 0x8d9e, 0x8d9e, 0x8d9e, 0x8d9e, 0x8d9e, 0x8dbe, 0x8d9e, 0x8d9e, 
	0x8d7e, 0x8d7f, 0x8d7e, 0x959e, 0x8d9e, 0x959d, 0x9dde, 0xa63e, 0xa61e, 0xa63d, 0xae3d, 0xb67d, 0xbede, 0xc71f, 0xc6de, 0xb67e, 
	0xa63f, 0x9dff, 0x95be, 0x8d7e, 0x8d7e, 0x8d9e, 0x8d7f, 0x857e, 0x857f, 0x857f, 0x857f, 0x857f, 0x857f, 0x857e, 0x857e, 0x857e, 
	0x857f, 0x857f, 0x857f, 0x855e, 0x857e, 0x7d7e, 0x7d7e, 0x7d7e, 0x857e, 0x7d3e, 0x7d3e, 0x855e, 0x855e, 0x853e, 0x853e, 0x7d1e, 
	0x7d1e, 0x853e, 0x7d3e, 0x7d3d, 0x8d7e, 0xa5ff, 0xa5df, 0x9d5f, 0x8c7d, 0x7bdc, 0x5277, 0x5a98, 0x5278, 0x5ab9, 0x949f, 0x94bf, 
	0x7c3e, 0x7c3e, 0x6bdc, 0x5b9a, 0x5b7a, 0x4b38, 0x5379, 0x745d, 0x84ff, 0x84ff, 0x84fe, 0x84fe, 0x84fd, 0x851c, 0x9dbe, 0xbedf, 
	0xae3e, 0xb63e, 0xb63d, 0xb63d, 0xbe9f, 0xd73f, 0xdf7f, 0xd75f, 0xbebf, 0xb67f, 0xae3f, 0xa5fe, 0x9dbe, 0x95be, 0x959e, 0x959e, 
	0x9dbe, 0xa5fe, 0xae1f, 0xb67f, 0xb6bf, 0xae3f, 0x9dde, 0xa61f, 0x9dbe, 0x9d9e, 0x9dbe, 0xa5ff, 0xb65f, 0xb67f, 0xbe9f, 0xbebf, 
	0xbe9f, 0xbe9f, 0xb67e, 0xb67e, 0xc6df, 0xc6bf, 0xb65e, 0xb63d, 0xbe7e, 0xbe7e, 0xc6bf, 0xcedf, 0xcedf, 0xc6df, 0xc6bf, 0xc6bf, 
	0xbe9f, 0xb65f, 0xae3e, 0xae1e, 0xae3e, 0xb65f, 0xb67f, 0xb69f, 0xbe9f, 0xb67f, 0xae5f, 0xae3f, 0xae1e, 0xa61e, 0xa5fe, 0x9dbd, 
	0xac5a, 0xac5a, 0xac7b, 0xac9b, 0xacdc, 0xb4fd, 0xacfd, 0xacfd, 0xacdd, 0xac9c, 0xa43b, 0xac1b, 0xb43b, 0xbc5c, 0xc45c, 0xbc5b, 
	0xccfd, 0xcd7e, 0xcddf, 0xc61f, 0xb61e, 0xae1e, 0xae5e, 0xb65f, 0xb61e, 0xbdff, 0xc59e, 0xbcdc, 0xb41a, 0xb3b9, 0xbb9a, 0xbbda, 
	0xb43b, 0xac5b, 0xac7b, 0xacdc, 0xb55e, 0xbddf, 0xb5df, 0xa5be, 0xa5de, 0x9dde, 0x95bd, 0x959d, 0x959e, 0x95be, 0x9dbe, 0x9dbf, 
	0x8d9e, 0x8d9e, 0x8d7d, 0x855d, 0x853c, 0x853d, 0x8d7e, 0x8d9e, 0x95be, 0x95df, 0x95be, 0x95be, 0x95bd, 0x9dde, 0x9e1f, 0xa61f, 
	0xa61e, 0xa5fe, 0xa5fe, 0xa61e, 0xae5e, 0xb67f, 0xb69f, 0xb69f, 0xb69f, 0xb67e, 0xae3e, 0xa61e, 0x9dfe, 0x9dde, 0x95be, 0x8d9e, 
	0x8dbe, 0x8dbe, 0x8d9e, 0x8d9d, 0x8d9d, 0x8d9e, 0x95be, 0x95de, 0x95be, 0x95be, 0x8d9e, 0x8d9e, 0x857e, 0x857e, 0x7d5e, 0x855e, 
	0x855e, 0x857e, 0x8d9e, 0x8dbd, 0x95fe, 0x9e3e, 0xa65f, 0x9e3f, 0x95fe, 0x95fe, 0x95de, 0x95de, 0x95de, 0x95ff, 0x95de, 0x95de, 
	0x8d9e, 0x8d9e, 0x8dbe, 0x95be, 0x95ff, 0x9e1f, 0x95ff, 0x95ff, 0x95ff, 0x95fe, 0x95de, 0x95fe, 0x9e1f, 0x9e1f, 0x9dff, 0x95de, 
	0x8dde, 0x8dde, 0x95de, 0x95fe, 0x9e1e, 0x9e1f, 0x9e3f, 0x9e3f, 0x95ff, 0x95ff, 0x95ff, 0x9e1f, 0xa63f, 0xae5f, 0xb67e, 0xb67e, 
	0xb69e, 0xbe9f, 0xbe9f, 0xb69f, 0xb69f, 0xb67f, 0xae5e, 0xae3e, 0xae3e, 0xb67f, 0xbebf, 0xb69f, 0xae5f, 0xa61e, 0xa5fe, 0xa5fe, 
	0x9ddf, 0x8dbf, 0x8d9e, 0x8d7e, 0x8d9e, 0x857e, 0x857e, 0x859e, 0x8dbf, 0x8dbe, 0x8dbf, 0x95bf, 0x95df, 0x95be, 0x8dbe, 0x8d9e, 
	0x8d9f, 0x8d7f, 0x8d9f, 0x8d9f, 0x95be, 0x95be, 0x9dfe, 0xae5f, 0xae7f, 0xbedf, 0xc73f, 0xd77f, 0xdfbf, 0xd79f, 0xc6ff, 0xb67e, 
	0xae7f, 0x9e1f, 0x95be, 0x8d7e, 0x8d7e, 0x8d9e, 0x8d9f, 0x8d7f, 0x857f, 0x857f, 0x857f, 0x857f, 0x857f, 0x857f, 0x857e, 0x857e, 
	0x857f, 0x857f, 0x857f, 0x857e, 0x857e, 0x7d7e, 0x7d7e, 0x7d7e, 0x857e, 0x7d3e, 0x855e, 0x855f, 0x853e, 0x855f, 0x855f, 0x74bd, 
	0x7cbd, 0x84fe, 0x851e, 0x851e, 0x8d7f, 0x9ddf, 0x9d5f, 0x847d, 0x5ad7, 0x62d8, 0x5236, 0x5217, 0x5237, 0x62d9, 0x8c1e, 0x7bdd, 
	0x635a, 0x52d8, 0x637a, 0x6bdb, 0x5338, 0x5b99, 0x747c, 0x7c9d, 0x8d1f, 0x8d1e, 0x84fd, 0x84db, 0x8d3c, 0xa5fe, 0xc6df, 0xd77f, 
	0xc6df, 0xcedf, 0xc6bf, 0xbe9e, 0xc6bf, 0xcf1f, 0xd75f, 0xcf3f, 0xb67f, 0xae3f, 0xa61f, 0xa5ff, 0x9dde, 0x959e, 0x959e, 0x959e, 
	0x9dde, 0xae1f, 0xae5f, 0xb67f, 0xb67f, 0xa61e, 0x9ddd, 0xa5ff, 0x9dbe, 0x9dbe, 0x9dde, 0xae1f, 0xb67f, 0xbe7f, 0xbe9f, 0xbe9f, 
	0xbe9f, 0xbe9f, 0xb67e, 0xbe7e, 0xc6df, 0xc6df, 0xb65e, 0xb63d, 0xbe7e, 0xc69f, 0xc6bf, 0xc6bf, 0xc6bf, 0xc69f, 0xc69f, 0xbe9f, 
	0xbe7f, 0xb65f, 0xae1e, 0xae1e, 0xae1e, 0xae3e, 0xb65f, 0xb67f, 0xbe9f, 0xb69f, 0xb65f, 0xae3f, 0xa61e, 0xa61e, 0xa5fe, 0x9dbd, 
	0xac9b, 0xac9b, 0xacbb, 0xa4bb, 0xa4fc, 0xad1d, 0xad3d, 0xad3e, 0xad1e, 0xacdd, 0xa47b, 0xa41a, 0xac1a, 0xb3fa, 0xbbfa, 0xbbfa, 
	0xbc7b, 0xbcfc, 0xc59e, 0xc61f, 0xbe5f, 0xae5f, 0xa65f, 0xa65e, 0xae3e, 0xb61f, 0xc5ff, 0xc57e, 0xbc9c, 0xabb9, 0xab79, 0xbbba, 
	0xb3fb, 0xb43b, 0xac3b, 0xa43b, 0xa4bc, 0xad5e, 0xad9e, 0x9d7d, 0x9d9e, 0x959e, 0x959e, 0x959e, 0x959e, 0x8d7e, 0x8d5e, 0x8d5e, 
	0x855d, 0x855d, 0x855d, 0x853d, 0x7d1d, 0x7d1d, 0x7d3d, 0x853d, 0x8d7e, 0x8d9e, 0x8d9e, 0x8d9e, 0x8d9d, 0x95de, 0x9e1f, 0xa63f, 
	0xa63f, 0xae3f, 0xae3e, 0xae5e, 0xb67f, 0xb69f, 0xb69f, 0xb69e, 0xbedf, 0xbebf, 0xb67f, 0xa63e, 0xa5fe, 0x9dfe, 0x9dde, 0x95be, 
	0x95be, 0x8dbe, 0x8dbe, 0x8d9d, 0x8d9d, 0x8d9d, 0x95bd, 0x95be, 0x95be, 0x95be, 0x95be, 0x8d9e, 0x8d9e, 0x857e, 0x857e, 0x855e, 
	0x857e, 0x857e, 0x859e, 0x859d, 0x8ddd, 0x9e1e, 0x9e3f, 0x9e3f, 0x95fe, 0x9dfe, 0x95de, 0x95de, 0x95de, 0x9dfe, 0x9dfe, 0x95de, 
	0x95bd, 0x8dbe, 0x95be, 0x95ff, 0x9e1f, 0x9e3f, 0x9e1f, 0x95fe, 0x95fe, 0x95fe, 0x9dfe, 0x9dfe, 0x9dfe, 0x9dde, 0x9dde, 0x9dfe, 
	0x95fe, 0x95fe, 0x961e, 0x9e1f, 0x9e3f, 0xa63f, 0x9e1f, 0x9e1f, 0x95de, 0x95de, 0x95de, 0x95fe, 0xa63f, 0xae7f, 0xb69f, 0xbe9f, 
	0xbebf, 0xbebf, 0xbe9f, 0xb67e, 0xb67e, 0xae5f, 0xa63e, 0x9e1e, 0xa63f, 0xae7f, 0xb6bf, 0xb67f, 0xae3f, 0xae1e, 0xae1e, 0xa61f, 
	0x9dff, 0x95bf, 0x8d7e, 0x8d7e, 0x8d9e, 0x859e, 0x859e, 0x859f, 0x859e, 0x8d9e, 0x8dbf, 0x8ddf, 0x95df, 0x95df, 0x95be, 0x8d9e, 
	0x8d9f, 0x8d7f, 0x8d9f, 0x8dbf, 0x95be, 0x95de, 0x9dfe, 0xa63f, 0xae7f, 0xb6bf, 0xc71f, 0xcf3f, 0xcf1f, 0xc6df, 0xb65e, 0xa61d, 
	0xae5f, 0x9e1f, 0x95be, 0x8d7e, 0x8d7e, 0x8d9e, 0x8d9f, 0x8d9f, 0x857f, 0x857f, 0x857f, 0x857f, 0x857f, 0x857e, 0x857e, 0x857f, 
	0x857f, 0x857f, 0x857f, 0x857e, 0x857e, 0x857e, 0x7d7e, 0x857e, 0x7d5e, 0x855e, 0x857f, 0x853e, 0x7cfe, 0x8d3f, 0x84fe, 0x63da, 
	0x7c5d, 0x7c5d, 0x7c5c, 0x747c, 0x84de, 0x8d1f, 0x849e, 0x73bb, 0x4215, 0x5257, 0x5a37, 0x51f6, 0x5237, 0x5a78, 0x5a98, 0x62d9, 
	0x5296, 0x4a96, 0x6b99, 0x847c, 0x743a, 0x7c5a, 0x84dc, 0x7c9b, 0x9d9f, 0x953d, 0x8d1c, 0x9d9d, 0xb65e, 0xd73f, 0xe7bf, 0xe7df, 
	0xdf5f, 0xdf7f, 0xd75f, 0xcedf, 0xc6bf, 0xceff, 0xc6ff, 0xbebf, 0xae3e, 0xae1f, 0xa61f, 0xa61f, 0x9dde, 0x959e, 0x959e, 0x95be, 
	0x9dde, 0xae3f, 0xb65f, 0xb67f, 0xae7f, 0xa61e, 0x9dbd, 0x9dde, 0x9dbe, 0x9dbe, 0xa5df, 0xae3f, 0xb67f, 0xb67f, 0xb67e, 0xb67e, 
	0xbe7e, 0xbe9e, 0xb67e, 0xbe9f, 0xc6df, 0xc6df, 0xb65e, 0xb63d, 0xbe7f, 0xc69f, 0xc6bf, 0xc69f, 0xbe7f, 0xbe5e, 0xb65e, 0xb63f, 
	0xae3f, 0xae1f, 0xa5fe, 0xa5fe, 0xa61e, 0xae1e, 0xae5f, 0xae5f, 0xb67f, 0xb69f, 0xae7f, 0xae3e, 0xa61e, 0xa61e, 0xa5fe, 0x9ddd, 
	0xacfc, 0xacfc, 0xa4fc, 0xa4fc, 0x9d1c, 0xa53d, 0xa53d, 0xa53d, 0xad5e, 0xad1d, 0xacbc, 0xac5b, 0xac1a, 0xabda, 0xb3da, 0xb3d9, 
	0xb43a, 0xb49b, 0xb51c, 0xbdde, 0xbe3f, 0xb65f, 0xae5f, 0xa65e, 0xae5f, 0xae1e, 0xb5ff, 0xc5df, 0xbd5e, 0xac7b, 0xa3fa, 0xabfa, 
	0xa399, 0xb3fb, 0xabfb, 0x9bfa, 0x9c3a, 0xa4dc, 0xa55e, 0x9d5d, 0x957d, 0x957e, 0x957e, 0x959e, 0x957e, 0x8d7e, 0x8d5e, 0x8d5e, 
	0x853d, 0x7d5e, 0x7d5e, 0x7d3d, 0x7d3d, 0x7d3d, 0x7d1d, 0x7d3d, 0x855e, 0x8d7e, 0x8d9e, 0x8d9e, 0x8d9e, 0x95de, 0x9e1f, 0xa63f, 
	0xae5f, 0xae7f, 0xb67f, 0xb69f, 0xb69f, 0xb67e, 0xb67e, 0xb65d, 0xc71f, 0xc71f, 0xbebf, 0xae3e, 0x9dfd, 0x9dfe, 0xa5fe, 0x9dfe, 
	0x95de, 0x95de, 0x95de, 0x95be, 0x95bd, 0x95bd, 0x95bd, 0x95be, 0x95de, 0x95be, 0x95be, 0x8dbe, 0x8d9e, 0x857e, 0x857e, 0x857e, 
	0x857f, 0x859f, 0x859e, 0x859e, 0x8ddd, 0x961e, 0x9e3e, 0x9e1e, 0x95fe, 0x9dfe, 0x95de, 0x95de, 0x9dde, 0x9dfe, 0x9e1e, 0x9dfe, 
	0x95de, 0x95de, 0x95de, 0x9e1f, 0x9e3f, 0x9e3f, 0x9e1f, 0x95fe, 0x95fe, 0x9e1e, 0x9e1f, 0x9e1f, 0x9dfe, 0x9dde, 0x9dfe, 0x9e1f, 
	0x961f, 0x963f, 0x9e3f, 0xa65f, 0xa65f, 0x9e3f, 0x9e1f, 0x95fe, 0x8dde, 0x8dde, 0x8dde, 0x95de, 0xa63f, 0xae7f, 0xbe9f, 0xbebf, 
	0xc6bf, 0xc6bf, 0xbebf, 0xb67f, 0xae7f, 0xae5f, 0x9e1e, 0x95de, 0x9e1f, 0xa63f, 0xae5f, 0xae5f, 0xae5f, 0xae5f, 0xb65f, 0xae5f, 
	0x9dff, 0x95bf, 0x8d7e, 0x8d7e, 0x8d9e, 0x8d9f, 0x859f, 0x8dbf, 0x857e, 0x859e, 0x8d9f, 0x8dbf, 0x95df, 0x95df, 0x8dbe, 0x8d9e, 
	0x8d9e, 0x857e, 0x8d9e, 0x8dbf, 0x8dbe, 0x95be, 0x95de, 0x9dfe, 0xa61e, 0xa63e, 0xa63e, 0xa61e, 0xa5fe, 0xadfe, 0xae1e, 0xae3f, 
	0xa63f, 0x9dff, 0x95be, 0x8d7d, 0x8d7e, 0x8d9e, 0x8d9f, 0x8d7f, 0x857f, 0x857f, 0x857f, 0x857f, 0x857f, 0x857e, 0x857e, 0x857f, 
	0x857f, 0x857f, 0x857f, 0x857e, 0x857e, 0x857e, 0x857e, 0x857e, 0x855e, 0x857f, 0x8d7f, 0x853e, 0x84fe, 0x84fe, 0x6c3c, 0x4b17, 
	0x6339, 0x6b5a, 0x6b7a, 0x6bbb, 0x741c, 0x741c, 0x637a, 0x5297, 0x5277, 0x5237, 0x5a37, 0x5a17, 0x5a57, 0x5216, 0x39b4, 0x5276, 
	0x4a55, 0x7bb9, 0x8c7b, 0x94fc, 0xaddf, 0x9d7d, 0x84ba, 0x8d1c, 0x9d9e, 0x84da, 0x951b, 0xc69f, 0xe79f, 0xefdf, 0xefff, 0xefff, 
	0xe79f, 0xe7bf, 0xe77f, 0xcefe, 0xc69e, 0xc6bf, 0xbebf, 0xb65f, 0xae3f, 0xa61e, 0xa61f, 0xa61f, 0x9dde, 0x959e, 0x959e, 0x9dbe, 
	0x9dde, 0xae3f, 0xb65f, 0xae5f, 0xae5f, 0xa61e, 0x9ddd, 0x9dde, 0x959e, 0x9dbe, 0xa5de, 0xae3f, 0xb67f, 0xb67f, 0xb67e, 0xb67e, 
	0xb65e, 0xbe7e, 0xb67e, 0xbe9f, 0xc6df, 0xc6df, 0xbe7e, 0xb65e, 0xbe7f, 0xc6bf, 0xc6bf, 0xbe7f, 0xb63e, 0xae1e, 0xae1e, 0xadfe, 
	0xae1f, 0xa5ff, 0xa5fe, 0xa5fe, 0xa5fe, 0xa61e, 0xa63e, 0xae3e, 0xae5f, 0xae7f, 0xae5f, 0xa63e, 0xa61e, 0xa61e, 0x9dfe, 0x9ddd, 
	0xad5d, 0xad5d, 0xa55d, 0xa55d, 0x9d5d, 0x9d5d, 0x9d5d, 0x9d5d, 0xa55e, 0xad3e, 0xacfd, 0xb49c, 0xac3b, 0xb3da, 0xb3da, 0xb3da, 
	0xb41a, 0xac5a, 0xb4bb, 0xb55d, 0xbdfe, 0xb63f, 0xae3f, 0xae5f, 0xb67f, 0xae3f, 0xae1f, 0xb61f, 0xb5df, 0xad7e, 0x9cfc, 0xa4bc, 
	0xabda, 0xb3db, 0xabfb, 0xa41b, 0x9c3b, 0x9c7b, 0x9cdc, 0x9d3d, 0x955d, 0x957e, 0x8d7e, 0x8d5e, 0x8d5e, 0x8d5e, 0x8d5e, 0x8d5e, 
	0x853e, 0x7d3e, 0x7d3e, 0x7d3e, 0x7d3e, 0x7d3e, 0x7d3e, 0x7d1d, 0x853e, 0x857e, 0x8d9e, 0x857e, 0x857d, 0x8dbe, 0x9dff, 0x9e1f, 
	0xa63f, 0xae5f, 0xb69f, 0xb69f, 0xb67e, 0xae5d, 0xae3d, 0xae3c, 0xbedf, 0xc71f, 0xc6ff, 0xb67f, 0xa61e, 0xa61e, 0xa61f, 0xa61f, 
	0x9e1f, 0x9e1f, 0x9e1f, 0x9dff, 0x9dfe, 0x95de, 0x95bd, 0x95be, 0x9dde, 0x95de, 0x95de, 0x95be, 0x8dbe, 0x8d9e, 0x857e, 0x857e, 
	0x857f, 0x857f, 0x859e, 0x859e, 0x8ddd, 0x95fe, 0x961e, 0x95fe, 0x95fe, 0x9dfe, 0x9dfe, 0x9dfe, 0x9e1f, 0xa65f, 0xae5f, 0xa65f, 
	0xa63f, 0x9e1e, 0x9dfe, 0x9e3f, 0x9e5f, 0x9e5f, 0x9e3f, 0x9e1e, 0x9e1e, 0x9e1f, 0x9e3f, 0x9e3f, 0x9e1f, 0x9e1f, 0xa61f, 0x9e1f, 
	0x9e3f, 0x9e5f, 0x9e5f, 0xa65f, 0xa65f, 0x9e3f, 0x9dfe, 0x95fe, 0x95ff, 0x95ff, 0x8dde, 0x95de, 0x9e1f, 0xae7f, 0xbebf, 0xbe9f, 
	0xc6df, 0xc6df, 0xbebf, 0xb69f, 0xae7f, 0xa65f, 0x95fe, 0x8d9d, 0x95de, 0x95fe, 0x95ff, 0x9e1f, 0xae5f, 0xb69f, 0xbe9f, 0xb67f, 
	0xa61f, 0x95df, 0x8d9e, 0x8d9e, 0x8d9f, 0x8d9f, 0x859f, 0x859f, 0x859e, 0x859e, 0x859e, 0x8dbf, 0x8dbf, 0x8dbf, 0x8dbe, 0x8dbe, 
	0x859e, 0x859e, 0x8d9e, 0x8dbf, 0x95de, 0x8dbe, 0x95be, 0x95de, 0xa61f, 0x9dfe, 0x9dde, 0x9dde, 0xa5de, 0xae1f, 0xb65f, 0xb67f, 
	0x9dff, 0x95de, 0x8d9e, 0x8d7d, 0x8d7e, 0x8d9e, 0x8d7e, 0x857e, 0x857f, 0x857f, 0x857f, 0x857f, 0x857f, 0x857f, 0x857e, 0x857f, 
	0x857f, 0x857f, 0x857f, 0x857f, 0x857e, 0x857e, 0x857e, 0x857e, 0x855e, 0x855f, 0x853e, 0x8d5f, 0x8d5f, 0x7cbd, 0x5b99, 0x4296, 
	0x5256, 0x5a77, 0x62d9, 0x633a, 0x635a, 0x5b19, 0x4a98, 0x4236, 0x5278, 0x5216, 0x49d5, 0x5216, 0x5236, 0x5256, 0x5a97, 0x5275, 
	0x62f6, 0xa4fd, 0xb59f, 0xb5df, 0xd6df, 0xc67f, 0xa59d, 0xae1e, 0xa5bd, 0x951a, 0xaddc, 0xdf5f, 0xf7ff, 0xefdf, 0xefde, 0xefde, 
	0xe79e, 0xe7bf, 0xdf7f, 0xc6bd, 0xbe5c, 0xbe9e, 0xbe9f, 0xb65e, 0xae3f, 0xa5fe, 0x9dde, 0x9dde, 0x9dbe, 0x959e, 0x959e, 0x9ddf, 
	0xa5de, 0xae3f, 0xae5f, 0xa63e, 0xae3e, 0xa61e, 0x9dde, 0x9dde, 0x9dbe, 0x9dbe, 0xa5de, 0xae3f, 0xb65f, 0xb65e, 0xb65d, 0xae3d, 
	0xae3d, 0xb67e, 0xb67e, 0xbe7f, 0xc6df, 0xbebf, 0xbe7f, 0xbe7f, 0xbe9f, 0xbebf, 0xbebf, 0xb67f, 0xae1e, 0xadfe, 0xa5fd, 0xa5dd, 
	0xa5ff, 0xa5ff, 0x9dfe, 0x9dde, 0x9dfe, 0xa61e, 0xa61e, 0xa63e, 0xa63e, 0xae5e, 0xa65e, 0x9e1e, 0x9dfd, 0xa61e, 0x9e1e, 0x9dfd, 
	0xad7d, 0xad9d, 0xad9d, 0xa59e, 0x9d9d, 0x9d7d, 0x955d, 0x955d, 0x9d3d, 0xad3e, 0xb53e, 0xb4dd, 0xb45b, 0xb41a, 0xb3fa, 0xbc1a, 
	0xb3f9, 0xac3a, 0xb4bb, 0xbd7e, 0xc5ff, 0xbe1f, 0xae3f, 0xae3e, 0xae3f, 0xae5f, 0xae3f, 0xae1f, 0xa5de, 0xa5de, 0x9dbe, 0xa55e, 
	0xac9c, 0xac1c, 0xa43c, 0xac9d, 0x9c9c, 0x8c5b, 0x8c9b, 0x951d, 0x953d, 0x953d, 0x8d1d, 0x8cfd, 0x8cfd, 0x8cfd, 0x94fd, 0x953e, 
	0x853e, 0x7d3e, 0x7d1d, 0x7d1d, 0x7d3e, 0x7d3e, 0x7d3e, 0x7d1d, 0x7d3e, 0x855e, 0x857e, 0x855d, 0x855d, 0x8d7e, 0x95df, 0x9dff, 
	0x95de, 0xa61e, 0xae5f, 0xae7f, 0xae5e, 0xa63d, 0xa63d, 0xae3d, 0xae5d, 0xbedf, 0xc71f, 0xbedf, 0xb67e, 0xae3e, 0xae3e, 0xa61e, 
	0xa63f, 0xa63f, 0xa63f, 0xa63f, 0xa61e, 0x9dfe, 0x9ddd, 0x9dde, 0x9dfe, 0x9dde, 0x95de, 0x95de, 0x8dbe, 0x8d9e, 0x859e, 0x857e, 
	0x7d5e, 0x7d7e, 0x859e, 0x859e, 0x85be, 0x8dfe, 0x95fe, 0x95fe, 0x9e1e, 0x9e1f, 0x9e1f, 0xa61f, 0xae5f, 0xb69f, 0xb6bf, 0xb6bf, 
	0xae9f, 0xa63e, 0x9e1e, 0x9e3e, 0xa65f, 0xa65f, 0x9e3e, 0x9e3f, 0x9e5f, 0x9e3f, 0x9e3f, 0xa63f, 0xa63f, 0xa63f, 0xa63f, 0xa63f, 
	0x9e5f, 0x9e5f, 0x9e5f, 0x9e5f, 0x9e3f, 0x9e3f, 0x9dfe, 0x95fe, 0x95ff, 0x95ff, 0x95de, 0x95de, 0x9e1f, 0xae7f, 0xb6bf, 0xbe9f, 
	0xc6ff, 0xc6ff, 0xbedf, 0xbebf, 0xb6bf, 0xa67f, 0x95de, 0x7d5d, 0x859e, 0x8d9e, 0x8dbe, 0x95de, 0xae5f, 0xbebf, 0xbebf, 0xb69f, 
	0xa63f, 0x95df, 0x8d9e, 0x8d9e, 0x8d9e, 0x8d9f, 0x859e, 0x857e, 0x859f, 0x859f, 0x859f, 0x8dbf, 0x8dbf, 0x8dbf, 0x8dbe, 0x8dbe, 
	0x8dbf, 0x8dbf, 0x8dbf, 0x95df, 0x95df, 0x8dbe, 0x8dbe, 0x95be, 0x95de, 0x95be, 0x959e, 0x9dbe, 0x9ddf, 0x9dbf, 0x9dbf, 0x9d9e, 
	0x95df, 0x8d9e, 0x8d7e, 0x8d7e, 0x8d7e, 0x8d9f, 0x8d7f, 0x857e, 0x857f, 0x857f, 0x857f, 0x857f, 0x857f, 0x857f, 0x857f, 0x857e, 
	0x857e, 0x857e, 0x857f, 0x857f, 0x857f, 0x857e, 0x857e, 0x857e, 0x857e, 0x855e, 0x853e, 0x8d7f, 0x9dbf, 0x7c9d, 0x5339, 0x4ab7, 
	0x5257, 0x5a57, 0x5a78, 0x5ab8, 0x5298, 0x4a57, 0x4a77, 0x5a98, 0x5257, 0x5a57, 0x51f6, 0x5a57, 0x5a56, 0x735a, 0x9cbf, 0x6317, 
	0x7bb8, 0xad5d, 0xce7f, 0xd6bf, 0xdf1f, 0xdf3f, 0xcedf, 0xcedf, 0xbe7e, 0xbe5e, 0xd73f, 0xefdf, 0xefdf, 0xefdf, 0xefde, 0xe7be, 
	0xdf7f, 0xe7bf, 0xd75f, 0xbe9d, 0xb63c, 0xb67e, 0xb67f, 0xae5f, 0xae3f, 0x9dbe, 0x957d, 0x957e, 0x959e, 0x959e, 0x9dbe, 0xa5ff, 
	0xa5fe, 0xae3f, 0xae3e, 0xa5fe, 0xa61e, 0xa5fe, 0x9dde, 0x9dbe, 0x9dde, 0x9dde, 0xa5de, 0xae1f, 0xae3f, 0xae3e, 0xae1d, 0xae1c, 
	0xae1d, 0xb65e, 0xb67f, 0xbe7f, 0xbebf, 0xbebf, 0xbe7f, 0xbe9f, 0xbe9f, 0xc6bf, 0xbebf, 0xb65f, 0xa5fe, 0xa5de, 0xa5dd, 0x9dbd, 
	0xa5ff, 0xa5ff, 0xa5fe, 0x9dde, 0x9dfe, 0x9dfe, 0xa61e, 0xa63e, 0x9e1e, 0xa63e, 0xa63e, 0x9e1e, 0x9dfd, 0x9e1e, 0x9e1e, 0x9dfd, 
	0xa57c, 0xa59d, 0xa5bd, 0x9dbd, 0x9dbe, 0x9dde, 0x9dbe, 0x9d9e, 0xa59e, 0xad9f, 0xb57e, 0xb51d, 0xb4bc, 0xb47b, 0xb43a, 0xb41a, 
	0xbc3b, 0xac1a, 0xac5a, 0xbd3d, 0xc61f, 0xbe3f, 0xadfe, 0xae3f, 0xa61e, 0xae5f, 0xae5f, 0xa63f, 0xa5fe, 0x9dde, 0x9dbe, 0x9d9e, 
	0xa57e, 0xa55f, 0xa55f, 0x9d5f, 0x9d5e, 0x953e, 0x951d, 0x951d, 0x8cdc, 0x94fd, 0x94dc, 0x8c7b, 0x8c5b, 0x9c7c, 0xa4bd, 0x9cdd, 
	0x8d1e, 0x851e, 0x7d1d, 0x7d3e, 0x855e, 0x7d5e, 0x7d3e, 0x751d, 0x7d3e, 0x7d5e, 0x7d3e, 0x7d5e, 0x855e, 0x857e, 0x8d9e, 0x8d9e, 
	0x95fe, 0x95fe, 0x9e1e, 0xa63f, 0xa63f, 0xa63e, 0xa61e, 0xa61d, 0xae3e, 0xb67f, 0xbebf, 0xc6df, 0xc6bf, 0xbe9f, 0xbe7e, 0xb67e, 
	0xb67e, 0xb69f, 0xb69f, 0xae5e, 0xa61d, 0xa5fd, 0x9dfd, 0x9dfd, 0xa63f, 0x9e1f, 0x9e1f, 0x95fe, 0x8dde, 0x8dbe, 0x859e, 0x857d, 
	0x859e, 0x857d, 0x857d, 0x859e, 0x85be, 0x8dde, 0x8dfe, 0x8dde, 0x8dde, 0x95fe, 0x9e1e, 0xae5f, 0xb67f, 0xbebf, 0xbebf, 0xbe9f, 
	0xbebf, 0xb69e, 0xae7e, 0xa65e, 0xa63e, 0x9e3e, 0x9e3e, 0x9e5e, 0xa65f, 0x9e5f, 0x9e1e, 0x9e1e, 0xa63e, 0xae5f, 0xae5e, 0xa63e, 
	0xa65f, 0x9e3f, 0x9e3f, 0x9e5f, 0xa65f, 0xa65f, 0x9e3f, 0x961e, 0x95fe, 0x95fe, 0x95de, 0x8dbd, 0x9dfe, 0xae7f, 0xb6bf, 0xb6bf, 
	0xb6bf, 0xb6bf, 0xb6bf, 0xb6bf, 0xaebf, 0xa67f, 0x95ff, 0x859e, 0x8dbe, 0x857d, 0x855c, 0x8d7d, 0x9dfe, 0xae5f, 0xb69f, 0xbebf, 
	0xa65f, 0x9e1f, 0x95de, 0x8d9d, 0x8d9e, 0x8d9e, 0x8d9e, 0x8d9e, 0x8d9e, 0x8d9f, 0x8d9f, 0x8d9f, 0x8dbf, 0x8dbf, 0x8dbf, 0x8dbf, 
	0x8d9f, 0x8d9f, 0x8dbf, 0x8dbf, 0x95df, 0x95df, 0x95df, 0x95bf, 0x95bf, 0x8d7e, 0x8d7d, 0x8d9e, 0x95bf, 0x959f, 0x959e, 0x8d9f, 
	0x8d9f, 0x8d9f, 0x8d7f, 0x8d7f, 0x8d7f, 0x8d7f, 0x8d7f, 0x8d7f, 0x8d7f, 0x8d7f, 0x857f, 0x857f, 0x857f, 0x857f, 0x857f, 0x857e, 
	0x855d, 0x857e, 0x859f, 0x857f, 0x7d7f, 0x7d7f, 0x7d7f, 0x7d7e, 0x85bf, 0x753d, 0x8d9e, 0x8d7f, 0x8d3f, 0x7c7d, 0x5319, 0x52d9, 
	0x4a77, 0x5297, 0x5277, 0x5277, 0x4a56, 0x5256, 0x5a98, 0x5236, 0x5256, 0x5215, 0x49f5, 0x5a77, 0x5235, 0xb51f, 0xacff, 0x5a95, 
	0x9cba, 0xad5b, 0xc63e, 0xdedf, 0xe75f, 0xe75f, 0xdf3f, 0xdf3f, 0xdf1f, 0xdf5f, 0xefbf, 0xe79f, 0xe77f, 0xe79f, 0xe77f, 0xe79f, 
	0xd71f, 0xcf1f, 0xbebe, 0xae3c, 0xa61c, 0xae5e, 0xae3f, 0xa5de, 0x9dbf, 0x959f, 0x957f, 0x8d5e, 0x8d5e, 0x957e, 0x9dbf, 0xa5ff, 
	0xa61e, 0xa61e, 0xa61e, 0xa5fe, 0xa5fe, 0xa5fe, 0x9dde, 0x9dbe, 0x9dbe, 0x9dbe, 0x9dde, 0xa5fe, 0xae1e, 0xa61e, 0xa5fd, 0xa5fd, 
	0xbe9f, 0xae3e, 0xb63e, 0xbe7f, 0xb65f, 0xb65e, 0xbe9f, 0xc6bf, 0xc6bf, 0xbe7f, 0xb65e, 0xae3f, 0xae1e, 0xa5de, 0x9dde, 0xa5de, 
	0xa5de, 0xa5de, 0xa5de, 0xa5de, 0xa5fe, 0xa5fe, 0x9dfe, 0x9dfe, 0xa63e, 0x9e1e, 0x9e1e, 0x9e1e, 0x9dfe, 0x9e1e, 0xa61e, 0x95dd, 
	0xa59c, 0xa5bd, 0xa5bd, 0x9dbd, 0x9dbd, 0x9dbe, 0x95be, 0x957e, 0xa59e, 0xa57e, 0xad5e, 0xb53d, 0xb51d, 0xacdc, 0xacdb, 0xacbb, 
	0xac5a, 0xac5a, 0xac7b, 0xb53d, 0xbddf, 0xb5de, 0xadde, 0xb63f, 0xbe7f, 0xb63f, 0xae1e, 0xa5de, 0x9dde, 0x9dde, 0x95be, 0x95be, 
	0x8d9e, 0x959f, 0x959f, 0x959f, 0x8d7e, 0x8d5e, 0x8d3e, 0x8d3d, 0x951d, 0x9d1d, 0x9cdd, 0x949c, 0x943a, 0x943a, 0xa47c, 0xa4fe, 
	0x94fd, 0x851d, 0x851d, 0x7d1e, 0x7d3e, 0x7d3e, 0x7d3e, 0x753e, 0x7d5e, 0x7d5e, 0x7d5e, 0x7d5e, 0x7d5e, 0x857e, 0x857e, 0x8d9e, 
	0x8dbe, 0x8ddd, 0x95fe, 0x95fe, 0x9dfe, 0x9dfe, 0x9dfe, 0x9dde, 0xa5fe, 0xae3e, 0xb65f, 0xbe9f, 0xbebf, 0xc6bf, 0xbe9f, 0xbe9e, 
	0xb67e, 0xbe9e, 0xbe9e, 0xb67e, 0xae3d, 0xa61d, 0xa61d, 0xa61e, 0x9e1e, 0x9e1f, 0x961f, 0x95fe, 0x8dde, 0x85be, 0x859d, 0x859d, 
	0x859d, 0x857d, 0x7d7d, 0x859e, 0x85de, 0x8ddf, 0x8ddf, 0x8dde, 0x8dbe, 0x95de, 0x9dfe, 0xa63e, 0xb67f, 0xbebf, 0xc6df, 0xc6df, 
	0xbedf, 0xbedf, 0xbebf, 0xb69e, 0xae7e, 0xa65e, 0x9e3e, 0x9e3e, 0x9e5e, 0x9e3e, 0x9e3e, 0x9e3e, 0xa65e, 0xb69f, 0xb67f, 0xae5e, 
	0x9e3f, 0x9e3f, 0x9e3f, 0x9e5f, 0xa65f, 0x9e5f, 0x9e3f, 0x9e1f, 0x9e1e, 0x95fe, 0x95de, 0x95dd, 0x95fe, 0xa65f, 0xa67f, 0xae9f, 
	0xb6bf, 0xb69f, 0xae9f, 0xae9f, 0xa67f, 0x9e3f, 0x8ddf, 0x859e, 0x859e, 0x8d9e, 0x8d9e, 0x8dbe, 0x9dde, 0xa61f, 0xae5f, 0xae7f, 
	0xae7f, 0xa63f, 0x9dfe, 0x95de, 0x8dbe, 0x8d9e, 0x8d9e, 0x8d7e, 0x8d9e, 0x8d9e, 0x8d9f, 0x8d9f, 0x8dbf, 0x8dbf, 0x8dbf, 0x8dbf, 
	0x8d9e, 0x8d9f, 0x8dbf, 0x8dbf, 0x95df, 0x95df, 0x8dbf, 0x8dbf, 0x8dbf, 0x8d9e, 0x8d7e, 0x8d9f, 0x8dbf, 0x8d9f, 0x8d9e, 0x8dbf, 
	0x8d9f, 0x8d9f, 0x8d9f, 0x8d7f, 0x8d7f, 0x8d7f, 0x8d7f, 0x8d7f, 0x8d7f, 0x8d7f, 0x857f, 0x857f, 0x857f, 0x857f, 0x857f, 0x857e, 
	0x857e, 0x859e, 0x859f, 0x857f, 0x7d7f, 0x7d7f, 0x7d9f, 0x7d7f, 0x753d, 0x859e, 0x8d7e, 0x7cfd, 0x84dd, 0x63ba, 0x4276, 0x73bc, 
	0x633a, 0x5277, 0x4a57, 0x5297, 0x5277, 0x5256, 0x5236, 0x5236, 0x5236, 0x5236, 0x62b7, 0x9c5d, 0x8bfc, 0x7339, 0x5a76, 0x7357, 
	0x9499, 0xb5bb, 0xdeff, 0xf79f, 0xf7bf, 0xe75f, 0xdf1f, 0xdf1f, 0xdf3f, 0xd71f, 0xdf5f, 0xdf3f, 0xdf5f, 0xdf7f, 0xceff, 0xc6df, 
	0xbe9f, 0xbebf, 0xb67e, 0xa5fd, 0x9ddd, 0xa61e, 0xa5ff, 0x959e, 0x8d5e, 0x8d5e, 0x8d3e, 0x8d3e, 0x957e, 0x9dbf, 0xa61f, 0xae5f, 
	0xae1e, 0xae1e, 0xa61e, 0xa61e, 0xa61f, 0xa5ff, 0x9dde, 0x9dbe, 0x9dbe, 0x9dbe, 0x9dde, 0xa5fe, 0xa5fe, 0xa5dd, 0xa5fe, 0xae3e, 
	0xbe7f, 0xae3e, 0xae3e, 0xb67f, 0xb65f, 0xb65e, 0xbe9f, 0xc6df, 0xbe9f, 0xbe7f, 0xb65e, 0xae3e, 0xa5fe, 0xa5de, 0x9dde, 0xa5df, 
	0xa5de, 0xa5de, 0xa5de, 0xa5de, 0xa5fe, 0xa5fe, 0xa5fe, 0x9dfe, 0x9dfe, 0x9dfe, 0xa63f, 0xa63f, 0x9dfe, 0xa61e, 0xa61e, 0x95bd, 
	0xa57c, 0xa59d, 0xa5bd, 0xa5bd, 0x9dbe, 0x9dbe, 0x9d9e, 0x9d7e, 0xa5bf, 0xa59f, 0xad7e, 0xad9e, 0xad9e, 0xad9e, 0xadbd, 0xad9d, 
	0xb57d, 0xb57d, 0xb57d, 0xb59d, 0xb59d, 0xad1b, 0xa4fa, 0xad3c, 0xbdde, 0xb59d, 0xad9d, 0xadbe, 0xa5de, 0x95be, 0x8dbe, 0x8dbe, 
	0x8d7e, 0x8d7e, 0x8d9f, 0x8d9e, 0x8d7e, 0x8d7e, 0x8d7e, 0x8d5e, 0x955e, 0x953d, 0x9d1d, 0x9cfd, 0x949c, 0x8c3a, 0x947b, 0xa4fd, 
	0x953e, 0x8d3e, 0x853e, 0x7d1e, 0x7d1e, 0x7d3e, 0x7d3e, 0x7d5e, 0x7d5e, 0x7d5e, 0x7d5e, 0x7d5e, 0x7d5e, 0x857e, 0x857e, 0x857d, 
	0x8d9d, 0x8dbd, 0x8dde, 0x95de, 0x95fe, 0x95de, 0x95de, 0x95dd, 0x9ddd, 0x9ddd, 0xa5fd, 0xae5e, 0xbe9f, 0xc6df, 0xc6df, 0xc6df, 
	0xbe9f, 0xbe9f, 0xbe9f, 0xb69f, 0xae5e, 0xa61e, 0xa61e, 0xa63e, 0x9e1e, 0x9e1e, 0x95fe, 0x8dde, 0x8dbe, 0x85be, 0x859e, 0x859e, 
	0x859d, 0x859d, 0x7d7d, 0x859e, 0x85df, 0x8ddf, 0x8dff, 0x8ddf, 0x8dbe, 0x8dbd, 0x95dd, 0x9e1e, 0xb67f, 0xbebf, 0xc6ff, 0xc6ff, 
	0xc6ff, 0xc6ff, 0xc71f, 0xbedf, 0xb69f, 0xa67e, 0xa65e, 0x9e5e, 0xa65f, 0xa65f, 0xa65f, 0xa65e, 0xae7f, 0xb69f, 0xb69f, 0xae7f, 
	0xa63e, 0x9e3f, 0xa65f, 0xa65f, 0x9e3f, 0x9e3f, 0x9e3f, 0x9e3f, 0x9e3f, 0x961e, 0x95fe, 0x95fe, 0x95fe, 0x95fe, 0x9e3f, 0xa65f, 
	0xaebf, 0xae7f, 0xa63e, 0x9e1e, 0x961f, 0x95ff, 0x8dbe, 0x859e, 0x859e, 0x8dbf, 0x95df, 0x95df, 0x95de, 0x9dde, 0x9dfe, 0xa61e, 
	0xae7f, 0xa67f, 0x9e3f, 0x9e1f, 0x95de, 0x8dbe, 0x8d9e, 0x8d7e, 0x8d9e, 0x859e, 0x8d9e, 0x859e, 0x8d9f, 0x8dbf, 0x8dbf, 0x8dbf, 
	0x8d9e, 0x8d9e, 0x8d9f, 0x8dbf, 0x95bf, 0x8dbf, 0x8dbf, 0x8d9e, 0x8dbf, 0x8d9f, 0x8d9e, 0x8d9f, 0x8d9f, 0x8d9e, 0x8d9e, 0x8d9f, 
	0x8d9f, 0x8d9f, 0x8d9f, 0x8d9f, 0x8d9f, 0x8d9f, 0x8d9f, 0x8d9f, 0x8d9e, 0x8d9e, 0x857e, 0x857e, 0x859e, 0x859f, 0x857e, 0x857e, 
	0x857e, 0x859e, 0x859e, 0x7d7e, 0x7d7f, 0x859f, 0x859f, 0x857f, 0x855f, 0x8d7f, 0x957f, 0x7c9c, 0x63b8, 0x5b77, 0x73d9, 0x94de, 
	0x843e, 0x5a98, 0x5257, 0x5257, 0x5a77, 0x5a97, 0x4a15, 0x5256, 0x49d4, 0x5a96, 0xad1f, 0xd63f, 0x7b9a, 0x41f3, 0x62f7, 0x947b, 
	0xa55c, 0xbe1d, 0xdeff, 0xe75f, 0xdf3f, 0xd6ff, 0xd6df, 0xd6ff, 0xd71f, 0xcedf, 0xceff, 0xcedf, 0xceff, 0xcf1f, 0xb65d, 0xa5dc, 
	0xae1e, 0xae3f, 0xae1e, 0x9ddd, 0x959d, 0x9dbe, 0x959e, 0x8d5e, 0x957f, 0x8d5f, 0x8d3e, 0x8d3e, 0x957e, 0x9dbe, 0xa61f, 0xae3f, 
	0xae3f, 0xae1e, 0xa61e, 0xa61e, 0xa61f, 0xa5ff, 0x9ddf, 0x9dbe, 0x9dbe, 0x9dbe, 0xa5de, 0xa5de, 0xa5dd, 0xa5dd, 0xae1e, 0xb67f, 
	0xb67f, 0xae1e, 0xae1e, 0xb65f, 0xb65e, 0xbe7e, 0xc6bf, 0xc6bf, 0xbe7e, 0xb67f, 0xb63e, 0xadfe, 0xa5de, 0xa5de, 0xa5fe, 0xa5de, 
	0xa5de, 0xa5de, 0xa5de, 0xa5fe, 0xa5fe, 0xa5fe, 0xa5fe, 0x9dfe, 0x9dfe, 0x9dfe, 0xa61f, 0xa61f, 0x9dfe, 0xa5fe, 0xa61e, 0x9dde, 
	0xa57c, 0xa59d, 0xa5bd, 0xa5bd, 0xa5be, 0xa5be, 0xa5bf, 0xa57e, 0xadbf, 0xad7e, 0xa57e, 0xa59e, 0xadde, 0xadff, 0xae3f, 0xae3f, 
	0xbe9f, 0xc69f, 0xc67f, 0xc63e, 0xbdbd, 0xacfa, 0x9c79, 0xa479, 0xac9a, 0xa49a, 0xacfc, 0xb59f, 0xaddf, 0x959e, 0x859e, 0x85be, 
	0x857e, 0x857e, 0x857e, 0x857e, 0x857e, 0x857e, 0x857e, 0x855e, 0x853d, 0x8d5e, 0x957e, 0x9d7e, 0x9d3d, 0x94bc, 0x94bc, 0x94dd, 
	0x955e, 0x8d5e, 0x8d5e, 0x853e, 0x7d3e, 0x7d3e, 0x753e, 0x753e, 0x755e, 0x755e, 0x7d5e, 0x7d5e, 0x7d5e, 0x857e, 0x857e, 0x857d, 
	0x859d, 0x859d, 0x8dbd, 0x8dbe, 0x8dde, 0x8dbe, 0x95de, 0x95bd, 0x95bd, 0x9dbd, 0x9ddd, 0xa61e, 0xb67f, 0xbebf, 0xc6df, 0xc6ff, 
	0xbedf, 0xbebf, 0xbebf, 0xb69f, 0xae5f, 0xa61e, 0x9dfe, 0x9e1e, 0x95de, 0x95de, 0x8dde, 0x8dde, 0x85be, 0x859e, 0x859e, 0x859e, 
	0x859e, 0x859d, 0x7d9d, 0x859e, 0x85df, 0x8dff, 0x8dff, 0x8ddf, 0x8dde, 0x8dbe, 0x8dbd, 0x9dfe, 0xae5f, 0xbebf, 0xc6df, 0xc6ff, 
	0xc6df, 0xc6ff, 0xc71f, 0xbedf, 0xae9f, 0xa67f, 0xa67f, 0xa67f, 0xa67f, 0xa67f, 0xa65f, 0xa65f, 0xae7f, 0xb69f, 0xb69f, 0xae7f, 
	0xa63e, 0xa65f, 0xa67f, 0xa65f, 0x9e3f, 0x9e3f, 0x9e3f, 0xa65f, 0x9e3f, 0x95fe, 0x95fe, 0x9e1f, 0x961f, 0x95de, 0x95de, 0x9e1f, 
	0xa67f, 0x9e3e, 0x95fe, 0x8ddd, 0x8dde, 0x85be, 0x859e, 0x7d7d, 0x859e, 0x8dbf, 0x95ff, 0x95ff, 0x95ff, 0x95de, 0x95de, 0x9dde, 
	0xa63f, 0xa65f, 0xa65f, 0x9e3f, 0x95ff, 0x95df, 0x8d9e, 0x8d9e, 0x857e, 0x859e, 0x859e, 0x859e, 0x859e, 0x8d9f, 0x8d9e, 0x8dbf, 
	0x8d9e, 0x8d9f, 0x8d9f, 0x8dbf, 0x8dbf, 0x8dbf, 0x8d9f, 0x8d9e, 0x8dbf, 0x8dbf, 0x8dbf, 0x8d9f, 0x8d9e, 0x8d9e, 0x8d9e, 0x8d9f, 
	0x8d9e, 0x8d9e, 0x8d9e, 0x8d9e, 0x8d9e, 0x859e, 0x859e, 0x859e, 0x859e, 0x859e, 0x859e, 0x859e, 0x859e, 0x859e, 0x859e, 0x859e, 
	0x859f, 0x859e, 0x859e, 0x859e, 0x859e, 0x859e, 0x857e, 0x855e, 0x855f, 0x7cde, 0x7c9c, 0x6398, 0x52f5, 0x7c39, 0xad9e, 0xb5df, 
	0x9cbf, 0x62da, 0x5a78, 0x4a16, 0x5256, 0x62d8, 0x5235, 0x5a75, 0x6af7, 0xad3f, 0xd65f, 0x9cbd, 0x6317, 0x4213, 0x6b58, 0xa51e, 
	0xc67f, 0xc69f, 0xc69f, 0xc69f, 0xc69f, 0xc69f, 0xbe7f, 0xbe5e, 0xc69f, 0xbe7e, 0xbe9f, 0xbe7f, 0xbe9f, 0xbe7f, 0xa5bc, 0x955b, 
	0x9dbe, 0xa5ff, 0xa5ff, 0x9dbe, 0x957d, 0x957e, 0x957e, 0x8d5e, 0x959f, 0x957f, 0x8d3e, 0x8d3e, 0x957e, 0x9dbe, 0xa5fe, 0xa5fe, 
	0xae3f, 0xae1f, 0xa5fe, 0xa5ff, 0xa5ff, 0xa5ff, 0xa5df, 0x9dbe, 0x9dbe, 0x9dbe, 0xa5de, 0xa5fe, 0xae1e, 0xae1e, 0xb65f, 0xbe9f, 
	0xb67f, 0xae1e, 0xae1e, 0xb65f, 0xb65e, 0xbe7f, 0xc6bf, 0xc6bf, 0xb63e, 0xb65e, 0xb63e, 0xa5fd, 0xa5dd, 0xa5fe, 0xa5ff, 0xa5de, 
	0xa5de, 0xa5de, 0xa5fe, 0xa5fe, 0xa5fe, 0xa5fe, 0xa5fe, 0xa5fe, 0xa63f, 0xa5fe, 0xa5fe, 0xa5fe, 0xa5de, 0xa5fe, 0xae1f, 0xa5fe, 
	0xa57c, 0xa59d, 0xa5bd, 0xa59e, 0xa59e, 0xad9e, 0xad7e, 0xa53e, 0xad3e, 0xa4fd, 0x9cfc, 0x9d3d, 0xa59e, 0xa5de, 0xa63f, 0xae7f, 
	0xb69f, 0xbebf, 0xc6bf, 0xc69f, 0xce5f, 0xc5dd, 0xb51b, 0xb4db, 0xa459, 0x9bf9, 0x9439, 0xa4fd, 0xa57f, 0x9d9f, 0x8d7e, 0x859e, 
	0x857e, 0x857e, 0x857e, 0x857e, 0x857e, 0x7d7e, 0x7d7e, 0x7d5e, 0x7d3d, 0x857e, 0x8d9e, 0x957e, 0x957e, 0x9d7e, 0x953d, 0x8cfd, 
	0x8d3d, 0x853e, 0x855e, 0x855e, 0x7d5e, 0x7d3e, 0x7d3e, 0x753e, 0x753e, 0x753e, 0x7d5e, 0x7d5e, 0x7d5e, 0x857e, 0x857e, 0x857e, 
	0x7d7d, 0x7d7d, 0x857d, 0x859d, 0x859d, 0x8d9d, 0x8d9d, 0x8d9d, 0x8d9d, 0x95bd, 0x9dde, 0x9dfe, 0xa61e, 0xae5f, 0xb69f, 0xbedf, 
	0xbedf, 0xbedf, 0xbebf, 0xb69f, 0xae7f, 0x9e1e, 0x95de, 0x95de, 0x8dbe, 0x8dbe, 0x8dbe, 0x85be, 0x859e, 0x859e, 0x859e, 0x7d9e, 
	0x859e, 0x7d9e, 0x7d9e, 0x85be, 0x85df, 0x8dff, 0x8dff, 0x8dff, 0x8dff, 0x8dbe, 0x8dbd, 0x95fe, 0xa65f, 0xae7f, 0xbebf, 0xc6ff, 
	0xc6ff, 0xc6ff, 0xbeff, 0xb6bf, 0xae7f, 0xa65e, 0xa67f, 0xaebf, 0xa67f, 0xa67f, 0xa65f, 0xa65f, 0xa65f, 0xae9f, 0xb69f, 0xae9f, 
	0xa65f, 0xa67f, 0xae7f, 0xa65f, 0xa63f, 0x9e3f, 0xa65f, 0xa67f, 0x9e3f, 0x95fe, 0x95fe, 0x9e3f, 0x9e3f, 0x8dde, 0x8dbe, 0x95fe, 
	0x9e3e, 0x961e, 0x95fe, 0x8dde, 0x8dde, 0x85be, 0x7d9e, 0x7d7e, 0x859e, 0x85bf, 0x8ddf, 0x95ff, 0x95ff, 0x95ff, 0x95de, 0x95de, 
	0x95de, 0x961f, 0x9e3f, 0x9e3f, 0x9e1f, 0x95ff, 0x8dbe, 0x8d9e, 0x859e, 0x859e, 0x859e, 0x859e, 0x859e, 0x859e, 0x859f, 0x8d9f, 
	0x8dbf, 0x8d9f, 0x8dbf, 0x8dbf, 0x8dbf, 0x8dbf, 0x8dbf, 0x8d9e, 0x8d9f, 0x8dbf, 0x8dbf, 0x8d9f, 0x8d9e, 0x8d9e, 0x8d9f, 0x8dbe, 
	0x8d9e, 0x8d9e, 0x8d9e, 0x8d9e, 0x8d9e, 0x859e, 0x859e, 0x859e, 0x859e, 0x859e, 0x859e, 0x859e, 0x859e, 0x859e, 0x859e, 0x859e, 
	0x859f, 0x7d9f, 0x859e, 0x859e, 0x859d, 0x857d, 0x855d, 0x8d3e, 0x8d3f, 0x84de, 0x6399, 0x5b57, 0x8cbb, 0xbe1f, 0xd6df, 0xe71f, 
	0x9c9e, 0x5a99, 0x5258, 0x5237, 0x5a77, 0x62b7, 0x5234, 0x62f7, 0xad1f, 0xa51e, 0x8c3b, 0x5294, 0x52d5, 0x5af5, 0x843b, 0xa57f, 
	0xc69f, 0xc69f, 0xbe7f, 0xbe7f, 0xbe9f, 0xbe7f, 0xae1e, 0x9dbc, 0xa5dd, 0xa5fd, 0xb65f, 0xae1f, 0xa5fe, 0xa5fe, 0x955c, 0x8d3c, 
	0x957e, 0x9d9f, 0x9dbf, 0x957e, 0x8d5d, 0x8d5e, 0x8d7e, 0x8d5f, 0x957f, 0x8d5e, 0x8d3d, 0x8d3d, 0x959d, 0x9dde, 0xa61e, 0xae1e, 
	0xae3f, 0xa61f, 0xa5df, 0x9ddf, 0xa5ff, 0xa5ff, 0x9ddf, 0x9dbe, 0x9dbe, 0x9dbd, 0xa5bd, 0xae1e, 0xb65f, 0xbe7f, 0xbe9f, 0xc69f, 
	0xbe7f, 0xae3e, 0xae3e, 0xb65e, 0xb65e, 0xbe7f, 0xc69f, 0xbe9f, 0xb63e, 0xb65e, 0xae3e, 0xa5fd, 0xa5de, 0xae1e, 0xa61f, 0xa5de, 
	0xa5fe, 0xa5fe, 0xa5fe, 0xa5fe, 0xa5fe, 0xa5fe, 0xa5fe, 0xa5fe, 0xae3f, 0xa5fe, 0xa5fe, 0xae1f, 0xadfe, 0xadfe, 0xadde, 0x9d9d, 
	0x9d9d, 0xa5bd, 0xa5bd, 0xa59d, 0xa57d, 0xa55e, 0xa53d, 0xa4dd, 0xacdd, 0xa49c, 0x9c7b, 0xa4bc, 0xa51c, 0xa57d, 0xaddf, 0xbe5f, 
	0xbe7f, 0xc6bf, 0xc69f, 0xcebf, 0xd6df, 0xd67f, 0xc5bd, 0xbd5d, 0xbd1c, 0xa45a, 0x8bd8, 0x8c3a, 0x9cfd, 0x9d7f, 0x957f, 0x8d5e, 
	0x8d7e, 0x857e, 0x857e, 0x857e, 0x7d7e, 0x7d7e, 0x7d7e, 0x7d5d, 0x7d5d, 0x857e, 0x857e, 0x855d, 0x8d7e, 0x95bf, 0x959f, 0x8d3d, 
	0x84fc, 0x851d, 0x853d, 0x853e, 0x855e, 0x7d5e, 0x7d5e, 0x7d5e, 0x753d, 0x753d, 0x753d, 0x7d5e, 0x7d5e, 0x7d5e, 0x857e, 0x857e, 
	0x7d7d, 0x7d7d, 0x7d7d, 0x7d7d, 0x857d, 0x859e, 0x859e, 0x8d9e, 0x8d9d, 0x8dbe, 0x95de, 0x95de, 0x95dd, 0x9dfe, 0xa63e, 0xae5f, 
	0xb6bf, 0xb69f, 0xb69f, 0xb69f, 0xae7f, 0x9dfe, 0x95bd, 0x8dbe, 0x8d9e, 0x859e, 0x859e, 0x859e, 0x859e, 0x7d9e, 0x7d9e, 0x7d9e, 
	0x859e, 0x7d9e, 0x7d9e, 0x85be, 0x85df, 0x85ff, 0x8dff, 0x8dff, 0x8dff, 0x85be, 0x8dbd, 0x95fe, 0x9e1e, 0xa63e, 0xae7f, 0xbebf, 
	0xc6ff, 0xbeff, 0xbedf, 0xb69f, 0xae5f, 0xa65f, 0xa67f, 0xae9f, 0x9e3f, 0xa65f, 0xa63f, 0xa63e, 0xa65f, 0xae7f, 0xb69f, 0xae9f, 
	0xa65e, 0xa67f, 0xa67f, 0xa67f, 0xa65f, 0xa65f, 0xae9f, 0xaebf, 0x9e1e, 0x95de, 0x95fe, 0x9e3f, 0x9e3f, 0x95fe, 0x8dbe, 0x8dde, 
	0x95fe, 0x95fe, 0x8dfe, 0x8dfe, 0x8dff, 0x85df, 0x85be, 0x7d9e, 0x7d9e, 0x859e, 0x85bf, 0x8dff, 0x961f, 0x961f, 0x95fe, 0x95de, 
	0x859d, 0x8dde, 0x95fe, 0x961f, 0x961f, 0x95ff, 0x8ddf, 0x8dbe, 0x859e, 0x859e, 0x859e, 0x859e, 0x859e, 0x859e, 0x859e, 0x859f, 
	0x8d9e, 0x8d9e, 0x8dbf, 0x8dbf, 0x8ddf, 0x8dbf, 0x8dbf, 0x8d9e, 0x8d9e, 0x8dbf, 0x8dbf, 0x8dbf, 0x8dbf, 0x8dbf, 0x8ddf, 0x8dbf, 
	0x8dbe, 0x8dbd, 0x8dbe, 0x8dbe, 0x859e, 0x859e, 0x859e, 0x85be, 0x85be, 0x85be, 0x859e, 0x859e, 0x859e, 0x859e, 0x859e, 0x859f, 
	0x85bf, 0x7d9f, 0x859e, 0x859d, 0x859d, 0x857c, 0x8d7d, 0x957e, 0x9d7f, 0x7c7b, 0x6bb9, 0x9cfd, 0xd6bf, 0xefbf, 0xf7df, 0xdeff, 
	0x7bba, 0x49f6, 0x5236, 0x62d8, 0x62d7, 0x5a95, 0x62d5, 0x8c3a, 0xad5e, 0x6b56, 0x4a93, 0x3a32, 0x52d4, 0x6bd8, 0xa59f, 0xadff, 
	0xae1f, 0xb63f, 0xb65f, 0xae1f, 0xae1f, 0xa5fe, 0xa5de, 0x9d9d, 0x8d3c, 0x957d, 0xa5ff, 0x9dbe, 0x957d, 0x957d, 0x851c, 0x8d3d, 
	0x8d3e, 0x957f, 0x957f, 0x8d5e, 0x853d, 0x8d3e, 0x8d5e, 0x8d5e, 0x8d5f, 0x8d3e, 0x8d3d, 0x8d3d, 0x959d, 0x9ddd, 0xa61d, 0xae3e, 
	0xae3f, 0xa5ff, 0x9dbe, 0x9dbe, 0x9ddf, 0xa5df, 0x9dbe, 0x9d9e, 0x9dbe, 0x9dbd, 0xa5dd, 0xb63f, 0xc69f, 0xc6bf, 0xc69f, 0xc69f, 
	0xbe7f, 0xb63e, 0xb63e, 0xb65f, 0xbe5e, 0xbe7f, 0xbe9f, 0xbe7e, 0xb63e, 0xb63e, 0xae1e, 0xadfe, 0xae1e, 0xae3f, 0xae1f, 0xa5de, 
	0xa5fe, 0xa5fe, 0xa5fe, 0xa5fe, 0xa5fe, 0xa5fe, 0xa5fe, 0xa5fe, 0xa5fe, 0xa5de, 0xadfe, 0xb63f, 0xadfe, 0xa59d, 0x9d3c, 0x8cda, 
	0x9d9c, 0xa5bd, 0xa5be, 0xa59e, 0xa57e, 0xad5e, 0xad1d, 0xacdd, 0xb4bd, 0xac5b, 0xac1b, 0xac3b, 0xac7b, 0xb49c, 0xbd1d, 0xc5bf, 
	0xd69f, 0xd6bf, 0xce7f, 0xc67e, 0xcebf, 0xce9f, 0xbdfe, 0xb59d, 0xbdde, 0xad5d, 0x9cbb, 0x949b, 0x9cdc, 0x9d1d, 0x951d, 0x8d3d, 
	0x8d5e, 0x857e, 0x857e, 0x7d5e, 0x7d5e, 0x7d7e, 0x7d7e, 0x7d7e, 0x7d7e, 0x7d7e, 0x7d5d, 0x7d5d, 0x857e, 0x8d9e, 0x8d9e, 0x8d7e, 
	0x853d, 0x853d, 0x7d3d, 0x853d, 0x855e, 0x857e, 0x7d7e, 0x7d5e, 0x7d5d, 0x755d, 0x753d, 0x7d5e, 0x7d5e, 0x7d5e, 0x7d5e, 0x7d7e, 
	0x7d9e, 0x7d9d, 0x7d7d, 0x7d7d, 0x7d7e, 0x857e, 0x859e, 0x859e, 0x859e, 0x8d9e, 0x8d9d, 0x8dbd, 0x8dbd, 0x95de, 0x95de, 0x9dfe, 
	0xa63f, 0xa61f, 0xa63f, 0xa65f, 0xa63f, 0x95de, 0x8d9d, 0x859d, 0x859d, 0x859e, 0x859e, 0x857e, 0x7d9e, 0x7d9e, 0x7d9f, 0x7d9e, 
	0x859e, 0x7d9e, 0x7d9e, 0x7dbf, 0x85df, 0x85ff, 0x8dff, 0x8dff, 0x8ddf, 0x85be, 0x8dbe, 0x95fe, 0x95fe, 0x95fd, 0x9e1e, 0xae5f, 
	0xb69f, 0xb69f, 0xb69f, 0xae9f, 0xae7f, 0xa65f, 0xa65f, 0xa65f, 0x9e1e, 0x9e1f, 0x9e3f, 0x9e3f, 0xa65f, 0xae7f, 0xae7f, 0xae5f, 
	0xa63e, 0xa65e, 0xa65f, 0xa65f, 0xa67f, 0xae9f, 0xb6df, 0xb6ff, 0x961e, 0x8dde, 0x8dde, 0x95fe, 0x961f, 0x95ff, 0x8dde, 0x85bd, 
	0x8dde, 0x8dde, 0x8dfe, 0x8dff, 0x8dff, 0x85ff, 0x85df, 0x7dbf, 0x7d9f, 0x7dbf, 0x85bf, 0x8ddf, 0x8dff, 0x95ff, 0x95ff, 0x8dde, 
	0x85bd, 0x85bd, 0x8dbe, 0x8dde, 0x8dff, 0x8dff, 0x8ddf, 0x85be, 0x859e, 0x859e, 0x859e, 0x859e, 0x859e, 0x85bf, 0x85bf, 0x85bf, 
	0x859e, 0x859e, 0x859e, 0x8dbf, 0x8dbf, 0x8dbf, 0x8dbf, 0x8d9e, 0x8d9e, 0x8dbf, 0x8dbf, 0x8d9e, 0x8dbf, 0x95ff, 0x95ff, 0x8ddf, 
	0x8dbe, 0x8dbd, 0x8dbe, 0x8dbe, 0x85be, 0x85be, 0x85be, 0x85be, 0x85bf, 0x85bf, 0x85bf, 0x859e, 0x859f, 0x859f, 0x859f, 0x859f, 
	0x85bf, 0x7d9f, 0x859e, 0x859d, 0x857c, 0x8d5c, 0x959d, 0xa5de, 0x94fb, 0x7c38, 0x94ba, 0xce5f, 0xdeff, 0xef7f, 0xe75f, 0x9cf9, 
	0x62b5, 0x5235, 0x6296, 0x6b18, 0x6af6, 0x6b36, 0x949b, 0xbdff, 0x9d1c, 0x94db, 0x6bd7, 0x5b55, 0x7c7a, 0x84bc, 0x951d, 0xae1f, 
	0x959e, 0x9dde, 0x9ddf, 0x95be, 0x957d, 0x959e, 0x959e, 0x959e, 0x851c, 0x8d3d, 0x959e, 0x8d5e, 0x8d3d, 0x8d5e, 0x851d, 0x851d, 
	0x8d1e, 0x8d3e, 0x8d5e, 0x8d3d, 0x853d, 0x853d, 0x8d5e, 0x8d3e, 0x8d5e, 0x8d5e, 0x8d5d, 0x8d5d, 0x957d, 0x9dbd, 0xa61d, 0xae3e, 
	0xae3f, 0xa5ff, 0x9dbf, 0x9dbe, 0x9ddf, 0xa5df, 0x9dbe, 0x9d9e, 0xa5be, 0xa5bd, 0xadfe, 0xbe5f, 0xc69f, 0xc69f, 0xc69f, 0xc69f, 
	0xbe7f, 0xb63e, 0xb65e, 0xbe7f, 0xbe7f, 0xc69f, 0xc69f, 0xbe5e, 0xbe5e, 0xb61d, 0xadfd, 0xae1e, 0xb65f, 0xb63f, 0xae1e, 0xa5de, 
	0xa5fe, 0xa5fe, 0xa5fe, 0xa5fe, 0xa5fe, 0xa5fe, 0xa5fe, 0xa5fe, 0xa5fe, 0xa5de, 0xadff, 0xb61f, 0xa57d, 0x94fb, 0x8c9a, 0x8438, 
	0x9d7c, 0x9dbd, 0xa5be, 0xa5be, 0xa5be, 0xad9e, 0xad7e, 0xb51d, 0xb4bc, 0xac3b, 0xabfa, 0xabda, 0xabda, 0xb3fa, 0xbc5c, 0xcd1d, 
	0xde3f, 0xde5f, 0xce1e, 0xc61e, 0xc67f, 0xc69f, 0xbe5f, 0xb61e, 0xadde, 0xb5ff, 0xbdff, 0xad7e, 0x9cfc, 0x94bb, 0x94dc, 0x951d, 
	0x8d5d, 0x855d, 0x855d, 0x7d5d, 0x7d5e, 0x7d7e, 0x7d7e, 0x7d7e, 0x757e, 0x755d, 0x755d, 0x859e, 0x859e, 0x7d5d, 0x7d5d, 0x857e, 
	0x8d9e, 0x857e, 0x855d, 0x855d, 0x855d, 0x857e, 0x7d7e, 0x7d5d, 0x7d5e, 0x7d5d, 0x7d5d, 0x753d, 0x7d3d, 0x7d5e, 0x7d5e, 0x7d7e, 
	0x7d7e, 0x7d7d, 0x7d5d, 0x7d5d, 0x7d5d, 0x7d5d, 0x7d5e, 0x7d7e, 0x859e, 0x859e, 0x859e, 0x8d9e, 0x8dbe, 0x95de, 0x95de, 0x95be, 
	0x95bd, 0x8d9d, 0x95de, 0x9e1f, 0x9e1f, 0x8dbe, 0x857d, 0x857d, 0x857d, 0x857e, 0x857e, 0x7d7e, 0x7d9e, 0x7d9e, 0x7d9e, 0x7d9e, 
	0x85bf, 0x7d9e, 0x7d9e, 0x7dbf, 0x85df, 0x85ff, 0x8dff, 0x8dff, 0x8dff, 0x85de, 0x8dde, 0x8dfe, 0x8ddd, 0x8d9c, 0x8dbd, 0x9e1e, 
	0xa61e, 0xa63e, 0xae5f, 0xae7f, 0xae7f, 0xa67f, 0x9e3f, 0x9e1f, 0x95fe, 0x9e1f, 0x9e3f, 0x9e3f, 0xa65f, 0xa65f, 0xa63f, 0x9e3e, 
	0xa63e, 0xa63e, 0xa65e, 0xa65f, 0xae7f, 0xaebf, 0xb6ff, 0xbf1f, 0x961e, 0x8dde, 0x8dbd, 0x8dde, 0x8dff, 0x961f, 0x8dde, 0x859d, 
	0x85bd, 0x85de, 0x85de, 0x85ff, 0x85ff, 0x85ff, 0x85df, 0x7dbf, 0x7dbf, 0x7dbf, 0x85bf, 0x85df, 0x8ddf, 0x8ddf, 0x8dde, 0x8dde, 
	0x8dde, 0x85be, 0x859d, 0x85be, 0x8dde, 0x8ddf, 0x8ddf, 0x85be, 0x85be, 0x85be, 0x85bf, 0x85bf, 0x85bf, 0x85bf, 0x85bf, 0x85bf, 
	0x859e, 0x857e, 0x859e, 0x8d9e, 0x8dbf, 0x8dbf, 0x8dbf, 0x859e, 0x8d9e, 0x8dbf, 0x859e, 0x859e, 0x8ddf, 0x961f, 0x961f, 0x8ddf, 
	0x8dbe, 0x8dbe, 0x8dbe, 0x85be, 0x85be, 0x85be, 0x85be, 0x85bf, 0x85bf, 0x85bf, 0x85bf, 0x859f, 0x859f, 0x859f, 0x859f, 0x859f, 
	0x85bf, 0x85bf, 0x859e, 0x857d, 0x855c, 0x8d5c, 0xa5dd, 0xb63f, 0x7c37, 0xa57b, 0xb5dd, 0xce7f, 0xe73f, 0xef5f, 0xc61c, 0x7393, 
	0x5232, 0x6af6, 0x7357, 0x6b15, 0x62d4, 0x8418, 0xc65f, 0xe75f, 0xbe1f, 0xa57c, 0x9d9d, 0xa5df, 0x9d9f, 0x9d9f, 0xa5df, 0x957f, 
	0x8d3d, 0x959e, 0x95be, 0x959e, 0x959e, 0x95bf, 0x8d9e, 0x853d, 0x853d, 0x851d, 0x8d5e, 0x853e, 0x853e, 0x8d7f, 0x851e, 0x851e, 
	0x851d, 0x8d3d, 0x8d5d, 0x8d5d, 0x8d5d, 0x8d5d, 0x855d, 0x853d, 0x853d, 0x8d3d, 0x8d3d, 0x8d5d, 0x957d, 0xa5dd, 0xae1e, 0xb65f, 
	0xae3f, 0xa5ff, 0x9dbf, 0x9dbe, 0x9ddf, 0xa5df, 0xa5de, 0x9dbd, 0xa5bd, 0xa5dd, 0xae1e, 0xbe5f, 0xc69f, 0xc67f, 0xc69e, 0xc69f, 
	0xbe5e, 0xb63e, 0xb65e, 0xbe7f, 0xbe7f, 0xc69f, 0xc69f, 0xbe5e, 0xbe7f, 0xb61d, 0xaddd, 0xb63e, 0xbe7f, 0xb65f, 0xadfe, 0xa5dd, 
	0xa5fe, 0xa5fe, 0xa5fe, 0xa5fe, 0xa5fe, 0xa5fe, 0xa5fe, 0xa5fe, 0xadfe, 0xadde, 0xadff, 0xadbe, 0x94fb, 0x8439, 0x8418, 0x7c18, 
	0x9d7c, 0xa59d, 0xa59d, 0xa5bd, 0xa5be, 0xaddf, 0xaddf, 0xb59f, 0xb51d, 0xac5b, 0xa3da, 0xabda, 0xb3da, 0xb3ba, 0xbbda, 0xc45b, 
	0xccfc, 0xcd7d, 0xc59e, 0xbd9d, 0xb5de, 0xbe7f, 0xbe7f, 0xb63f, 0xae1e, 0xa5be, 0xadde, 0xb5ff, 0xb5be, 0xb5be, 0xad7d, 0x94fb, 
	0x8d3d, 0x8d5d, 0x8d7e, 0x8d7e, 0x855e, 0x7d5d, 0x753d, 0x7d5e, 0x7d7e, 0x7d7e, 0x7d9e, 0x7d9e, 0x7d9e, 0x7d7e, 0x857e, 0x857d, 
	0x857e, 0x855d, 0x855d, 0x857d, 0x859e, 0x85be, 0x859e, 0x7d7e, 0x7d7d, 0x7d5d, 0x7d5d, 0x753d, 0x753d, 0x753d, 0x751d, 0x753d, 
	0x753d, 0x755d, 0x755d, 0x755d, 0x755d, 0x7d5e, 0x7d5e, 0x7d7e, 0x7d7e, 0x7d7e, 0x7d7e, 0x857e, 0x857d, 0x857d, 0x857d, 0x857d, 
	0x857d, 0x857d, 0x857d, 0x857d, 0x855d, 0x857d, 0x859e, 0x8dbe, 0x857e, 0x7d5d, 0x7d5d, 0x857e, 0x859e, 0x859e, 0x7d9e, 0x859e, 
	0x7d9e, 0x7d9e, 0x7d9e, 0x7dbf, 0x85bf, 0x85df, 0x85df, 0x85df, 0x85df, 0x8ddf, 0x8dff, 0x8dfe, 0x8dfe, 0x8dde, 0x8ddd, 0x95dd, 
	0x95dd, 0x9dfe, 0x9e1e, 0x9e1e, 0x9e1e, 0x9e3f, 0x9e1f, 0x95fe, 0x8dde, 0x95fe, 0x9e3f, 0x9e3f, 0x9e3f, 0x9e1f, 0x9e3f, 0xa65f, 
	0x9e3e, 0x9e3e, 0x9e3e, 0xae7f, 0xb6df, 0xb6ff, 0xa69f, 0x9e3f, 0x8dde, 0x8dde, 0x8dff, 0x961f, 0x8e1f, 0x8e1f, 0x8dff, 0x8dff, 
	0x85be, 0x7dbe, 0x7dbe, 0x7dde, 0x85ff, 0x85ff, 0x85df, 0x7dbf, 0x7dbf, 0x7d9e, 0x7d9e, 0x7dbe, 0x85be, 0x85de, 0x85be, 0x85be, 
	0x859d, 0x85be, 0x8dde, 0x8dde, 0x8dde, 0x85de, 0x8ddf, 0x8ddf, 0x8ddf, 0x85bf, 0x85be, 0x859e, 0x859e, 0x859f, 0x85bf, 0x85bf, 
	0x859e, 0x859e, 0x859e, 0x85be, 0x85be, 0x85be, 0x85be, 0x85be, 0x859e, 0x85be, 0x8dbf, 0x8ddf, 0x8dff, 0x95ff, 0x8dff, 0x95ff, 
	0x8d9e, 0x8d9e, 0x8dbe, 0x85be, 0x85bf, 0x859f, 0x85bf, 0x85bf, 0x859f, 0x859f, 0x859f, 0x859f, 0x85bf, 0x859f, 0x859e, 0x859f, 
	0x7d7e, 0x859f, 0x859f, 0x857e, 0x855d, 0x8d3b, 0x957b, 0xae1c, 0xaddb, 0xdf3f, 0xdf1f, 0xe73f, 0xef7f, 0xd69f, 0xc5fd, 0x4a4f, 
	0x62f3, 0x9459, 0xa4fb, 0x7395, 0x7bf6, 0xbe1e, 0xdf3f, 0xefbf, 0xbe7f, 0xa5dd, 0x9dbd, 0xa5df, 0x9d9f, 0x8d3e, 0x8d5e, 0x957f, 
	0x8d5e, 0x8d5d, 0x8d7e, 0x8d5e, 0x8d5e, 0x855e, 0x855e, 0x855e, 0x851d, 0x851e, 0x853e, 0x853e, 0x855e, 0x8d5f, 0x855f, 0x851d, 
	0x8d7d, 0x8d5c, 0x8d7c, 0xa61f, 0xae9f, 0x9dfe, 0x8d7d, 0x959d, 0x851c, 0x957e, 0x959e, 0xb67f, 0xa5fe, 0xb67f, 0xc6ff, 0xae3f, 
	0xae1f, 0xa5df, 0x9dbe, 0x9dbe, 0x9dbe, 0xa5de, 0xa5fe, 0xae1f, 0xae3f, 0xae1e, 0xb61e, 0xbe5e, 0xc67f, 0xc67e, 0xc69e, 0xcebf, 
	0xbe5e, 0xb65e, 0xb63e, 0xb65e, 0xbe7e, 0xbe7f, 0xc69f, 0xc69f, 0xbe5e, 0xb61e, 0xb63e, 0xbe7f, 0xbe7f, 0xb63f, 0xa5fe, 0xa5fe, 
	0xa5fd, 0xa63e, 0xae3e, 0xa61e, 0x9ddd, 0x9ddd, 0xa5de, 0xa5fe, 0xb63f, 0xc69f, 0xbe5f, 0x9d1c, 0x8438, 0x8418, 0x8418, 0x83f8, 
	0xa59d, 0xa59d, 0xa5bd, 0xa5bd, 0xa5de, 0xa5ff, 0xadff, 0xadbe, 0xb57e, 0xacdc, 0xa45b, 0xac1a, 0xb3fa, 0xb3d9, 0xb3da, 0xbc1a, 
	0xc49b, 0xc4fc, 0xbd1c, 0xb4fc, 0xb57d, 0xbe1f, 0xc65f, 0xbe5f, 0xbe5f, 0xbe3f, 0xbe1f, 0xbe1f, 0xb5fe, 0xbdfe, 0xb5fe, 0xa5bd, 
	0x959e, 0x959e, 0x8d9e, 0x8d7e, 0x855d, 0x7d5e, 0x7d7e, 0x7d7e, 0x7d7e, 0x7d7e, 0x7d7e, 0x7d7e, 0x7d7e, 0x7d7d, 0x857d, 0x857d, 
	0x857d, 0x857d, 0x855d, 0x857d, 0x8dbe, 0x8dbe, 0x859e, 0x7d7d, 0x7d7d, 0x7d5d, 0x7d5d, 0x753d, 0x753d, 0x753d, 0x753d, 0x753d, 
	0x753d, 0x755d, 0x753d, 0x755d, 0x755e, 0x7d5e, 0x7d5e, 0x7d5e, 0x7d5e, 0x7d5e, 0x7d5e, 0x7d7e, 0x7d7e, 0x7d7d, 0x7d7d, 0x7d5d, 
	0x7d5d, 0x7d5d, 0x7d5d, 0x7d5d, 0x7d3d, 0x7d5d, 0x857d, 0x859e, 0x859e, 0x859e, 0x859e, 0x857e, 0x857e, 0x857e, 0x859e, 0x859e, 
	0x859e, 0x7d9e, 0x7d9e, 0x7d9e, 0x85bf, 0x85bf, 0x85df, 0x85df, 0x85df, 0x85df, 0x8dff, 0x8dff, 0x8dfe, 0x8dfe, 0x8dfe, 0x95de, 
	0x8dbd, 0x95fe, 0x9e1e, 0x9e1f, 0x9e3f, 0x9e3f, 0x961f, 0x95fe, 0x8dde, 0x95fe, 0x961f, 0x9e3f, 0x961f, 0x961e, 0x9e1f, 0x9e3f, 
	0x9e1e, 0x9e1e, 0x9e3e, 0x9e5f, 0xa65f, 0x9e5f, 0x961e, 0x8dde, 0x8dde, 0x8dde, 0x8dfe, 0x8dff, 0x8dff, 0x8dff, 0x85df, 0x85df, 
	0x85de, 0x7dde, 0x7dbe, 0x7ddf, 0x85df, 0x85ff, 0x7ddf, 0x7dbf, 0x7dbf, 0x7d9e, 0x7d9e, 0x7d9e, 0x7dbe, 0x85be, 0x7dbe, 0x7d9d, 
	0x7d9e, 0x85be, 0x85de, 0x85de, 0x85de, 0x85de, 0x8ddf, 0x8dff, 0x85df, 0x85be, 0x85be, 0x859e, 0x859e, 0x859f, 0x85bf, 0x85bf, 
	0x859e, 0x859e, 0x859e, 0x85be, 0x85be, 0x85be, 0x85be, 0x85be, 0x859e, 0x85be, 0x8dbf, 0x8ddf, 0x8ddf, 0x8ddf, 0x8ddf, 0x8ddf, 
	0x8d9e, 0x8d9e, 0x85bf, 0x85bf, 0x85bf, 0x859f, 0x859f, 0x85bf, 0x85bf, 0x85bf, 0x859f, 0x859f, 0x857e, 0x857e, 0x859e, 0x8d9e, 
	0x859e, 0x8dbf, 0x857e, 0x7d1c, 0x7cfb, 0x84fa, 0x957b, 0xb65d, 0xf7ff, 0xdf5e, 0xdf3e, 0xdf1e, 0xe73f, 0xef5f, 0x8437, 0x9499, 
	0xc61e, 0xd67f, 0xc63e, 0x9cf9, 0xa55a, 0xd6ff, 0xd71f, 0xc6bf, 0xbe9f, 0xa5fe, 0xa5fe, 0xa5ff, 0x959f, 0x8d3e, 0x8d3e, 0x8d5f, 
	0x855e, 0x855e, 0x855e, 0x855e, 0x855e, 0x855e, 0x853e, 0x853e, 0x7cfd, 0x855e, 0x8d7f, 0x855e, 0x851e, 0x851e, 0x853e, 0x8d5e, 
	0x8d5c, 0x9dfd, 0xb69f, 0xc71f, 0xc73f, 0xb6bf, 0xa63e, 0xa61f, 0x9dde, 0xa5ff, 0xa5ff, 0xbebf, 0xae3f, 0xbe7f, 0xc6df, 0xae3f, 
	0xa5df, 0xa5be, 0x9d9e, 0xa5de, 0xa5ff, 0xae1f, 0xae3f, 0xb65f, 0xb63f, 0xb63e, 0xb63e, 0xbe5e, 0xc69f, 0xce9f, 0xcebf, 0xcebf, 
	0xbe7f, 0xb65e, 0xb61d, 0xb63d, 0xbe5e, 0xc67f, 0xc67f, 0xc67f, 0xbe3e, 0xb61e, 0xb63e, 0xbe7f, 0xbe7f, 0xb63f, 0xae1e, 0xa61e, 
	0xa5fd, 0xa61d, 0xa61e, 0xa5fd, 0xa61e, 0xb65f, 0xbe7f, 0xbe9f, 0xbe5f, 0xbe1f, 0xa57d, 0x8c7a, 0x83f8, 0x83f8, 0x83d8, 0x7b97, 
	0xad9d, 0xadbd, 0xa5bd, 0xa5dd, 0x9dfe, 0xa61e, 0xa61f, 0xa5fe, 0xadde, 0xa57d, 0xa51c, 0xa49b, 0xa47b, 0xac5a, 0xac5a, 0xac3a, 
	0xb47b, 0xb49b, 0xac9b, 0xa47b, 0xa4bb, 0xb53d, 0xb57e, 0xb55d, 0xce1f, 0xce3f, 0xc5ff, 0xbdfe, 0xbe1f, 0xbe3f, 0xb61e, 0xae1e, 
	0x9dde, 0x9dbe, 0x959e, 0x8d7e, 0x8d7e, 0x857e, 0x857e, 0x7d7e, 0x7d7e, 0x7d7e, 0x7d7e, 0x7d7e, 0x7d7d, 0x857d, 0x857d, 0x857d, 
	0x859d, 0x857d, 0x857d, 0x8d9e, 0x8dde, 0x8dde, 0x85be, 0x859d, 0x7d7d, 0x7d7d, 0x7d5d, 0x755d, 0x753d, 0x753e, 0x753e, 0x753e, 
	0x753d, 0x755d, 0x753d, 0x753d, 0x755e, 0x755e, 0x7d5e, 0x7d5e, 0x755e, 0x755e, 0x7d5e, 0x7d5e, 0x7d5e, 0x7d5d, 0x7d5d, 0x7d5d, 
	0x753d, 0x7d3d, 0x7d3d, 0x7d3d, 0x7d3d, 0x7d3d, 0x7d5d, 0x857e, 0x8dbe, 0x95ff, 0x95ff, 0x8dbe, 0x857d, 0x859d, 0x8dbe, 0x8dbe, 
	0x859e, 0x7d9e, 0x7d9e, 0x7d9e, 0x85be, 0x85bf, 0x85bf, 0x85bf, 0x85df, 0x8ddf, 0x8dff, 0x8dff, 0x8dff, 0x8dff, 0x8dfe, 0x95fe, 
	0x859d, 0x8ddd, 0x95fe, 0x961f, 0x9e3f, 0x963f, 0x961f, 0x8dfe, 0x8dde, 0x8dfe, 0x961f, 0x961f, 0x961e, 0x95fe, 0x961e, 0x961e, 
	0x95fe, 0x961e, 0x963e, 0x961e, 0x95fe, 0x8dde, 0x85bd, 0x85be, 0x8dde, 0x8dde, 0x8dff, 0x8dff, 0x8dff, 0x8dff, 0x85df, 0x85df, 
	0x85ff, 0x7ddf, 0x7dde, 0x7ddf, 0x7ddf, 0x7ddf, 0x7ddf, 0x7dbf, 0x7dbf, 0x7dbe, 0x7d9e, 0x7dbe, 0x7dbe, 0x7dbe, 0x7dbe, 0x7d9d, 
	0x7d9e, 0x85be, 0x85be, 0x85de, 0x85de, 0x85de, 0x8dff, 0x8dff, 0x85df, 0x85be, 0x859e, 0x859e, 0x85bf, 0x85bf, 0x85bf, 0x859f, 
	0x859e, 0x859e, 0x859e, 0x85be, 0x85be, 0x85be, 0x85be, 0x85be, 0x859e, 0x85be, 0x8dbf, 0x8dbf, 0x8dbf, 0x8dbf, 0x85be, 0x859e, 
	0x8d9f, 0x8d9f, 0x859f, 0x85bf, 0x85bf, 0x859f, 0x859f, 0x859f, 0x7d7e, 0x859f, 0x85bf, 0x859e, 0x857e, 0x857d, 0x8d9d, 0x8d9e, 
	0x8dbe, 0x8d9e, 0x853c, 0x7cfb, 0x851b, 0x959c, 0xb67e, 0xdf7f, 0xd77f, 0xdf9e, 0xefdf, 0xe79f, 0xe75f, 0xc61d, 0xb59d, 0xe71f, 
	0xc61d, 0xd6ff, 0xdf3f, 0xce9e, 0xd6ff, 0xe79f, 0xcf1f, 0xbe7f, 0xae3e, 0x9ddd, 0x9dbe, 0x95be, 0x8d7e, 0x8d5e, 0x8d5f, 0x853e, 
	0x855e, 0x855e, 0x855e, 0x855e, 0x855e, 0x853e, 0x853e, 0x853e, 0x855e, 0x853e, 0x851e, 0x851d, 0x853e, 0x8d5e, 0x8d7e, 0x8d5d, 
	0x957b, 0xae5e, 0xc6ff, 0xcf5f, 0xcf7f, 0xc71f, 0xb67f, 0xae3f, 0x9dde, 0x959d, 0x957d, 0xae3f, 0xa5de, 0xae1f, 0xb63f, 0xa5dd, 
	0xa5de, 0xa5be, 0xa5bd, 0xa5fe, 0xae3f, 0xb65f, 0xb65f, 0xbe7f, 0xbe5f, 0xb65e, 0xb63e, 0xbe5e, 0xc69f, 0xcedf, 0xd6df, 0xcebf, 
	0xc69f, 0xbe5e, 0xb61d, 0xb61d, 0xbe5e, 0xc67f, 0xc67f, 0xbe7f, 0xbe3e, 0xb63e, 0xbe5f, 0xbe9f, 0xbe7f, 0xb63e, 0xae1e, 0xae1e, 
	0xa5fd, 0xa61d, 0xa5fd, 0xa5fd, 0xae3e, 0xbe9f, 0xc6bf, 0xc6bf, 0xbe3f, 0xad9d, 0x94ba, 0x7bf8, 0x7bb7, 0x7bb7, 0x7b97, 0x7b76, 
	0xb59d, 0xb5bd, 0xadbd, 0xa5dd, 0xa5fe, 0xa61e, 0x9e1e, 0x9dfe, 0xa5fe, 0xadde, 0xa59d, 0xa53c, 0xa51c, 0xad3d, 0xad1d, 0xacfc, 
	0xa45b, 0xac5b, 0xa45b, 0xa43a, 0xa43a, 0xa45b, 0xa43a, 0xa41a, 0xbcfd, 0xbd3d, 0xb51c, 0xb55c, 0xc61f, 0xbe5f, 0xae1d, 0xa5fd, 
	0x9dde, 0x95be, 0x959e, 0x8d9e, 0x8d9e, 0x8d9e, 0x857e, 0x7d5e, 0x7d7e, 0x7d7e, 0x7d5d, 0x7d5d, 0x857d, 0x857d, 0x857d, 0x859d, 
	0x859d, 0x859d, 0x8d9d, 0x8dbe, 0x8dde, 0x8dde, 0x8dbe, 0x85be, 0x7d7d, 0x7d7d, 0x7d5d, 0x7d5d, 0x755e, 0x755e, 0x755e, 0x755e, 
	0x753d, 0x753d, 0x753d, 0x753d, 0x753e, 0x753e, 0x753e, 0x755e, 0x753e, 0x753e, 0x755e, 0x755e, 0x755e, 0x755d, 0x755d, 0x753d, 
	0x753d, 0x753d, 0x753d, 0x753d, 0x753d, 0x7d5d, 0x7d5d, 0x857d, 0x859e, 0x9e3f, 0xa65f, 0x9e1f, 0x95de, 0x95be, 0x8dbd, 0x857d, 
	0x85be, 0x85be, 0x859e, 0x85be, 0x85bf, 0x85df, 0x85df, 0x85df, 0x8dff, 0x8dff, 0x8dff, 0x8dff, 0x8dff, 0x8dff, 0x8dff, 0x8dfe, 
	0x85bd, 0x8dde, 0x95fe, 0x961f, 0x961f, 0x961f, 0x961f, 0x8dfe, 0x8dde, 0x8dfe, 0x8dfe, 0x8e1e, 0x8e1e, 0x8dfe, 0x8dfe, 0x8dfe, 
	0x8dfe, 0x8e1e, 0x961f, 0x8e1e, 0x8dfe, 0x8dde, 0x85de, 0x8dfe, 0x8dff, 0x8dff, 0x8e1f, 0x8e1f, 0x8e1f, 0x8dff, 0x85ff, 0x85ff, 
	0x85ff, 0x7dff, 0x7dde, 0x7dbe, 0x7dbf, 0x7dbf, 0x7dbf, 0x7dbf, 0x7dbf, 0x7dbe, 0x7dbe, 0x7dbe, 0x7dbe, 0x7dbe, 0x7dbe, 0x7dbe, 
	0x7dbe, 0x7dbe, 0x85be, 0x85be, 0x85be, 0x85de, 0x85de, 0x85de, 0x85de, 0x85be, 0x85be, 0x859e, 0x85bf, 0x85bf, 0x85bf, 0x859f, 
	0x859e, 0x859e, 0x859e, 0x85be, 0x85be, 0x85be, 0x85be, 0x85be, 0x85be, 0x85be, 0x85bf, 0x85bf, 0x85bf, 0x85be, 0x859e, 0x859e, 
	0x859f, 0x859f, 0x85bf, 0x85bf, 0x85bf, 0x859f, 0x859f, 0x85bf, 0x7d9e, 0x859e, 0x8dbe, 0x8d9e, 0x8d9d, 0x8d9d, 0x8d9c, 0x8d7c, 
	0x8d5b, 0x8d5b, 0x851b, 0x851b, 0x9dbd, 0xae5e, 0xbedf, 0xd77f, 0xd75f, 0xe7df, 0xdf9f, 0xdf7f, 0xdf5f, 0xbe1d, 0xd6df, 0xad7c, 
	0xb5fb, 0xd71f, 0xefdf, 0xe79f, 0xdf7f, 0xcf3f, 0xb67e, 0xa61d, 0x9ddd, 0x959d, 0x959e, 0x8d7e, 0x853d, 0x8d5e, 0x8d7f, 0x853e, 
	0x855e, 0x855e, 0x855e, 0x855e, 0x855e, 0x855e, 0x853e, 0x853e, 0x8d7f, 0x8d5e, 0x853d, 0x853d, 0x8d7e, 0x9ddf, 0x9dff, 0xa5fe, 
	0xa5fd, 0xb65e, 0xb67e, 0xbebf, 0xc6ff, 0xbebf, 0xae3e, 0xa61d, 0x9ddd, 0x955c, 0x955c, 0xa5de, 0xa5fe, 0xae1f, 0xb63f, 0xadfe, 
	0xadfe, 0xa5de, 0xa5dd, 0xae1e, 0xb65f, 0xbe7f, 0xbe7f, 0xbe7f, 0xbe7f, 0xbe7f, 0xbe5e, 0xbe5e, 0xc69f, 0xd6ff, 0xd6ff, 0xcebf, 
	0xc6bf, 0xbe7e, 0xb63d, 0xb63d, 0xbe5e, 0xc67e, 0xc67f, 0xbe7f, 0xbe3e, 0xbe5e, 0xbe7f, 0xc69f, 0xbe7f, 0xb63e, 0xae1e, 0xae3e, 
	0xa5fd, 0xae1d, 0xae3e, 0xae3e, 0xb65f, 0xbe7f, 0xbe5f, 0xb63f, 0xadbe, 0x9d1b, 0x8459, 0x7bd7, 0x7b97, 0x7b77, 0x7b97, 0x83b8, 
	0xb59d, 0xb5bd, 0xadbd, 0xa5bd, 0xa5dd, 0xa61e, 0xa61e, 0xa5fe, 0xa5fe, 0xadfe, 0xadfe, 0xa5bd, 0xa59d, 0xadde, 0xadde, 0xad7d, 
	0xa49b, 0xa47b, 0xa43a, 0xa41a, 0xa3fa, 0xa3da, 0xabb9, 0xab99, 0xabd9, 0xabfa, 0xa3f9, 0xa47a, 0xbdbe, 0xc65f, 0xb63e, 0xae1e, 
	0x9dfe, 0x95bd, 0x8d7d, 0x857d, 0x857d, 0x859e, 0x857e, 0x7d7e, 0x7d7e, 0x7d7e, 0x7d7d, 0x7d7d, 0x857d, 0x859e, 0x8d9d, 0x8d9d, 
	0x8dbd, 0x8dbd, 0x8dbe, 0x8dde, 0x8dfe, 0x8dfe, 0x8dde, 0x85be, 0x859d, 0x7d7d, 0x7d7e, 0x7d5e, 0x7d5e, 0x755e, 0x755e, 0x755e, 
	0x753d, 0x753d, 0x753d, 0x753d, 0x753d, 0x753e, 0x753e, 0x753e, 0x753e, 0x753e, 0x755e, 0x755e, 0x755e, 0x755e, 0x753d, 0x753d, 
	0x753d, 0x753d, 0x753d, 0x753d, 0x755d, 0x7d5d, 0x7d5d, 0x7d7d, 0x857d, 0x9e3f, 0xaebf, 0xae9f, 0xa65f, 0xa61f, 0x95bd, 0x855c, 
	0x859e, 0x859e, 0x859e, 0x859e, 0x85be, 0x85be, 0x8dde, 0x8dde, 0x8dff, 0x8dff, 0x8e1f, 0x8e1f, 0x8dff, 0x8dff, 0x8dff, 0x8dfe, 
	0x8dfe, 0x8dfe, 0x8dfe, 0x8dff, 0x8dff, 0x8dff, 0x8dfe, 0x8dfe, 0x8dfe, 0x8dfe, 0x8dfe, 0x8dfe, 0x8e1e, 0x8dfe, 0x85fe, 0x85de, 
	0x8e1f, 0x8e1f, 0x8e1f, 0x8dfe, 0x8dff, 0x8dff, 0x8dff, 0x8dff, 0x8dff, 0x8dff, 0x8e1f, 0x8e1f, 0x8e1f, 0x8dff, 0x85ff, 0x85ff, 
	0x85ff, 0x7ddf, 0x7dbe, 0x75be, 0x759e, 0x75be, 0x7d9e, 0x7d9e, 0x7dbf, 0x7dbe, 0x7dbe, 0x7dbe, 0x7dbe, 0x7dde, 0x85de, 0x85de, 
	0x85df, 0x7ddf, 0x7dbe, 0x7dbe, 0x7dbe, 0x7dbe, 0x85be, 0x85be, 0x85be, 0x85be, 0x859e, 0x85be, 0x85bf, 0x85bf, 0x859f, 0x859f, 
	0x859e, 0x859e, 0x859e, 0x85be, 0x85be, 0x85be, 0x85be, 0x85be, 0x859e, 0x85be, 0x85be, 0x85bf, 0x85bf, 0x85bf, 0x85bf, 0x85bf, 
	0x859f, 0x859f, 0x85bf, 0x85bf, 0x85bf, 0x85bf, 0x85bf, 0x85bf, 0x8ddf, 0x8dbe, 0x859d, 0x859c, 0x95bc, 0x9ddd, 0x9dfd, 0x9ddc, 
	0xa5fc, 0xae3e, 0xae3e, 0xae5e, 0xb67f, 0xb67f, 0xae7e, 0xb69e, 0xd77f, 0xc6fe, 0xc6de, 0xceff, 0xc69e, 0xe77f, 0xb5dc, 0x8cb8, 
	0xd73f, 0xe79f, 0xdf7f, 0xd73f, 0xcf3f, 0xbebf, 0xa61e, 0x95bd, 0x9dde, 0x95be, 0x95bf, 0x8d7e, 0x855e, 0x855e, 0x857f, 0x7d1e, 
	0x855e, 0x855e, 0x855e, 0x855e, 0x8d5e, 0x8d5e, 0x8d5e, 0x8d5e, 0x8d5e, 0x95bf, 0x9dff, 0x9ddf, 0x959e, 0x9dde, 0xae5f, 0xbebf, 
	0xbe7f, 0xb65e, 0xb63d, 0xb65d, 0xb67e, 0xae1d, 0xa5dc, 0xa5fd, 0xa5fe, 0x957c, 0x957d, 0x9dbe, 0xadff, 0xae1f, 0xb63f, 0xb63f, 
	0xb61e, 0xadfd, 0xb61e, 0xbe5f, 0xbe9f, 0xbe9f, 0xbe7f, 0xbe7f, 0xbe9f, 0xbe7e, 0xbe5e, 0xbe7e, 0xcebf, 0xd6ff, 0xd6df, 0xcebf, 
	0xc69f, 0xc69e, 0xbe7e, 0xbe7e, 0xbe5e, 0xbe5e, 0xc67e, 0xc67f, 0xbe5e, 0xc67f, 0xc69f, 0xc69f, 0xbe5f, 0xae1e, 0xae1d, 0xae1e, 
	0xae1d, 0xb65e, 0xb65e, 0xb65e, 0xb63e, 0xb63e, 0xb61e, 0xb5fe, 0xa55c, 0x8c9a, 0x7bf8, 0x7bb7, 0x7b97, 0x7b77, 0x8397, 0x8bd8, 
	0xb5bd, 0xb5bd, 0xadbd, 0xa5bd, 0xa5dd, 0xadfe, 0xae1e, 0xadfe, 0xadfe, 0xb61e, 0xb5fe, 0xadde, 0xadde, 0xadfe, 0xadfe, 0xadbe, 
	0xb53d, 0xb4dc, 0xac7b, 0xac1a, 0xabda, 0xabba, 0xb39a, 0xbb9a, 0xbb9a, 0xb399, 0xa378, 0xa3d9, 0xb4fc, 0xbddf, 0xbe1f, 0xb63f, 
	0xa61f, 0x95de, 0x8d7d, 0x855c, 0x7d5c, 0x857d, 0x859e, 0x859e, 0x7d9e, 0x7d7e, 0x7d7d, 0x859e, 0x859e, 0x8dbe, 0x8dbe, 0x8dbd, 
	0x8dbe, 0x8dde, 0x8dde, 0x8dfe, 0x8dfe, 0x8dfe, 0x8dde, 0x85be, 0x859d, 0x859e, 0x7d7e, 0x7d7e, 0x7d5e, 0x755e, 0x755e, 0x7d5e, 
	0x753d, 0x753d, 0x753d, 0x753d, 0x751d, 0x751d, 0x753e, 0x753e, 0x753e, 0x753e, 0x755e, 0x755e, 0x755e, 0x755e, 0x753e, 0x755e, 
	0x6d3d, 0x6d3d, 0x6d3d, 0x753d, 0x755d, 0x7d5d, 0x7d5d, 0x7d5d, 0x7d5c, 0x95fe, 0xae9f, 0xb6df, 0xb6bf, 0xae7f, 0x9dfe, 0x8d9c, 
	0x859d, 0x859e, 0x7d9e, 0x859e, 0x859e, 0x85be, 0x85be, 0x85be, 0x8dff, 0x8dff, 0x8e1f, 0x8e1f, 0x8dff, 0x8dff, 0x8dfe, 0x8dde, 
	0x8dff, 0x8dff, 0x8dfe, 0x8dff, 0x8dff, 0x8dfe, 0x8dfe, 0x8e1f, 0x85fe, 0x85fe, 0x85de, 0x85fe, 0x8e1f, 0x861e, 0x85fe, 0x7dde, 
	0x85ff, 0x85fe, 0x85de, 0x85fe, 0x85ff, 0x85ff, 0x85ff, 0x85de, 0x85ff, 0x85ff, 0x85ff, 0x85ff, 0x85ff, 0x85ff, 0x85df, 0x85df, 
	0x7dff, 0x7ddf, 0x7dbe, 0x759e, 0x759e, 0x759e, 0x7d9e, 0x7dbe, 0x7dbf, 0x7ddf, 0x7dde, 0x7dde, 0x7dbe, 0x7dde, 0x85fe, 0x85ff, 
	0x85ff, 0x85df, 0x7dbe, 0x7dbe, 0x7dbe, 0x7dbe, 0x7dbe, 0x7d9d, 0x85be, 0x7dbe, 0x7d9e, 0x85be, 0x85bf, 0x85bf, 0x85bf, 0x859f, 
	0x85be, 0x85be, 0x85be, 0x85be, 0x85be, 0x85be, 0x85be, 0x85be, 0x85be, 0x85be, 0x85be, 0x85be, 0x85bf, 0x85bf, 0x8ddf, 0x8dbf, 
	0x85bf, 0x85bf, 0x85bf, 0x85bf, 0x85bf, 0x85bf, 0x85bf, 0x85be, 0x85be, 0x85bd, 0x859c, 0x8d9b, 0x9dfd, 0xb69f, 0xbedf, 0xc6df, 
	0xcf1f, 0xdf7f, 0xd75f, 0xbebf, 0xae5d, 0xa61c, 0xa61d, 0xae7e, 0xa63d, 0x9dbb, 0xae5e, 0xae3d, 0xc6df, 0xd73f, 0xa5bb, 0xdf5f, 
	0xd75f, 0xd75f, 0xbebe, 0xbe9e, 0xb69f, 0xae5e, 0xa61f, 0x95de, 0x95be, 0x8d7e, 0x8d7e, 0x857e, 0x855e, 0x855e, 0x8d7f, 0x853e, 
	0x855e, 0x855e, 0x853e, 0x853e, 0x8d5e, 0x8d5e, 0x8d5e, 0x8d5e, 0x957e, 0x9dbf, 0xa5ff, 0xa5de, 0x9dde, 0xa5fe, 0xb65f, 0xbe9f, 
	0xbe5f, 0xbe5f, 0xbe5e, 0xbe5e, 0xb63d, 0xa5dc, 0x9dbc, 0xb65f, 0xa5de, 0x9d9d, 0xa5de, 0x9dbd, 0xadff, 0xadfe, 0xadfe, 0xb61e, 
	0xb61d, 0xb61d, 0xbe5e, 0xc69f, 0xc6bf, 0xc6bf, 0xbe9f, 0xbe9f, 0xbe7e, 0xbe5e, 0xbe5e, 0xc69f, 0xcebf, 0xcedf, 0xcebf, 0xcebf, 
	0xc6bf, 0xc6bf, 0xc6bf, 0xc69f, 0xbe5e, 0xbe5e, 0xbe5e, 0xc67f, 0xc65f, 0xc67f, 0xc69f, 0xbe7f, 0xb65e, 0xb61e, 0xae1d, 0xae3e, 
	0xb63e, 0xb65e, 0xb65e, 0xb63e, 0xb63e, 0xb63e, 0xbe3f, 0xbe3f, 0x9d1b, 0x8459, 0x7396, 0x7376, 0x7bb7, 0x83b8, 0x8398, 0x83b8, 
	0xaddd, 0xaddd, 0xadbd, 0xadbd, 0xaddd, 0xb5fe, 0xb5fe, 0xb5de, 0xbdfe, 0xbdfe, 0xbdfe, 0xbdde, 0xb5de, 0xadde, 0xa5de, 0xadbe, 
	0xbd9e, 0xbd1d, 0xb49b, 0xb45b, 0xb3fa, 0xb3b9, 0xb399, 0xbb9a, 0xc3ba, 0xbb9a, 0xb39a, 0xabb9, 0xa3f9, 0xacdc, 0xbdbf, 0xb61f, 
	0xae3f, 0x9e1e, 0x8dbd, 0x859d, 0x857d, 0x859d, 0x859e, 0x859e, 0x7d9e, 0x7d7e, 0x7d7e, 0x859e, 0x8dde, 0x95de, 0x95de, 0x8dde, 
	0x8dde, 0x8dde, 0x8dde, 0x8dfe, 0x8dfe, 0x8dde, 0x8dde, 0x8dbe, 0x85be, 0x859e, 0x7d9e, 0x7d7e, 0x7d7e, 0x755e, 0x755e, 0x755e, 
	0x753d, 0x753d, 0x753d, 0x751d, 0x751d, 0x751d, 0x751e, 0x751e, 0x753e, 0x753e, 0x753e, 0x753e, 0x753e, 0x753e, 0x753e, 0x753e, 
	0x6d3e, 0x6d3d, 0x6d1d, 0x753d, 0x755d, 0x7d5d, 0x7d5d, 0x7d5c, 0x857c, 0x8dbd, 0x9e1f, 0xb69f, 0xbedf, 0xb6bf, 0xae5e, 0x9e1e, 
	0x8dbe, 0x85be, 0x85be, 0x85be, 0x85be, 0x85be, 0x85be, 0x85be, 0x8dde, 0x8dde, 0x8dff, 0x8dff, 0x8dff, 0x8dff, 0x8dff, 0x8dff, 
	0x85ff, 0x85de, 0x85de, 0x8dff, 0x8dff, 0x85de, 0x85fe, 0x8dff, 0x85fe, 0x85de, 0x85de, 0x85fe, 0x85fe, 0x861f, 0x85de, 0x7dde, 
	0x7dde, 0x7dde, 0x7dde, 0x85de, 0x85ff, 0x85ff, 0x85df, 0x7dde, 0x7dde, 0x85df, 0x85ff, 0x85ff, 0x85ff, 0x85ff, 0x85df, 0x85df, 
	0x7dff, 0x7ddf, 0x7dbe, 0x759e, 0x759e, 0x7d9e, 0x7dbf, 0x7ddf, 0x85df, 0x85df, 0x85df, 0x7dde, 0x7dde, 0x7dde, 0x85de, 0x85ff, 
	0x85df, 0x7ddf, 0x7dbe, 0x7d9e, 0x7dbe, 0x7dbe, 0x7dbe, 0x7d9d, 0x7dbe, 0x7dbe, 0x7d9e, 0x85be, 0x85bf, 0x85bf, 0x85bf, 0x859f, 
	0x85be, 0x85be, 0x85be, 0x85be, 0x85be, 0x85be, 0x85be, 0x85be, 0x85be, 0x85be, 0x85be, 0x85be, 0x85be, 0x85bf, 0x85bf, 0x85bf, 
	0x85be, 0x85bf, 0x85bf, 0x85bf, 0x85bf, 0x85be, 0x85be, 0x85be, 0x7d9d, 0x8dbd, 0x95dd, 0x9e1d, 0xb6bf, 0xcf5f, 0xdf9f, 0xdf7f, 
	0xdf7f, 0xdf7f, 0xcf1f, 0xb65c, 0xa61b, 0xa61c, 0xa63d, 0xae9f, 0xa63f, 0x8d7d, 0x959d, 0x8d5b, 0xceff, 0xbe9e, 0xbe9c, 0xdf9f, 
	0xc6de, 0xc71f, 0xb67e, 0xae3e, 0xa5fe, 0x8d7c, 0x8d9d, 0x8d7e, 0x857e, 0x7d3e, 0x855e, 0x857e, 0x855e, 0x855e, 0x8d7f, 0x857e, 
	0x855e, 0x855e, 0x853e, 0x8d5e, 0x8d5e, 0x8d5e, 0x957e, 0x957e, 0x9dbf, 0x9dbe, 0x9d9d, 0x9dbd, 0xadfe, 0xb65f, 0xae3e, 0xadfd, 
	0xadfe, 0xbe5f, 0xbe7f, 0xbe5f, 0xb65e, 0xae3e, 0xae3e, 0xbe9f, 0xa5fe, 0xa5ff, 0xbe9f, 0xae1f, 0xbe7f, 0xbe7f, 0xb65f, 0xbe5f, 
	0xb61d, 0xbe5e, 0xc69f, 0xcedf, 0xceff, 0xc6bf, 0xc6bf, 0xc6bf, 0xbe7e, 0xb63d, 0xb63d, 0xc69f, 0xcedf, 0xc69f, 0xc69f, 0xcedf, 
	0xcedf, 0xc6bf, 0xc69f, 0xc67e, 0xbe5e, 0xbe5e, 0xbe5e, 0xbe5e, 0xc67f, 0xc67f, 0xbe7f, 0xbe5e, 0xb63e, 0xb63e, 0xb63e, 0xb63e, 
	0xae3d, 0xb63e, 0xb63e, 0xb63e, 0xb63e, 0xb63f, 0xbe3f, 0xbe1f, 0x8c99, 0x8418, 0x73b6, 0x7396, 0x7b97, 0x83b8, 0x8bf9, 0x941a, 
	0xaddd, 0xb5dd, 0xaddd, 0xadbd, 0xb5dd, 0xb5fe, 0xbdfe, 0xbdde, 0xc5ff, 0xc5ff, 0xc5ff, 0xbdfe, 0xb5de, 0xaddd, 0xa5dd, 0xadde, 
	0xb55d, 0xb4fc, 0xb49b, 0xb47b, 0xb43a, 0xb3da, 0xb399, 0xbb9a, 0xb359, 0xb359, 0xbbba, 0xabba, 0x9b78, 0xa41a, 0xc55f, 0xc61f, 
	0xae1f, 0xa61e, 0x9e1e, 0x95fe, 0x8dde, 0x85bd, 0x7d9d, 0x7d7d, 0x7d9e, 0x7d9d, 0x859d, 0x85be, 0x8dfe, 0x95ff, 0x95fe, 0x95de, 
	0x95fe, 0x95fe, 0x8dfe, 0x8dfe, 0x8dfe, 0x8dde, 0x8dde, 0x8dde, 0x85be, 0x85be, 0x859e, 0x7d7e, 0x7d7e, 0x755e, 0x755e, 0x755e, 
	0x753d, 0x753d, 0x753d, 0x751d, 0x751d, 0x751d, 0x751e, 0x751e, 0x753e, 0x753e, 0x753e, 0x753e, 0x753e, 0x753e, 0x753d, 0x6d3e, 
	0x6d3e, 0x6d3e, 0x6d3d, 0x753e, 0x755e, 0x7d7e, 0x7d7d, 0x7d5d, 0x857d, 0x857c, 0x95bd, 0xa65f, 0xb6df, 0xbedf, 0xb69f, 0xae7f, 
	0x95fe, 0x8dde, 0x8dde, 0x8dde, 0x8dde, 0x8dbe, 0x8dbe, 0x85be, 0x8dde, 0x8dde, 0x8dff, 0x8dff, 0x8dff, 0x8e1f, 0x8e1f, 0x8e1f, 
	0x85de, 0x7dbe, 0x85be, 0x85ff, 0x8dff, 0x85de, 0x85de, 0x85fe, 0x85de, 0x7dde, 0x7dbe, 0x85de, 0x85ff, 0x85ff, 0x7dde, 0x7dbe, 
	0x75bd, 0x7dbe, 0x7dde, 0x85ff, 0x85ff, 0x85ff, 0x85ff, 0x85ff, 0x7dde, 0x7ddf, 0x85ff, 0x85ff, 0x85ff, 0x85ff, 0x85df, 0x7ddf, 
	0x7dff, 0x7ddf, 0x7dbf, 0x75be, 0x759e, 0x7dbe, 0x7ddf, 0x85ff, 0x85ff, 0x85ff, 0x85ff, 0x7dde, 0x7dbe, 0x7dbe, 0x7dde, 0x85de, 
	0x7ddf, 0x7dbf, 0x7d9e, 0x759e, 0x7dbe, 0x7dbe, 0x7dbe, 0x7dbe, 0x7dbe, 0x7dbe, 0x7dbe, 0x85be, 0x85bf, 0x85bf, 0x85bf, 0x85bf, 
	0x85be, 0x85be, 0x85be, 0x85be, 0x85be, 0x85be, 0x85be, 0x85be, 0x85be, 0x85be, 0x85be, 0x85be, 0x85be, 0x85be, 0x85be, 0x85be, 
	0x85be, 0x85be, 0x85be, 0x85be, 0x85be, 0x85be, 0x85be, 0x85bd, 0x85bd, 0x961e, 0xae7f, 0xb6df, 0xc73f, 0xd79f, 0xdf9f, 0xd75f, 
	0xdf5f, 0xdf5f, 0xcf1e, 0xc6de, 0xc73f, 0xc73f, 0xb6df, 0xae9f, 0x95ff, 0x855d, 0x8d7e, 0x8d7d, 0x8d7b, 0xbedf, 0xb69d, 0xbebd, 
	0xbebf, 0xbebf, 0x9ddd, 0x95bd, 0x95be, 0x8d7d, 0x8dbf, 0x8d9f, 0x8dbf, 0x857f, 0x857f, 0x8d9f, 0x857e, 0x855e, 0x8d7e, 0x8d7e, 
	0x8d5e, 0x8d5e, 0x8d5e, 0x8d5e, 0x8d7e, 0x957e, 0x959e, 0x959e, 0x959d, 0x9dbd, 0xa5dd, 0xa5fd, 0xae1d, 0xb63e, 0xb63e, 0xb61d, 
	0xadfd, 0xbe5f, 0xbe5e, 0xb63e, 0xc69f, 0xcedf, 0xc6df, 0xc6bf, 0x9d9c, 0xa5de, 0xc6df, 0xb65f, 0xc6bf, 0xc6bf, 0xbe7e, 0xbe9f, 
	0xbe5d, 0xc67e, 0xcedf, 0xd71f, 0xd6ff, 0xc6df, 0xc6bf, 0xc6bf, 0xbe7e, 0xb61d, 0xb63d, 0xc6bf, 0xcedf, 0xc67f, 0xc67f, 0xcedf, 
	0xceff, 0xcebf, 0xc67e, 0xbe5e, 0xbe5e, 0xbe5e, 0xbe5e, 0xbe5e, 0xc65f, 0xbe5f, 0xbe5f, 0xb63e, 0xb63e, 0xb63e, 0xb65e, 0xb65e, 
	0xae1d, 0xae1d, 0xae1d, 0xb63e, 0xb65f, 0xbe5f, 0xb5fe, 0xad9d, 0x7c37, 0x8418, 0x8417, 0x7bd7, 0x7b97, 0x83d7, 0x945a, 0xacfc, 
	0xadbd, 0xb5dd, 0xb5fe, 0xb5dd, 0xb5dd, 0xb5fe, 0xbdfe, 0xbdfe, 0xc5fe, 0xc61f, 0xce3f, 0xc63f, 0xbe1f, 0xb5fe, 0xaddd, 0xadbd, 
	0xa4fb, 0xacdb, 0xacbb, 0xac9b, 0xb47b, 0xac3a, 0xabd9, 0xa399, 0xabb9, 0xabb9, 0xabba, 0xabba, 0xa399, 0x9bb9, 0xb45c, 0xc55f, 
	0xc63f, 0xbe7f, 0xae5f, 0x9ddd, 0x8d9c, 0x8dbd, 0x85bd, 0x85bd, 0x85de, 0x85bd, 0x85bd, 0x8dde, 0x95fe, 0x961e, 0x9dfe, 0x95de, 
	0x95fe, 0x95fe, 0x961e, 0x95fe, 0x8dfe, 0x8dde, 0x85be, 0x85be, 0x85be, 0x85be, 0x85be, 0x859e, 0x7d9e, 0x7d7e, 0x755e, 0x755d, 
	0x753d, 0x753d, 0x753d, 0x751d, 0x751d, 0x751d, 0x751e, 0x751e, 0x751e, 0x753e, 0x753e, 0x753e, 0x753d, 0x753d, 0x6d3d, 0x6d3d, 
	0x6d1d, 0x6d3d, 0x6d3e, 0x6d1d, 0x6d3d, 0x757e, 0x7d7e, 0x7d5d, 0x857e, 0x857d, 0x8d9d, 0x95fe, 0xa65f, 0xae9f, 0xb6bf, 0xb6bf, 
	0xae9f, 0x9e3f, 0x8ddd, 0x859d, 0x8dbd, 0x8dde, 0x8dde, 0x85be, 0x85be, 0x8dff, 0x8e1f, 0x8e1f, 0x8e1f, 0x8e3f, 0x8e1f, 0x85de, 
	0x85de, 0x85de, 0x85fe, 0x85fe, 0x85fe, 0x85fe, 0x85de, 0x85de, 0x7dbe, 0x7dbe, 0x7dbe, 0x7dbe, 0x7dbe, 0x7dbe, 0x7dde, 0x7dde, 
	0x7dfe, 0x85ff, 0x861f, 0x85fe, 0x7dde, 0x85fe, 0x85ff, 0x7dff, 0x85ff, 0x85ff, 0x7ddf, 0x7dde, 0x7dde, 0x7ddf, 0x7ddf, 0x75be, 
	0x7ddf, 0x7dff, 0x7ddf, 0x7ddf, 0x7dbf, 0x7dbe, 0x7ddf, 0x85ff, 0x7ddf, 0x85df, 0x85ff, 0x85ff, 0x85df, 0x7dde, 0x85de, 0x85ff, 
	0x7dbe, 0x75bf, 0x75be, 0x75be, 0x7dbe, 0x7dbe, 0x7ddf, 0x7ddf, 0x7dbe, 0x7dbe, 0x7dbe, 0x7dbe, 0x7dbe, 0x7dbf, 0x7dbe, 0x85be, 
	0x85bf, 0x85bf, 0x85bf, 0x85bf, 0x85be, 0x85be, 0x85be, 0x85be, 0x85df, 0x85be, 0x85be, 0x85be, 0x85be, 0x85de, 0x85be, 0x85be, 
	0x85bf, 0x7dbf, 0x85bf, 0x85df, 0x85be, 0x859e, 0x8dff, 0xa69f, 0x9e3f, 0xae7f, 0xbedf, 0xc71f, 0xd73f, 0xdf7f, 0xdf7f, 0xdf5f, 
	0xdf7f, 0xe7bf, 0xdf9f, 0xcf3f, 0xbeff, 0xb6df, 0xa69f, 0x961f, 0x8ddf, 0x85be, 0x7d7d, 0x7d5d, 0x8dbd, 0x9e1e, 0xa67f, 0xae7f, 
	0xa65f, 0x9dfe, 0x8dbd, 0x859d, 0x859e, 0x859e, 0x859e, 0x7d7e, 0x7d7f, 0x857f, 0x857f, 0x857f, 0x8d7e, 0x8d5e, 0x8d7e, 0x8d7e, 
	0x8d5e, 0x8d7f, 0x8d5e, 0x8d3d, 0x8d5d, 0x8d5c, 0x959d, 0xae3e, 0xb67f, 0xbe9f, 0xc6df, 0xc6ff, 0xc6ff, 0xae1d, 0xc69f, 0xb61c, 
	0xbe5d, 0xbe7d, 0xc6be, 0xceff, 0xd71f, 0xceff, 0xc6bf, 0xc69f, 0xaddd, 0xb63e, 0xbe7f, 0xc6df, 0xcedf, 0xcedf, 0xc6be, 0xc69d, 
	0xbe5c, 0xcede, 0xd73f, 0xd71f, 0xd71f, 0xcf1f, 0xcedf, 0xbe7f, 0xb61d, 0xb63e, 0xbe5f, 0xbe7f, 0xc67f, 0xc67f, 0xc69f, 0xcebf, 
	0xceff, 0xc69f, 0xbe5e, 0xbe7e, 0xc67e, 0xbe5e, 0xbe3e, 0xbe5e, 0xc67f, 0xc67f, 0xbe7f, 0xbe5f, 0xb63e, 0xae3e, 0xae3e, 0xae5e, 
	0xae3e, 0xae3e, 0xae3e, 0xb67f, 0xbe7f, 0xadfd, 0x8cd9, 0x7416, 0x8c98, 0x9d3b, 0xb5dd, 0xb5bd, 0xad7d, 0xad7c, 0xad7d, 0xad9d, 
	0xb59d, 0xb5dd, 0xbdfe, 0xb5fe, 0xb5dd, 0xb5fe, 0xbdfe, 0xbdde, 0xbdfe, 0xc5fe, 0xc5ff, 0xc5ff, 0xbdfe, 0xb5fe, 0xaddd, 0xaddd, 
	0xb59d, 0xb57d, 0xb55d, 0xb4fc, 0xacbb, 0xa45a, 0xa41a, 0xa3f9, 0xac1a, 0xabfa, 0xabfa, 0xabfb, 0xa3ba, 0xa3b9, 0xac1b, 0xb4bd, 
	0xb57e, 0xadbd, 0xadde, 0xae1e, 0xa5fe, 0x95bd, 0x8dbd, 0x8dde, 0x8dde, 0x85bd, 0x8dbd, 0x8dde, 0x95fe, 0x95fe, 0x9dde, 0x95de, 
	0x95fe, 0x95fe, 0x95fe, 0x95fe, 0x8dde, 0x8dde, 0x8dbe, 0x8dde, 0x85be, 0x85be, 0x85be, 0x859e, 0x7d9e, 0x7d9e, 0x7d7d, 0x755d, 
	0x753d, 0x753d, 0x753d, 0x751d, 0x751d, 0x751d, 0x751d, 0x751e, 0x751e, 0x751e, 0x753e, 0x753d, 0x753d, 0x753d, 0x6d3d, 0x6d3d, 
	0x6d1d, 0x6d3d, 0x6d3d, 0x6d3d, 0x753e, 0x755e, 0x7d7e, 0x7d7e, 0x7d7e, 0x857d, 0x857d, 0x95dd, 0xa63e, 0xae9f, 0xb6bf, 0xb6bf, 
	0xaebf, 0xa65f, 0x95fe, 0x8ddd, 0x8dbd, 0x8dde, 0x8dbe, 0x85be, 0x85be, 0x8dff, 0x8e1f, 0x8e1f, 0x8e1f, 0x8e1f, 0x8e1f, 0x85fe, 
	0x85fe, 0x85fe, 0x85fe, 0x85fe, 0x85fe, 0x85de, 0x85de, 0x7dbe, 0x7dbe, 0x7dbe, 0x7dbe, 0x7dbe, 0x7dbe, 0x7dde, 0x7dde, 0x7dde, 
	0x7dde, 0x85fe, 0x85fe, 0x7dfe, 0x7dde, 0x7dfe, 0x85ff, 0x7dfe, 0x7dde, 0x7dff, 0x7ddf, 0x75be, 0x75be, 0x75be, 0x75be, 0x75be, 
	0x75bf, 0x75df, 0x7ddf, 0x75be, 0x759e, 0x759e, 0x75be, 0x7ddf, 0x7ddf, 0x85ff, 0x85ff, 0x85ff, 0x85ff, 0x85df, 0x85ff, 0x85ff, 
	0x7ddf, 0x75df, 0x75bf, 0x75bf, 0x75be, 0x75be, 0x7dbf, 0x7ddf, 0x7dbe, 0x7dbe, 0x7dbe, 0x7dbe, 0x7dbe, 0x7dbe, 0x7dbe, 0x7dbe, 
	0x85bf, 0x85bf, 0x85bf, 0x85bf, 0x85be, 0x85be, 0x85be, 0x85be, 0x85bf, 0x85be, 0x85be, 0x85be, 0x85be, 0x85de, 0x85be, 0x85be, 
	0x85df, 0x7dbf, 0x85bf, 0x85df, 0x85be, 0x859e, 0x8dff, 0x9e5f, 0xa65f, 0xae7f, 0xb69f, 0xbebf, 0xc6ff, 0xd73f, 0xdf7f, 0xdf7f, 
	0xe79f, 0xdf7f, 0xc6ff, 0xae5e, 0x9e1d, 0x95fe, 0x8dfe, 0x8dfe, 0x85de, 0x85de, 0x85be, 0x7d9e, 0x859e, 0x8dde, 0x95ff, 0x95ff, 
	0x95ff, 0x95de, 0x8d9e, 0x859e, 0x859e, 0x859e, 0x859f, 0x7d7f, 0x7d7f, 0x857f, 0x857e, 0x857e, 0x8d7e, 0x8d5e, 0x8d5d, 0x8d5d, 
	0x8d5e, 0x957e, 0x957d, 0x957d, 0x959d, 0x9dbd, 0xae3e, 0xc6df, 0xc6ff, 0xbe9f, 0xb65e, 0xbe9e, 0xbe7e, 0xb63d, 0xcedf, 0xbe5d, 
	0xceff, 0xcefe, 0xcefe, 0xd73f, 0xdf7f, 0xdf5f, 0xc6df, 0xb65e, 0xb61e, 0xb65f, 0xc69f, 0xc6bf, 0xcedf, 0xcedf, 0xc6be, 0xc6bd, 
	0xcebd, 0xd6fe, 0xd73f, 0xd71f, 0xd6ff, 0xd71f, 0xcedf, 0xc69f, 0xb61d, 0xb63e, 0xbe7f, 0xc67f, 0xc67f, 0xc67f, 0xce9f, 0xcedf, 
	0xcebf, 0xc67e, 0xbe5e, 0xbe7e, 0xc67e, 0xbe3e, 0xbe3e, 0xbe5e, 0xbe7f, 0xbe7f, 0xbe7f, 0xb65f, 0xb63e, 0xae3e, 0xae3e, 0xae5e, 
	0xae3e, 0xae5f, 0xb65f, 0xb65f, 0xadfe, 0xa5bc, 0xa57b, 0x9d5b, 0xb5fd, 0xbe3f, 0xc67f, 0xc67f, 0xc65f, 0xc65f, 0xc65f, 0xbe1e, 
	0xb59d, 0xbddd, 0xbdfe, 0xbdfe, 0xbdfe, 0xb5fe, 0xbdfe, 0xbdfe, 0xbdde, 0xbdde, 0xbdde, 0xbdde, 0xb5de, 0xb5de, 0xb5fe, 0xb5fe, 
	0xb5be, 0xbdbe, 0xbd9e, 0xb55d, 0xb51c, 0xb4dc, 0xb4bc, 0xb4bc, 0xb49c, 0xb47b, 0xb47b, 0xac7c, 0xac3b, 0xa3fa, 0xa3fa, 0xa45b, 
	0xa4bb, 0x9cba, 0xa53c, 0xbdff, 0xb61f, 0x9d9d, 0x955d, 0x95be, 0x95be, 0x8dbe, 0x8dbd, 0x8dbd, 0x95de, 0x95de, 0x95de, 0x95de, 
	0x95fe, 0x95fe, 0x95fe, 0x95fe, 0x8dde, 0x8dde, 0x8dde, 0x8dde, 0x8dde, 0x85be, 0x85be, 0x859e, 0x859e, 0x7d9e, 0x7d7e, 0x7d7d, 
	0x753d, 0x753d, 0x753d, 0x753d, 0x751d, 0x751d, 0x751e, 0x6d1e, 0x6d1e, 0x6d1e, 0x6d1e, 0x6d1d, 0x6d1d, 0x6d1d, 0x6d1d, 0x6d1d, 
	0x6d1d, 0x6d1d, 0x6d3d, 0x753d, 0x753d, 0x753d, 0x755d, 0x7d7d, 0x857d, 0x855c, 0x857c, 0x95dd, 0xa65e, 0xb6bf, 0xbedf, 0xb6df, 
	0xaebf, 0xa67f, 0x9e3f, 0x95fe, 0x8dbd, 0x85bd, 0x8dbe, 0x8dde, 0x85be, 0x85de, 0x8dff, 0x8dff, 0x85ff, 0x85ff, 0x85ff, 0x85ff, 
	0x8dfe, 0x8dfe, 0x85fe, 0x85fe, 0x85de, 0x85de, 0x7dbe, 0x7dbe, 0x7dbe, 0x7dbe, 0x7dbe, 0x7dbe, 0x7dbe, 0x7dde, 0x7dde, 0x7dde, 
	0x7dde, 0x85fe, 0x85fe, 0x7dde, 0x7dde, 0x7dde, 0x7dfe, 0x7dde, 0x75be, 0x7dde, 0x7ddf, 0x75be, 0x759e, 0x75be, 0x75be, 0x759e, 
	0x75be, 0x75be, 0x75be, 0x759e, 0x759e, 0x759e, 0x759e, 0x7dbe, 0x7ddf, 0x85ff, 0x85ff, 0x85ff, 0x85ff, 0x85ff, 0x85ff, 0x85ff, 
	0x7ddf, 0x7ddf, 0x75bf, 0x75bf, 0x75be, 0x75be, 0x7dbe, 0x7dbf, 0x7dbe, 0x7dbe, 0x7dbe, 0x7dbe, 0x7dbe, 0x7dbe, 0x7dbe, 0x7dbe, 
	0x85bf, 0x85bf, 0x85bf, 0x85bf, 0x85bf, 0x85bf, 0x85be, 0x85be, 0x85bf, 0x85be, 0x85be, 0x85be, 0x85be, 0x85be, 0x85be, 0x85be, 
	0x85df, 0x85be, 0x85be, 0x85df, 0x85df, 0x85be, 0x8ddf, 0x961f, 0x9e3f, 0x9e3f, 0x9e1e, 0xa61d, 0xae5d, 0xbebe, 0xcf3f, 0xcf5f, 
	0xbe9e, 0xb67d, 0xa63d, 0x9dfc, 0x8dbc, 0x859c, 0x859d, 0x7d9d, 0x7d9d, 0x7dbe, 0x85be, 0x859e, 0x859e, 0x85be, 0x8dbe, 0x8dbe, 
	0x8d9d, 0x8d9d, 0x859d, 0x859d, 0x859e, 0x859e, 0x859e, 0x859f, 0x859f, 0x857e, 0x855e, 0x855e, 0x855d, 0x8d7d, 0x957d, 0x957d, 
	0x9dbe, 0x9dbd, 0x959d, 0x9d9d, 0x9ddd, 0xa5dd, 0xae3e, 0xc6ff, 0xcf1f, 0xbe9f, 0xb61d, 0xb63d, 0xaddc, 0xc67e, 0xdf5f, 0xd71f, 
	0xd73f, 0xd73f, 0xd71f, 0xd73f, 0xdf5f, 0xd75f, 0xc6df, 0xb63e, 0xb63f, 0xbe5f, 0xbe7f, 0xc69f, 0xc69f, 0xc6bf, 0xcebe, 0xcede, 
	0xd6fe, 0xd71f, 0xdf3f, 0xd71f, 0xd6ff, 0xceff, 0xc6bf, 0xbe7e, 0xb63d, 0xbe5e, 0xc67f, 0xc69f, 0xc67e, 0xc67e, 0xcebf, 0xd6ff, 
	0xc69e, 0xbe7e, 0xbe7e, 0xbe7e, 0xbe5e, 0xbe3e, 0xbe3e, 0xbe5e, 0xbe5f, 0xbe5f, 0xbe5f, 0xb63e, 0xae3e, 0xae3e, 0xae3e, 0xae5e, 
	0xae3e, 0xb65e, 0xb67f, 0xb63e, 0xadfd, 0xaddd, 0xb61e, 0xc65f, 0xc67f, 0xc67f, 0xc67f, 0xce7f, 0xce7f, 0xc65f, 0xb5fd, 0xad7c, 
	0xbd7d, 0xbdbd, 0xbdde, 0xbdfe, 0xbdfe, 0xbdfe, 0xbdfe, 0xbdfe, 0xbddd, 0xbddd, 0xbdbd, 0xbdbd, 0xb5dd, 0xb5dd, 0xb5fe, 0xb5fe, 
	0xb5bd, 0xb5be, 0xbdbe, 0xbd9e, 0xbd7d, 0xbd7d, 0xbd5e, 0xc55e, 0xbd3d, 0xbcfd, 0xb4dd, 0xb4dd, 0xb4dd, 0xa49c, 0x9c5b, 0x9c5a, 
	0x9c39, 0x9419, 0xa49b, 0xbd7e, 0xb59f, 0xa51d, 0x94fc, 0x953d, 0x957d, 0x957d, 0x959d, 0x959d, 0x95be, 0x95de, 0x95de, 0x95de, 
	0x95dd, 0x95dd, 0x95fe, 0x95fe, 0x95fe, 0x95fe, 0x95fe, 0x95fe, 0x8dde, 0x8dbe, 0x85be, 0x85be, 0x859e, 0x859e, 0x7d7e, 0x7d7e, 
	0x753d, 0x753d, 0x753d, 0x753d, 0x753e, 0x6d1e, 0x6d1e, 0x6d1e, 0x6d1e, 0x6d1e, 0x6d1d, 0x6d1d, 0x6d1d, 0x6d1d, 0x6d1d, 0x6d3d, 
	0x753d, 0x6d1c, 0x753d, 0x755d, 0x753d, 0x753d, 0x7d5d, 0x859d, 0x8d9d, 0x859c, 0x8d9c, 0x9dfd, 0xb69f, 0xc6ff, 0xc6ff, 0xbedf, 
	0xae9f, 0xa67f, 0x9e5f, 0x961e, 0x8ddd, 0x8dbd, 0x8dbd, 0x8dde, 0x85be, 0x85de, 0x8dff, 0x85fe, 0x85de, 0x85fe, 0x85ff, 0x8e1f, 
	0x8e1f, 0x8e1f, 0x8dfe, 0x85fe, 0x85fe, 0x85de, 0x7dbe, 0x7dbe, 0x7dbe, 0x7dbe, 0x7dbe, 0x7dbe, 0x7dbe, 0x7dde, 0x7ddf, 0x7ddf, 
	0x7dde, 0x85fe, 0x85fe, 0x7dde, 0x7dbe, 0x7dde, 0x7dde, 0x7dde, 0x759e, 0x7dde, 0x7dff, 0x7dde, 0x759e, 0x759e, 0x759e, 0x759e, 
	0x759e, 0x759e, 0x75be, 0x759e, 0x759e, 0x759e, 0x75be, 0x7ddf, 0x7ddf, 0x7ddf, 0x7dff, 0x85ff, 0x85ff, 0x85ff, 0x7ddf, 0x7ddf, 
	0x75df, 0x75bf, 0x75bf, 0x75bf, 0x75be, 0x75be, 0x7dbf, 0x7dbf, 0x7ddf, 0x7dbf, 0x7dbe, 0x7dbe, 0x7dbe, 0x7dbe, 0x7dbe, 0x7dbe, 
	0x7dbf, 0x7dbf, 0x85bf, 0x85be, 0x85be, 0x85be, 0x85be, 0x85be, 0x85bf, 0x85be, 0x85be, 0x85be, 0x85be, 0x85be, 0x85be, 0x85be, 
	0x85be, 0x85be, 0x85be, 0x85df, 0x85df, 0x85be, 0x85de, 0x8dde, 0x8dde, 0x8dbd, 0x8dbc, 0x8d9b, 0x95bc, 0x9e1d, 0xae7e, 0xb6bf, 
	0x95bb, 0x959b, 0x95bb, 0x95dc, 0x95dd, 0x8dbd, 0x85bd, 0x85be, 0x85de, 0x85de, 0x85de, 0x859e, 0x859e, 0x85be, 0x85be, 0x859e, 
	0x857c, 0x8d7d, 0x8d9d, 0x8d9d, 0x859e, 0x859e, 0x859e, 0x859f, 0x859e, 0x857e, 0x857e, 0x855d, 0x8d5d, 0x957e, 0x9dbe, 0xa5ff, 
	0xbe9f, 0xb67f, 0xae3e, 0xae1e, 0xadfd, 0xa5dd, 0xadfe, 0xc69f, 0xdf3f, 0xd71f, 0xbe5f, 0xadbc, 0x8cb8, 0xbe3e, 0xdf3f, 0xd6ff, 
	0xdf5f, 0xdf5f, 0xd71f, 0xc6bf, 0xc6bf, 0xc6df, 0xc6bf, 0xb65f, 0xb61f, 0xb63f, 0xb63f, 0xb63f, 0xbe5e, 0xc67e, 0xcebf, 0xcede, 
	0xd71f, 0xdf1f, 0xdf3f, 0xdf3f, 0xd71f, 0xcedf, 0xbe7e, 0xb61d, 0xbe7e, 0xc67f, 0xc69f, 0xc69f, 0xc67e, 0xc69e, 0xcebf, 0xd6df, 
	0xc67e, 0xbe7e, 0xbe7e, 0xbe7e, 0xbe5e, 0xb61d, 0xbe3e, 0xbe7f, 0xbe5f, 0xbe5f, 0xb65f, 0xb63e, 0xb63e, 0xae3e, 0xb65f, 0xb65f, 
	0xb67f, 0xb67e, 0xb65e, 0xb63e, 0xb63e, 0xbe5f, 0xc65f, 0xc65f, 0xc65f, 0xc65f, 0xce7f, 0xce9f, 0xc65f, 0xb5bd, 0x9cfa, 0x8c78, 
	0xc59d, 0xc5be, 0xc5de, 0xc5fe, 0xbdfe, 0xb5fe, 0xbdfe, 0xbe1e, 0xbdde, 0xbdde, 0xbdde, 0xbdde, 0xbdde, 0xbdde, 0xb5dd, 0xb5dd, 
	0xb5fe, 0xb5fe, 0xb5de, 0xbdde, 0xbdde, 0xbdbe, 0xbd9e, 0xbd7e, 0xc59f, 0xbd7e, 0xb53d, 0xb53d, 0xb53d, 0xad1d, 0xa4dc, 0xa4bb, 
	0x9c19, 0x9bf9, 0xa43a, 0xac9c, 0xacdc, 0x9c9b, 0x9c9b, 0x94dc, 0x9d3d, 0x9d5d, 0x9d7e, 0x959e, 0x959e, 0x8dbd, 0x8dbd, 0x95dd, 
	0x8d9c, 0x95dd, 0x9dfd, 0x9e1e, 0x9e1e, 0x9e1e, 0x95fe, 0x95fe, 0x8dde, 0x8dbe, 0x8dbe, 0x85be, 0x859e, 0x859e, 0x859e, 0x7d7e, 
	0x755d, 0x753e, 0x753e, 0x753e, 0x6d3e, 0x6d1e, 0x6d1e, 0x6d1e, 0x6d1e, 0x6d1e, 0x6d1d, 0x6d1d, 0x6d1d, 0x6d1d, 0x753d, 0x753d, 
	0x753d, 0x753c, 0x753c, 0x755d, 0x753d, 0x7d5d, 0x857d, 0x8dbe, 0x95fe, 0x95dd, 0x9dfd, 0xae5e, 0xbedf, 0xc71f, 0xc6de, 0xbebe, 
	0xa65d, 0xa63e, 0xa65f, 0xa67f, 0xa65f, 0x961e, 0x8dde, 0x8dde, 0x8dde, 0x8dde, 0x8dfe, 0x8dfe, 0x85fe, 0x85de, 0x85fe, 0x8e1f, 
	0x85fe, 0x85fe, 0x8dfe, 0x8dfe, 0x85fe, 0x85fe, 0x85fe, 0x85de, 0x7dbe, 0x7dbe, 0x7dbe, 0x7dbe, 0x7dbe, 0x7dde, 0x7ddf, 0x7dff, 
	0x85ff, 0x861f, 0x85fe, 0x7dde, 0x75bd, 0x75be, 0x75be, 0x75be, 0x759e, 0x7dde, 0x7dff, 0x75df, 0x759e, 0x759e, 0x759e, 0x759e, 
	0x759e, 0x759e, 0x75be, 0x75be, 0x75bf, 0x75bf, 0x75df, 0x7ddf, 0x75be, 0x7dbf, 0x7ddf, 0x7ddf, 0x7ddf, 0x7ddf, 0x7dde, 0x7dbe, 
	0x75be, 0x75be, 0x75be, 0x75be, 0x75bf, 0x75bf, 0x7ddf, 0x7ddf, 0x7ddf, 0x7ddf, 0x7dbf, 0x7dbe, 0x7dbe, 0x7dbe, 0x7dbe, 0x7dbe, 
	0x7dbf, 0x7dbf, 0x7dbf, 0x7dbe, 0x85be, 0x85be, 0x85be, 0x85be, 0x85be, 0x85be, 0x85be, 0x85be, 0x85be, 0x85be, 0x85be, 0x85be, 
	0x85be, 0x859d, 0x85be, 0x85be, 0x85de, 0x85be, 0x85be, 0x85be, 0x859d, 0x85bd, 0x85bd, 0x859c, 0x8dbc, 0x95fd, 0x9e1d, 0x9e3e, 
	0x9e3e, 0x95fd, 0x8dbc, 0x8dbc, 0x8dbc, 0x8dbd, 0x961e, 0x9e5f, 0x9e7f, 0x963f, 0x8dff, 0x859d, 0x7d9d, 0x859e, 0x859e, 0x857d, 
	0x8d9d, 0x8dbd, 0x95de, 0x95de, 0x8dbe, 0x8dbe, 0x859e, 0x85be, 0x859e, 0x8d9e, 0x8d9e, 0x8d7e, 0x8d7d, 0x959e, 0xa61f, 0xb67f, 
	0xcf1f, 0xcf1f, 0xc6bf, 0xbe7e, 0xb65e, 0xadfd, 0xadfd, 0xbe3f, 0xce9f, 0xc67f, 0xad9d, 0x8458, 0x73d5, 0xc63f, 0xe75f, 0xdf3f, 
	0xe79f, 0xd73f, 0xc69f, 0xae1d, 0xae1d, 0xb65f, 0xbe7f, 0xb65f, 0xadfe, 0xaddf, 0xadde, 0xadfe, 0xb61e, 0xbe5e, 0xcebf, 0xd6ff, 
	0xdf3f, 0xdf1f, 0xdf1f, 0xdf3f, 0xd71f, 0xcebf, 0xbe3d, 0xb5fc, 0xcebf, 0xc69f, 0xc67e, 0xc69e, 0xce9f, 0xcebf, 0xcebf, 0xcebf, 
	0xc69e, 0xc69f, 0xbe7f, 0xbe5e, 0xbe3e, 0xb61d, 0xbe5e, 0xc69f, 0xbe7f, 0xbe5f, 0xb65f, 0xb65f, 0xb65f, 0xb65f, 0xb65f, 0xb67f, 
	0xb67f, 0xb65e, 0xb65e, 0xb65e, 0xbe7f, 0xc69f, 0xc65f, 0xc63f, 0xc63f, 0xce5f, 0xce7f, 0xce5f, 0xbdbd, 0x9cda, 0x8417, 0x7bb5, 
	0xc57d, 0xc57d, 0xc5be, 0xc5de, 0xbdfe, 0xbdfe, 0xbdfe, 0xbe1e, 0xbdfe, 0xbdfe, 0xbdde, 0xbdfe, 0xc5fe, 0xbdfe, 0xbddd, 0xb5bd, 
	0xb5fe, 0xb5fd, 0xb5dd, 0xb5de, 0xbdfe, 0xbdfe, 0xbdbe, 0xbd9d, 0xbdbe, 0xbd9e, 0xb57e, 0xb57e, 0xad7e, 0xad5d, 0xa53d, 0xad1d, 
	0xa45a, 0xa43a, 0xa43a, 0xa43a, 0xa45b, 0xa47b, 0x9c7b, 0x9c9b, 0xa51d, 0xa55e, 0xa59e, 0x9dbe, 0x95be, 0x8dbd, 0x8dbd, 0x8dbd, 
	0x95bc, 0x9ddd, 0xa61e, 0xa63e, 0xa63f, 0xa63f, 0x9e1e, 0x9dfe, 0x95de, 0x8dbe, 0x8dbe, 0x859e, 0x859e, 0x859e, 0x859e, 0x7d9e, 
	0x755d, 0x755e, 0x6d3e, 0x6d3e, 0x6d3e, 0x6d1e, 0x6d1e, 0x6d1d, 0x6d1e, 0x6d1e, 0x6d1d, 0x6d1d, 0x753d, 0x753d, 0x755e, 0x755d, 
	0x751c, 0x753c, 0x755c, 0x753c, 0x753c, 0x7d7d, 0x8dbe, 0x95fe, 0xa67f, 0xae5f, 0xae5e, 0xbebe, 0xc6ff, 0xcefe, 0xc6bd, 0xbe7d, 
	0xa5fc, 0x9e1d, 0xa65e, 0xb6df, 0xbeff, 0xae9f, 0x9e3f, 0x961e, 0x95fe, 0x8dde, 0x8ddd, 0x8ddd, 0x85dd, 0x85bd, 0x85dd, 0x85dd, 
	0x85de, 0x85fe, 0x85fe, 0x85fe, 0x85fe, 0x85ff, 0x85ff, 0x85ff, 0x7dde, 0x7dbe, 0x7dbe, 0x75be, 0x7dbe, 0x7dde, 0x7dff, 0x7dff, 
	0x85ff, 0x861f, 0x7dff, 0x7dde, 0x75bd, 0x75be, 0x75be, 0x75be, 0x75be, 0x7ddf, 0x7ddf, 0x75be, 0x759e, 0x759e, 0x759e, 0x759e, 
	0x759e, 0x75be, 0x75bf, 0x75df, 0x75df, 0x75df, 0x75bf, 0x75be, 0x75be, 0x75be, 0x75be, 0x75be, 0x7ddf, 0x7ddf, 0x7dbe, 0x75be, 
	0x75be, 0x75be, 0x75be, 0x75be, 0x75bf, 0x75df, 0x7ddf, 0x7ddf, 0x7ddf, 0x7ddf, 0x7ddf, 0x7dbf, 0x7dbe, 0x7dbe, 0x7dbe, 0x7dbe, 
	0x7dbf, 0x7dbf, 0x7dbf, 0x7dbf, 0x85bf, 0x85be, 0x85be, 0x85be, 0x85be, 0x85be, 0x85be, 0x85be, 0x85be, 0x85be, 0x85be, 0x85be, 
	0x859d, 0x859d, 0x85bd, 0x85be, 0x85be, 0x85be, 0x85be, 0x85be, 0x8ddf, 0x8dff, 0x961f, 0x961e, 0x961e, 0x9e3f, 0x9e3e, 0x9e3e, 
	0xa69f, 0x9e5f, 0x961e, 0x8ddd, 0x8ddd, 0x961e, 0xa65f, 0xa69f, 0xaebf, 0xa67f, 0x95fe, 0x85bd, 0x859e, 0x85de, 0x85df, 0x85be, 
	0x95de, 0x9dfe, 0x9e1e, 0x9e1f, 0x95ff, 0x8dde, 0x8dbe, 0x8dbe, 0x8d9e, 0x8d9e, 0x8d9e, 0x959e, 0x959e, 0x9dbe, 0xae3f, 0xbe9f, 
	0xcf1f, 0xd75f, 0xd73f, 0xceff, 0xcedf, 0xc69f, 0xc65f, 0xc67f, 0xbe1f, 0xb5be, 0x949a, 0x6334, 0x7396, 0xc61f, 0xe73f, 0xe73f, 
	0xd6ff, 0xbe5f, 0xa5bd, 0x9d5c, 0xa5bd, 0xadfe, 0xae1f, 0xadff, 0xa5be, 0xa5be, 0xa5be, 0xadde, 0xb61e, 0xbe5f, 0xcebf, 0xd6ff, 
	0xe75f, 0xdf3f, 0xd71f, 0xd71f, 0xcedf, 0xc69e, 0xbe7e, 0xbe7e, 0xcedf, 0xcebf, 0xc67e, 0xc69e, 0xcebf, 0xd6df, 0xcede, 0xcebe, 
	0xc69f, 0xc69f, 0xc67f, 0xbe5e, 0xb63e, 0xb63e, 0xbe7f, 0xc69f, 0xbe7f, 0xbe5f, 0xbe5f, 0xb65f, 0xb65f, 0xb67f, 0xb65f, 0xb65f, 
	0xb65e, 0xb65e, 0xb67e, 0xbe5e, 0xbe5e, 0xbe3f, 0xbe3f, 0xc63f, 0xbdfe, 0xbdde, 0xbdde, 0xb59d, 0x9cda, 0x83d6, 0x7375, 0x7b95, 
	0xbcbb, 0xbcfb, 0xbd5c, 0xc5be, 0xc5de, 0xbdde, 0xbdfe, 0xbe1e, 0xbdfe, 0xbdfe, 0xbdde, 0xc5de, 0xc5fe, 0xc5fe, 0xbdde, 0xbdbd, 
	0xb5dd, 0xb5dd, 0xb5dd, 0xb5dd, 0xbdde, 0xbdfe, 0xbdde, 0xbdde, 0xbdbe, 0xbdbe, 0xb5be, 0xb59e, 0xad7d, 0xad7d, 0xa57d, 0xad5d, 
	0xacdd, 0xac9c, 0xac7c, 0xa47b, 0xa47c, 0xa47c, 0xa47c, 0x9c9c, 0xa4dd, 0xa53e, 0xa5bf, 0xa5df, 0x9ddf, 0x95de, 0x8dde, 0x8dde, 
	0x9ddd, 0xa5fd, 0xa61e, 0xa63e, 0xa63e, 0xa61e, 0x9e1e, 0x9e1f, 0x95be, 0x8dbd, 0x8d9d, 0x859d, 0x859e, 0x859e, 0x859e, 0x7d9e, 
	0x755d, 0x6d5e, 0x6d5e, 0x6d3e, 0x6d3e, 0x6d1e, 0x6d1e, 0x6d1e, 0x6d1e, 0x6d1e, 0x6d1e, 0x6d3e, 0x753e, 0x755e, 0x7d7e, 0x7d7e, 
	0x755c, 0x859d, 0x859d, 0x7d5c, 0x7d5c, 0x8dde, 0x9e3f, 0xa65f, 0xb6bf, 0xb6bf, 0xbebf, 0xc6df, 0xcf1f, 0xd71f, 0xcefd, 0xc6bd, 
	0xa5fb, 0x9ddc, 0xa61d, 0xb6bf, 0xc71f, 0xbeff, 0xb6bf, 0xae9f, 0xa67f, 0x9e3e, 0x95fe, 0x961e, 0x95fd, 0x8ddd, 0x8dbc, 0x85bc, 
	0x85dd, 0x85de, 0x85fe, 0x85fe, 0x85fe, 0x85fe, 0x85fe, 0x85ff, 0x7dde, 0x7dde, 0x7dbe, 0x7dbe, 0x7dde, 0x7ddf, 0x7dff, 0x861f, 
	0x7dff, 0x861f, 0x7dfe, 0x75be, 0x75be, 0x75be, 0x75de, 0x75be, 0x75be, 0x7ddf, 0x75df, 0x75be, 0x759e, 0x759e, 0x759e, 0x6d9e, 
	0x75bf, 0x75bf, 0x7ddf, 0x7dff, 0x7dff, 0x7ddf, 0x75be, 0x6d9e, 0x759e, 0x759e, 0x759e, 0x75be, 0x75bf, 0x75df, 0x75be, 0x75be, 
	0x75bf, 0x75be, 0x75be, 0x75be, 0x75be, 0x75bf, 0x7ddf, 0x7ddf, 0x7ddf, 0x7ddf, 0x7ddf, 0x7ddf, 0x7dbe, 0x7dbe, 0x7dbe, 0x7dbe, 
	0x7dbf, 0x7dbf, 0x7dbf, 0x7dbe, 0x7dbe, 0x7dbe, 0x7dbe, 0x7dbe, 0x85bf, 0x85be, 0x85be, 0x85be, 0x85be, 0x85be, 0x85be, 0x85be, 
	0x85be, 0x85be, 0x85be, 0x85be, 0x85be, 0x85be, 0x85be, 0x85be, 0x961f, 0x9e5f, 0x9e5f, 0x9e7f, 0xa67f, 0xa67f, 0xa67f, 0x9e5f, 
	0x9e5f, 0x9e5f, 0x963f, 0x95fe, 0x961e, 0xa67f, 0xae9f, 0xaebf, 0xaebf, 0xae9f, 0x9e3f, 0x95fe, 0x95fe, 0x961f, 0x961f, 0x961f, 
	0x9e1f, 0x9e3e, 0xa63f, 0x9e3f, 0x9e1f, 0x95ff, 0x95de, 0x95be, 0x8dbe, 0x8dbe, 0x95be, 0x95be, 0x9dbe, 0xa5df, 0xa61f, 0xae3e, 
	0xc6ff, 0xdf9f, 0xdfbf, 0xd75f, 0xdf5f, 0xd71f, 0xcebf, 0xc67f, 0xad9f, 0xa53d, 0x8c5a, 0x5ab4, 0x6b35, 0x94bb, 0xad5d, 0xb5df, 
	0xad9e, 0x9d5d, 0x951c, 0x953c, 0x955c, 0x953c, 0x953c, 0x955d, 0x9d7e, 0x9d9e, 0xa59e, 0xa5de, 0xb5fe, 0xbe5f, 0xc6bf, 0xceff, 
	0xdf5f, 0xd71f, 0xd6ff, 0xd6ff, 0xd6df, 0xc69e, 0xc69e, 0xcebf, 0xcedf, 0xcebf, 0xc69e, 0xcebe, 0xcedf, 0xd6ff, 0xd6df, 0xcebf, 
	0xc69f, 0xc69f, 0xc67f, 0xbe5e, 0xbe3e, 0xbe3e, 0xbe7f, 0xc67f, 0xbe5f, 0xbe5f, 0xb65f, 0xb65f, 0xb67f, 0xb67f, 0xb65f, 0xb63e, 
	0xb63e, 0xb65e, 0xb65f, 0xbe5f, 0xb63e, 0xb5fe, 0xb5de, 0xb5be, 0xa53c, 0xa4fb, 0x9cdb, 0x9cba, 0x8c38, 0x7b96, 0x7b96, 0x83d7, 
	0xac18, 0xac59, 0xb4db, 0xc57d, 0xc5de, 0xbdde, 0xbdfe, 0xc61e, 0xbdfe, 0xbdfe, 0xbddd, 0xc5dd, 0xc5de, 0xc5de, 0xc5dd, 0xbddd, 
	0xbdfd, 0xbe1e, 0xbdfe, 0xbddd, 0xb5bd, 0xb5bd, 0xbdde, 0xbdfe, 0xb5be, 0xbdde, 0xbdde, 0xb5be, 0xad9d, 0xa57d, 0xa57d, 0xad7d, 
	0xb55e, 0xacfd, 0xacdd, 0xacdd, 0xacdd, 0xa49c, 0x9c7b, 0x9c9c, 0x9cbc, 0xa51d, 0xadbf, 0xadff, 0x9dff, 0x95ff, 0x95ff, 0x961f, 
	0xa61e, 0xa61e, 0xa61e, 0xa61e, 0xa61e, 0xa61e, 0xa61f, 0x9e1f, 0x95be, 0x8dbd, 0x8d9d, 0x859d, 0x859d, 0x859e, 0x859d, 0x859e, 
	0x755d, 0x6d5e, 0x6d5e, 0x6d3e, 0x6d3e, 0x6d1e, 0x6d1d, 0x6d1e, 0x6d1e, 0x6d1e, 0x6d1e, 0x753e, 0x753e, 0x755e, 0x7d7f, 0x7d9e, 
	0x85be, 0x961f, 0x961f, 0x85be, 0x8dde, 0xa67f, 0xb6ff, 0xb6ff, 0xbeff, 0xbedf, 0xc6df, 0xceff, 0xd73f, 0xd73f, 0xd73e, 0xd71e, 
	0xb63c, 0xa5db, 0x9dbb, 0xae3d, 0xbedf, 0xc71f, 0xc71f, 0xc71f, 0xbeff, 0xb6bf, 0xae7f, 0xa67f, 0xa65e, 0x9e3d, 0x95fd, 0x8ddd, 
	0x85bd, 0x85de, 0x85de, 0x85fe, 0x85fe, 0x85fe, 0x85fe, 0x85de, 0x7dde, 0x7dde, 0x7dde, 0x7dde, 0x7dde, 0x7dff, 0x861f, 0x861f, 
	0x7dff, 0x7e1f, 0x7dfe, 0x75de, 0x75be, 0x75be, 0x7ddf, 0x75df, 0x75df, 0x75df, 0x75be, 0x6d9e, 0x6d9e, 0x75be, 0x75be, 0x6d7e, 
	0x75df, 0x7dff, 0x7e1f, 0x7e1f, 0x7e1f, 0x7dff, 0x75be, 0x6d9e, 0x75be, 0x6d9e, 0x759e, 0x75be, 0x75bf, 0x75df, 0x75bf, 0x75be, 
	0x75bf, 0x75bf, 0x75bf, 0x75be, 0x75bf, 0x75bf, 0x75bf, 0x75df, 0x7ddf, 0x7ddf, 0x7ddf, 0x7ddf, 0x7dbe, 0x7dbe, 0x7dbe, 0x7dbe, 
	0x7dbf, 0x7dbf, 0x7dbf, 0x7dbf, 0x7dbe, 0x7dbe, 0x7dbe, 0x7dbe, 0x85bf, 0x85be, 0x85be, 0x85be, 0x85be, 0x85be, 0x85be, 0x85be, 
	0x85be, 0x85de, 0x85de, 0x85be, 0x859e, 0x85be, 0x85be, 0x8dde, 0x963f, 0x9e5f, 0xa67f, 0xa67f, 0xa67f, 0xae7f, 0xae7f, 0xa65f, 
	0x9e5f, 0x9e7f, 0x963f, 0x8ddd, 0x95dd, 0xa67f, 0xb6bf, 0xb6bf, 0xbedf, 0xb6df, 0xb6bf, 0xa65f, 0x9e3f, 0x961f, 0x963f, 0x961f, 
	0xa65f, 0xa65f, 0xa65f, 0xa65f, 0x9e3f, 0x9e1f, 0x95fe, 0x95be, 0x95be, 0x95be, 0x959d, 0x9dbe, 0x9dff, 0xa5ff, 0xa5de, 0xa5dd, 
	0xae3c, 0xc6ff, 0xcf3f, 0xc6df, 0xc69f, 0xc67f, 0xb5df, 0xa55e, 0x7bd9, 0x7bd9, 0x7bb9, 0x4a53, 0x5ad5, 0x6b36, 0x7bb8, 0x9cdc, 
	0x94bc, 0x94fd, 0xa57f, 0xa59f, 0x951c, 0x7c59, 0x7439, 0x84bb, 0x9d5e, 0x9d7e, 0xa59f, 0xa5bf, 0xadff, 0xbe3f, 0xc69f, 0xcedf, 
	0xd6ff, 0xcedf, 0xd6ff, 0xdf1f, 0xd6ff, 0xce9e, 0xce9e, 0xcedf, 0xcebf, 0xcebf, 0xcebf, 0xcebf, 0xcedf, 0xd6ff, 0xd6ff, 0xd6ff, 
	0xc69f, 0xc69f, 0xbe7f, 0xbe5e, 0xbe3e, 0xbe5e, 0xbe5f, 0xbe5f, 0xbe5f, 0xbe5f, 0xb65f, 0xbe5f, 0xbe7f, 0xbe5f, 0xb63f, 0xb63e, 
	0xb65f, 0xb65e, 0xb63e, 0xbe5f, 0xbe3f, 0xb5ff, 0xad7d, 0xa51c, 0x83f8, 0x7b96, 0x7376, 0x7bb7, 0x7b97, 0x7355, 0x7355, 0x7b97, 
	0xb45a, 0xb459, 0xac79, 0xc57d, 0xcdff, 0xbdde, 0xc61e, 0xc63f, 0xce5f, 0xc5fe, 0xbddd, 0xc5fe, 0xcdfe, 0xc5de, 0xc5dd, 0xc5fd, 
	0xbdfd, 0xbdfd, 0xbddd, 0xbddd, 0xbddd, 0xbddd, 0xbdde, 0xbdde, 0xbdde, 0xbdde, 0xb5be, 0xb59d, 0xad9d, 0xad9d, 0xad9d, 0xad9e, 
	0xad7e, 0xa55e, 0xa53e, 0xad3e, 0xad1e, 0xad1d, 0xa4dc, 0x9c9b, 0x9cdc, 0x94fc, 0x9d5d, 0x9ddf, 0x9dff, 0x8dbe, 0x85be, 0x8dde, 
	0x9dfe, 0xa5fe, 0xa61e, 0xa61e, 0xa61e, 0xa61f, 0x9e1f, 0x9e1f, 0x95de, 0x95be, 0x8d9d, 0x8d9d, 0x8dbe, 0x8dbe, 0x8dbe, 0x859e, 
	0x7d9e, 0x755e, 0x755e, 0x753d, 0x6d1d, 0x6d3e, 0x6d3e, 0x64dd, 0x6d1e, 0x6d1e, 0x6d1e, 0x6d1d, 0x753e, 0x753e, 0x755e, 0x755e, 
	0x7d9d, 0x8dff, 0x963f, 0x8dff, 0x8dde, 0x961f, 0xa67f, 0xaebf, 0xb6bf, 0xbedf, 0xc6ff, 0xc6ff, 0xd73f, 0xe7bf, 0xe7bf, 0xdf5f, 
	0xceff, 0xc6df, 0xbe7d, 0xae1c, 0xb65d, 0xc6ff, 0xcf3f, 0xcf1f, 0xcf5f, 0xc71f, 0xbedf, 0xb6bf, 0xae9f, 0xa65e, 0xa63d, 0x9e3d, 
	0x8dfe, 0x85de, 0x7ddd, 0x85fe, 0x861f, 0x85de, 0x7dde, 0x85fe, 0x85ff, 0x7dff, 0x7dde, 0x75be, 0x75be, 0x7ddf, 0x861f, 0x863f, 
	0x863f, 0x861f, 0x7dff, 0x7dde, 0x7dde, 0x7dde, 0x75df, 0x75df, 0x75df, 0x75bf, 0x75be, 0x75be, 0x75be, 0x6dbe, 0x6d9e, 0x6d9e, 
	0x75bf, 0x75df, 0x7dff, 0x7dff, 0x75df, 0x75be, 0x6d9e, 0x6d9e, 0x6d9e, 0x6d9e, 0x6d9e, 0x6d9e, 0x6d9e, 0x6d9e, 0x6d9e, 0x6d9e, 
	0x6dbf, 0x6dbf, 0x75bf, 0x75bf, 0x75bf, 0x75bf, 0x75df, 0x75bf, 0x75df, 0x7ddf, 0x7ddf, 0x7ddf, 0x7dbf, 0x7dbe, 0x7dbe, 0x7dbe, 
	0x7dbf, 0x7dbf, 0x7dbf, 0x7dbf, 0x7dbf, 0x7dbf, 0x7dbf, 0x7dbe, 0x85bf, 0x85bf, 0x85bf, 0x85be, 0x85be, 0x85be, 0x85be, 0x85be, 
	0x7d9e, 0x85be, 0x85be, 0x85be, 0x85be, 0x85be, 0x8dde, 0x95fe, 0x9e3f, 0xa65f, 0xa67f, 0xae5e, 0xae7e, 0xb69f, 0xbe9f, 0xb69f, 
	0xa69f, 0x9e7f, 0x9e3f, 0x95fd, 0x9e1d, 0xae9f, 0xbedf, 0xbedf, 0xbedf, 0xc6ff, 0xbeff, 0xae7f, 0x9e1e, 0x9e1e, 0x9e3f, 0x9e3f, 
	0x9e3e, 0xa63e, 0xa65f, 0xae7f, 0xa65f, 0xa63f, 0x9dfe, 0x95de, 0x95be, 0x9dff, 0x9dfe, 0x9dde, 0xa61f, 0xa61f, 0xa5fe, 0xae1e, 
	0xae5d, 0xb65d, 0xae3d, 0xa5dc, 0xa59d, 0x9d5d, 0x94dc, 0x843b, 0x7bda, 0x6338, 0x5275, 0x4a55, 0x5295, 0x5ad6, 0x5ad6, 0x5ad6, 
	0x4254, 0x6378, 0x6bb9, 0x6398, 0x6bb8, 0x743a, 0x8cdc, 0xa59f, 0x9d7f, 0x9d7f, 0x9d7f, 0xa5bf, 0xadff, 0xb63f, 0xbe5f, 0xbe7f, 
	0xcedf, 0xcedf, 0xcedf, 0xcebf, 0xce9e, 0xce9e, 0xcebf, 0xd6df, 0xcebf, 0xcebf, 0xcebf, 0xcedf, 0xd6df, 0xd6df, 0xcedf, 0xcedf, 
	0xc67f, 0xbe7f, 0xbe5f, 0xbe5e, 0xbe3e, 0xb63e, 0xb65e, 0xb65e, 0xb63e, 0xb63e, 0xb61e, 0xb61e, 0xb63e, 0xb63e, 0xb63e, 0xb63e, 
	0xb65f, 0xbe7f, 0xbe5f, 0xb5fe, 0xb61f, 0xb5df, 0x9cdb, 0x7397, 0x7376, 0x7b97, 0x7b77, 0x7356, 0x7356, 0x7b77, 0x7b97, 0x7b76, 
	0xbc5a, 0xbc7a, 0xac59, 0xbcfb, 0xbd7d, 0xbd7d, 0xbdde, 0xbd9d, 0xc5fe, 0xc5fe, 0xce1e, 0xd61f, 0xce1e, 0xc5dd, 0xc5bd, 0xbdbd, 
	0xc5fd, 0xbddd, 0xbddd, 0xbddd, 0xbddd, 0xbdbd, 0xbddd, 0xbdde, 0xbdde, 0xbdbe, 0xb5bd, 0xb59d, 0xad9d, 0xad9d, 0xad9d, 0xad9e, 
	0xa59e, 0xa59e, 0xa57e, 0xa57e, 0xa55e, 0xa53e, 0xa51d, 0x9cfc, 0x9cfc, 0x94fc, 0x8d1c, 0x955d, 0x8d7e, 0x857d, 0x857d, 0x859e, 
	0x9dde, 0x9dde, 0x9dfe, 0x9dfe, 0x9dfe, 0x9dfe, 0x9dfe, 0x9dfe, 0x95de, 0x8dbe, 0x8d9d, 0x859d, 0x859d, 0x859d, 0x857d, 0x857d, 
	0x755d, 0x755d, 0x753d, 0x753d, 0x6d3d, 0x755e, 0x755e, 0x6d1d, 0x6d1e, 0x6d1e, 0x6d1d, 0x6d1d, 0x753d, 0x753e, 0x755e, 0x755e, 
	0x7d7d, 0x85de, 0x8dff, 0x859e, 0x7d5d, 0x859d, 0x8dbe, 0x95dd, 0xa65f, 0xb69f, 0xbedf, 0xc71f, 0xd73f, 0xdf7f, 0xdf9f, 0xdf5f, 
	0xd75f, 0xd73f, 0xceff, 0xc6df, 0xceff, 0xd75f, 0xd75f, 0xcf3f, 0xb67e, 0xb67e, 0xb6bf, 0xc71f, 0xc71f, 0xbeff, 0xb6bf, 0xa67e, 
	0x8e1e, 0x7ddd, 0x7dbd, 0x85de, 0x85fe, 0x85fe, 0x85fe, 0x861f, 0x7dfe, 0x7dde, 0x7dde, 0x75be, 0x75be, 0x7dde, 0x7dff, 0x7e1f, 
	0x7e1f, 0x7e1f, 0x7e1f, 0x7dff, 0x7ddf, 0x75de, 0x75de, 0x75df, 0x75df, 0x75bf, 0x75bf, 0x75bf, 0x75bf, 0x6dbf, 0x6d9f, 0x6d9e, 
	0x6dbe, 0x75df, 0x75df, 0x75ff, 0x75df, 0x75bf, 0x6d9e, 0x6d9e, 0x6d9e, 0x6d9e, 0x6d9e, 0x6d9e, 0x6dbf, 0x6dbf, 0x6d9e, 0x6dbe, 
	0x6dbf, 0x6dbf, 0x6dbf, 0x75bf, 0x75bf, 0x75bf, 0x75bf, 0x75df, 0x75df, 0x7ddf, 0x7ddf, 0x7ddf, 0x7dbf, 0x7dbe, 0x7dbe, 0x7dbe, 
	0x7dbf, 0x7dbf, 0x7dbf, 0x7dbf, 0x7dbf, 0x7dbf, 0x7dbf, 0x7dbf, 0x85bf, 0x85bf, 0x85be, 0x85be, 0x85be, 0x85be, 0x85be, 0x85bf, 
	0x85be, 0x85df, 0x85df, 0x85de, 0x85be, 0x85de, 0x8dfe, 0x961e, 0xa67f, 0xae7f, 0xae7f, 0xae5e, 0xb65e, 0xb67e, 0xbe9e, 0xb69f, 
	0xaebf, 0xa69f, 0x9e5f, 0x95fd, 0x9e1d, 0xae7f, 0xbedf, 0xbebf, 0xbebf, 0xbedf, 0xbebf, 0xae5e, 0x9e1d, 0x9e3e, 0x9e3f, 0x9e1e, 
	0xa63e, 0xa65f, 0xa65f, 0xa65f, 0xa65f, 0xa63f, 0x9e1e, 0x9dfe, 0x9dfe, 0xa61f, 0x9dfe, 0x9dde, 0x9dde, 0x9dde, 0xa5de, 0xae1e, 
	0xae5e, 0xae3e, 0xa5fd, 0x9d7c, 0x951c, 0x8cbc, 0x843b, 0x73ba, 0x6b59, 0x5ad7, 0x4a55, 0x4a35, 0x4a55, 0x4a75, 0x4a75, 0x4a75, 
	0x4214, 0x4234, 0x4ab5, 0x73da, 0x9d3e, 0xa57f, 0x9d5f, 0x9d5f, 0x9d5f, 0xa5bf, 0xaddf, 0xa5bf, 0x9d5d, 0x9d5c, 0xadfe, 0xbe7f, 
	0xc67e, 0xc69e, 0xcebe, 0xce9e, 0xc69e, 0xc69e, 0xcebf, 0xcedf, 0xcebf, 0xce9f, 0xce9f, 0xcebf, 0xcebf, 0xcebf, 0xcedf, 0xcebf, 
	0xc67f, 0xbe7f, 0xbe5f, 0xbe5f, 0xb65e, 0xb63e, 0xb65e, 0xb65e, 0xb63e, 0xb63e, 0xb63e, 0xb63e, 0xb63e, 0xb63e, 0xb63e, 0xb61e, 
	0xbe5f, 0xadfe, 0xbe3f, 0xcebf, 0xbe1f, 0x8c79, 0x7397, 0x7bd8, 0x7377, 0x7b77, 0x7b98, 0x83b8, 0x83b8, 0x7b97, 0x7356, 0x7356, 
	0xb439, 0xbc7a, 0xac39, 0xac7a, 0xb4fb, 0xbd5c, 0xcdde, 0xc5bd, 0xbd9d, 0xc5dd, 0xcdfe, 0xce1e, 0xd61f, 0xd61f, 0xcdfe, 0xc5dd, 
	0xc5dd, 0xc5dd, 0xc5dd, 0xc5dd, 0xbdbd, 0xbdbd, 0xbddd, 0xbddd, 0xbdbd, 0xbdbd, 0xb5bd, 0xb59d, 0xad9d, 0xad9d, 0xad9d, 0xadbe, 
	0xa5be, 0x9d9e, 0x9d9e, 0x9d7e, 0xa57e, 0xa55d, 0x9d3d, 0x9d1c, 0x9d1d, 0x94fc, 0x8cfc, 0x8d3d, 0x853d, 0x7d1c, 0x7d3c, 0x7d5d, 
	0x8dbe, 0x95be, 0x95de, 0x9dff, 0x9dff, 0x9dff, 0x9dff, 0x95ff, 0x9e1f, 0x95ff, 0x95df, 0x8dbe, 0x8dbe, 0x859e, 0x857d, 0x857d, 
	0x7d7d, 0x755c, 0x755d, 0x7d5d, 0x755d, 0x7d7e, 0x7d7e, 0x753d, 0x6d1d, 0x6d1d, 0x6d1d, 0x6d1d, 0x6d1d, 0x6d3d, 0x753e, 0x753d, 
	0x755d, 0x7d7d, 0x7d7e, 0x755d, 0x753c, 0x7d5d, 0x859d, 0x859d, 0x95dd, 0x9e1e, 0xb69f, 0xc6ff, 0xcf3f, 0xd73f, 0xd75f, 0xd75f, 
	0xd71f, 0xdf5f, 0xdf7f, 0xdf7f, 0xd75f, 0xd73f, 0xc6df, 0xb67e, 0xa5fc, 0xae3d, 0xb6bf, 0xcf5f, 0xd79f, 0xcf7f, 0xc73f, 0xb71f, 
	0x9e9f, 0x8e3f, 0x85fe, 0x85fe, 0x85fe, 0x85ff, 0x85ff, 0x861f, 0x7dfe, 0x7dfe, 0x7dde, 0x75be, 0x75be, 0x75de, 0x7dde, 0x7ddf, 
	0x75de, 0x7dff, 0x7e1f, 0x7dff, 0x75df, 0x75be, 0x75be, 0x75df, 0x75bf, 0x75bf, 0x6dbf, 0x6dbf, 0x6dbf, 0x6dbf, 0x6d9f, 0x6d9e, 
	0x6d9e, 0x75bf, 0x75df, 0x75ff, 0x75df, 0x75bf, 0x6d9e, 0x6d9e, 0x6d9e, 0x6dbe, 0x6dbf, 0x6dbf, 0x6dbf, 0x6dbf, 0x6dbf, 0x6dbf, 
	0x6dbf, 0x6dbf, 0x6dbf, 0x6dbf, 0x75bf, 0x75bf, 0x75bf, 0x75bf, 0x75df, 0x75df, 0x7ddf, 0x7ddf, 0x7ddf, 0x75be, 0x75be, 0x7dbf, 
	0x7dbf, 0x7dbf, 0x7dbf, 0x7dbf, 0x7dbf, 0x7dbf, 0x7dbf, 0x7dbf, 0x7dbf, 0x7dbe, 0x85be, 0x85be, 0x85be, 0x85bf, 0x85be, 0x85df, 
	0x85df, 0x85ff, 0x85ff, 0x85df, 0x85de, 0x8dde, 0x8dfe, 0x961e, 0xa67f, 0xae7f, 0xae7f, 0xae5e, 0xb67e, 0xbe9e, 0xc69e, 0xbe9f, 
	0xaebf, 0xa6bf, 0x9e5f, 0x95fd, 0x9e1d, 0xae7f, 0xb6bf, 0xbedf, 0xbedf, 0xbedf, 0xb69f, 0xa63e, 0xa61d, 0xa63e, 0x9e3e, 0x9e1e, 
	0xa65f, 0xa65f, 0xa65f, 0xa65f, 0xa63e, 0x9e1e, 0x9e1e, 0x9dfe, 0x9e1e, 0xa61e, 0xa61f, 0xa61f, 0x9dde, 0x9dbd, 0x9dbd, 0xa61e, 
	0xae3f, 0xae1f, 0xa5be, 0x953d, 0x849b, 0x73f9, 0x6b78, 0x6318, 0x5296, 0x4a55, 0x4215, 0x4215, 0x4215, 0x4235, 0x4214, 0x4214, 
	0x4235, 0x4234, 0x6318, 0x8c9d, 0xad7f, 0xadbf, 0xa59f, 0x9d3f, 0x9d3f, 0x8cfe, 0x849c, 0x7c7b, 0x849a, 0x951b, 0xa59d, 0xadfd, 
	0xb63d, 0xbe5d, 0xc67e, 0xc69e, 0xc69e, 0xc69e, 0xce9f, 0xcebf, 0xcebf, 0xce9f, 0xc67f, 0xc65e, 0xc67e, 0xc69f, 0xc69f, 0xc6bf, 
	0xbe7f, 0xbe5f, 0xbe5f, 0xb63e, 0xb63e, 0xb63e, 0xb63e, 0xb63e, 0xb63e, 0xb61e, 0xb61e, 0xb61e, 0xb61e, 0xb61e, 0xb61e, 0xb61e, 
	0xbe7f, 0xbe5f, 0xbe3f, 0xbe1f, 0xad7d, 0x949a, 0x7bd8, 0x7397, 0x8c3a, 0x83d8, 0x7b97, 0x7b97, 0x7b97, 0x7b97, 0x7bb7, 0x8c19, 
	0xb3f9, 0xbc7a, 0xb47a, 0xb49a, 0xb4ba, 0xb4fb, 0xcdbe, 0xcdde, 0xcdbd, 0xcdbd, 0xc5bd, 0xc5bd, 0xcdfe, 0xd65f, 0xd65f, 0xc5fd, 
	0xc5dd, 0xc5dd, 0xc5dd, 0xc5dd, 0xc5bd, 0xbdbd, 0xbdbd, 0xbdbd, 0xbdbd, 0xb5bd, 0xb59d, 0xb59d, 0xb59d, 0xad9d, 0xb59d, 0xadbe, 
	0xa5be, 0x9dbe, 0x9d9e, 0x9d9e, 0x9d7d, 0xa57d, 0x9d5d, 0x9d5d, 0x9d3d, 0x951c, 0x8d3c, 0x8d3d, 0x853d, 0x7d1c, 0x751c, 0x751c, 
	0x857d, 0x8d7d, 0x8dbe, 0x95df, 0x95ff, 0x95ff, 0x95ff, 0x95ff, 0x9e3f, 0x9e1f, 0x961f, 0x95ff, 0x95ff, 0x8ddf, 0x859e, 0x857d, 
	0x859d, 0x7d7d, 0x859d, 0x859e, 0x7d7e, 0x859e, 0x7d9e, 0x753d, 0x751d, 0x6d1d, 0x6d1d, 0x6d1d, 0x6d1d, 0x6d3d, 0x6d3d, 0x6d3d, 
	0x6d3d, 0x755d, 0x755d, 0x753d, 0x755d, 0x7d7e, 0x859e, 0x859d, 0x857c, 0x8dbd, 0x9e1d, 0xb69f, 0xbedf, 0xc6ff, 0xc71f, 0xcf1f, 
	0xcf1f, 0xd75f, 0xd75f, 0xcf1f, 0xc6df, 0xb67e, 0xae1d, 0x9ddc, 0xa61d, 0xa63d, 0xae9e, 0xbeff, 0xc75f, 0xc75f, 0xbf1f, 0xb71f, 
	0xa6bf, 0x965f, 0x85fe, 0x85fe, 0x861f, 0x861f, 0x861f, 0x861f, 0x861f, 0x7dff, 0x7dde, 0x7dde, 0x75de, 0x75de, 0x75de, 0x75de, 
	0x75be, 0x75de, 0x7dff, 0x75df, 0x75de, 0x75be, 0x75be, 0x75bf, 0x75bf, 0x6dbf, 0x6dbf, 0x6dbf, 0x6dbf, 0x6dbf, 0x6d9f, 0x6d9e, 
	0x6dbf, 0x75bf, 0x75df, 0x75ff, 0x75ff, 0x75df, 0x6dbf, 0x6dbf, 0x6dbf, 0x6dbf, 0x6dbf, 0x6dbf, 0x6dbf, 0x6dbf, 0x6dbf, 0x6dbf, 
	0x6dbf, 0x6dbf, 0x6dbf, 0x6dbf, 0x6dbf, 0x75bf, 0x75bf, 0x75bf, 0x75bf, 0x75bf, 0x75df, 0x75df, 0x75bf, 0x75be, 0x75be, 0x7dbf, 
	0x7dbf, 0x7dbf, 0x7dbf, 0x7dbf, 0x7dbf, 0x7dbf, 0x7dbf, 0x7dbf, 0x7dbf, 0x7dbf, 0x7dbe, 0x7dbe, 0x85be, 0x85bf, 0x85be, 0x85df, 
	0x85ff, 0x85ff, 0x85ff, 0x85ff, 0x85fe, 0x8dfe, 0x8e1e, 0x961e, 0x9e5f, 0xa67f, 0xae7f, 0xae7e, 0xb67f, 0xbe9f, 0xc6bf, 0xbebf, 
	0xaebf, 0xa69f, 0x9e3e, 0x95fd, 0x9e1d, 0xae7f, 0xb6df, 0xbedf, 0xbeff, 0xbedf, 0xb69f, 0xa63e, 0xa63e, 0xa63e, 0x9e1e, 0x9dfd, 
	0xa63e, 0xa63e, 0xa63e, 0xa63e, 0x9e3e, 0x9e1e, 0x9e1e, 0x9e1e, 0x9dfe, 0x9dfe, 0xa63f, 0xae5f, 0xa61e, 0x9dbd, 0x9dbd, 0xa5de, 
	0x9ddf, 0x9d9e, 0x951d, 0x847b, 0x6bb9, 0x5af6, 0x4a75, 0x4a34, 0x4214, 0x41f4, 0x41d4, 0x41f4, 0x4215, 0x4215, 0x4215, 0x4215, 
	0x4215, 0x4a15, 0x5296, 0x5ad6, 0x5b17, 0x7c3b, 0x9d3f, 0xa55f, 0x7c3b, 0x6bb9, 0x5b77, 0x63b8, 0x849a, 0x955d, 0xa59d, 0xa59c, 
	0xb61d, 0xb63d, 0xbe7e, 0xc69e, 0xc69f, 0xc69f, 0xc69f, 0xc69f, 0xce9f, 0xc67f, 0xbe3e, 0xb61e, 0xb63e, 0xbe5e, 0xbe7f, 0xbe7f, 
	0xbe3f, 0xbe3f, 0xb63e, 0xb63e, 0xb63e, 0xb63e, 0xb63e, 0xb63e, 0xb63e, 0xae1e, 0xae1e, 0xadfd, 0xb61e, 0xb61e, 0xb61e, 0xb61e, 
	0xbe5f, 0xb61f, 0xbe3f, 0xc67f, 0xb5be, 0x8c59, 0x7bb7, 0x83f8, 0x83d8, 0x83d8, 0x83d8, 0x83f8, 0x83d8, 0x83d7, 0x7bd7, 0x7bd7, 
	0xb3f8, 0xc47b, 0xc4dc, 0xcd3d, 0xbcfb, 0xac99, 0xb4fb, 0xbd3c, 0xcdbd, 0xd5de, 0xcdbe, 0xcdbd, 0xcddd, 0xce1e, 0xce1e, 0xc5fd, 
	0xc5dd, 0xc5dd, 0xc5dd, 0xc5dd, 0xc5bd, 0xbdbd, 0xbdbd, 0xbdbd, 0xbdbd, 0xb5bd, 0xb59d, 0xb5bd, 0xb59d, 0xb59d, 0xb59d, 0xadbe, 
	0xadde, 0xadbe, 0xa5be, 0xa59e, 0xa59e, 0xa59e, 0xa59d, 0xa59e, 0x9d7d, 0x9d5d, 0x955d, 0x8d5d, 0x8d5d, 0x853d, 0x7d1d, 0x7d1c, 
	0x7d3d, 0x7d3d, 0x855d, 0x859e, 0x8d9e, 0x8dbf, 0x8dbf, 0x8dbf, 0x8ddf, 0x8dbe, 0x8dbe, 0x8dbe, 0x95ff, 0x95ff, 0x8dbe, 0x859d, 
	0x859d, 0x859d, 0x85bd, 0x8dde, 0x85be, 0x85be, 0x857e, 0x751d, 0x751d, 0x751d, 0x6d1d, 0x753d, 0x6d3e, 0x6d3d, 0x6d3d, 0x6d3d, 
	0x753e, 0x753d, 0x6d3d, 0x6d3d, 0x753d, 0x755e, 0x755d, 0x7d5d, 0x7d5d, 0x7d5c, 0x857c, 0x9dfd, 0xae7f, 0xb6bf, 0xbedf, 0xbeff, 
	0xcf5f, 0xcf1f, 0xbebf, 0xae3d, 0xa5fc, 0x9ddc, 0x9dfc, 0x9e1d, 0x9e1d, 0x9dfd, 0x9e1d, 0xa65e, 0xa67f, 0xa67f, 0xa67e, 0x9e7f, 
	0x8e3e, 0x85fe, 0x7dbd, 0x7ddd, 0x85fe, 0x861f, 0x861f, 0x861f, 0x861f, 0x7dff, 0x7dde, 0x7dde, 0x75de, 0x75de, 0x75be, 0x75be, 
	0x75be, 0x75be, 0x75be, 0x75be, 0x75be, 0x75be, 0x75be, 0x75be, 0x75bf, 0x6dbf, 0x6d9e, 0x6dbf, 0x6dbf, 0x6dbf, 0x6dbf, 0x6d9e, 
	0x6dbf, 0x75bf, 0x75df, 0x75df, 0x75df, 0x75df, 0x6dbf, 0x6dbf, 0x6dbf, 0x6dbf, 0x6dbf, 0x6dbf, 0x6dbf, 0x6dbf, 0x6dbf, 0x6dbf, 
	0x6dbf, 0x6dbe, 0x6dbf, 0x6dbf, 0x6dbf, 0x6dbf, 0x75bf, 0x75bf, 0x75bf, 0x75bf, 0x75df, 0x75df, 0x75bf, 0x75bf, 0x75bf, 0x7dbf, 
	0x7dbf, 0x7dbf, 0x7dbf, 0x7dbf, 0x7dbf, 0x7dbf, 0x7dbf, 0x7dbf, 0x7dbf, 0x7dbe, 0x7dbe, 0x7dbe, 0x7dbe, 0x85be, 0x85bf, 0x85bf, 
	0x85df, 0x8dff, 0x85ff, 0x85ff, 0x85fe, 0x8dfe, 0x8dfe, 0x8dfe, 0x9e3e, 0x9e5f, 0xa67f, 0xae7f, 0xae7f, 0xb69f, 0xb69f, 0xb69f, 
	0xa67f, 0x9e5f, 0x961e, 0x95dd, 0x95fd, 0x9e5e, 0xae9f, 0xaebf, 0xb6df, 0xaebf, 0xa67f, 0x9e3e, 0x9e1e, 0x9e3e, 0x9e3e, 0x9e1d, 
	0x9e1e, 0x9e1e, 0x9e3e, 0x9e3e, 0x9e3e, 0x9e1e, 0x9e1e, 0x9dfe, 0xa61e, 0x9dfe, 0xa63f, 0xae5f, 0xa5fe, 0x9dde, 0xa5fe, 0xa5df, 
	0xa5df, 0x955f, 0x7c5c, 0x6378, 0x52b6, 0x4a54, 0x4a34, 0x4a14, 0x41f4, 0x41d3, 0x41d3, 0x41d4, 0x41f4, 0x41f4, 0x41f4, 0x4a15, 
	0x49f5, 0x41d4, 0x41d3, 0x39d3, 0x39d2, 0x52d6, 0x6b99, 0x6b98, 0x5316, 0x5b78, 0x73fa, 0x849b, 0x951d, 0x9d7d, 0xa5bd, 0xa5dd, 
	0xb63e, 0xb65e, 0xbe7e, 0xc69f, 0xc69f, 0xc69f, 0xc67f, 0xc67f, 0xc67f, 0xbe5f, 0xb61e, 0xadfd, 0xadfd, 0xb61e, 0xb63f, 0xbe5f, 
	0xb61e, 0xb61e, 0xb61e, 0xb61e, 0xb61e, 0xb61e, 0xae1e, 0xae1e, 0xb63e, 0xb63e, 0xae1e, 0xae1e, 0xb61e, 0xbe3e, 0xbe5f, 0xbe5f, 
	0xbe5f, 0xc67f, 0xc65f, 0xad9d, 0x8c79, 0x7bf7, 0x8418, 0x8c5a, 0x7396, 0x7bd7, 0x7bd7, 0x7bb6, 0x7bd6, 0x8c58, 0x9479, 0x8c58, 
	0xabd8, 0xbc7a, 0xccfc, 0xdd9e, 0xcd7d, 0xb4ba, 0xb4ba, 0xb4ba, 0xbcda, 0xc55c, 0xd5be, 0xd5de, 0xc5bd, 0xc5bd, 0xc5fd, 0xc61e, 
	0xc5dd, 0xc5dd, 0xc5dd, 0xc5dd, 0xc5dd, 0xbdbd, 0xbdbd, 0xbdbd, 0xb5bd, 0xb5bd, 0xb5bd, 0xb5bd, 0xb5bd, 0xb59d, 0xad9d, 0xad9e, 
	0xadbe, 0xad9e, 0xad9e, 0xad9e, 0xad7d, 0xad7d, 0xad7d, 0xa59d, 0xa59e, 0x9d7e, 0x955d, 0x8d3d, 0x8d3d, 0x853d, 0x853d, 0x7d1d, 
	0x751d, 0x751d, 0x751d, 0x7d3d, 0x7d3d, 0x7d3d, 0x7d3d, 0x7d3d, 0x7d3d, 0x753d, 0x753c, 0x7d7d, 0x8dbe, 0x8ddf, 0x8ddf, 0x8dde, 
	0x859d, 0x859c, 0x8dbd, 0x8dde, 0x8dbe, 0x85be, 0x859e, 0x751d, 0x751d, 0x751d, 0x753d, 0x753e, 0x753e, 0x6d3e, 0x6d3e, 0x6d3d, 
	0x6d3e, 0x6d3e, 0x6d3d, 0x6d3d, 0x6d3e, 0x755e, 0x755e, 0x755d, 0x7d5d, 0x753c, 0x7d3b, 0x859c, 0x9e1e, 0xae9f, 0xb6bf, 0xb6bf, 
	0xb6bf, 0xb69f, 0xae7e, 0xa61d, 0x9dfc, 0x9dfd, 0x9dfd, 0x9e1d, 0x95fd, 0x8ddd, 0x8ddd, 0x95fd, 0x961d, 0x8dfd, 0x8dfd, 0x85dd, 
	0x85dd, 0x7ddd, 0x7dbd, 0x7dbd, 0x7dde, 0x85fe, 0x85fe, 0x85ff, 0x7e1f, 0x7dfe, 0x7dde, 0x75be, 0x75de, 0x75de, 0x75be, 0x75be, 
	0x75be, 0x75be, 0x6dbe, 0x6dbe, 0x75be, 0x75be, 0x75be, 0x6dbe, 0x6dbf, 0x6dbf, 0x6dbf, 0x6dbf, 0x6dbf, 0x6dbf, 0x6dbf, 0x6d9f, 
	0x6dbf, 0x6dbe, 0x6dbe, 0x6dbe, 0x6dbf, 0x6dbf, 0x6dbf, 0x6d9e, 0x6d9f, 0x6dbf, 0x6dbf, 0x6dbf, 0x6dbf, 0x6dbf, 0x6dbf, 0x6dbf, 
	0x6d9f, 0x6dbf, 0x6dbf, 0x6dbf, 0x6dbf, 0x6dbf, 0x6dbf, 0x75bf, 0x75bf, 0x75bf, 0x75bf, 0x75bf, 0x75bf, 0x75be, 0x75bf, 0x7dbf, 
	0x7dbf, 0x7dbf, 0x7dbf, 0x7dbf, 0x7dbf, 0x7dbf, 0x7dbf, 0x7dbf, 0x7dbe, 0x7dbe, 0x7dbe, 0x7dbe, 0x7dbe, 0x85be, 0x85bf, 0x85bf, 
	0x8ddf, 0x8ddf, 0x85de, 0x85de, 0x85de, 0x85de, 0x8dfe, 0x8dfe, 0x961e, 0x963f, 0x9e5f, 0x9e5f, 0xa65f, 0xa65f, 0xa65f, 0xa63f, 
	0x9e5f, 0x961e, 0x8ddd, 0x8dbd, 0x8ddd, 0x95fe, 0x961e, 0x963f, 0x9e5f, 0x9e3f, 0x961e, 0x961e, 0x961e, 0x9e1e, 0x9e1e, 0x9e1e, 
	0x9e1e, 0x9e1e, 0x9e3e, 0x9e3e, 0x9e3e, 0x9e3e, 0x9e1e, 0x9e1e, 0xae5f, 0x9dfe, 0xa61e, 0xa63f, 0x9dde, 0xa5fe, 0xa61f, 0x9d9e, 
	0x9d5f, 0x849e, 0x6379, 0x4255, 0x39f3, 0x4214, 0x4a34, 0x4a14, 0x49f4, 0x49d3, 0x41d3, 0x41d3, 0x41d4, 0x41d4, 0x41d4, 0x49f5, 
	0x4a15, 0x49d4, 0x49f4, 0x4a35, 0x4213, 0x39f2, 0x4233, 0x4274, 0x6b99, 0x7c3b, 0x8cdd, 0x953e, 0x955d, 0x9d7d, 0xa5de, 0xb63f, 
	0xb65e, 0xbe7e, 0xbe9f, 0xc69f, 0xc69f, 0xc69f, 0xc67f, 0xc65f, 0xbe5f, 0xbe1e, 0xb5fe, 0xaddd, 0xadde, 0xadfe, 0xae1e, 0xb61f, 
	0xb5fe, 0xb5fe, 0xb61e, 0xb61e, 0xae1e, 0xae1e, 0xae1e, 0xae1e, 0xb65e, 0xb63e, 0xb63e, 0xb63e, 0xbe5f, 0xbe5f, 0xc67f, 0xc69f, 
	0xc69f, 0xc67f, 0xa55b, 0x8437, 0x8c99, 0xad7d, 0xa51b, 0x73b6, 0x7bd7, 0x8438, 0x8417, 0x73b6, 0x8437, 0xad5b, 0xbe1e, 0xbe1d, 
	0xabd8, 0xbc3a, 0xbc7a, 0xcd3d, 0xd59e, 0xd57d, 0xcd3c, 0xb4ba, 0xac38, 0xb4ba, 0xc53c, 0xcdbd, 0xcddd, 0xc5dd, 0xc5fd, 0xc63e, 
	0xc5dd, 0xc5dd, 0xc5dd, 0xc5dd, 0xc5dd, 0xbdbd, 0xbdbd, 0xb5bd, 0xb5bd, 0xb5bd, 0xb5bd, 0xb5be, 0xb5be, 0xb59e, 0xad9d, 0xad9d, 
	0xb57d, 0xb57d, 0xb57d, 0xb55d, 0xad5d, 0xad5d, 0xa55d, 0xa55d, 0xadbe, 0xa59e, 0x9d7e, 0x955d, 0x8d5e, 0x8d5e, 0x853e, 0x7d3e, 
	0x751d, 0x751d, 0x751d, 0x751d, 0x751d, 0x751d, 0x751c, 0x751c, 0x6cfc, 0x74fc, 0x751c, 0x753c, 0x7d5d, 0x85be, 0x95ff, 0x9e3f, 
	0x95fe, 0x95dd, 0x95dd, 0x95de, 0x8d9d, 0x8dbe, 0x859e, 0x7d3d, 0x751d, 0x751d, 0x753d, 0x753e, 0x753e, 0x753e, 0x6d3e, 0x6d3e, 
	0x6d3e, 0x6d3e, 0x6d3e, 0x6d3e, 0x6d5e, 0x755e, 0x757e, 0x757e, 0x755d, 0x755d, 0x753c, 0x7d5b, 0x8dbd, 0xa65f, 0xaebf, 0xae9f, 
	0xa63d, 0xa65d, 0xa67e, 0xae7f, 0xa67f, 0xa65f, 0x9e1e, 0x961e, 0x961e, 0x8dfd, 0x8dfd, 0x8dfe, 0x8e1e, 0x8dfd, 0x85dd, 0x85dd, 
	0x85fe, 0x85fe, 0x85fe, 0x85fe, 0x7dde, 0x85fe, 0x85ff, 0x861f, 0x861f, 0x7dfe, 0x75de, 0x75be, 0x75de, 0x75de, 0x75de, 0x75be, 
	0x75be, 0x75be, 0x75de, 0x75df, 0x75df, 0x75be, 0x6dbe, 0x6dbf, 0x6dbf, 0x6dbf, 0x6d9e, 0x6dbf, 0x6dbf, 0x6dbf, 0x6dbf, 0x6d9f, 
	0x6dbf, 0x6dbe, 0x6d9e, 0x6d9e, 0x6d9e, 0x6dbf, 0x6d9f, 0x6d9e, 0x6d9e, 0x6dbf, 0x6dbf, 0x6dbf, 0x6dbf, 0x6dbf, 0x65bf, 0x6dbf, 
	0x6d9f, 0x6d9e, 0x6d9e, 0x6dbe, 0x6dbf, 0x6dbf, 0x6dbe, 0x6dbf, 0x6dbe, 0x75be, 0x75bf, 0x75bf, 0x75bf, 0x75be, 0x75bf, 0x75bf, 
	0x7dbf, 0x7dbf, 0x7dbf, 0x7dbf, 0x7dbf, 0x7dbf, 0x7dbf, 0x7dbe, 0x7d9e, 0x7d9e, 0x7dbe, 0x7dbe, 0x7dbe, 0x7dbe, 0x85df, 0x85bf, 
	0x8ddf, 0x8dde, 0x8dde, 0x8dde, 0x8dde, 0x85de, 0x85fe, 0x85de, 0x8dfe, 0x8dfe, 0x8e1f, 0x8dfe, 0x8dff, 0x961f, 0x961f, 0x95ff, 
	0x961f, 0x8dfe, 0x8dbd, 0x85bd, 0x85bd, 0x85de, 0x8dfe, 0x8dfe, 0x8e1e, 0x8dfe, 0x8dfe, 0x8dfe, 0x961e, 0x961e, 0x963e, 0x9e3e, 
	0x9e1e, 0x9e1e, 0x9e1e, 0x9e1e, 0x9e3e, 0xa63e, 0xa63f, 0xa65f, 0xae7f, 0x9e1e, 0xa61e, 0xa61f, 0x9dde, 0xa61f, 0xa61f, 0x851c, 
	0x63b9, 0x6359, 0x52b7, 0x4214, 0x4a14, 0x5a76, 0x5235, 0x41b2, 0x51f3, 0x49d3, 0x49d3, 0x49d3, 0x49f4, 0x49d3, 0x41d3, 0x49d4, 
	0x49f5, 0x49f5, 0x49d4, 0x41d3, 0x41d2, 0x4213, 0x5af6, 0x7c1b, 0x8cbd, 0x8cdd, 0x8cfd, 0x953e, 0x9d7e, 0xa5bf, 0xadff, 0xb63f, 
	0xb67f, 0xbe7f, 0xbe7f, 0xbe7f, 0xbe7f, 0xbe7f, 0xbe5f, 0xbe5f, 0xbe1f, 0xb61e, 0xadfe, 0xadde, 0xadde, 0xadfe, 0xadff, 0xadfe, 
	0xadfe, 0xb5fe, 0xb61e, 0xb61e, 0xae1e, 0xae1e, 0xae1e, 0xae1e, 0xae3e, 0xb63e, 0xb63e, 0xb65f, 0xbe7f, 0xc67f, 0xc67f, 0xc67f, 
	0xc69f, 0xa55a, 0x94d8, 0xb5bc, 0xd6bf, 0xce5f, 0x9cfa, 0x73b6, 0x8c58, 0x9cfb, 0xad7c, 0xad9c, 0xbdfd, 0xce9f, 0xcebf, 0xc65e, 
	0xb419, 0xbc39, 0xabd8, 0xb45a, 0xcd1d, 0xddbf, 0xdd7e, 0xbc9a, 0xb459, 0xac59, 0xb49a, 0xc55c, 0xcddd, 0xc5dd, 0xbddc, 0xbddc, 
	0xc5dd, 0xc5dd, 0xc5dd, 0xc5dd, 0xc5dd, 0xbdbd, 0xbdbd, 0xbdbd, 0xbdbd, 0xb5bd, 0xb5bd, 0xb5be, 0xb59e, 0xb59e, 0xad9d, 0xad7d, 
	0xb57e, 0xbd7e, 0xb57e, 0xb57d, 0xb57d, 0xad5d, 0xad7d, 0xa57d, 0xa57d, 0xa59e, 0x9d9e, 0x9d9e, 0x9d9f, 0x957e, 0x8d3e, 0x7cfd, 
	0x7d1d, 0x7d3d, 0x751d, 0x751d, 0x751d, 0x751d, 0x751d, 0x751d, 0x6cfc, 0x6cfc, 0x751c, 0x6d1c, 0x751c, 0x7d5d, 0x8dff, 0x9e7f, 
	0xa65f, 0x9e1e, 0x9e1e, 0x95de, 0x8dbd, 0x8dbd, 0x859e, 0x7d5d, 0x751d, 0x753d, 0x753e, 0x753e, 0x753e, 0x753e, 0x753e, 0x6d3e, 
	0x6d5e, 0x6d3e, 0x6d3e, 0x6d5e, 0x6d3e, 0x6d3e, 0x755e, 0x755e, 0x755d, 0x7d7e, 0x7d5d, 0x7d3c, 0x859d, 0x9e5f, 0xae9f, 0xae9f, 
	0xa67f, 0xa67e, 0xa67e, 0xa67f, 0xae7f, 0xae7f, 0xa67f, 0xa67f, 0x9e3f, 0x95fe, 0x8dfe, 0x8dfe, 0x8dfe, 0x8dfe, 0x85fe, 0x861e, 
	0x7dde, 0x85fe, 0x85fe, 0x85fe, 0x85fe, 0x85fe, 0x863f, 0x8e5f, 0x861f, 0x7dfe, 0x7dde, 0x75de, 0x7dde, 0x7dfe, 0x7dfe, 0x75de, 
	0x6d9d, 0x75de, 0x7dff, 0x7dff, 0x75df, 0x75be, 0x6dbe, 0x75bf, 0x6dbe, 0x6dbe, 0x6d9e, 0x6dbf, 0x6dbf, 0x6dbf, 0x6dbf, 0x6d9f, 
	0x6ddf, 0x6dbf, 0x6d9e, 0x6d9e, 0x6d9e, 0x6dbe, 0x6dbf, 0x6dbe, 0x659e, 0x659e, 0x65bf, 0x6dbf, 0x6dbf, 0x6dbf, 0x6dbe, 0x6d9e, 
	0x6d9e, 0x6d9e, 0x6d9e, 0x6dbe, 0x6dbf, 0x6dbf, 0x6dbf, 0x6dbf, 0x6d9f, 0x75bf, 0x75bf, 0x75bf, 0x75bf, 0x75bf, 0x75bf, 0x75bf, 
	0x75bf, 0x7dbf, 0x7dbf, 0x7dbf, 0x7dbf, 0x7dbf, 0x7dbe, 0x7dbe, 0x7d9e, 0x7d9e, 0x7d9e, 0x7dbe, 0x7dbe, 0x7dbe, 0x85df, 0x85bf, 
	0x8dff, 0x8dde, 0x8dde, 0x85de, 0x85de, 0x85de, 0x85de, 0x85de, 0x85be, 0x85de, 0x85be, 0x7dbe, 0x85be, 0x85df, 0x8dff, 0x8dff, 
	0x8dfe, 0x85dd, 0x85bd, 0x85bd, 0x85de, 0x85de, 0x85de, 0x8dfe, 0x8dfe, 0x8dfe, 0x8dfe, 0x8e1e, 0x961e, 0x961e, 0x961e, 0x9e3e, 
	0x9e3e, 0x9e3e, 0x9e1e, 0x9e1e, 0x9e3e, 0xa65f, 0xa65f, 0xae7f, 0xae5f, 0xa5fe, 0xae3f, 0xae3f, 0xa5ff, 0xae3f, 0x9dbe, 0x745a, 
	0x42b5, 0x52f7, 0x5b18, 0x6338, 0x73ba, 0x83fb, 0x6b38, 0x49f3, 0x49f3, 0x49d3, 0x49d3, 0x4a13, 0x4a14, 0x4a14, 0x4a13, 0x49f4, 
	0x5255, 0x62d7, 0x62d6, 0x5295, 0x62f6, 0x6b98, 0x7c1a, 0x8cbc, 0x8c9c, 0x8cfd, 0x9d5e, 0xa5bf, 0xaddf, 0xadff, 0xae1f, 0xadfe, 
	0xbe7f, 0xbe7e, 0xbe7e, 0xbe5f, 0xbe7f, 0xbe5f, 0xbe5f, 0xbe5f, 0xb61e, 0xb61e, 0xb5fe, 0xadfe, 0xadfe, 0xadff, 0xadff, 0xadfe, 
	0xadfe, 0xb61e, 0xb61e, 0xb61e, 0xb61e, 0xb61e, 0xae1e, 0xae1e, 0xadfd, 0xae1e, 0xb63e, 0xbe5f, 0xbe7f, 0xbe5f, 0xbe3e, 0xbe3e, 
	0xaddc, 0xb61d, 0xc67e, 0xce9f, 0xbe3e, 0xad7c, 0x9d3a, 0xa53b, 0xbdfe, 0xc65f, 0xce9f, 0xce9f, 0xce9f, 0xcebf, 0xc67e, 0xbe3c, 
	0xbc3a, 0xc45a, 0xbc19, 0xb3d9, 0xbc3a, 0xd4fd, 0xd4fd, 0xbc7b, 0xb419, 0xb439, 0xbcbb, 0xcd7d, 0xcdbd, 0xc5bc, 0xc5dc, 0xce1d, 
	0xc5dd, 0xc5dd, 0xc5dd, 0xc5dd, 0xc5dd, 0xc5dd, 0xc5dd, 0xc5de, 0xbdbd, 0xbd9d, 0xbd9d, 0xb59d, 0xb59d, 0xb59e, 0xb59e, 0xb59e, 
	0xad5e, 0xad5e, 0xad5e, 0xad7e, 0xad7d, 0xad7d, 0xa57d, 0xa55d, 0x9d7d, 0x9d7d, 0xa57d, 0xa59e, 0x9d7e, 0x9d5e, 0x9d3d, 0x953d, 
	0x851d, 0x851d, 0x7cfc, 0x7cfc, 0x74fc, 0x751c, 0x751d, 0x751d, 0x751d, 0x751d, 0x6d1d, 0x6d1d, 0x6cfc, 0x6d1c, 0x7d7e, 0x8ddf, 
	0xa65f, 0xa67f, 0x95fe, 0x95fd, 0x8ddd, 0x85bd, 0x85de, 0x7d7d, 0x755d, 0x753e, 0x753e, 0x753e, 0x753e, 0x753e, 0x753e, 0x753e, 
	0x755e, 0x755e, 0x755e, 0x755e, 0x755e, 0x755e, 0x753e, 0x753e, 0x753d, 0x753d, 0x753d, 0x7d5d, 0x7d5c, 0x7d7d, 0x963f, 0xaedf, 
	0xae9f, 0xaebf, 0xb6bf, 0xb69f, 0xb6bf, 0xb6bf, 0xb69f, 0xae5f, 0xae7f, 0xa63f, 0x9e1e, 0x95fd, 0x8dfd, 0x8dfe, 0x85fd, 0x85dd, 
	0x85fe, 0x7dfe, 0x7dfe, 0x85fe, 0x861f, 0x8e1f, 0x8e3f, 0x8e3f, 0x8e3f, 0x85fe, 0x7dbd, 0x7ddd, 0x7dfe, 0x7dfe, 0x7dfe, 0x7dfe, 
	0x75be, 0x75be, 0x75de, 0x7dde, 0x7ddf, 0x75df, 0x75df, 0x75df, 0x6dbe, 0x6dbe, 0x6dbe, 0x6dbf, 0x6dbf, 0x6dbf, 0x6dbe, 0x6dbf, 
	0x65bf, 0x65bf, 0x65bf, 0x659e, 0x6dbe, 0x6dbe, 0x6dbe, 0x6d9e, 0x6dbe, 0x6dbe, 0x6ddf, 0x6dbe, 0x659d, 0x6d9d, 0x75de, 0x759d, 
	0x75be, 0x7dbf, 0x759e, 0x6d7e, 0x6dbf, 0x6dbf, 0x659f, 0x6dbf, 0x6dbf, 0x75bf, 0x759f, 0x759f, 0x75bf, 0x75bf, 0x75bf, 0x75bf, 
	0x75be, 0x7dbe, 0x7dbe, 0x7dbe, 0x7dbe, 0x7dbe, 0x7dbe, 0x7dbe, 0x7d9e, 0x7dbe, 0x7dbe, 0x7dbe, 0x7dbe, 0x7dbe, 0x7dbe, 0x7dbe, 
	0x85df, 0x85df, 0x7ddf, 0x7dde, 0x85de, 0x85de, 0x85de, 0x85de, 0x85be, 0x85be, 0x859e, 0x859e, 0x85be, 0x85de, 0x8dde, 0x85de, 
	0x85de, 0x85fe, 0x85de, 0x8dde, 0x8dfe, 0x8dfe, 0x961e, 0x961f, 0x961f, 0x961f, 0x95fe, 0x95fe, 0x95fe, 0x961f, 0x961f, 0x9e3f, 
	0x95fe, 0x9e3e, 0x9e3e, 0x9e1e, 0x9e3e, 0xa65f, 0xae7f, 0xae5f, 0xb65f, 0xa5de, 0xadff, 0xa5be, 0xadff, 0x9d9f, 0x955e, 0x745a, 
	0x63f9, 0x84dc, 0x953e, 0x8cfe, 0x9d5f, 0x9d3f, 0x7bfb, 0x4a95, 0x39f3, 0x6b79, 0x52d6, 0x4254, 0x4a95, 0x4253, 0x52f6, 0x7c1a, 
	0x847b, 0x8c9c, 0x8cbc, 0x8cdc, 0x94fc, 0x9d3d, 0x9d5d, 0x953d, 0x9d7e, 0x9d9e, 0xa59f, 0xa5bf, 0xa5df, 0xa5de, 0xa5fe, 0xae1e, 
	0xb65f, 0xbe5e, 0xbe5e, 0xbe5f, 0xbe5f, 0xbe5f, 0xbe7f, 0xbe7f, 0xbe3f, 0xb61e, 0xb5fe, 0xadfe, 0xadfe, 0xb5fe, 0xadfe, 0xadfe, 
	0xb61e, 0xb61d, 0xb61d, 0xae1e, 0xae1e, 0xb61e, 0xb61e, 0xb5fe, 0xadfe, 0xb5fe, 0xb61e, 0xbe3e, 0xbe5e, 0xbe5e, 0xbe3e, 0xbe3d, 
	0xcebf, 0xc69f, 0xb63d, 0xadbc, 0xaddc, 0xbe7e, 0xcebf, 0xc69f, 0xc67f, 0xc67e, 0xc67e, 0xc67e, 0xbe7e, 0xc67e, 0xc69e, 0xbe5d, 
	0xbbf9, 0xbbf9, 0xbbd9, 0xb3b8, 0xb3d9, 0xbbfa, 0xbbfa, 0xb3d9, 0xb41a, 0xac19, 0xb47a, 0xc53d, 0xd5fe, 0xd61e, 0xcddd, 0xc5bc, 
	0xc5dd, 0xcddd, 0xcddd, 0xcddd, 0xcddd, 0xcddd, 0xcddd, 0xcddd, 0xc5bd, 0xc5bd, 0xbd9d, 0xbd9d, 0xbd9d, 0xb59d, 0xb59d, 0xb57d, 
	0xb57e, 0xad7e, 0xad7e, 0xad7e, 0xad7e, 0xa57d, 0xa57d, 0xa57d, 0xa57d, 0xa57d, 0xa57d, 0xa57d, 0xa57d, 0xa55d, 0xa55e, 0x9d7e, 
	0x955d, 0x8d3d, 0x8d3d, 0x851d, 0x7d1d, 0x7d1d, 0x751d, 0x751d, 0x751d, 0x6d1d, 0x753d, 0x6d3d, 0x6d1d, 0x6cfc, 0x6d3d, 0x7d7d, 
	0x857d, 0x9dfe, 0x95dd, 0x8ddd, 0x8dbd, 0x85dd, 0x8e1e, 0x85be, 0x7d7e, 0x755e, 0x755e, 0x755e, 0x755e, 0x753e, 0x753e, 0x753d, 
	0x755e, 0x755e, 0x755d, 0x755d, 0x755e, 0x755e, 0x753e, 0x753d, 0x755e, 0x753d, 0x753d, 0x7d5d, 0x755d, 0x755d, 0x85be, 0x9e5f, 
	0xa69f, 0xaebf, 0xb6bf, 0xae9f, 0xb67f, 0xb69f, 0xb69f, 0xb69f, 0xb67f, 0xae5f, 0x9e3f, 0x961e, 0x961e, 0x8e1e, 0x8e1e, 0x85fe, 
	0x85ff, 0x85ff, 0x7dde, 0x85fe, 0x85fe, 0x8e1f, 0x8e3f, 0x8e3e, 0x8e3e, 0x85fd, 0x7ddd, 0x7ddd, 0x85fe, 0x85fe, 0x7dfe, 0x7dfe, 
	0x75be, 0x75be, 0x75de, 0x7dde, 0x7dde, 0x7ddf, 0x75de, 0x75de, 0x6dbe, 0x6dbe, 0x6dbe, 0x6dbe, 0x6dbf, 0x6dbf, 0x6dbe, 0x65bf, 
	0x65bf, 0x65bf, 0x65bf, 0x659e, 0x6dbe, 0x6d9e, 0x6dbe, 0x6dbe, 0x6dbe, 0x6ddf, 0x6ddf, 0x6dbe, 0x6dbe, 0x75de, 0x7dde, 0x7dde, 
	0x85de, 0x85be, 0x759e, 0x6d9e, 0x75df, 0x6dbf, 0x659f, 0x6ddf, 0x6dbf, 0x759f, 0x759f, 0x759f, 0x759f, 0x75bf, 0x75bf, 0x75be, 
	0x75be, 0x7dbe, 0x7dbe, 0x7dbe, 0x7dbe, 0x7dbe, 0x7dbe, 0x7dbe, 0x7d9e, 0x7dbe, 0x7dbe, 0x7dbe, 0x7dbe, 0x7dbe, 0x7dbe, 0x7dbe, 
	0x7dbf, 0x7dbf, 0x7dbf, 0x7dbe, 0x7dbe, 0x7dbe, 0x7dbe, 0x85be, 0x85be, 0x85be, 0x85be, 0x85be, 0x8dde, 0x8dff, 0x8dff, 0x8dff, 
	0x8dfe, 0x8dfe, 0x8dfe, 0x8e1e, 0x961e, 0x963e, 0x9e3e, 0x9e3f, 0x9e3f, 0x9e1f, 0x9e1e, 0x961e, 0x961e, 0x961f, 0x963f, 0x9e3f, 
	0x9e3e, 0xa63e, 0x9e3e, 0x9e3e, 0xa65e, 0xa65f, 0xae5f, 0xae3f, 0xa5de, 0xaddf, 0xaddf, 0x9d3d, 0x8cfc, 0xa5bf, 0xa5bf, 0x84dc, 
	0x8d5d, 0x957d, 0x957e, 0x957e, 0x9d9f, 0x9d5f, 0x7c3b, 0x4ad6, 0x5b58, 0x7c1b, 0x5b17, 0x4295, 0x6378, 0x741a, 0x8cbc, 0x953e, 
	0x951d, 0x953d, 0x9d5d, 0x9d5d, 0x9d7d, 0x9dbd, 0xa5bd, 0x9d9d, 0x9d9d, 0x9d9e, 0xa5be, 0xa5be, 0xa5de, 0xa5de, 0xadfe, 0xae1e, 
	0xb65e, 0xbe5e, 0xbe5e, 0xbe5f, 0xbe7f, 0xbe7f, 0xbe7f, 0xbe7f, 0xbe5f, 0xb63e, 0xb61e, 0xb5fe, 0xb5fe, 0xb5fe, 0xb5fe, 0xadfe, 
	0xb63d, 0xb63d, 0xb63d, 0xb61e, 0xb61e, 0xb61e, 0xb61e, 0xb5fe, 0xb5fe, 0xb61e, 0xbe3e, 0xbe5f, 0xc67f, 0xc67e, 0xc67e, 0xc67e, 
	0xc67e, 0xc69f, 0xc67f, 0xbe7e, 0xc67e, 0xc6bf, 0xc6bf, 0xbe7e, 0xbe7e, 0xbe7e, 0xc69e, 0xc69e, 0xbe7e, 0xc69e, 0xc69e, 0xb63d, 
	0xbc19, 0xb3b8, 0xb398, 0xb3d9, 0xbbd9, 0xb3b9, 0xb399, 0xb3d9, 0xb3f9, 0xb419, 0xb47a, 0xc51c, 0xcd7d, 0xcd9d, 0xcddd, 0xd61e, 
	0xcddd, 0xcdfd, 0xcdfd, 0xcdfd, 0xcddd, 0xcddd, 0xcddd, 0xcdbd, 0xcdde, 0xc5be, 0xc5be, 0xbdbd, 0xbdbe, 0xbdbe, 0xbd9d, 0xb59e, 
	0xb59e, 0xb57e, 0xad7e, 0xad7d, 0xad7d, 0xad7d, 0xa57d, 0xa57d, 0xa57d, 0xa57d, 0xa57d, 0xa55d, 0xa55d, 0xa57e, 0xa57e, 0xa59e, 
	0x9d7e, 0x957e, 0x955d, 0x8d5d, 0x853d, 0x853d, 0x7d1d, 0x751d, 0x751d, 0x751d, 0x6d1d, 0x753d, 0x6d1d, 0x6cfc, 0x6cfc, 0x751c, 
	0x74fc, 0x8d9e, 0x95be, 0x8dde, 0x8dbd, 0x859d, 0x8dfe, 0x859d, 0x7d7d, 0x7d5d, 0x755d, 0x7d5e, 0x755e, 0x755d, 0x755d, 0x7d7e, 
	0x755d, 0x755e, 0x755e, 0x755d, 0x755e, 0x755e, 0x755e, 0x755e, 0x755e, 0x753d, 0x753d, 0x7d5d, 0x755d, 0x753c, 0x7d7d, 0x85be, 
	0x961e, 0x9e3e, 0x9e3e, 0x9e1e, 0x9dfd, 0x9e1e, 0xa65f, 0xae7f, 0xa67f, 0xa65f, 0x9e3f, 0x961f, 0x963f, 0x8e1f, 0x8e1e, 0x85fe, 
	0x85ff, 0x85fe, 0x85de, 0x85de, 0x85fe, 0x8e1e, 0x8e1f, 0x8e1e, 0x8e3e, 0x85fe, 0x85dd, 0x85fe, 0x861e, 0x85fe, 0x7dfe, 0x7dde, 
	0x75be, 0x75be, 0x75be, 0x7dde, 0x7ddf, 0x7ddf, 0x75df, 0x75be, 0x6dbe, 0x6dbe, 0x6dbe, 0x6dbf, 0x6dbf, 0x6dbf, 0x6dbf, 0x65bf, 
	0x65bf, 0x65bf, 0x65be, 0x6dbe, 0x6d9e, 0x6d9e, 0x6dbe, 0x6dbe, 0x6d9e, 0x75df, 0x6ddf, 0x6d9f, 0x75be, 0x75be, 0x7dbe, 0x85de, 
	0x8dff, 0x8e1f, 0x85de, 0x7dbe, 0x75de, 0x6d9e, 0x6d9e, 0x75bf, 0x759f, 0x759f, 0x759f, 0x759f, 0x759f, 0x759f, 0x75be, 0x75be, 
	0x75be, 0x7dbf, 0x7dbf, 0x7dbe, 0x7dbe, 0x7dbe, 0x7dbe, 0x7dbe, 0x7d9e, 0x7dbe, 0x7dbe, 0x7dbe, 0x7dbe, 0x7dbe, 0x7dbe, 0x7dbe, 
	0x7dbe, 0x7dbe, 0x7dbe, 0x7dbe, 0x7dbe, 0x7dbe, 0x7dbe, 0x7dbe, 0x85be, 0x85be, 0x85be, 0x8dde, 0x8dff, 0x961f, 0x963f, 0x963f, 
	0x961f, 0x961e, 0x963f, 0x963f, 0x963e, 0x9e3e, 0x9e3e, 0x9e3e, 0x9e1e, 0x9e1e, 0x9e1e, 0x961e, 0x961e, 0x963e, 0x9e3f, 0x9e3f, 
	0xa65e, 0x9e3e, 0x9e3e, 0xa65e, 0xa65f, 0xa65f, 0xa63f, 0xae1f, 0xbe5f, 0xa5be, 0x849a, 0x6bd8, 0x5b56, 0x9d7e, 0xbe7f, 0xae3f, 
	0x957d, 0x957d, 0x9ddf, 0xa5df, 0x8cfd, 0x7c5b, 0x741a, 0x6bd9, 0x741a, 0x6bb9, 0x5316, 0x6bb9, 0x849c, 0x84bc, 0x951d, 0x9d7e, 
	0xa5bf, 0xa5bf, 0xa5be, 0xa5be, 0xa5bd, 0xa5de, 0xa5de, 0xa5be, 0xa5be, 0xa5be, 0xa5be, 0xa5be, 0xa5be, 0xa5de, 0xae1e, 0xae3e, 
	0xb65e, 0xbe5e, 0xbe5f, 0xbe7f, 0xbe7f, 0xc67f, 0xc67f, 0xbe7f, 0xbe5f, 0xb63e, 0xb61e, 0xb5fe, 0xb5fe, 0xb5fe, 0xb5fe, 0xadfd, 
	0xb63e, 0xb63e, 0xb63e, 0xb63e, 0xb61e, 0xb61e, 0xb61f, 0xb61f, 0xb61f, 0xb61f, 0xbe3f, 0xbe5f, 0xc67f, 0xc69f, 0xc69f, 0xc69f, 
	0xc69f, 0xc67f, 0xc67e, 0xc67e, 0xc69f, 0xc69f, 0xc69f, 0xc69f, 0xbe7e, 0xbe5e, 0xc67e, 0xc69e, 0xbe7e, 0xc69e, 0xc67e, 0xb63d, 
	0xc45a, 0xb3d8, 0xab97, 0xb3d8, 0xbbf9, 0xb3d9, 0xb3b9, 0xb3d9, 0xabd9, 0xb3f9, 0xbc7a, 0xc4fc, 0xc55c, 0xcd9d, 0xcddd, 0xd61e, 
	0xcdfd, 0xcdfd, 0xcdfd, 0xcdfd, 0xcddd, 0xcddd, 0xcddd, 0xcdbd, 0xcdde, 0xcdbe, 0xc5be, 0xc5bd, 0xc5be, 0xc5be, 0xbdbe, 0xbdbe, 
	0xb59e, 0xb57e, 0xad7d, 0xad5d, 0xad5d, 0xad7d, 0xad7d, 0xa57d, 0xa57d, 0xa57d, 0xa55d, 0xa55d, 0xa55d, 0xa55d, 0xad7e, 0xa59e, 
	0xa59e, 0x9d9e, 0x957e, 0x957e, 0x8d5e, 0x855d, 0x7d1d, 0x751d, 0x751d, 0x74fd, 0x6cfd, 0x751d, 0x751d, 0x6cfd, 0x6cfc, 0x6cfc, 
	0x74dc, 0x855d, 0x8d7d, 0x95de, 0x95de, 0x8d9c, 0x8dbd, 0x8d9d, 0x859d, 0x857d, 0x7d5d, 0x7d7d, 0x7d5d, 0x755d, 0x755c, 0x7d7d, 
	0x755d, 0x757e, 0x757e, 0x755e, 0x755e, 0x755e, 0x755e, 0x755e, 0x755e, 0x753d, 0x753d, 0x755d, 0x7d7d, 0x755d, 0x755d, 0x7d7d, 
	0x859d, 0x857c, 0x857c, 0x857c, 0x857c, 0x859d, 0x8dbd, 0x8dde, 0x961f, 0x961e, 0x8dfe, 0x8e1e, 0x8e1e, 0x8e1f, 0x85fe, 0x85fe, 
	0x85ff, 0x85fe, 0x85de, 0x85de, 0x85fe, 0x8dfe, 0x8dfe, 0x8e1e, 0x8e1e, 0x85fe, 0x85de, 0x85fe, 0x85fe, 0x7dfe, 0x7dde, 0x7dde, 
	0x75be, 0x75be, 0x75be, 0x7dde, 0x7dde, 0x7ddf, 0x75df, 0x75be, 0x75be, 0x75be, 0x6dbe, 0x6dbf, 0x6dbf, 0x6dbf, 0x6dbf, 0x6dbf, 
	0x65bf, 0x65be, 0x6dbe, 0x6dbe, 0x6d9d, 0x6d9d, 0x75be, 0x7ddf, 0x75bf, 0x7dff, 0x75df, 0x759f, 0x7dbf, 0x7dbf, 0x7dbe, 0x85de, 
	0x95fe, 0xa69f, 0xa69f, 0x85fe, 0x759d, 0x759d, 0x759e, 0x75bf, 0x759f, 0x759f, 0x759f, 0x7d9f, 0x7d9f, 0x7d9e, 0x75be, 0x75be, 
	0x7dbe, 0x7dbf, 0x7dbf, 0x7dbf, 0x7dbe, 0x7dbe, 0x7dbe, 0x7dbe, 0x7d9e, 0x7dbe, 0x7dbe, 0x7dbe, 0x7dbe, 0x7dbe, 0x7dbe, 0x7dbe, 
	0x7dbe, 0x7dbe, 0x7dbe, 0x7dbe, 0x7dbe, 0x85be, 0x85be, 0x85be, 0x85de, 0x85de, 0x8dde, 0x8dfe, 0x961f, 0x963f, 0x9e5f, 0x9e5f, 
	0x963f, 0x963f, 0x961e, 0x961e, 0x961e, 0x9e1e, 0x9e1e, 0x9e1e, 0x9e1d, 0x9e1d, 0x9e1d, 0x9e3e, 0x9e3e, 0x9e5e, 0xa67f, 0xa67f, 
	0xae9f, 0xa67e, 0xa65e, 0xa67f, 0xa65f, 0x9e1e, 0xa61e, 0xae1f, 0x9d9e, 0x7c59, 0x6376, 0x5b35, 0x4292, 0x5b76, 0x7c9a, 0x84fb, 
	0x6c58, 0x7499, 0x959d, 0x9dbe, 0x7c9b, 0x745a, 0x953e, 0xa59f, 0x9d5f, 0x84bc, 0x8cdc, 0xadbf, 0xb61f, 0xa5bf, 0xaddf, 0xb63f, 
	0xadff, 0xae1f, 0xae1f, 0xadde, 0xa5de, 0xadfe, 0xadfe, 0xadde, 0xa5de, 0xa5de, 0xa5be, 0xa5be, 0xa5be, 0xa5de, 0xae1e, 0xb63e, 
	0xbe5f, 0xbe5f, 0xbe5f, 0xbe7f, 0xbe7f, 0xbe7f, 0xbe7f, 0xbe5f, 0xbe3e, 0xb63e, 0xb61e, 0xb61e, 0xb61e, 0xb61e, 0xb61e, 0xb61e, 
	0xb65e, 0xb65e, 0xb63e, 0xb63e, 0xb63f, 0xb61f, 0xb61f, 0xb61f, 0xb61f, 0xb61f, 0xb63e, 0xbe3f, 0xbe5f, 0xc67f, 0xc69f, 0xc69f, 
	0xcebf, 0xc69f, 0xc67e, 0xc67e, 0xc67e, 0xc67e, 0xc69f, 0xc6bf, 0xc67e, 0xbe5e, 0xbe5e, 0xbe5e, 0xbe5e, 0xc67e, 0xc67e, 0xb61d, 
	0xc459, 0xbc59, 0xbc18, 0xb3d8, 0xab97, 0xab97, 0xab98, 0xab98, 0xabd8, 0xa3b8, 0xac19, 0xc4db, 0xd5be, 0xde1f, 0xd5de, 0xcd9c, 
	0xcdfd, 0xcdfd, 0xcdfd, 0xcdfd, 0xcddd, 0xcddd, 0xcddd, 0xcddd, 0xcdde, 0xcdbe, 0xc5bd, 0xc5bd, 0xc5bd, 0xc5bd, 0xc59d, 0xbd9d, 
	0xbd9e, 0xb57d, 0xad5d, 0xad5d, 0xad5c, 0xad7d, 0xad7d, 0xad7d, 0xa57d, 0xa57d, 0xa57d, 0xa57d, 0xa55d, 0xa55d, 0xa55d, 0xa55d, 
	0xa57d, 0x9d9e, 0x9d9e, 0x9d9e, 0x957e, 0x8d7e, 0x855d, 0x853d, 0x7d3d, 0x751d, 0x74fd, 0x751d, 0x751d, 0x6cfd, 0x6cfd, 0x74fd, 
	0x74dc, 0x7cdc, 0x7d1c, 0x9dff, 0xa63f, 0x95dd, 0x9dfd, 0x9dfd, 0x95bd, 0x95bd, 0x8d9d, 0x857d, 0x859d, 0x859d, 0x7d9c, 0x757c, 
	0x757d, 0x757e, 0x757e, 0x757e, 0x755e, 0x755e, 0x755e, 0x755e, 0x755e, 0x755e, 0x753d, 0x755d, 0x757e, 0x757d, 0x757d, 0x7d5d, 
	0x7d5d, 0x7d3c, 0x7d3c, 0x7d5c, 0x7d7d, 0x7d7d, 0x7d9d, 0x7d9d, 0x85fe, 0x85fe, 0x85ff, 0x8dff, 0x8e1f, 0x8dfe, 0x85fe, 0x85de, 
	0x8dfe, 0x8dde, 0x85de, 0x8dde, 0x8dfe, 0x8dfe, 0x8dfe, 0x8dfe, 0x8e1f, 0x85fe, 0x85de, 0x85de, 0x7dde, 0x7dde, 0x7dde, 0x7dde, 
	0x7dde, 0x7dbe, 0x75be, 0x75be, 0x7dde, 0x7ddf, 0x75be, 0x75be, 0x75be, 0x75be, 0x75bf, 0x75bf, 0x75bf, 0x6dbf, 0x6dbf, 0x6dbf, 
	0x6dbf, 0x6dbe, 0x6dbe, 0x75be, 0x759d, 0x759d, 0x7dbe, 0x861f, 0x7ddf, 0x7dff, 0x7ddf, 0x7d9f, 0x85bf, 0x85df, 0x8ddf, 0x8ddf, 
	0x95bd, 0xbf1f, 0xbf5f, 0x961e, 0x755c, 0x757d, 0x75be, 0x759e, 0x7d9e, 0x7d9e, 0x7d9e, 0x7d9e, 0x7d9e, 0x7d9e, 0x7d9e, 0x75be, 
	0x7dbe, 0x7dbf, 0x7dbf, 0x7dbf, 0x7dbf, 0x7d9e, 0x7dbe, 0x7d9e, 0x7d9e, 0x7d9e, 0x7dbe, 0x7dbe, 0x7dbe, 0x7dbe, 0x7dbe, 0x7dbe, 
	0x7dbe, 0x7dbe, 0x7dbe, 0x85be, 0x85be, 0x85de, 0x85de, 0x85de, 0x8dde, 0x8dde, 0x8dfe, 0x8e1f, 0x963f, 0x963f, 0x9e3f, 0x9e3f, 
	0x9e3f, 0x9e1e, 0x9e1e, 0x961e, 0x9e1e, 0x9e3e, 0xa63e, 0xa65e, 0xa67e, 0xa67e, 0xae7e, 0xae7e, 0xae9f, 0xae9f, 0xae9f, 0xaebf, 
	0xb6bf, 0xae9f, 0xae9f, 0xa67f, 0xa63e, 0x9dfe, 0x9dfe, 0xa5ff, 0x84db, 0x6376, 0x5b15, 0x4ab3, 0x3a31, 0x2a10, 0x5355, 0x6417, 
	0xa5fe, 0x9ddd, 0xa63f, 0xa5fe, 0x8d1c, 0x8d1c, 0x955d, 0x8cfc, 0x9d7e, 0xa59f, 0xa5bf, 0xa59f, 0x9d7e, 0xadff, 0xb65f, 0xae1f, 
	0xb63f, 0xb63f, 0xb63f, 0xae1e, 0xae1e, 0xb63e, 0xb63f, 0xae1f, 0xadfe, 0xadde, 0xadde, 0xa5be, 0xa5de, 0xadfe, 0xb61e, 0xb63e, 
	0xbe5f, 0xbe5f, 0xbe5f, 0xbe5f, 0xbe5f, 0xbe5f, 0xbe5f, 0xbe3e, 0xbe3e, 0xb61e, 0xb61e, 0xb61e, 0xbe3e, 0xbe3e, 0xbe3e, 0xbe3e, 
	0xbe5e, 0xbe5e, 0xbe5f, 0xb63f, 0xb63f, 0xb63f, 0xb61f, 0xb61f, 0xb63f, 0xb63f, 0xb63f, 0xbe3e, 0xbe5e, 0xbe5f, 0xc67f, 0xc69f, 
	0xc69f, 0xc67e, 0xc69e, 0xcebf, 0xcebf, 0xc69f, 0xc67e, 0xc67e, 0xc67e, 0xbe3e, 0xbe3e, 0xbe3e, 0xb61d, 0xbe5e, 0xbe5e, 0xb5fd, 
	0xbc38, 0xccba, 0xccdb, 0xbc39, 0xa3b7, 0xa397, 0xb3f8, 0xb419, 0xb419, 0xabf8, 0xac39, 0xb47a, 0xc51b, 0xcd7d, 0xd5bd, 0xd5dd, 
	0xcddd, 0xcdfd, 0xcdfd, 0xcdfd, 0xcddd, 0xcddd, 0xcddd, 0xcdbd, 0xcdde, 0xcdbd, 0xcdbd, 0xc59d, 0xc59d, 0xc59d, 0xc59c, 0xbd7c, 
	0xbd9d, 0xb57d, 0xb57d, 0xad5d, 0xad7d, 0xb57d, 0xb59d, 0xad9d, 0xad7d, 0xad9d, 0xad9d, 0xad7d, 0xad7d, 0xad5d, 0xa53d, 0xa53d, 
	0xa57d, 0xa57d, 0xa59e, 0xa59e, 0x9d9e, 0x957e, 0x957e, 0x8d5e, 0x8d7e, 0x855e, 0x7d1d, 0x751d, 0x751d, 0x6cfd, 0x74fd, 0x74fd, 
	0x853e, 0x7d1d, 0x851c, 0x9dfe, 0xae5f, 0xa61d, 0xa61d, 0xa61d, 0x9dbc, 0x9dfd, 0x9ddd, 0x8dbd, 0x95fe, 0x9e5f, 0x963f, 0x85de, 
	0x757d, 0x757d, 0x757e, 0x757e, 0x757e, 0x755e, 0x755e, 0x755e, 0x757e, 0x755e, 0x753d, 0x755d, 0x755d, 0x755d, 0x755d, 0x753d, 
	0x7d3d, 0x751c, 0x751c, 0x7d5d, 0x7d7e, 0x7d9e, 0x759d, 0x759d, 0x85ff, 0x85ff, 0x861f, 0x8e1f, 0x8e1f, 0x8dff, 0x8dfe, 0x8dde, 
	0x8dfe, 0x8dde, 0x8dfe, 0x8dfe, 0x8dfe, 0x8dfe, 0x8dfe, 0x8dde, 0x8dfe, 0x85de, 0x85be, 0x85de, 0x7dde, 0x7dbe, 0x7dde, 0x7ddf, 
	0x7dde, 0x7dbe, 0x7dbe, 0x7dbe, 0x7dbf, 0x7ddf, 0x75be, 0x75be, 0x75be, 0x75be, 0x75bf, 0x75bf, 0x75bf, 0x75bf, 0x75bf, 0x6dbf, 
	0x6ddf, 0x6dbe, 0x75de, 0x7dde, 0x7dbd, 0x7d9d, 0x85de, 0x963f, 0x85ff, 0x7d9e, 0x7d9e, 0x7d9f, 0x859e, 0x95ff, 0x9e3f, 0x95de, 
	0x9ddd, 0xc73f, 0xc77f, 0x961e, 0x755b, 0x7d7d, 0x7dbe, 0x759e, 0x7d9e, 0x7d9e, 0x7d9e, 0x7d9e, 0x7d9e, 0x7d9e, 0x7d9e, 0x7d9e, 
	0x7dbe, 0x7d9f, 0x7d9f, 0x7d9f, 0x7d9f, 0x7d9f, 0x7d9e, 0x7d9e, 0x7d9e, 0x7d9e, 0x7dbe, 0x7dbe, 0x7dbe, 0x85be, 0x7dbe, 0x85be, 
	0x7dbe, 0x7dbe, 0x85be, 0x85be, 0x85be, 0x85de, 0x8dde, 0x8dde, 0x8dfe, 0x8dfe, 0x8dfe, 0x961f, 0x963f, 0x963f, 0x963f, 0x961f, 
	0x9e1e, 0x9e1e, 0x9e1e, 0x9e3e, 0xa65e, 0xa67e, 0xae9f, 0xae9f, 0xb6bf, 0xb6bf, 0xb6bf, 0xb6bf, 0xaebe, 0xaebe, 0xae9e, 0xae9e, 
	0xae7e, 0xae7e, 0xae7e, 0xa63e, 0xa61e, 0xa61f, 0xa61f, 0xadff, 0x7c7a, 0x5b35, 0x4272, 0x31f0, 0x4af4, 0x63b6, 0x955c, 0xa5de, 
	0xa63e, 0xa61d, 0xa61e, 0xa5fe, 0x9dde, 0xae1f, 0xae3f, 0x9d9e, 0xa5df, 0xa5bf, 0xadff, 0xa5be, 0xa5be, 0xb65f, 0xb65f, 0xb63f, 
	0xb61f, 0xb63f, 0xb63f, 0xb61e, 0xb61e, 0xb63e, 0xb63f, 0xb61f, 0xadfe, 0xadff, 0xadff, 0xadfe, 0xadfe, 0xadfe, 0xb63e, 0xb63e, 
	0xbe5f, 0xbe5f, 0xbe3f, 0xbe3e, 0xbe3e, 0xbe3e, 0xbe3e, 0xbe3e, 0xbe3e, 0xbe3e, 0xbe3e, 0xbe3e, 0xbe5e, 0xbe5e, 0xbe7f, 0xbe5f, 
	0xbe5f, 0xbe5f, 0xbe5f, 0xbe5f, 0xbe3f, 0xb63f, 0xb63f, 0xb61f, 0xbe3f, 0xbe3f, 0xbe3f, 0xbe3e, 0xbe5f, 0xbe5f, 0xbe7f, 0xc67f, 
	0xc67e, 0xc67e, 0xc65e, 0xc67e, 0xc67e, 0xc67f, 0xc67e, 0xbe5e, 0xc65e, 0xbe1d, 0xb61d, 0xb5fd, 0xb5fd, 0xbe1e, 0xbe1e, 0xadbc, 
	0xbcda, 0xd55c, 0xdd9d, 0xcd3c, 0xbcba, 0xbc9a, 0xccfc, 0xcd1d, 0xbcbb, 0xc4dc, 0xc4fc, 0xbcba, 0xac79, 0xb4ba, 0xc55c, 0xde1e, 
	0xcddd, 0xcddd, 0xcddd, 0xcddd, 0xcddd, 0xcddd, 0xcddd, 0xcdbd, 0xd5dd, 0xcdbd, 0xcdbd, 0xcdbd, 0xcdbd, 0xcdbd, 0xcdbd, 0xc5bd, 
	0xc5bd, 0xbd9d, 0xbd9d, 0xbd9d, 0xbd9d, 0xbdbd, 0xbdbd, 0xbdbe, 0xb5bd, 0xb5bd, 0xb59d, 0xb59d, 0xb59d, 0xad7d, 0xad5d, 0xad5d, 
	0xa55d, 0xa55d, 0xa57d, 0xa57e, 0xa59e, 0x9d9e, 0x957e, 0x955e, 0x957e, 0x8d5e, 0x853e, 0x7d3d, 0x7d1d, 0x74fd, 0x751d, 0x7d3e, 
	0x95bf, 0x95bf, 0x959d, 0xa61e, 0xb67e, 0xb65d, 0xb67d, 0xae3c, 0xadfc, 0xb65e, 0xae3e, 0x9dfd, 0x9e3e, 0xaedf, 0xa6bf, 0x8dfe, 
	0x757d, 0x757d, 0x757d, 0x757e, 0x757e, 0x755e, 0x755e, 0x755e, 0x755e, 0x755e, 0x755e, 0x755d, 0x755d, 0x755d, 0x755d, 0x753d, 
	0x74fc, 0x6cdc, 0x6cfc, 0x753d, 0x755d, 0x755d, 0x6d7d, 0x759d, 0x7dde, 0x7dfe, 0x85ff, 0x8e1f, 0x8e1f, 0x8dff, 0x95ff, 0x95fe, 
	0x95de, 0x95de, 0x95fe, 0x95fe, 0x961e, 0x95fe, 0x8dfe, 0x8dde, 0x8dfe, 0x85de, 0x85de, 0x85df, 0x85df, 0x7dde, 0x7ddf, 0x7ddf, 
	0x7ddf, 0x7dbe, 0x7dbe, 0x7dbe, 0x7dbe, 0x7dbf, 0x7dbe, 0x75be, 0x75be, 0x75bf, 0x75bf, 0x75bf, 0x75bf, 0x75bf, 0x75bf, 0x75bf, 
	0x75bf, 0x75be, 0x7dde, 0x85de, 0x85bd, 0x85bd, 0x8dfe, 0x9e7f, 0x963f, 0x7d7d, 0x7d9d, 0x85be, 0x859d, 0x9e3f, 0xae9f, 0x9dde, 
	0xae3e, 0xc71f, 0xbeff, 0x95dd, 0x7d5c, 0x7d9d, 0x7dbe, 0x7d9e, 0x7d9e, 0x7d9e, 0x7d7e, 0x7d7e, 0x7d9e, 0x7d9e, 0x7d9e, 0x7d9e, 
	0x7d9f, 0x7d9f, 0x7d9f, 0x7d9f, 0x7d9f, 0x7d9f, 0x7d9e, 0x7d9e, 0x7d9e, 0x7d9e, 0x7d9e, 0x85be, 0x85be, 0x85be, 0x85be, 0x85be, 
	0x859e, 0x85be, 0x85be, 0x85be, 0x8dde, 0x8dfe, 0x8dfe, 0x961f, 0x8dfe, 0x95fe, 0x961e, 0x961f, 0x963f, 0x9e3f, 0x9e3f, 0x9e1e, 
	0x9e1e, 0xa63e, 0xa65f, 0xae7f, 0xae9f, 0xb69f, 0xb6bf, 0xb6bf, 0xb6bf, 0xb6be, 0xb6be, 0xb6be, 0xb69e, 0xae9e, 0xae9e, 0xae9e, 
	0xae5d, 0xae7e, 0xae5e, 0xa61e, 0xa61e, 0xae3f, 0xa5ff, 0x9d7f, 0x5b36, 0x5b36, 0x52f5, 0x6356, 0x94fc, 0xadff, 0xb65f, 0xb67f, 
	0xae3e, 0xae7e, 0xae7e, 0xa61e, 0xa5fd, 0xa5fe, 0xa5fe, 0xa5be, 0xa5fe, 0x957d, 0xa5be, 0xa5fe, 0xae1f, 0xae3f, 0xa5be, 0xae1f, 
	0xadfe, 0xae1e, 0xb61e, 0xae1e, 0xae1e, 0xb63e, 0xb63e, 0xb61e, 0xb5fe, 0xb61f, 0xb61f, 0xb61f, 0xb61e, 0xb61e, 0xb63e, 0xb63e, 
	0xbe3e, 0xbe3e, 0xb61e, 0xb61e, 0xb61e, 0xb61e, 0xbe3e, 0xbe3e, 0xbe5f, 0xbe5e, 0xbe5e, 0xbe5e, 0xc67f, 0xc67f, 0xc67f, 0xc67f, 
	0xbe5f, 0xbe5f, 0xbe5f, 0xbe3f, 0xbe3f, 0xb63f, 0xb63f, 0xb61f, 0xb63f, 0xbe3f, 0xbe3f, 0xbe3e, 0xbe3e, 0xbe5e, 0xbe7f, 0xc67f, 
	0xc67e, 0xc67e, 0xbe5d, 0xbe3d, 0xc67e, 0xcebf, 0xce9f, 0xc65e, 0xbe3e, 0xb5fd, 0xb5fd, 0xb5fd, 0xb5dd, 0xb5fe, 0xb5dd, 0xa57c, 
	0xd5bc, 0xdddd, 0xddfe, 0xddde, 0xddbe, 0xddbe, 0xddbe, 0xddbe, 0xd57d, 0xd5be, 0xddbe, 0xcd9d, 0xc53c, 0xbd1b, 0xbd3b, 0xc57c, 
	0xcddd, 0xcddd, 0xcddd, 0xcddd, 0xcddd, 0xcddd, 0xd5dd, 0xd5bd, 0xcdbd, 0xcdbd, 0xcdbd, 0xcdbd, 0xd5fd, 0xd5fd, 0xd61d, 0xd61e, 
	0xc5dd, 0xc5be, 0xc5bd, 0xbdbd, 0xc5be, 0xc5de, 0xc5de, 0xbdde, 0xbdde, 0xbdde, 0xbdbe, 0xbdbe, 0xb59e, 0xb59d, 0xb57d, 0xad7d, 
	0xa53c, 0xa55c, 0xa55d, 0xa55d, 0xa57d, 0xa57d, 0x9d5d, 0x953d, 0x955e, 0x8d5e, 0x8d3e, 0x853e, 0x853e, 0x7d1d, 0x7d3e, 0x855e, 
	0x9dff, 0xa63f, 0xa5fe, 0xae3d, 0xb67d, 0xc6be, 0xcede, 0xbe5c, 0xc69e, 0xceff, 0xbebf, 0xa61d, 0xa63e, 0xb6df, 0xa67f, 0x7d7c, 
	0x757d, 0x757d, 0x757d, 0x757d, 0x755e, 0x755e, 0x755e, 0x755e, 0x6d3d, 0x753e, 0x755e, 0x757e, 0x757e, 0x757e, 0x757e, 0x755d, 
	0x6cbb, 0x6cbb, 0x6cdc, 0x751d, 0x6d3d, 0x6d3c, 0x6d5d, 0x759e, 0x6d9d, 0x759d, 0x7dbe, 0x85de, 0x8dfe, 0x95fe, 0x9e1f, 0x9e1f, 
	0x95dd, 0x95de, 0x95fe, 0x9e1e, 0x9e1f, 0x95fe, 0x95de, 0x8dde, 0x8dde, 0x85de, 0x85de, 0x8dff, 0x8dff, 0x85df, 0x85bf, 0x85df, 
	0x7ddf, 0x7dbe, 0x7dbe, 0x7dbe, 0x7dbe, 0x7dbf, 0x7dbe, 0x7dbe, 0x7dbe, 0x75be, 0x75be, 0x75bf, 0x75bf, 0x75bf, 0x75bf, 0x759e, 
	0x75bf, 0x7dbe, 0x7dde, 0x85de, 0x85bd, 0x85bc, 0x961e, 0xa69f, 0xaebf, 0x8dbd, 0x8ddd, 0x961e, 0x8ddd, 0xae7f, 0xbeff, 0xa5fd, 
	0xb69f, 0xbedf, 0xae7f, 0x8dbd, 0x859c, 0x85bd, 0x7d9e, 0x7d9e, 0x7d9e, 0x7d7e, 0x7d7f, 0x7d7f, 0x7d9f, 0x7d9e, 0x7d9e, 0x7d9e, 
	0x7d9f, 0x7d9f, 0x7d9f, 0x7d9f, 0x7d9f, 0x7d9e, 0x7d9e, 0x7d9e, 0x7d9e, 0x7d9e, 0x859e, 0x859e, 0x859e, 0x85be, 0x859e, 0x859e, 
	0x85be, 0x85be, 0x85be, 0x8dde, 0x8dfe, 0x961f, 0x961f, 0x961f, 0x961e, 0x961e, 0x961e, 0x961f, 0x9e3f, 0x9e3f, 0x9e3f, 0x9e1e, 
	0xa63e, 0xae5f, 0xae7f, 0xb69f, 0xb6bf, 0xb6bf, 0xb6bf, 0xb69e, 0xb69e, 0xb69e, 0xb6be, 0xb6be, 0xb6be, 0xb6be, 0xb6be, 0xb6be, 
	0xb6bf, 0xbebf, 0xb67f, 0xa5fe, 0xa5fe, 0xa61f, 0x9d7e, 0x849b, 0x5b36, 0x847b, 0x94dd, 0xadbf, 0xbe1f, 0xb63f, 0xa59d, 0xae1e, 
	0xae5e, 0xae7e, 0xae5e, 0xae3e, 0xae3e, 0xae1e, 0xa61e, 0xae3f, 0xa5fe, 0xa5fe, 0xae3f, 0x9dbd, 0xa5de, 0xb65f, 0xa5dd, 0xae1e, 
	0xadfe, 0xb61e, 0xb61e, 0xb61e, 0xb61e, 0xb63e, 0xb61e, 0xb61e, 0xb5fe, 0xb61f, 0xb61f, 0xb61f, 0xb61f, 0xb61e, 0xb63e, 0xbe3e, 
	0xb61e, 0xb61e, 0xb5fe, 0xb5fe, 0xb61e, 0xb61e, 0xbe3e, 0xbe3e, 0xc67f, 0xc67f, 0xc67f, 0xc67f, 0xc67f, 0xc69f, 0xc69f, 0xc67f, 
	0xbe5f, 0xbe5f, 0xbe5f, 0xbe3f, 0xbe3f, 0xb63f, 0xb61f, 0xb61f, 0xb61e, 0xb61e, 0xb61e, 0xb63e, 0xbe3e, 0xbe5e, 0xbe5e, 0xc67e, 
	0xbe3d, 0xc67e, 0xcebe, 0xd6df, 0xdf3f, 0xe75f, 0xd6df, 0xbe1d, 0xbe1d, 0xb5dd, 0xb5dd, 0xb5fd, 0xb5dd, 0xbdfe, 0xb5bd, 0xa53b, 
	0xcdbc, 0xd5fd, 0xd5fd, 0xd5dd, 0xd5fe, 0xd5fe, 0xd5be, 0xd5de, 0xd5de, 0xd5be, 0xd5be, 0xd5be, 0xcdbe, 0xcdbd, 0xcdbd, 0xcdbd, 
	0xbd5b, 0xc57b, 0xcdbc, 0xcddd, 0xcdbd, 0xcdbd, 0xd5bd, 0xd5dd, 0xd5bd, 0xd5bd, 0xcdbc, 0xcdbc, 0xde3e, 0xeebf, 0xe67f, 0xd61d, 
	0xc5bd, 0xc5bd, 0xc5bd, 0xbd9d, 0xbd9d, 0xc5bd, 0xc5be, 0xc5de, 0xbdbe, 0xbdbe, 0xbdbe, 0xbdbe, 0xbdbe, 0xbdbe, 0xbdbe, 0xb59e, 
	0xad7d, 0xad7d, 0xad5c, 0xa55c, 0xa55c, 0xa55d, 0x9d5d, 0x9d5d, 0x9d7e, 0x955e, 0x8d3d, 0x8d3d, 0x8d3e, 0x8d5e, 0x8d5e, 0x8d7e, 
	0xa61e, 0xb67f, 0xc71f, 0xcf3f, 0xcf1f, 0xcefe, 0xcefe, 0xd71f, 0xd73f, 0xd75f, 0xd73f, 0xc6ff, 0xbebf, 0xae7f, 0x95dd, 0x7d3b, 
	0x755c, 0x755d, 0x757d, 0x755d, 0x755d, 0x755d, 0x755d, 0x755e, 0x757e, 0x755e, 0x755e, 0x755e, 0x757e, 0x757e, 0x757e, 0x755d, 
	0x857e, 0x4bb7, 0x3314, 0x6cfc, 0x753d, 0x6d5d, 0x6d7d, 0x6d5d, 0x6d7d, 0x757d, 0x757d, 0x7d9d, 0x8dde, 0x9e1f, 0xa63f, 0xa61f, 
	0x9dfe, 0x9e1e, 0x95dd, 0x95dd, 0x9e1f, 0x9e1e, 0x95de, 0x95de, 0x8dfe, 0x8dde, 0x85be, 0x85de, 0x85df, 0x85df, 0x85bf, 0x85bf, 
	0x7dbe, 0x7dbe, 0x7dbe, 0x7dbe, 0x7dbe, 0x7dbe, 0x7dbe, 0x7dbf, 0x7dbe, 0x7dbe, 0x7d9e, 0x7dbe, 0x7dbf, 0x7dbf, 0x7dbf, 0x7d9e, 
	0x757e, 0x861f, 0x8dff, 0x8dfe, 0x961e, 0x95dd, 0x9e1e, 0xc75f, 0xaebf, 0x8d9b, 0x8dbc, 0x9e3d, 0xa65d, 0xb6ff, 0xbeff, 0xb69e, 
	0xcf5f, 0xbeff, 0xa65f, 0x8dde, 0x7d9d, 0x7d7d, 0x7d9e, 0x7d9e, 0x7d9e, 0x7d9f, 0x7d9f, 0x7d9f, 0x7d9f, 0x7d9f, 0x7d9f, 0x7dbf, 
	0x7d9f, 0x859f, 0x7d9e, 0x7d9e, 0x7d9e, 0x859f, 0x859f, 0x859f, 0x859e, 0x859e, 0x859f, 0x85bf, 0x85bf, 0x8dbf, 0x8dbf, 0x8dbf, 
	0x859e, 0x8dbe, 0x8dde, 0x95ff, 0x961f, 0x961f, 0x961f, 0x961e, 0x961e, 0x961f, 0x9e3f, 0x961e, 0x961e, 0x961e, 0x9e3f, 0xa65f, 
	0xae5f, 0xae7f, 0xb69f, 0xb69f, 0xb69f, 0xb69f, 0xb69e, 0xb69e, 0xb6be, 0xbebe, 0xc6ff, 0xc6ff, 0xbebe, 0xbebe, 0xc6ff, 0xbedf, 
	0xb67f, 0xbebf, 0xae3e, 0x9dbd, 0xa5de, 0xa5ff, 0x8d1d, 0x5b57, 0x6337, 0x5b16, 0x841a, 0xad9f, 0xb5ff, 0xb61f, 0xb65f, 0xb65f, 
	0xae5e, 0xae5e, 0xae5e, 0xb67f, 0xae3e, 0xae3e, 0xb67f, 0xa5fd, 0xa5fe, 0xae1e, 0xae1e, 0xae1e, 0xae1e, 0xae1e, 0xae3e, 0xb63e, 
	0xb61e, 0xadfe, 0xadfd, 0xb63e, 0xbe5e, 0xbe5e, 0xb63e, 0xb5fe, 0xb61f, 0xb61f, 0xbe3f, 0xbe5f, 0xbe3f, 0xbe3e, 0xbe3e, 0xbe5e, 
	0xbe3e, 0xbe3e, 0xb5fd, 0xb5fd, 0xb61e, 0xb61e, 0xc67f, 0xc67f, 0xbe5e, 0xc69f, 0xc67f, 0xc69f, 0xd6ff, 0xcedf, 0xc67e, 0xc69f, 
	0xbe5f, 0xbe5f, 0xbe3e, 0xbe3e, 0xbe5f, 0xb61e, 0xb5fe, 0xbe3f, 0xb61e, 0xbe3e, 0xbe3e, 0xbe3d, 0xb61d, 0xbe3d, 0xbe5e, 0xbe5d, 
	0xce7e, 0xdeff, 0xdf1f, 0xdeff, 0xdf1f, 0xce9e, 0xb5bb, 0xad7a, 0xad7b, 0xad7b, 0xad9c, 0xb59c, 0xb5bd, 0xad9c, 0xad7c, 0xa53b, 
	0xc5bc, 0xd61d, 0xd61d, 0xd5fd, 0xd61e, 0xd61e, 0xd5dd, 0xd5fe, 0xd5fe, 0xd5fe, 0xd5de, 0xcdde, 0xcdde, 0xcdde, 0xcddd, 0xcdbd, 
	0xcdbc, 0xcddc, 0xcddd, 0xcddd, 0xd5dd, 0xd5dd, 0xd5dd, 0xd5bd, 0xd5bd, 0xd5bd, 0xcdbc, 0xd5dc, 0xde5e, 0xeedf, 0xeedf, 0xde7e, 
	0xcdfd, 0xcddd, 0xc5bd, 0xc5bd, 0xc5bd, 0xc5bd, 0xc5bd, 0xc5be, 0xc5be, 0xc5be, 0xc5be, 0xc5be, 0xc5be, 0xbdbe, 0xbdbe, 0xbdbe, 
	0xb59d, 0xb59d, 0xb57d, 0xad7d, 0xad7d, 0xad5d, 0xa55d, 0x9d5d, 0x9d5d, 0x9d5d, 0x953d, 0x953d, 0x8d3d, 0x8d3e, 0x8d3e, 0x8d5d, 
	0x95bc, 0xc6ff, 0xdfbf, 0xd77f, 0xcf3e, 0xdf5f, 0xdf5f, 0xd71e, 0xd73f, 0xd73f, 0xceff, 0xb65e, 0xa5dd, 0x959c, 0x8d9c, 0x8d9c, 
	0x7d7c, 0x7d7d, 0x7d7d, 0x755d, 0x755d, 0x755d, 0x755d, 0x755e, 0x755e, 0x755e, 0x755e, 0x757e, 0x757e, 0x757e, 0x755d, 0x753d, 
	0x74fc, 0x53d8, 0x4376, 0x6cfc, 0x6d1c, 0x755d, 0x757e, 0x6d5d, 0x757d, 0x755c, 0x755c, 0x7d7c, 0x859d, 0x95de, 0x9e1f, 0xa65f, 
	0xa63f, 0xa63e, 0x9dfe, 0x95dd, 0x9e1e, 0x9dfe, 0x95de, 0x95de, 0x8dbe, 0x8dbe, 0x8dbe, 0x8dbe, 0x8dde, 0x8dbe, 0x85be, 0x85be, 
	0x85be, 0x85be, 0x85be, 0x85be, 0x7dbe, 0x7dbe, 0x7dbe, 0x7dbe, 0x85df, 0x85be, 0x7dbe, 0x7dbe, 0x85df, 0x85df, 0x85df, 0x7dbf, 
	0x7dbe, 0x8dff, 0x961f, 0x961e, 0x9e3e, 0x9e1d, 0xae5e, 0xc73f, 0xc73f, 0x9dfc, 0x9e1c, 0xa67d, 0xb6be, 0xc75f, 0xcf5f, 0xbeff, 
	0xbedf, 0xae9f, 0x9e3f, 0x8dde, 0x85be, 0x7dbe, 0x7dbe, 0x7dbf, 0x7d9f, 0x7d9f, 0x859f, 0x859f, 0x7d9f, 0x7d9e, 0x7dbf, 0x85bf, 
	0x859f, 0x859e, 0x859e, 0x859e, 0x859e, 0x859e, 0x859e, 0x859f, 0x859e, 0x859e, 0x859e, 0x8d9e, 0x8dbe, 0x8dbf, 0x8dbf, 0x8dbe, 
	0x8dbe, 0x8dbe, 0x8dde, 0x95fe, 0x95ff, 0x961f, 0x9e1f, 0x9e3f, 0x9e1f, 0x9e1f, 0x9e1e, 0x9e1e, 0x9e1e, 0x9e3f, 0x9e3f, 0xa63f, 
	0xa63e, 0xae5e, 0xb69f, 0xb6bf, 0xb6bf, 0xbebf, 0xb6bf, 0xbebf, 0xb69e, 0xc6ff, 0xbebf, 0xbe9e, 0xcf1f, 0xc6ff, 0xbe7e, 0xbe7f, 
	0xc69f, 0xa5dd, 0x9d7c, 0x9d9d, 0xa5df, 0xa5bf, 0x7c3a, 0x4274, 0x4a74, 0x7398, 0x841a, 0x94bc, 0xbe1f, 0xce9f, 0xa59e, 0x84da, 
	0xae3e, 0xae3d, 0xae1d, 0xb65e, 0xae3e, 0xa5dd, 0xae3e, 0xae1e, 0xa61e, 0xae1e, 0xae3e, 0xae3e, 0xae3e, 0xae3e, 0xb63e, 0xb63e, 
	0xb63e, 0xb63e, 0xb63e, 0xbe5e, 0xbe5e, 0xbe5e, 0xbe5e, 0xbe3f, 0xbe3f, 0xbe1f, 0xbe1f, 0xbe3f, 0xc67f, 0xc67f, 0xc65e, 0xbe3e, 
	0xc69f, 0xc69f, 0xb61e, 0xbe1e, 0xbe1e, 0xb61d, 0xbe5e, 0xbe3e, 0xc67f, 0xce9f, 0xc67f, 0xc67e, 0xcedf, 0xcebf, 0xc69f, 0xcebf, 
	0xc67f, 0xc67f, 0xbe3f, 0xbe3e, 0xbe5f, 0xbe3e, 0xb61e, 0xbe3e, 0xc67f, 0xbe3d, 0xb61d, 0xbe1d, 0xb61c, 0xb61c, 0xbe3d, 0xce9e, 
	0xdf1f, 0xd6df, 0xc65d, 0xbdfc, 0xbdfc, 0xbdfc, 0xbddc, 0xbdfc, 0xb5bc, 0xb59c, 0xb59c, 0xb59c, 0xb59c, 0xad7c, 0xad5b, 0xa53b, 
	0xc5bb, 0xd61d, 0xd63e, 0xd63e, 0xde5e, 0xde3e, 0xd61e, 0xd61e, 0xd5fe, 0xd5fe, 0xd5fe, 0xd5fe, 0xd5fe, 0xd5fe, 0xcdfe, 0xcddd, 
	0xd5fd, 0xcdfd, 0xcdbd, 0xcdbd, 0xd5dd, 0xd5dd, 0xd5dd, 0xd5bd, 0xd5bd, 0xd5bc, 0xcdbc, 0xd5fc, 0xe67e, 0xf71f, 0xf71f, 0xeedf, 
	0xde5e, 0xd61e, 0xcddd, 0xc5bd, 0xcddd, 0xcdbd, 0xcdbd, 0xc59d, 0xc59d, 0xc59d, 0xc5be, 0xc5be, 0xc5be, 0xc5be, 0xc5de, 0xc5de, 
	0xbdde, 0xbdbd, 0xbdbd, 0xb5bd, 0xb59d, 0xb59d, 0xad7d, 0xa55c, 0xa55d, 0xa55d, 0x9d5d, 0x9d5d, 0x955d, 0x953d, 0x8d3d, 0x8d3c, 
	0x955b, 0xae1c, 0xc6de, 0xd75f, 0xdf7f, 0xdf7f, 0xe77f, 0xe77f, 0xdf5f, 0xcebf, 0xb61d, 0xa5bc, 0x9d9c, 0x957c, 0x957c, 0x959d, 
	0x8d9d, 0x859d, 0x857d, 0x7d5d, 0x7d5d, 0x7d5d, 0x7d5d, 0x7d7e, 0x755e, 0x755e, 0x755e, 0x757e, 0x757e, 0x755e, 0x6d5d, 0x6d3c, 
	0x7d1c, 0x6cba, 0x6479, 0x7d5d, 0x751c, 0x755d, 0x757d, 0x6d1c, 0x757d, 0x753c, 0x753c, 0x7d5c, 0x7d5c, 0x857c, 0x9dfe, 0xae7f, 
	0xb69f, 0xb69f, 0xa63e, 0x9e1e, 0x9e1e, 0x95fe, 0x95bd, 0x95de, 0x8dbe, 0x8dde, 0x8dde, 0x8dbe, 0x8dbe, 0x8dbe, 0x8dbe, 0x8dbe, 
	0x85be, 0x85be, 0x85be, 0x85be, 0x85be, 0x85be, 0x85be, 0x85be, 0x85bf, 0x85be, 0x85be, 0x85be, 0x85be, 0x85df, 0x85df, 0x85df, 
	0x85df, 0x8ddf, 0x961f, 0xa63f, 0xa65e, 0xae5e, 0xb69f, 0xc71f, 0xcf7f, 0xa65d, 0xa65d, 0xb6de, 0xc73f, 0xd7bf, 0xcf7f, 0xbeff, 
	0xa61e, 0x9dff, 0x95de, 0x8dbe, 0x85be, 0x7dbe, 0x7dbe, 0x7dbf, 0x85bf, 0x859f, 0x859f, 0x857f, 0x859e, 0x859e, 0x859e, 0x85be, 
	0x859e, 0x859e, 0x859e, 0x859e, 0x859e, 0x859e, 0x8d9f, 0x8d9e, 0x8d9e, 0x8d9e, 0x8d9e, 0x8d9e, 0x8dbe, 0x8dbe, 0x8dbe, 0x8dbe, 
	0x8dbe, 0x8dbe, 0x8dbe, 0x95de, 0x95de, 0x95ff, 0x9e1f, 0x9e3f, 0x9e3f, 0x9e1f, 0x9e1e, 0x9e1e, 0x9e3f, 0x9e3f, 0x9e3f, 0x9e1e, 
	0xa63e, 0xae5e, 0xb69f, 0xb6bf, 0xbedf, 0xbedf, 0xb6bf, 0xb6bf, 0xbedf, 0xc6df, 0xc6df, 0xc6df, 0xc6bf, 0xb63e, 0xb63e, 0xcedf, 
	0xa5bd, 0x8499, 0x953c, 0xa5be, 0x9d7e, 0x8cbc, 0x5b36, 0x3a12, 0x4a54, 0x7399, 0x7398, 0x8c5b, 0xce5f, 0xb5df, 0x7418, 0x7c59, 
	0xae1f, 0xbe7f, 0xae1e, 0xae3e, 0xadfe, 0xa5dd, 0xa5fd, 0xae3e, 0xae1e, 0xae3e, 0xb65e, 0xb65f, 0xb65e, 0xb63e, 0xb63e, 0xb63e, 
	0xbe5e, 0xbe5e, 0xbe7e, 0xbe5e, 0xbe5e, 0xbe7e, 0xbe7f, 0xc65f, 0xc67f, 0xbe5f, 0xbe3f, 0xbe3f, 0xbe3f, 0xc65f, 0xbe3e, 0xbe1d, 
	0xcebf, 0xcedf, 0xc67f, 0xc69f, 0xc69f, 0xc67f, 0xc67f, 0xbe1d, 0xc69f, 0xcebf, 0xce9f, 0xcebf, 0xcedf, 0xcebf, 0xc69f, 0xcebf, 
	0xcebf, 0xc69f, 0xbe5f, 0xbe5f, 0xc65f, 0xbe5e, 0xbe3e, 0xbe3e, 0xbe5e, 0xb5fc, 0xb5fc, 0xc67d, 0xc67d, 0xbe3c, 0xc67d, 0xdf1f, 
	0xdf1f, 0xce7d, 0xbdfc, 0xbddb, 0xb5bb, 0xb5bb, 0xbddc, 0xbdfc, 0xbdfc, 0xbddc, 0xb5bc, 0xb59c, 0xb59c, 0xad7b, 0xad5b, 0xa53a, 
	0xc5bc, 0xd61d, 0xd63d, 0xd61d, 0xde5e, 0xd63e, 0xd61e, 0xd63e, 0xcdfd, 0xcdfd, 0xcdfd, 0xcdfd, 0xd61e, 0xd61e, 0xd5fe, 0xcdfd, 
	0xd5fd, 0xd5dd, 0xcddd, 0xcdbd, 0xd5dd, 0xd5de, 0xd5dd, 0xd5dd, 0xd5dd, 0xd5bc, 0xcddc, 0xde3d, 0xeebf, 0xf73f, 0xf75f, 0xf71f, 
	0xeedf, 0xde5e, 0xcddd, 0xcdbc, 0xcddd, 0xcddd, 0xcdbd, 0xcd9d, 0xcd9d, 0xc59d, 0xc5be, 0xc5be, 0xc5be, 0xc5be, 0xc5be, 0xc5bd, 
	0xc5de, 0xc5de, 0xbdde, 0xbdde, 0xbdde, 0xbdbd, 0xb59d, 0xb57d, 0xad7d, 0xad7d, 0xa57d, 0xa55d, 0x9d5d, 0x9d5d, 0x955d, 0x955d, 
	0x955b, 0x9539, 0x9d9a, 0xbe5d, 0xd71f, 0xdf5f, 0xdf5f, 0xdf5f, 0xcedf, 0xbe3d, 0xa5bc, 0xa5bd, 0xadfe, 0xadfe, 0xa5dd, 0x9ddd, 
	0x9dfe, 0x95de, 0x8d9d, 0x857d, 0x855d, 0x855d, 0x857e, 0x857e, 0x7d5e, 0x7d5e, 0x755d, 0x755d, 0x757e, 0x755d, 0x755d, 0x755d, 
	0x857d, 0x855c, 0x74fb, 0x859e, 0x753c, 0x755d, 0x757d, 0x6d1c, 0x755d, 0x753d, 0x753c, 0x7d5d, 0x7d5c, 0x7d5c, 0x95de, 0xae9f, 
	0xbedf, 0xbedf, 0xb69f, 0xae5f, 0xa63f, 0x9dfe, 0x95bd, 0x95de, 0x95fe, 0x95fe, 0x95de, 0x95be, 0x8dbe, 0x95be, 0x95de, 0x95de, 
	0x8dde, 0x8ddf, 0x8ddf, 0x8ddf, 0x8ddf, 0x8dde, 0x8dbe, 0x8dbe, 0x8dbe, 0x85be, 0x859e, 0x859e, 0x8dbe, 0x8dbe, 0x8ddf, 0x8ddf, 
	0x8dde, 0x8dde, 0x9e1e, 0xa65f, 0xae5e, 0xb67e, 0xc6ff, 0xcf1f, 0xc71f, 0xae5d, 0xae7e, 0xbeff, 0xcf7f, 0xd79f, 0xc71f, 0xb69e, 
	0x959c, 0x8d9d, 0x859d, 0x859e, 0x85be, 0x7dbe, 0x7dbe, 0x7d9e, 0x85bf, 0x859f, 0x859f, 0x8d9e, 0x8d9e, 0x8dbe, 0x8d9e, 0x859e, 
	0x8d9e, 0x8d9e, 0x8d9e, 0x8d9e, 0x8d9e, 0x8d9e, 0x8d9e, 0x8dbe, 0x8d9e, 0x8d9e, 0x8d9e, 0x8d9e, 0x95be, 0x95be, 0x95be, 0x95be, 
	0x8dbe, 0x8dbe, 0x8d9e, 0x8dbe, 0x95be, 0x95de, 0x95fe, 0x9dff, 0x9e1f, 0x9e1e, 0x9e1f, 0x9e3f, 0x9e3f, 0x9e3f, 0x9e1e, 0x9e1e, 
	0xa65e, 0xae7e, 0xb69f, 0xb6bf, 0xb6bf, 0xb69f, 0xb69e, 0xb67e, 0xbebf, 0xbebf, 0xceff, 0xc69f, 0xadfe, 0xadde, 0xb5ff, 0xb5de, 
	0x8459, 0x73d7, 0xadbf, 0xb5ff, 0x845a, 0x5b56, 0x4253, 0x4233, 0x5274, 0x6b17, 0x62f6, 0x83da, 0xad5f, 0x7bd9, 0x4ab4, 0x845a, 
	0xadff, 0xc6df, 0xb63f, 0xae1e, 0xa5de, 0xadfe, 0xadfe, 0xae3e, 0xae1e, 0xae3e, 0xb63e, 0xb63e, 0xb63e, 0xb63e, 0xb63e, 0xb63e, 
	0xb65e, 0xbe7f, 0xbe7f, 0xbe7e, 0xbe5e, 0xbe5e, 0xc67f, 0xc67f, 0xbe1f, 0xb5ff, 0xb5be, 0xad9d, 0xad9c, 0xb5dd, 0xbe3e, 0xc65e, 
	0xc67f, 0xc69f, 0xc67f, 0xcedf, 0xd6ff, 0xcebf, 0xcebf, 0xbe5e, 0xc69f, 0xcebf, 0xcebf, 0xcebf, 0xcebf, 0xc69f, 0xc67e, 0xbe5e, 
	0xc69f, 0xc67f, 0xc67f, 0xc67f, 0xc67f, 0xc65e, 0xbe3e, 0xbe1c, 0xbe1c, 0xc63c, 0xd6de, 0xef9f, 0xefbf, 0xe75f, 0xe75f, 0xf7bf, 
	0xdede, 0xc61c, 0xc61c, 0xce5d, 0xc61c, 0xbdfc, 0xbdfc, 0xbddc, 0xc61d, 0xbdfd, 0xbddc, 0xbdbc, 0xb5bc, 0xb59c, 0xad5b, 0xa53a, 
	0xcdbc, 0xd61d, 0xd61d, 0xcdfd, 0xd61d, 0xd63e, 0xd61d, 0xde3e, 0xd61d, 0xd5fd, 0xd5fd, 0xd5fd, 0xd5fd, 0xd5fd, 0xd5dd, 0xcddd, 
	0xd5fd, 0xd5fd, 0xd5fd, 0xd5fd, 0xd5de, 0xd5de, 0xd5de, 0xd5dd, 0xd5dd, 0xcddc, 0xd5fc, 0xde7d, 0xeeff, 0xf73f, 0xf75f, 0xf73f, 
	0xf73f, 0xe67f, 0xcddc, 0xcdbc, 0xcdbd, 0xd5dd, 0xcdbd, 0xcdbd, 0xcdbe, 0xcdbe, 0xcdbe, 0xcdbe, 0xc5be, 0xc5bd, 0xc5bd, 0xc5bd, 
	0xc5de, 0xc5de, 0xc5de, 0xc5fe, 0xc5fe, 0xc5de, 0xbddd, 0xbdbd, 0xb59d, 0xb59d, 0xad9d, 0xad7d, 0xa55d, 0xa57d, 0xa57e, 0xa59e, 
	0x9d5c, 0xa59c, 0xa59b, 0xa59b, 0xb61d, 0xcedf, 0xcedf, 0xbe5e, 0xb5fd, 0xaddd, 0xadde, 0xb61e, 0xb61e, 0xadde, 0xadfe, 0xb63f, 
	0xae1f, 0x9dff, 0x95be, 0x8d7d, 0x8d5d, 0x8d7d, 0x857e, 0x857e, 0x857e, 0x7d7e, 0x755d, 0x755d, 0x755d, 0x757d, 0x757d, 0x7d7d, 
	0x857d, 0x7d3c, 0x6cba, 0x857d, 0x7d5d, 0x755d, 0x755d, 0x755d, 0x755d, 0x753d, 0x755d, 0x7d7e, 0x7d5d, 0x7d3c, 0x8dbe, 0xa65f, 
	0xb6bf, 0xbedf, 0xbedf, 0xb69f, 0xae7f, 0x9e1e, 0x95dd, 0x95de, 0x9e1f, 0x9e3f, 0x9e1f, 0x95de, 0x95bd, 0x95bd, 0x95de, 0x95de, 
	0x8dde, 0x8dde, 0x8dde, 0x8dde, 0x8dbe, 0x8dbe, 0x8dbe, 0x8dbe, 0x8dbe, 0x8dbe, 0x8dbe, 0x8dbe, 0x8dde, 0x95de, 0x95ff, 0x95ff, 
	0x8ddd, 0x95fd, 0xa65e, 0xae7e, 0xb65e, 0xbebe, 0xcf1f, 0xd73f, 0xc6ff, 0xb67e, 0xb69f, 0xbedf, 0xbeff, 0xbeff, 0xae5d, 0xa61d, 
	0x95bd, 0x8d9e, 0x8d9e, 0x85be, 0x85be, 0x85bf, 0x85bf, 0x85bf, 0x8d9f, 0x8d9e, 0x8d9e, 0x95be, 0x9dde, 0x9dde, 0x95bd, 0x8d9d, 
	0x8d9e, 0x8d9e, 0x8d9e, 0x8d9e, 0x8d9e, 0x8d9e, 0x95be, 0x95be, 0x959e, 0x959e, 0x95be, 0x959e, 0x95be, 0x95be, 0x95be, 0x95be, 
	0x959e, 0x8dbe, 0x8dbe, 0x8dbe, 0x95be, 0x95be, 0x95be, 0x95be, 0x95de, 0x9dfe, 0x9e1f, 0x9e1f, 0x9e1e, 0x9dfe, 0x9e1e, 0x9e1e, 
	0xae7f, 0xae7f, 0xae9f, 0xae9f, 0xae7e, 0xae7e, 0xae5e, 0xae5e, 0xae1e, 0xc6df, 0xb63f, 0x951b, 0x9d3c, 0xad9e, 0x94bb, 0x6b96, 
	0x7397, 0x6b97, 0xad7f, 0x9d3e, 0x5b36, 0x4a73, 0x39f1, 0x4a53, 0x41f2, 0x5a95, 0x5a95, 0x62b5, 0x6b17, 0x52b5, 0x4a74, 0x6b77, 
	0x9d5d, 0xb5ff, 0xa5be, 0xb63f, 0xb61f, 0xadfe, 0xa5bd, 0xae3f, 0xae3e, 0xae3e, 0xae3e, 0xae1e, 0xae1e, 0xb61e, 0xb63e, 0xb65e, 
	0xbe5e, 0xbe7f, 0xc69f, 0xbe7e, 0xbe7e, 0xc67f, 0xc65f, 0xbe3f, 0xa57c, 0x9d1b, 0x8c99, 0x8c79, 0xa53b, 0xbdfe, 0xce7f, 0xce9f, 
	0xbe3d, 0xbe5e, 0xbe3d, 0xc67f, 0xcebf, 0xc69f, 0xcebf, 0xc67e, 0xc67e, 0xc67e, 0xc67e, 0xc67e, 0xbe5e, 0xbe5e, 0xbe5e, 0xbe3e, 
	0xbe5f, 0xbe3e, 0xc67f, 0xc67f, 0xbe5e, 0xbe5e, 0xc65d, 0xb5fc, 0xb5ba, 0xce7d, 0xef7f, 0xffff, 0xffff, 0xf7bf, 0xf79f, 0xf79f, 
	0xe71f, 0xce3c, 0xc63c, 0xce7d, 0xc63d, 0xc63d, 0xce5d, 0xce3d, 0xc63d, 0xc61d, 0xc5fc, 0xbddc, 0xbddc, 0xbdbc, 0xb57b, 0xad5a, 
	0xcdbc, 0xd5fd, 0xd5fd, 0xcddc, 0xd5fd, 0xd61d, 0xd61d, 0xde3e, 0xde3e, 0xd61d, 0xd61d, 0xd61d, 0xd5fd, 0xd5fd, 0xd5dd, 0xd5dd, 
	0xd5fd, 0xd5fd, 0xd5fd, 0xd5dd, 0xd5dd, 0xd5dd, 0xd5dd, 0xd5dd, 0xd5fd, 0xd5dc, 0xd61c, 0xe69e, 0xef1f, 0xf75f, 0xf75f, 0xf73f, 
	0xff5f, 0xe69f, 0xd5dc, 0xcd9c, 0xcdbc, 0xd5bd, 0xd5bd, 0xd5be, 0xd5be, 0xd5be, 0xcdbe, 0xcdbe, 0xcdbe, 0xc5bd, 0xc5bd, 0xc5bd, 
	0xc5de, 0xc5fe, 0xc5fe, 0xc5fe, 0xc5fe, 0xc5fe, 0xc5fe, 0xc5dd, 0xbddd, 0xbddd, 0xbdbd, 0xb59d, 0xad9d, 0xad9d, 0xadbe, 0xb5df, 
	0xa57d, 0xad9d, 0xadbd, 0xadbd, 0xadbc, 0xaddd, 0xaddd, 0xadbd, 0xaddd, 0xadbd, 0xadbe, 0xadde, 0xb5ff, 0xb5fe, 0xb5fe, 0xb61e, 
	0xae1f, 0xa5fe, 0x9d9d, 0x957d, 0x8d7d, 0x8d7d, 0x8d9e, 0x8d9e, 0x8d9e, 0x859e, 0x7d5d, 0x755d, 0x755d, 0x757d, 0x7d9e, 0x7d9d, 
	0x85be, 0x7d7c, 0x64ba, 0x7d7d, 0x7d7d, 0x755d, 0x753d, 0x755e, 0x753e, 0x753d, 0x755e, 0x7d7e, 0x7d5e, 0x755d, 0x7d7e, 0x8dde, 
	0xa65f, 0xb69f, 0xbebf, 0xb6bf, 0xb69f, 0xa63e, 0x95dd, 0x95fe, 0xa63f, 0xa65f, 0xa63f, 0x9dfe, 0x95bd, 0x9dbd, 0x9ddd, 0x95dd, 
	0x95de, 0x8dde, 0x8dbe, 0x8dbe, 0x8dbe, 0x8dbe, 0x8dbe, 0x8dbe, 0x8dbe, 0x8dbe, 0x95be, 0x8dbe, 0x8dbe, 0x8dbe, 0x95de, 0x95de, 
	0x95dd, 0xa65e, 0xae9f, 0xb69e, 0xbebf, 0xceff, 0xd73f, 0xd73f, 0xceff, 0xbe9f, 0xb69f, 0xae5f, 0xae5f, 0xae3e, 0x9ddd, 0xa5fe, 
	0x95be, 0x95be, 0x8dbe, 0x8dbe, 0x85be, 0x85be, 0x85be, 0x8dbe, 0x8d9e, 0x8d9e, 0x959e, 0x9dde, 0xa61f, 0xae1f, 0xa5fe, 0x9dde, 
	0x95be, 0x95be, 0x95be, 0x95be, 0x95be, 0x95be, 0x95be, 0x95be, 0x95be, 0x95be, 0x95be, 0x95be, 0x95be, 0x95be, 0x95be, 0x95be, 
	0x95be, 0x95be, 0x95be, 0x95be, 0x95be, 0x95be, 0x95be, 0x8d9d, 0x95bd, 0x95de, 0x9e1f, 0x9e1f, 0x9dfe, 0x9dfe, 0x9e1e, 0x9e3e, 
	0xa65e, 0xa67e, 0xa67e, 0xa67e, 0xa65e, 0xa65e, 0xae5e, 0xae5f, 0xae3f, 0xb67f, 0x8499, 0x6375, 0x8459, 0x73b8, 0x52b4, 0x6b57, 
	0x6316, 0x5ad5, 0x73d9, 0x6b77, 0x4a73, 0x4a73, 0x4a33, 0x4a33, 0x49f2, 0x4a13, 0x5234, 0x5234, 0x4a13, 0x4a34, 0x5295, 0x52b5, 
	0x7c19, 0x7c39, 0x7c59, 0xb61f, 0xb63f, 0xa5be, 0x9d7c, 0xae3f, 0xae1f, 0xae1e, 0xae1e, 0xb61e, 0xb61e, 0xb63e, 0xb63e, 0xbe5f, 
	0xbe5f, 0xc69f, 0xc69f, 0xc69f, 0xc69f, 0xc69f, 0xbe3e, 0xadbd, 0x94fb, 0x7c38, 0x6b75, 0x73d6, 0xa53b, 0xce7f, 0xd69f, 0xc63d, 
	0xc67e, 0xc67e, 0xbe3d, 0xbe3d, 0xbe5d, 0xbe3d, 0xc69f, 0xc67e, 0xc67f, 0xbe5e, 0xbe3e, 0xbe3e, 0xb61d, 0xbe3e, 0xce9f, 0xce9f, 
	0xbe3e, 0xb61e, 0xc67f, 0xc69f, 0xbe3e, 0xc67e, 0xd6bf, 0xce7d, 0xbe1b, 0xdefe, 0xf7bf, 0xf7bf, 0xf79f, 0xf77f, 0xef3e, 0xdedd, 
	0xe6ff, 0xce7d, 0xc63c, 0xce5d, 0xce5d, 0xce7d, 0xd69e, 0xd69e, 0xce5d, 0xce3d, 0xc61d, 0xc5fc, 0xbddc, 0xbddc, 0xbdbb, 0xb59b, 
	0xcd9c, 0xd5dd, 0xd5dd, 0xd5dc, 0xd5fd, 0xd5fd, 0xd5fd, 0xde1d, 0xde1d, 0xde1d, 0xde1d, 0xde1d, 0xde1e, 0xde3e, 0xde1e, 0xde1e, 
	0xde1d, 0xd5fd, 0xd5dd, 0xd5dd, 0xd5dd, 0xddfe, 0xde1e, 0xde1e, 0xde1e, 0xd5fd, 0xd63d, 0xe6be, 0xef3f, 0xef5f, 0xef5e, 0xf75f, 
	0xff5f, 0xe67e, 0xd5dc, 0xcdbc, 0xd5dd, 0xd5bd, 0xd5bd, 0xd5de, 0xd5be, 0xd5be, 0xd5de, 0xd5de, 0xcdde, 0xcdde, 0xcdde, 0xc5dd, 
	0xc5fe, 0xc5fe, 0xc5fe, 0xc5fe, 0xcdfe, 0xce1e, 0xce1e, 0xce1e, 0xc5fe, 0xc61e, 0xc61e, 0xbdde, 0xb5be, 0xb5be, 0xb5de, 0xb5ff, 
	0xb5bf, 0xad7e, 0xa57e, 0xaddf, 0xadde, 0x9d5c, 0x9d7c, 0xadde, 0xaddf, 0xadbe, 0xa59e, 0xadbe, 0xb5ff, 0xbe3f, 0xb61e, 0xadbd, 
	0xb61e, 0xa5de, 0x9d9d, 0x9d7d, 0x959d, 0x95be, 0x95bf, 0x95df, 0x8dbf, 0x8dbf, 0x859e, 0x7d7d, 0x7d7d, 0x757e, 0x7d9e, 0x7d9d, 
	0x85fe, 0x85bd, 0x6d1b, 0x7d9e, 0x859e, 0x7d7e, 0x753e, 0x7d5f, 0x753e, 0x753e, 0x755e, 0x755e, 0x755e, 0x757e, 0x757e, 0x7d7d, 
	0x95dd, 0xae3e, 0xb67f, 0xb69f, 0xae9f, 0xa63e, 0x95dd, 0x9dfe, 0xa63f, 0xae7f, 0xae7f, 0xa63f, 0xa5fe, 0xa5fe, 0xa5fe, 0x9ddd, 
	0x9dfe, 0x95ff, 0x95de, 0x95de, 0x95de, 0x95de, 0x95de, 0x95ff, 0x95de, 0x95de, 0x95de, 0x95de, 0x95be, 0x95be, 0x95be, 0x95bd, 
	0x95dc, 0xae9e, 0xb69e, 0xbebe, 0xcf1f, 0xd73f, 0xceff, 0xceff, 0xbe9f, 0xb63e, 0xae1f, 0x9dde, 0x9dde, 0x9dde, 0x957d, 0x9dde, 
	0x95be, 0x959e, 0x8dbe, 0x8dbe, 0x8dbe, 0x8dbe, 0x8dbe, 0x8d9e, 0x95be, 0x959d, 0x9d9d, 0xa5de, 0xb63f, 0xbe7f, 0xbe7f, 0xb65f, 
	0x95be, 0x95be, 0x95be, 0x95be, 0x95be, 0x95be, 0x95be, 0x95be, 0x95be, 0x95be, 0x95be, 0x9dbe, 0x9dbe, 0x9dbe, 0x9dbe, 0x95be, 
	0x95be, 0x95be, 0x95be, 0x95be, 0x95be, 0x95be, 0x95be, 0x95bd, 0x95bd, 0x95de, 0x9dfe, 0x9e1f, 0x9e1f, 0x9e1f, 0x9e3f, 0xa63f, 
	0xa65e, 0xa65e, 0xa67e, 0xa67e, 0xa65e, 0xa65e, 0xa65e, 0xae3f, 0xae3f, 0x84da, 0x5314, 0x52d3, 0x5af5, 0x4232, 0x4a33, 0x83fa, 
	0x5254, 0x4a33, 0x4a54, 0x4a53, 0x4233, 0x4a73, 0x5274, 0x4a12, 0x5253, 0x41b1, 0x49d2, 0x5234, 0x4a13, 0x4a14, 0x5275, 0x5295, 
	0x5af5, 0x52f4, 0x5b15, 0x9d3d, 0x9d7d, 0xa5be, 0xa5be, 0xb61f, 0xae1f, 0xb63f, 0xb63f, 0xb65f, 0xb65f, 0xbe5f, 0xbe5f, 0xbe5f, 
	0xc67f, 0xc69f, 0xc69f, 0xc69f, 0xcebf, 0xc69f, 0xb5dd, 0x9d1b, 0x8438, 0x73b6, 0x6355, 0x7bf7, 0xad9d, 0xd6df, 0xd6bf, 0xbdfd, 
	0xc67e, 0xcebf, 0xc67e, 0xc67e, 0xc67e, 0xbe5d, 0xc69f, 0xc67e, 0xc69f, 0xbe5e, 0xc65e, 0xc65e, 0xbe1d, 0xc65e, 0xcebf, 0xcebf, 
	0xbe5f, 0xb61e, 0xc67f, 0xc67f, 0xbe1d, 0xce9e, 0xe77f, 0xef7f, 0xe75f, 0xf7bf, 0xffff, 0xffdf, 0xffbf, 0xffbf, 0xef5e, 0xdebc, 
	0xd6bd, 0xd69e, 0xce5d, 0xd67d, 0xdedf, 0xdedf, 0xd69e, 0xd69e, 0xd67e, 0xce5d, 0xc61c, 0xbddc, 0xbddc, 0xbddc, 0xbdbb, 0xbdbb, 
	0xcd9c, 0xd5dd, 0xd5fd, 0xd5dd, 0xddfd, 0xddfd, 0xd5fd, 0xd5fd, 0xd5fd, 0xd5fd, 0xd61d, 0xde3e, 0xe65e, 0xe67f, 0xe67f, 0xe67f, 
	0xe65e, 0xde1d, 0xd5fd, 0xd5fd, 0xde3e, 0xe67f, 0xe69f, 0xe69f, 0xde5e, 0xd61d, 0xd63c, 0xe6be, 0xef1f, 0xef3f, 0xef5e, 0xf77f, 
	0xf73f, 0xe67e, 0xd5dc, 0xd5dc, 0xd5dd, 0xd5bd, 0xd5bd, 0xd5de, 0xd5de, 0xd5de, 0xd5de, 0xd5fe, 0xd5fe, 0xd5fe, 0xcdfe, 0xcdfe, 
	0xce1e, 0xce1e, 0xcdfe, 0xcdfe, 0xce1e, 0xce1e, 0xce1e, 0xce1e, 0xce1e, 0xce3f, 0xce3f, 0xc61e, 0xbdfe, 0xbdde, 0xbdde, 0xbddf, 
	0xbdff, 0xbddf, 0xb59e, 0xad7d, 0xad9e, 0xb5ff, 0xadff, 0xa5be, 0xa59e, 0xaddf, 0xb61f, 0xb5ff, 0xb5de, 0xb5fe, 0xbe1e, 0xb5fe, 
	0xb5fe, 0xadde, 0xa5bd, 0x9d9d, 0x9dbe, 0xa5fe, 0xa5ff, 0x9e1f, 0x95df, 0x8dbe, 0x859e, 0x859e, 0x7d9e, 0x7d7d, 0x7d7d, 0x7d7d, 
	0x7d9d, 0x85bd, 0x751b, 0x859d, 0x85be, 0x85bf, 0x859f, 0x859f, 0x7d5e, 0x7d7f, 0x7d5e, 0x7d5e, 0x7d7e, 0x7d9e, 0x7d7e, 0x7d5c, 
	0x857b, 0x9dfd, 0xa65e, 0xae7f, 0xae7f, 0x9e1e, 0x95dd, 0x9dfe, 0xa63f, 0xae9f, 0xb6bf, 0xb67f, 0xae5e, 0xae3e, 0xae1d, 0xa5fd, 
	0xa61e, 0x9e1e, 0x9dfe, 0x9dfd, 0x9dfd, 0x9dfe, 0xa61e, 0xa61e, 0xa63f, 0xa63f, 0xa63f, 0xa61e, 0x9dfe, 0x9ddd, 0x9ddd, 0x9ddd, 
	0x9ddb, 0xb69e, 0xb69e, 0xbebe, 0xd75f, 0xd75f, 0xc6bf, 0xbe9f, 0xae1e, 0x9dbd, 0x9dbe, 0x959e, 0x9dbe, 0x9dbe, 0x8d5d, 0x9dbf, 
	0x95be, 0x95be, 0x95be, 0x95de, 0x95df, 0x95df, 0x95de, 0x95be, 0x95be, 0x959d, 0x9d9d, 0xadde, 0xbe5f, 0xc6bf, 0xcedf, 0xc6df, 
	0x9dbe, 0x95be, 0x95be, 0x95be, 0x95be, 0x9dbe, 0x9dbe, 0x9dbe, 0x9dbe, 0x9dbe, 0x9dbe, 0x9dbe, 0x9dbe, 0x9dbe, 0x9dbe, 0x9dbe, 
	0x95be, 0x95be, 0x95be, 0x95be, 0x95be, 0x95be, 0x95be, 0x95be, 0x95be, 0x95de, 0x95de, 0x9dfe, 0x9e1f, 0xa63f, 0xa63f, 0xa63e, 
	0xa65e, 0xa67e, 0xa67e, 0xa67e, 0xa67e, 0xa65e, 0xa63e, 0xa61e, 0x9d7d, 0x5314, 0x4252, 0x4a73, 0x39d1, 0x4a53, 0x6b37, 0x62d6, 
	0x4213, 0x4a54, 0x4a54, 0x4a74, 0x4a53, 0x4233, 0x4a53, 0x4a12, 0x4a13, 0x49d2, 0x49f3, 0x4a13, 0x49f3, 0x4a14, 0x5275, 0x5275, 
	0x4a54, 0x4a94, 0x4a74, 0x7c3a, 0x845a, 0xaddf, 0xbe3f, 0xb5ff, 0xb5ff, 0xb63f, 0xbe5f, 0xbe7f, 0xbe7f, 0xc67f, 0xc65f, 0xc67f, 
	0xc67f, 0xc67f, 0xc67f, 0xc67f, 0xce9f, 0xc65f, 0xad7d, 0x8c7a, 0x6355, 0x6335, 0x6b76, 0x8c59, 0xbddf, 0xdeff, 0xdedf, 0xc63e, 
	0xbe3d, 0xc69e, 0xce9e, 0xcedf, 0xcebf, 0xc67e, 0xc69e, 0xc67e, 0xc65e, 0xbe3e, 0xc67f, 0xc67f, 0xbe1e, 0xbe3e, 0xc67f, 0xbe5e, 
	0xbe3e, 0xb5fd, 0xbe3e, 0xbe1d, 0xadba, 0xce9d, 0xf7df, 0xffff, 0xffdf, 0xffdf, 0xffbf, 0xf79f, 0xffbf, 0xffbf, 0xef3d, 0xd69b, 
	0xd6bd, 0xdede, 0xd69d, 0xd69d, 0xe71f, 0xe71f, 0xdebe, 0xdebe, 0xd69e, 0xce5d, 0xc61c, 0xbddc, 0xbdbb, 0xbdbc, 0xbdbc, 0xbdbc, 
	0xcd9c, 0xcddd, 0xd5fd, 0xd5fd, 0xd5fd, 0xd5fd, 0xd5fd, 0xcdfd, 0xd61e, 0xd61e, 0xd61e, 0xd63e, 0xd61d, 0xd61d, 0xde3e, 0xe67f, 
	0xe67e, 0xe67e, 0xde5e, 0xd5dc, 0xd61d, 0xf71f, 0xff5f, 0xe6bf, 0xe6bf, 0xd63c, 0xd61c, 0xde9d, 0xf73f, 0xf75f, 0xf75f, 0xf73f, 
	0xf71f, 0xde5e, 0xcdbc, 0xcdbc, 0xd5dd, 0xd5bd, 0xd5bd, 0xd5bd, 0xddde, 0xd5de, 0xd5de, 0xd5fe, 0xd5fe, 0xd61e, 0xd61d, 0xd5fd, 
	0xd61e, 0xce1e, 0xce1e, 0xce1e, 0xce1e, 0xce1e, 0xce1e, 0xce1e, 0xd61e, 0xd63e, 0xce1e, 0xce1e, 0xce1e, 0xcdfe, 0xc5fe, 0xc5fe, 
	0xc5fe, 0xc5de, 0xbdbd, 0xb5bd, 0xb5bd, 0xadbd, 0xadbe, 0xadde, 0xaddf, 0xadde, 0xadbe, 0xadbd, 0xadbd, 0xb5dd, 0xb5dd, 0xb5dd, 
	0xb5dd, 0xb5fd, 0xb5fe, 0xb61e, 0xae1e, 0xae3e, 0xae3e, 0xa63f, 0x9dfe, 0x95de, 0x8dbd, 0x859d, 0x859d, 0x857d, 0x857d, 0x857d, 
	0x855c, 0x8d9d, 0x74fb, 0x8dde, 0x859d, 0x857d, 0x8dbf, 0x8dbf, 0x8ddf, 0x8dbf, 0x859e, 0x857e, 0x857d, 0x859d, 0x8d9d, 0x8d9d, 
	0x855c, 0x855c, 0x857c, 0x8dbd, 0x9e1f, 0xa65f, 0x9e3f, 0x95dd, 0x9dfd, 0xa61d, 0xae7e, 0xc6df, 0xceff, 0xc6df, 0xc6be, 0xc6df, 
	0xae1c, 0xa5fc, 0xa5db, 0xa5fc, 0xae3d, 0xbe9e, 0xc6df, 0xcf1f, 0xbe7e, 0xbebf, 0xc6ff, 0xc6ff, 0xb67f, 0xa61d, 0xa61d, 0xb65e, 
	0xadfb, 0xb63c, 0xbe9d, 0xc6df, 0xcf5f, 0xcf5f, 0xbedf, 0xae5f, 0x9dbd, 0x9dbd, 0x9dbe, 0x9d9e, 0x9dbe, 0x9dbe, 0x95be, 0x95be, 
	0x9dbe, 0x9dbe, 0x9dbe, 0x9dbf, 0x9dbe, 0x9dbe, 0x9dbe, 0x9dbe, 0x9d9d, 0x957d, 0x9d9d, 0xb63e, 0xc6bf, 0xc6df, 0xc6bf, 0xbe9f, 
	0xa5fe, 0x9dde, 0x9d9e, 0x9d9e, 0x9dbe, 0x9dbe, 0x9dbe, 0x9dbe, 0x9dbe, 0x9dbe, 0x9dbe, 0x9dbe, 0x9dbe, 0x9dbe, 0x9dbe, 0x9dbe, 
	0x95be, 0x95de, 0x95be, 0x95be, 0x95be, 0x95be, 0x95be, 0x95be, 0x95be, 0x95be, 0x95de, 0x9dfe, 0x9e1e, 0x9e1e, 0x9e1d, 0x9e1d, 
	0x9e1d, 0xaebf, 0xae9f, 0xa67e, 0xa67f, 0xa63e, 0x9dfe, 0x9d9d, 0x6bd7, 0x4a93, 0x4232, 0x4a53, 0x4a13, 0x4a54, 0x5ab6, 0x5a95, 
	0x5274, 0x4a54, 0x4a34, 0x4a54, 0x4a54, 0x4a54, 0x4a33, 0x4a33, 0x41d2, 0x4a34, 0x4a13, 0x41f3, 0x4a34, 0x4a14, 0x41f3, 0x4a55, 
	0x4a14, 0x5255, 0x5275, 0x5296, 0x6338, 0x7bda, 0x7bd9, 0x6b57, 0x73b8, 0xa55e, 0xb5df, 0xb5be, 0xbe3f, 0xce9f, 0xbe3f, 0xaddd, 
	0xbe3e, 0xc69f, 0xcedf, 0xce7f, 0xc63f, 0x8c7a, 0x73b8, 0x62f5, 0x5ad5, 0x62f6, 0x6b36, 0x7bd8, 0xad3d, 0xdebf, 0xdeff, 0xc63e, 
	0xcebf, 0xc67e, 0xcedf, 0xbe5d, 0xbe3c, 0xcebf, 0xce9e, 0xcebf, 0xce9f, 0xc67f, 0xc65f, 0xbe3f, 0xbe1e, 0xb5dd, 0xb5dd, 0xb61d, 
	0xb5dd, 0xb5dc, 0xb5db, 0xbe1b, 0xd6bc, 0xef7e, 0xf7df, 0xffdf, 0xffbf, 0xffbf, 0xffbf, 0xffbf, 0xffbf, 0xffbf, 0xf79e, 0xef7e, 
	0xef5e, 0xf7bf, 0xe73d, 0xe73d, 0xef7e, 0xe73e, 0xef7f, 0xe71e, 0xdede, 0xd67d, 0xbdfc, 0xb57b, 0xad5b, 0xb57b, 0xb57b, 0xad5a, 
	0xc59c, 0xcddd, 0xd5fe, 0xd5fd, 0xcddd, 0xcdfd, 0xcdfd, 0xcddd, 0xd5fd, 0xcdfd, 0xcdfd, 0xd5fd, 0xd5fd, 0xd5fd, 0xd61d, 0xd61d, 
	0xde5e, 0xe65e, 0xde5e, 0xd63d, 0xd63d, 0xeedf, 0xf73f, 0xef1f, 0xeeff, 0xde9d, 0xd65c, 0xde9d, 0xef1e, 0xf75f, 0xf75f, 0xf73f, 
	0xf6ff, 0xde5e, 0xd5dc, 0xd5dd, 0xd5fd, 0xd5dd, 0xddde, 0xddfe, 0xddde, 0xddde, 0xddde, 0xddfd, 0xde1e, 0xde1d, 0xd61d, 0xd61d, 
	0xd63e, 0xd61e, 0xd61e, 0xd61e, 0xd61e, 0xd61e, 0xd61e, 0xd61e, 0xd63e, 0xd63e, 0xd63e, 0xd63e, 0xce1e, 0xce1e, 0xcdfe, 0xcdfe, 
	0xc5fd, 0xc5dd, 0xbddd, 0xbdbd, 0xb5bd, 0xb5dd, 0xb5de, 0xadde, 0xb5fe, 0xadde, 0xadde, 0xadde, 0xb5de, 0xb5fe, 0xbdfe, 0xbdfd, 
	0xbdfe, 0xbe1e, 0xbe1e, 0xbe1e, 0xb63e, 0xb63e, 0xae3e, 0xae3e, 0xa61d, 0x9dfd, 0x95bd, 0x8d9d, 0x8d9d, 0x8d9e, 0x8d9e, 0x8d9e, 
	0x95be, 0x8d9d, 0x6c99, 0x8d7d, 0x95de, 0x95de, 0x8dbe, 0x855c, 0x95df, 0x95df, 0x95ff, 0x9dff, 0x9dfe, 0x95de, 0x95bd, 0x95bd, 
	0x8dbe, 0x8dbe, 0x857d, 0x857c, 0x8dbd, 0x95ff, 0x9e1f, 0x9e1e, 0x95dd, 0x9ddc, 0xae3d, 0xbebf, 0xd73f, 0xdf5f, 0xdf5f, 0xdf5f, 
	0xdf5f, 0xceff, 0xbe7d, 0xc69d, 0xcf1f, 0xdf7f, 0xdf7f, 0xd75f, 0xd71f, 0xd71f, 0xd73f, 0xd73f, 0xceff, 0xbe9e, 0xb65e, 0xbe7e, 
	0xc69d, 0xc6bd, 0xc6de, 0xc6ff, 0xc73f, 0xc71f, 0xae9f, 0x9e1e, 0x95be, 0x9dbe, 0x9dbe, 0x9dbe, 0x9dbe, 0x9dbe, 0x95be, 0x9dbe, 
	0x9dbe, 0x9dbe, 0x9dbe, 0x9dbf, 0x9dbf, 0x9dbe, 0x9dbe, 0x9dbe, 0xa5de, 0xa5bd, 0xa5dd, 0xb63e, 0xbe7f, 0xbe9f, 0xbe7e, 0xb65e, 
	0xa5fe, 0x9dde, 0x9dbe, 0x9d9e, 0x9dbe, 0x9dbe, 0x9dbe, 0x9dbe, 0x9dbe, 0x9dbe, 0x9dbe, 0x9dbe, 0x9dbe, 0x9dbe, 0x9dbe, 0x9dbe, 
	0x95de, 0x95de, 0x95de, 0x95de, 0x95de, 0x95de, 0x95de, 0x95de, 0x95de, 0x9dde, 0x9dfe, 0x9dfe, 0x9dfd, 0x9dfd, 0x9e1d, 0x9e1d, 
	0xa67e, 0xaebf, 0xa67f, 0x9e1d, 0x9e1e, 0x95dd, 0x8d3c, 0x7479, 0x5b56, 0x4a94, 0x4a53, 0x4a13, 0x41f3, 0x5a95, 0x62d7, 0x4a14, 
	0x4a13, 0x5254, 0x5254, 0x4a34, 0x4a13, 0x4a33, 0x4a34, 0x4a13, 0x4a34, 0x4a13, 0x39b2, 0x39b2, 0x4a13, 0x5254, 0x4a34, 0x4a14, 
	0x4a14, 0x41d4, 0x41f4, 0x4a14, 0x4a14, 0x4213, 0x4213, 0x4a33, 0x4232, 0x6b56, 0x6b96, 0x6b96, 0x8c9a, 0xa55c, 0x9d1b, 0x94fa, 
	0xbe1d, 0xbe5e, 0xce9f, 0xc65f, 0xad7e, 0x62f5, 0x4a53, 0x5254, 0x62d6, 0x6b17, 0x6b16, 0x6b16, 0x949b, 0xd69f, 0xef3f, 0xd6bf, 
	0xce9f, 0xc67f, 0xcebf, 0xd6df, 0xd6ff, 0xcebe, 0xbe5d, 0xc67e, 0xbe5e, 0xbe3e, 0xb61e, 0xb61e, 0xbe1e, 0xbe1e, 0xb61d, 0xb5fd, 
	0xb5dd, 0xbe1d, 0xc65d, 0xd6dd, 0xef9f, 0xf7df, 0xf7be, 0xffbf, 0xffbf, 0xffbf, 0xffdf, 0xffbf, 0xffbf, 0xffdf, 0xffbf, 0xf79e, 
	0xf79f, 0xffdf, 0xef7e, 0xf7bf, 0xffdf, 0xe75d, 0xe73d, 0xdf1d, 0xd6bd, 0xce5d, 0xb5bb, 0xa51a, 0xa4f9, 0xa51a, 0xa53a, 0xa51a, 
	0xcd9c, 0xcddd, 0xd5fe, 0xd5fe, 0xcddd, 0xcddd, 0xd5dd, 0xd5dd, 0xd5fd, 0xcddd, 0xcddd, 0xd5fd, 0xd61d, 0xd5fd, 0xd5fd, 0xd5fd, 
	0xd61d, 0xd61d, 0xde5e, 0xe69e, 0xde7d, 0xde7d, 0xeeff, 0xf73f, 0xef3f, 0xe6fe, 0xde9d, 0xde9d, 0xeefe, 0xf75f, 0xff5f, 0xf73f, 
	0xe69e, 0xde3d, 0xd5dc, 0xd5dd, 0xd5dd, 0xd5dd, 0xddde, 0xddfe, 0xddde, 0xddde, 0xddfe, 0xddfe, 0xde1e, 0xde3e, 0xde3d, 0xd61d, 
	0xde3e, 0xd63e, 0xd63e, 0xd63e, 0xd63e, 0xd63e, 0xd65e, 0xd65e, 0xd65e, 0xd65e, 0xd63e, 0xd63e, 0xd63e, 0xce1e, 0xce1e, 0xce1e, 
	0xc5fd, 0xc5dd, 0xc5dd, 0xbddd, 0xbddd, 0xbdfe, 0xb5fe, 0xb5fe, 0xb5fe, 0xb5de, 0xb5de, 0xb5de, 0xb5fe, 0xbe1e, 0xbe1e, 0xbe1e, 
	0xc63e, 0xc63e, 0xc63e, 0xbe3e, 0xbe3e, 0xb63e, 0xb63e, 0xae3e, 0xa61e, 0x9dfd, 0x9ddd, 0x959d, 0x959d, 0x95be, 0x95be, 0x95de, 
	0x95be, 0x9dde, 0x7cfb, 0x8d9d, 0x95be, 0x8d9e, 0x95df, 0x95ff, 0x8dbe, 0x95df, 0x9e1f, 0xa63f, 0xa63f, 0x9e1f, 0x95de, 0x95bd, 
	0x95de, 0x95de, 0x8dbe, 0x8dbd, 0x8dbe, 0x95fe, 0x9dfe, 0x95fe, 0x95dd, 0x9ddd, 0x9ddd, 0xae3e, 0xc6ff, 0xdf7f, 0xdf9f, 0xdf7f, 
	0xe7bf, 0xdf9f, 0xdf7f, 0xd75f, 0xd75f, 0xdf7f, 0xdf9f, 0xe79f, 0xdf5f, 0xd73f, 0xd73f, 0xd73f, 0xd73f, 0xcf1f, 0xceff, 0xceff, 
	0xd71f, 0xd71f, 0xcf1f, 0xc71f, 0xbeff, 0xb6df, 0xa65e, 0x95dd, 0x9dde, 0x9dde, 0x9dbe, 0x9dbe, 0x9dbe, 0x9dbe, 0x9dde, 0x9dde, 
	0x9dbe, 0x9dbe, 0x9dbe, 0x9dbf, 0x9ddf, 0x9ddf, 0x9dbe, 0x9dbe, 0x9dbe, 0xa5bd, 0xa5dd, 0xb63e, 0xbe5f, 0xbe5f, 0xbe5e, 0xb65e, 
	0xa5fe, 0x9dde, 0x9dbe, 0x9dbe, 0x9dbe, 0x9dde, 0x9dbe, 0x9dbe, 0x9dbe, 0x9dbe, 0x9dbe, 0x9dbe, 0x9dbe, 0x9dbe, 0x9dbe, 0x9dbe, 
	0x9dde, 0x9dde, 0x95de, 0x95de, 0x95de, 0x95de, 0x95de, 0x95de, 0x95de, 0x9dde, 0x9dfe, 0x9dfe, 0x9dde, 0x9dfe, 0xa61f, 0xae3f, 
	0xae5f, 0xae5f, 0xae5f, 0xa63f, 0x9dde, 0x8d5c, 0x7c99, 0x6c18, 0x73d8, 0x6316, 0x5a95, 0x5254, 0x5254, 0x62f7, 0x62f7, 0x4a14, 
	0x5234, 0x5274, 0x5274, 0x4a34, 0x4a13, 0x4a34, 0x4a33, 0x4a13, 0x41d2, 0x4a13, 0x5234, 0x4a33, 0x41d2, 0x41f2, 0x4a13, 0x41f2, 
	0x4a34, 0x5275, 0x5275, 0x4a54, 0x4a54, 0x4a74, 0x4232, 0x39d0, 0x5293, 0x6335, 0x52d3, 0x52f3, 0x8458, 0x9d1b, 0x94da, 0x9d1a, 
	0xad9c, 0xbe1e, 0xc65f, 0xbdff, 0x949a, 0x4a53, 0x4a33, 0x5ab6, 0x5275, 0x6af7, 0x6b17, 0x62d5, 0x6b56, 0x9cdb, 0xc61f, 0xd69f, 
	0xc63f, 0xcebf, 0xc67f, 0xc65e, 0xc65e, 0xb61c, 0xbe1d, 0xc67f, 0xbe3e, 0xbe3f, 0xbe3f, 0xb61e, 0xb5fe, 0xb61e, 0xbe3e, 0xbe1e, 
	0xb5fd, 0xd6bf, 0xe73f, 0xef9f, 0xffff, 0xffff, 0xf7be, 0xffdf, 0xffbf, 0xffbf, 0xffdf, 0xffdf, 0xffbf, 0xffdf, 0xffdf, 0xf7bf, 
	0xf7bf, 0xffdf, 0xf79f, 0xf7bf, 0xf7bf, 0xe71d, 0xdefd, 0xdedd, 0xdede, 0xd67e, 0xc5fd, 0xb59b, 0xad7b, 0xad7b, 0xad7b, 0xad5b, 
	0xcd9c, 0xd5dd, 0xd5fe, 0xd5fe, 0xd5dd, 0xd5dd, 0xd5fd, 0xd5fd, 0xd5fd, 0xd5dd, 0xd5dd, 0xd5fd, 0xd5fd, 0xd5fd, 0xd5fd, 0xd5fd, 
	0xd61d, 0xcddc, 0xde5d, 0xeeff, 0xe6be, 0xde5c, 0xe6bd, 0xf75f, 0xef3f, 0xef3e, 0xe6fd, 0xdebd, 0xe6fe, 0xf75f, 0xff7f, 0xf73f, 
	0xde3d, 0xd61d, 0xd5fd, 0xd5fd, 0xddfd, 0xd5dd, 0xdddd, 0xddfe, 0xddfe, 0xddfe, 0xddfe, 0xddfe, 0xde1e, 0xde3e, 0xde3e, 0xde3e, 
	0xde5e, 0xde5e, 0xde5e, 0xde5e, 0xde5e, 0xde5e, 0xde5e, 0xde5e, 0xde5e, 0xd65e, 0xd65e, 0xd65e, 0xd63e, 0xd63e, 0xd63e, 0xce1e, 
	0xcdfd, 0xc5fd, 0xc5fd, 0xc5fd, 0xc5fe, 0xbdfe, 0xb5fe, 0xb5fe, 0xb5fe, 0xb5fe, 0xb5de, 0xb5fe, 0xbe1e, 0xbe3e, 0xc63e, 0xc63e, 
	0xc65e, 0xc65e, 0xc65e, 0xc65e, 0xc65e, 0xbe3e, 0xbe3e, 0xb63e, 0xae1e, 0xa5fd, 0x9ddd, 0x959d, 0x959d, 0x95bd, 0x95be, 0x95de, 
	0x95be, 0x9dde, 0x7cfb, 0x8d7d, 0x9dff, 0x8d9d, 0x8dbe, 0x8d9d, 0x8d9d, 0x95de, 0x9dff, 0xa63f, 0xa63f, 0x9e1f, 0x9dfe, 0x9dde, 
	0x95bd, 0x95de, 0x95de, 0x95de, 0x95de, 0x95fe, 0x95de, 0x95bd, 0x9dfe, 0x9ddd, 0x9ddd, 0xa5dd, 0xb65f, 0xcf1f, 0xd73f, 0xcf1f, 
	0xd75f, 0xdf9f, 0xdf9f, 0xd77f, 0xd73f, 0xcf1f, 0xd73f, 0xdf5f, 0xd73f, 0xd71f, 0xceff, 0xd71f, 0xd71f, 0xd73f, 0xd73f, 0xd73f, 
	0xd73f, 0xcf1f, 0xc6df, 0xbedf, 0xb6bf, 0xae9f, 0x9e3e, 0x95dd, 0x95de, 0x9dde, 0x9dbe, 0x9dbe, 0x9dbe, 0x9dde, 0x9dde, 0x9dde, 
	0x9ddf, 0x9dbf, 0x9dbe, 0x9dbe, 0x9ddf, 0xa5df, 0xa5df, 0x9dbe, 0x9d9d, 0xa59d, 0xa5dd, 0xb61e, 0xbe5f, 0xbe7f, 0xbe5e, 0xb61e, 
	0xa5de, 0xa5de, 0x9dbe, 0x9dbe, 0xa5be, 0xa5be, 0xa5be, 0x9dbe, 0x9dbe, 0x9dbe, 0x9dbe, 0x9dbe, 0x9dbe, 0x9dbe, 0x9dbe, 0x9dbe, 
	0x9dde, 0x9dde, 0x9dde, 0x9dfe, 0x9dfe, 0x9dfe, 0x95fe, 0x95fe, 0x95de, 0x95de, 0x9dde, 0x9dde, 0x9d9e, 0x957d, 0x957d, 0x957d, 
	0x955c, 0x8d5c, 0xa5fe, 0xae3f, 0x959d, 0x84db, 0x84bb, 0x9d5e, 0x8c9c, 0x6316, 0x4a54, 0x5254, 0x5254, 0x5254, 0x5254, 0x4a34, 
	0x5254, 0x5233, 0x4a13, 0x4a13, 0x4a33, 0x4a33, 0x4a13, 0x41d2, 0x4a13, 0x41d1, 0x41f2, 0x4a13, 0x4a53, 0x62f6, 0x6b37, 0x5ad5, 
	0x4a53, 0x4a53, 0x4233, 0x4a53, 0x5af5, 0x7bd8, 0x7c19, 0x73b7, 0x94db, 0x9d3c, 0x8479, 0x8458, 0xad7c, 0xb5fe, 0xad9c, 0xb5fe, 
	0xbe1e, 0xd6df, 0xc65f, 0x94db, 0x6b56, 0x4a33, 0x5254, 0x5255, 0x5275, 0x5a96, 0x62d6, 0x62d6, 0x5a94, 0x62d4, 0x83d8, 0xa51c, 
	0x94ba, 0xcebf, 0xd6bf, 0xc65f, 0xc65e, 0xbe1d, 0xbe3e, 0xb5fd, 0xc65f, 0xbe1f, 0xb5de, 0xb5fe, 0xbe1e, 0xbe1e, 0xbe3e, 0xbe3e, 
	0xc63e, 0xef5f, 0xf7df, 0xef9f, 0xf7bf, 0xf7bf, 0xf79e, 0xffff, 0xffbf, 0xffdf, 0xffdf, 0xf7bf, 0xf79f, 0xf7bf, 0xf7df, 0xffdf, 
	0xf7bf, 0xffdf, 0xef7f, 0xe73e, 0xe73d, 0xdefd, 0xd6bc, 0xd6bd, 0xc63c, 0xc61c, 0xbddc, 0xbdbc, 0xb59c, 0xb57c, 0xad5b, 0xad3b, 
	0xc57c, 0xcd9d, 0xd5dd, 0xd5bd, 0xd5bd, 0xd5dd, 0xd5fd, 0xd5fd, 0xd5dd, 0xd5dd, 0xd5dd, 0xd5dd, 0xd5dd, 0xd5bc, 0xd5fd, 0xde3e, 
	0xe67f, 0xd5fd, 0xde5d, 0xeeff, 0xeede, 0xde7c, 0xe6dd, 0xf77f, 0xf75e, 0xf77f, 0xef3e, 0xe6fd, 0xeefe, 0xf75f, 0xf75f, 0xeeff, 
	0xde3d, 0xde3e, 0xde5e, 0xe65e, 0xe65e, 0xde1e, 0xde1e, 0xde1e, 0xddfe, 0xddfe, 0xddfe, 0xde1e, 0xde3e, 0xde3e, 0xde5e, 0xde3e, 
	0xde5e, 0xde7e, 0xde7e, 0xde7e, 0xde7e, 0xde7e, 0xde7e, 0xde7f, 0xde7e, 0xde5e, 0xde5e, 0xd65e, 0xd65e, 0xd63e, 0xd63e, 0xd63e, 
	0xce1d, 0xce1d, 0xce1d, 0xc61d, 0xc61e, 0xbe1e, 0xbdfe, 0xb5fe, 0xb5fe, 0xb5fe, 0xb5fe, 0xbe1e, 0xbe1e, 0xc63e, 0xc63e, 0xc63e, 
	0xc65e, 0xc65e, 0xc65e, 0xc65e, 0xc65e, 0xc65e, 0xc65e, 0xc65e, 0xbe3e, 0xb61e, 0xadfe, 0xa5dd, 0x9dbd, 0x9dbd, 0x9dde, 0x9dde, 
	0x9dbe, 0xa5ff, 0x8d3c, 0x959d, 0xa61f, 0x8d7d, 0x8d9d, 0x8d9d, 0x8dbd, 0x95de, 0x9dfe, 0x9e1f, 0xa61f, 0xa63f, 0xa63f, 0xa63f, 
	0x9e1e, 0x9e1e, 0x9dde, 0x95bd, 0x95bd, 0x95de, 0x9dde, 0x95de, 0x9dde, 0x9dde, 0x9ddd, 0x9dbd, 0xa61e, 0xbe9f, 0xc6ff, 0xc6ff, 
	0xcf3f, 0xcf1f, 0xc6ff, 0xcf1f, 0xd73f, 0xd73f, 0xcefe, 0xc6bd, 0xd71e, 0xd73f, 0xdf3f, 0xdf5f, 0xdf5f, 0xdf3f, 0xd73f, 0xd73f, 
	0xcf1f, 0xc6df, 0xbe9e, 0xb69e, 0xae7e, 0xa65e, 0x9e3e, 0x9dfe, 0x9dde, 0x9dde, 0x9dde, 0x9dde, 0x9dde, 0x9dde, 0x9dde, 0x9dde, 
	0x9ddf, 0x9ddf, 0x9ddf, 0x9ddf, 0x9ddf, 0x9ddf, 0xa5df, 0xa5de, 0xa5de, 0xa5bd, 0xadde, 0xb61e, 0xbe7f, 0xc67f, 0xb61e, 0xa5bc, 
	0xa5de, 0xa5de, 0xa5be, 0xa5be, 0xa5de, 0xa5de, 0xa5de, 0xa5be, 0xa5be, 0xa5be, 0xa5be, 0xa5be, 0xa5be, 0xa5be, 0xa5be, 0x9dbe, 
	0xa5de, 0x9dde, 0x9dfe, 0x9dfe, 0x9dfe, 0x9dfe, 0x95fe, 0x95fe, 0x9dfe, 0x9dfe, 0x9dde, 0x957e, 0x8d1c, 0x7c7b, 0x6bf9, 0x63b8, 
	0x63b7, 0x7418, 0x9d9e, 0xaddf, 0x955d, 0x953d, 0x9d7e, 0xbe1f, 0x8c9c, 0x6316, 0x4a13, 0x5254, 0x5255, 0x4a13, 0x4a13, 0x5274, 
	0x5254, 0x4a33, 0x4a33, 0x5254, 0x5233, 0x4a12, 0x49f2, 0x4a33, 0x4a12, 0x4a33, 0x4a53, 0x5253, 0x6b56, 0x9cbc, 0x8c3a, 0x4232, 
	0x4a93, 0x4252, 0x5af4, 0x8cbb, 0xb5bf, 0xadbe, 0xadbe, 0xbe1f, 0xbe1f, 0xc65f, 0xb5dd, 0xad9c, 0xc65f, 0xc65f, 0xbe1e, 0xce9f, 
	0xc67f, 0xd6bf, 0xa53c, 0x6b55, 0x4a52, 0x4a33, 0x5275, 0x4a14, 0x62b7, 0x5a76, 0x5a75, 0x62b6, 0x5ab5, 0x5a74, 0x5ab4, 0x6b35, 
	0x6b96, 0xad7d, 0xad9d, 0xa57c, 0xb5bd, 0xb5dd, 0xbe3f, 0xb5fe, 0xb5de, 0xa53c, 0x9d1c, 0xb5be, 0xc65f, 0xc65f, 0xbe3e, 0xbe1e, 
	0xdedf, 0xf77f, 0xef7f, 0xdede, 0xe71e, 0xf79f, 0xffbf, 0xffdf, 0xffdf, 0xffdf, 0xffbf, 0xf77f, 0xef7e, 0xef9e, 0xf7be, 0xf7bf, 
	0xf79f, 0xffdf, 0xf77f, 0xdedd, 0xdedd, 0xe73e, 0xdefe, 0xd69d, 0xbddb, 0xb5bb, 0xb59c, 0xb59c, 0xb57c, 0xad5b, 0xa53a, 0xa51a, 
	0xc53b, 0xc57c, 0xcd7c, 0xcd7c, 0xcd9c, 0xd5bd, 0xd5bd, 0xd5bd, 0xd5bd, 0xd5bd, 0xd5dd, 0xd5dd, 0xd5bd, 0xd5bc, 0xd5fd, 0xe63e, 
	0xf6ff, 0xde3e, 0xde3d, 0xeebf, 0xe6de, 0xe6bd, 0xef3e, 0xffbf, 0xf77f, 0xffbf, 0xff9f, 0xf73e, 0xef1e, 0xf73f, 0xeeff, 0xe69e, 
	0xde5d, 0xe65e, 0xe65e, 0xe67f, 0xe65f, 0xe65e, 0xe63e, 0xe63e, 0xde1e, 0xde3e, 0xde3e, 0xde3e, 0xe65e, 0xe65e, 0xe65e, 0xde5e, 
	0xde7e, 0xde7e, 0xde7e, 0xde7e, 0xde7e, 0xe69e, 0xde9e, 0xde9f, 0xde7e, 0xde7e, 0xde7e, 0xde7e, 0xde7e, 0xde5e, 0xd65e, 0xd65e, 
	0xd65e, 0xd63e, 0xce3e, 0xce3e, 0xc63e, 0xc63e, 0xbe1e, 0xbe1e, 0xbe1e, 0xbe1e, 0xbe1e, 0xbe1e, 0xc63e, 0xc65e, 0xc63e, 0xc65e, 
	0xc65e, 0xc65e, 0xc65e, 0xce5e, 0xce5e, 0xce5e, 0xce5e, 0xce5e, 0xce5f, 0xc65f, 0xbe3f, 0xb61e, 0xadfe, 0xa5de, 0x9dde, 0xa5fe, 
	0x9dde, 0x955d, 0x63f7, 0x6417, 0x959d, 0x8d7d, 0x9dde, 0x9dde, 0x95bd, 0x95de, 0x9dde, 0x9dfe, 0x9dfe, 0xa61e, 0xae5f, 0xae7f, 
	0xae7f, 0xae7f, 0xae5f, 0xae5f, 0xa65f, 0xa65f, 0xa63f, 0x9dfe, 0x9dfe, 0x9dfe, 0x9dde, 0x9dbd, 0x9ddd, 0xa61e, 0xae5f, 0xb67f, 
	0xbebf, 0xbebf, 0xbebe, 0xc6df, 0xcf1f, 0xcf1f, 0xcefe, 0xcedd, 0xc6bc, 0xd71e, 0xe77f, 0xe79f, 0xe79f, 0xe77f, 0xdf5f, 0xd73f, 
	0xcf1f, 0xc6df, 0xb67e, 0xae5d, 0xa65e, 0x9e3e, 0x9e1e, 0x9e1e, 0x9dfe, 0x9dfe, 0x9ddf, 0x9ddf, 0x9dde, 0x9dde, 0x9dfe, 0x9dfe, 
	0x95de, 0x95df, 0x9ddf, 0x9dde, 0x9dde, 0x9ddf, 0xa5ff, 0xae1f, 0xa5be, 0xa5bd, 0xa5bd, 0xb61f, 0xc69f, 0xc6bf, 0xbe3e, 0xa5bc, 
	0xa5de, 0xa5de, 0xa5de, 0xa5de, 0xa5de, 0xa5de, 0xa5de, 0xa5de, 0xa5be, 0xa5be, 0xa5be, 0xa5be, 0xa5be, 0xa5be, 0xa5be, 0xa5de, 
	0xa5de, 0xa5de, 0x9dde, 0x9dfe, 0x9dfe, 0x9dfd, 0x961d, 0x961e, 0x9dfe, 0x9dfe, 0x9dbe, 0x953d, 0x849b, 0x6bb9, 0x5b17, 0x52b5, 
	0x4a94, 0x6bb8, 0xaddf, 0xb5ff, 0xa59f, 0xaddf, 0x9d3e, 0x8c9c, 0x7398, 0x62f6, 0x5254, 0x5254, 0x5a75, 0x5275, 0x5254, 0x5274, 
	0x4a33, 0x4a33, 0x5233, 0x5253, 0x4a12, 0x41d1, 0x41f1, 0x4a12, 0x4a53, 0x39b0, 0x5293, 0x8c3a, 0x8c3a, 0x6335, 0x5b14, 0x7bf8, 
	0x52d3, 0x5b55, 0x8499, 0xb5ff, 0xc67f, 0xb61f, 0xadde, 0xb61f, 0xbe1f, 0xc65f, 0xbe3f, 0xbe1e, 0xc67f, 0xc67f, 0xc65f, 0xce9f, 
	0xc67f, 0xb5be, 0x73b6, 0x5ab3, 0x4a33, 0x5254, 0x5275, 0x5a55, 0x5a56, 0x5a76, 0x5a76, 0x5a55, 0x5a75, 0x5a95, 0x62b5, 0x5ad5, 
	0x6b56, 0x7c18, 0x8438, 0x8c79, 0xa55c, 0xad9d, 0xb5de, 0xbddf, 0x8459, 0x949a, 0xa55d, 0xbe1f, 0xc65f, 0xbe1f, 0xbe1e, 0xc63f, 
	0xdeff, 0xdebf, 0xd67d, 0xd69c, 0xe71e, 0xffdf, 0xffff, 0xf79f, 0xffdf, 0xffdf, 0xf7bf, 0xef7f, 0xe75e, 0xef5e, 0xef7e, 0xef5f, 
	0xe71f, 0xf77f, 0xef5f, 0xd69d, 0xdefe, 0xf7bf, 0xe71f, 0xce5d, 0xbddc, 0xbdbc, 0xb59c, 0xad5c, 0xad3b, 0xa51a, 0xa51a, 0xad3b, 
	0xc53b, 0xc53b, 0xc53b, 0xc55b, 0xcd7c, 0xd59d, 0xd59d, 0xcd7c, 0xd5bd, 0xd5bd, 0xd5bd, 0xd5bd, 0xd5bd, 0xd5bd, 0xd5dd, 0xddfe, 
	0xf6df, 0xde3e, 0xde5e, 0xe6be, 0xe6be, 0xe6dd, 0xf75e, 0xff9f, 0xff9f, 0xffbf, 0xffbf, 0xf77f, 0xef1f, 0xeefe, 0xe6be, 0xde7e, 
	0xde3d, 0xde3e, 0xde3e, 0xde3e, 0xde3e, 0xe63e, 0xe65e, 0xe65e, 0xe65f, 0xe65e, 0xe65e, 0xe65f, 0xe67f, 0xe67f, 0xe67f, 0xe67e, 
	0xe67e, 0xe69e, 0xe69e, 0xe69e, 0xe69e, 0xe69e, 0xe69e, 0xe69f, 0xe69e, 0xe69e, 0xe69e, 0xde9e, 0xde9e, 0xde7e, 0xde7e, 0xde7e, 
	0xde7e, 0xd65e, 0xd65e, 0xce5e, 0xce5e, 0xce5e, 0xc63e, 0xc63e, 0xc63e, 0xc63e, 0xc63e, 0xc63e, 0xc65e, 0xc65e, 0xce5e, 0xc65e, 
	0xc65e, 0xc65e, 0xce7e, 0xce7e, 0xce7e, 0xd65e, 0xd65e, 0xd65e, 0xd67f, 0xce7f, 0xce7f, 0xc65f, 0xb63e, 0xae1e, 0xa61e, 0xa5fe, 
	0xae1f, 0x84ba, 0x3a71, 0x42b2, 0x955c, 0x9dde, 0x9dde, 0x8d3b, 0x959d, 0x95dd, 0x9dde, 0x9dfe, 0x9dfe, 0xa61e, 0xa63e, 0xae5f, 
	0xb69f, 0xbebf, 0xbedf, 0xbedf, 0xc6ff, 0xbeff, 0xb6bf, 0xae5f, 0x9e1e, 0x9dfe, 0x9dde, 0x9dde, 0x95bd, 0x95bd, 0x9dde, 0x9dfe, 
	0x9dfc, 0xa61c, 0xae5d, 0xb69d, 0xc6be, 0xcefe, 0xd71f, 0xdf5f, 0xcedc, 0xdf1e, 0xe77f, 0xef9f, 0xefbf, 0xefbf, 0xe79f, 0xdf7f, 
	0xcf3f, 0xbedf, 0xae7e, 0xa63d, 0x9e3d, 0x961d, 0x95fd, 0x95fe, 0x9e1f, 0x9dff, 0x9dff, 0x9dff, 0x9dff, 0x9dfe, 0x9dfe, 0x9dff, 
	0x8dbe, 0x95be, 0x95df, 0x95de, 0x9dde, 0x9ddf, 0xae3f, 0xb65f, 0xa5be, 0xa5bd, 0xadbd, 0xb61e, 0xc67f, 0xcebf, 0xbe5f, 0xadfe, 
	0xa5be, 0xa5de, 0xa5de, 0xa5de, 0xa5de, 0xa5de, 0xa5de, 0xa5de, 0xa5de, 0xa5de, 0xa5de, 0xa5de, 0xa5de, 0xa5de, 0xa5de, 0xa5de, 
	0xa5de, 0xa5de, 0xa5de, 0x9dfe, 0x9dfd, 0x9dfd, 0x9e1d, 0x9dfe, 0x95de, 0x9dfe, 0x9dbf, 0x8d1d, 0x741a, 0x6338, 0x52b6, 0x5296, 
	0x4a54, 0x6317, 0xa51e, 0x9d3f, 0x8c9c, 0x8cbd, 0x73d9, 0x5af6, 0x5274, 0x5275, 0x5234, 0x49f2, 0x4a13, 0x4a54, 0x4a33, 0x4212, 
	0x41f2, 0x41f2, 0x41f1, 0x4212, 0x5293, 0x6315, 0x5af5, 0x5293, 0x4a72, 0x7c18, 0x8c9a, 0x73b7, 0x6355, 0x7c18, 0x9d3c, 0xadde, 
	0x9d5c, 0xadde, 0xb61f, 0xadfe, 0xadfe, 0xbe5f, 0xc69f, 0xc69f, 0xbe5f, 0xbe3f, 0xbe3f, 0xbe3f, 0xc65f, 0xce9f, 0xc67f, 0xbe1e, 
	0xbe3f, 0xa51c, 0x6335, 0x5af4, 0x5294, 0x5254, 0x49f3, 0x5215, 0x49f4, 0x5a56, 0x5a76, 0x5235, 0x5214, 0x5a55, 0x62d6, 0x6b17, 
	0x6316, 0x73b8, 0x9cfc, 0xb5bf, 0xc61f, 0xbdff, 0xa51c, 0x94ba, 0x73b7, 0x9cdc, 0xbddf, 0xc61f, 0xb5be, 0xad9d, 0xb59d, 0xb5dc, 
	0xbddb, 0xad58, 0xbdda, 0xe71e, 0xf77f, 0xffbf, 0xffff, 0xf79f, 0xf7bf, 0xf7bf, 0xef7f, 0xef5f, 0xe73e, 0xdf1e, 0xdefe, 0xd6bd, 
	0xce7d, 0xd67d, 0xd67d, 0xc5fb, 0xd6bd, 0xf77f, 0xd6be, 0xbddb, 0xb59b, 0xad5b, 0xad3b, 0xa51b, 0x9cda, 0x94b9, 0x9cb9, 0x9cd9, 
	0xc53b, 0xc53b, 0xc53b, 0xc53b, 0xcd5c, 0xd59c, 0xcd7c, 0xcd5c, 0xd59d, 0xcd7c, 0xcd7c, 0xd59d, 0xd59d, 0xd59d, 0xd59c, 0xd59c, 
	0xe65f, 0xde1e, 0xde5e, 0xeebf, 0xeede, 0xeefe, 0xef3e, 0xef3d, 0xff9f, 0xffbf, 0xff9f, 0xf77f, 0xef1f, 0xeede, 0xe6be, 0xe67e, 
	0xde5e, 0xde3e, 0xde1d, 0xde1d, 0xde1d, 0xe63e, 0xe67e, 0xe67f, 0xe67f, 0xe67f, 0xe67f, 0xee9f, 0xee9f, 0xee9f, 0xee9f, 0xe69f, 
	0xe69e, 0xe69e, 0xe69e, 0xe69e, 0xe69e, 0xe6be, 0xe6be, 0xe6bf, 0xe6bf, 0xe6bf, 0xe6bf, 0xe6be, 0xe69e, 0xe69e, 0xde9e, 0xde7e, 
	0xde7e, 0xde7e, 0xd65e, 0xd65e, 0xd67e, 0xd67e, 0xce7e, 0xce5e, 0xc65e, 0xc65e, 0xc65e, 0xc65e, 0xce5e, 0xce5e, 0xce5e, 0xc65e, 
	0xce7e, 0xce7e, 0xce7e, 0xce7e, 0xd67e, 0xd65e, 0xd65e, 0xd65e, 0xd65e, 0xd67f, 0xd67f, 0xce7f, 0xbe5e, 0xb61e, 0xae1d, 0xadfe, 
	0xa5bd, 0xa5be, 0x84da, 0x84b9, 0xa5fe, 0x955c, 0x9ddd, 0xa61e, 0x95bd, 0x9ddd, 0xa61e, 0xa61e, 0xa61e, 0xa61e, 0xa63e, 0xae5e, 
	0xbedf, 0xbedf, 0xbebf, 0xbebf, 0xc6ff, 0xcf3f, 0xc73f, 0xc6ff, 0x9dfd, 0x9ddd, 0x95bd, 0x9dde, 0x9dde, 0x95bd, 0x95dd, 0x9dfe, 
	0x9ddc, 0x959a, 0x959a, 0xa61b, 0xc6be, 0xdf5f, 0xe79f, 0xe77f, 0xe79f, 0xef9f, 0xefbf, 0xef9f, 0xef9f, 0xefbf, 0xefbf, 0xe79f, 
	0xcf1f, 0xbebf, 0xae5e, 0x9e3d, 0x961d, 0x8ddd, 0x8ddd, 0x95fe, 0x9e1f, 0x9e1f, 0xa61f, 0xa61f, 0xa61f, 0x9e1f, 0x9e1f, 0x9e1f, 
	0x8d9d, 0x8dbe, 0x95de, 0x95de, 0x95de, 0xa5ff, 0xae5f, 0xbe9f, 0xadfe, 0xadfe, 0xb5fe, 0xb61f, 0xbe5f, 0xc67f, 0xbe3f, 0xadfe, 
	0xa5be, 0xa5de, 0xadde, 0xadde, 0xa5de, 0xa5de, 0xa5de, 0xadde, 0xa5be, 0xa5be, 0xa5be, 0xa5be, 0xa5be, 0xa5be, 0xa5be, 0xa5be, 
	0xa5be, 0xa5de, 0xa5de, 0xa5de, 0x9dfd, 0x9dfd, 0x9dfd, 0x9dfe, 0x9dde, 0xa5ff, 0xa5bf, 0x8cdd, 0x6b99, 0x52b6, 0x5276, 0x5276, 
	0x5275, 0x41f3, 0x6b58, 0x6b58, 0x4a74, 0x4a95, 0x4a74, 0x5ad6, 0x5274, 0x5a95, 0x5254, 0x4a13, 0x4a33, 0x4a33, 0x4212, 0x4233, 
	0x5293, 0x4a73, 0x4232, 0x52b4, 0x845a, 0xb5df, 0xad9e, 0x8459, 0xa57d, 0xb5ff, 0xad9e, 0x9d3c, 0xadde, 0xbe3f, 0xb61f, 0xadde, 
	0xae1e, 0xb63f, 0xb65f, 0xb65f, 0xbe5f, 0xbe7f, 0xbe7f, 0xbe5f, 0xcebf, 0xbe5f, 0xbe3f, 0xbe1f, 0xbe1e, 0xc65f, 0xbe1f, 0xa55c, 
	0x94da, 0x8418, 0x5293, 0x5ad4, 0x5a94, 0x5275, 0x5214, 0x5235, 0x5a76, 0x5215, 0x5215, 0x5a56, 0x5a76, 0x5a75, 0x5a96, 0x6af7, 
	0x62f6, 0x841a, 0xbddf, 0xbdff, 0xb5bf, 0xb59e, 0x8c5a, 0x6b76, 0x8c5a, 0xa53d, 0xb59f, 0xad7e, 0xad5d, 0xad7d, 0xa51b, 0x8c57, 
	0x9495, 0x8c12, 0xbdb9, 0xffdf, 0xffdf, 0xf77f, 0xf7bf, 0xf7bf, 0xf79f, 0xef7f, 0xef5f, 0xe73f, 0xdefe, 0xdede, 0xce9d, 0xc63c, 
	0xbddb, 0xb59a, 0xb599, 0xad38, 0xc63c, 0xe71f, 0xc61c, 0xb57a, 0xad5b, 0xad5b, 0xad3b, 0xad3b, 0xa4fa, 0x9cb9, 0x9498, 0x9cd9, 
	0xc51b, 0xcd3b, 0xcd3b, 0xcd3b, 0xd57c, 0xcd7c, 0xcd5c, 0xd57c, 0xd57c, 0xd57c, 0xd57c, 0xd57c, 0xd57c, 0xcd7c, 0xcd5c, 0xcd5c, 
	0xd59d, 0xd5dd, 0xde3e, 0xeebf, 0xf71f, 0xf71f, 0xf73e, 0xf73e, 0xf75e, 0xff9f, 0xffbf, 0xff5f, 0xeede, 0xde7d, 0xde7d, 0xe69e, 
	0xe67e, 0xde3d, 0xde1d, 0xde1d, 0xde1d, 0xde1d, 0xde3d, 0xe67e, 0xe65e, 0xe67e, 0xee9f, 0xee9f, 0xee9f, 0xee9f, 0xee9f, 0xee9f, 
	0xe69e, 0xe69e, 0xe69e, 0xe69e, 0xe6be, 0xe6be, 0xe6be, 0xe6be, 0xeedf, 0xeedf, 0xe6df, 0xe6be, 0xe6be, 0xe6be, 0xe69e, 0xe69e, 
	0xde9e, 0xde9e, 0xde9e, 0xde9e, 0xde9e, 0xd67e, 0xd67e, 0xd67e, 0xce7f, 0xce7e, 0xce5e, 0xce5e, 0xce5e, 0xce5e, 0xce5e, 0xc65e, 
	0xc67e, 0xce7e, 0xce7e, 0xce7e, 0xd67e, 0xd67e, 0xde5e, 0xde5e, 0xde5e, 0xd65e, 0xce5e, 0xce5e, 0xc65f, 0xbe3e, 0xb61d, 0xaddd, 
	0xaddd, 0xb63f, 0x7c58, 0x7c78, 0xb63f, 0x9d9c, 0x9ddd, 0xa61e, 0xa61d, 0xa61e, 0xae3e, 0xae3e, 0xa63e, 0xa63e, 0xae3e, 0xae5e, 
	0xb67e, 0xb69e, 0xbe9e, 0xbebe, 0xbebf, 0xbedf, 0xc71f, 0xc73f, 0xb6bf, 0xa63e, 0x95dc, 0x95dd, 0x9dfd, 0x9e1e, 0x9e1e, 0x9e1e, 
	0x959b, 0xa63c, 0xb67d, 0xbe9d, 0xcf1f, 0xe7bf, 0xefdf, 0xe79f, 0xef9f, 0xef9f, 0xefbf, 0xefbf, 0xe77e, 0xe79f, 0xef9f, 0xdf7f, 
	0xcf1f, 0xb69f, 0xa63d, 0x9e1d, 0x961d, 0x8dfd, 0x8ddd, 0x8dfe, 0x9e3f, 0x9e1f, 0x9dff, 0x9e1f, 0xa63f, 0xa65f, 0xa63f, 0x9e3f, 
	0x8dde, 0x859d, 0x8dde, 0x9dff, 0x95de, 0x9dde, 0xae1f, 0xae3f, 0xb63f, 0xb61f, 0xb61f, 0xb5fe, 0xbe1f, 0xbe3f, 0xbe1f, 0xadde, 
	0xadde, 0xadde, 0xadde, 0xadde, 0xadde, 0xadde, 0xadde, 0xadde, 0xadde, 0xa5be, 0xa5be, 0xadde, 0xadde, 0xadde, 0xa5be, 0xadde, 
	0xa59d, 0xadde, 0xa5de, 0x9dbd, 0x9dfe, 0x9dfe, 0x9dfe, 0x9dfe, 0xa5ff, 0xa61f, 0xadff, 0x8cdd, 0x6338, 0x4a55, 0x5256, 0x5a76, 
	0x4a35, 0x4a34, 0x4a34, 0x4a75, 0x52b6, 0x52b5, 0x5295, 0x5ad6, 0x5ab5, 0x4a13, 0x41d1, 0x41f2, 0x4212, 0x4212, 0x4a94, 0x6356, 
	0x4ab3, 0x5b55, 0x7c19, 0x94fc, 0xa57e, 0xadbf, 0xadbf, 0xadbe, 0xadde, 0xadde, 0xadde, 0xa5de, 0xadde, 0xadde, 0xadfe, 0xadfe, 
	0xa5fd, 0xadfe, 0xae1e, 0xb63f, 0xb65f, 0xb65f, 0xb63f, 0xb63f, 0xbe5f, 0xbe3f, 0xb5fe, 0xb5ff, 0xbe3f, 0xad7d, 0x8c99, 0x8cb9, 
	0x8c99, 0x73b6, 0x4251, 0x5293, 0x62f6, 0x5254, 0x5254, 0x5235, 0x5235, 0x5a56, 0x5a76, 0x5a76, 0x5a76, 0x5a76, 0x62b7, 0x62d7, 
	0x5295, 0x6337, 0xad5f, 0xbddf, 0x8c7b, 0x73b7, 0x73b7, 0x8c5a, 0x8c5b, 0xa51e, 0xa4fd, 0x83f8, 0x8c39, 0x9479, 0x7bb6, 0x7393, 
	0x7370, 0xad36, 0xffbf, 0xffff, 0xf77f, 0xffdf, 0xffdf, 0xef5f, 0xef5f, 0xef5f, 0xe73f, 0xdeff, 0xd69e, 0xce5d, 0xbddc, 0xad5a, 
	0xad5a, 0xbdbb, 0xa518, 0xa4f7, 0xce3c, 0xd69e, 0xbddb, 0xb57a, 0xb57b, 0xb57c, 0xad3b, 0x9cda, 0x94b9, 0x9cb9, 0x94b8, 0x9498, 
	0xcd3b, 0xcd5c, 0xcd3b, 0xcd3b, 0xd57c, 0xcd7c, 0xcd5c, 0xcd7c, 0xd59d, 0xd59d, 0xd57c, 0xcd5c, 0xcd5c, 0xcd5c, 0xcd5c, 0xcd3c, 
	0xcd7c, 0xcd7c, 0xd5dd, 0xde3e, 0xeebe, 0xeefe, 0xf71e, 0xf75f, 0xff9f, 0xffbf, 0xff9f, 0xf73f, 0xe6be, 0xde5d, 0xde3d, 0xde3d, 
	0xe67e, 0xe65e, 0xe65e, 0xe67e, 0xee9f, 0xe67e, 0xde3d, 0xde3d, 0xde5d, 0xe65d, 0xe67e, 0xee9f, 0xee9f, 0xee9f, 0xee9f, 0xee9f, 
	0xe69e, 0xe69e, 0xe69e, 0xe6be, 0xe6be, 0xeebe, 0xeebe, 0xeebe, 0xeedf, 0xeedf, 0xe6de, 0xe6be, 0xe6be, 0xe6be, 0xe6be, 0xe6be, 
	0xe69e, 0xe69e, 0xde9e, 0xde9e, 0xde9e, 0xde9e, 0xd67e, 0xd67e, 0xd69e, 0xd67e, 0xce7e, 0xce7e, 0xce7e, 0xce7e, 0xce7e, 0xce5e, 
	0xce7e, 0xce7e, 0xce7e, 0xd67e, 0xd67e, 0xd67e, 0xde5e, 0xde5e, 0xde5e, 0xd65e, 0xd65e, 0xce5e, 0xce7e, 0xc65e, 0xbe3e, 0xbe1e, 
	0xc67f, 0xad9c, 0x4a90, 0x4ad1, 0xaddd, 0xb61e, 0xae3e, 0x9dbc, 0xae5e, 0xae5e, 0xb67e, 0xae5e, 0xae5e, 0xae5e, 0xae5e, 0xb65e, 
	0xb67e, 0xb69d, 0xb69d, 0xbe9d, 0xbebe, 0xbedf, 0xc6ff, 0xcf3f, 0xbedf, 0xb69e, 0xa63e, 0xa63e, 0xa65e, 0xa65e, 0xa65f, 0xa65e, 
	0xae7e, 0xbede, 0xcf1f, 0xd73f, 0xdf9f, 0xefff, 0xf7ff, 0xefbf, 0xef9f, 0xef9f, 0xefbf, 0xefbf, 0xe75e, 0xe77e, 0xe77f, 0xd73f, 
	0xceff, 0xb69f, 0xa63d, 0x9e3e, 0x9e3e, 0x961e, 0x8e1e, 0x961f, 0x9e5f, 0x9e3f, 0x9dff, 0x95ff, 0x9dff, 0x9e1f, 0x9e3f, 0x9e3f, 
	0x8dde, 0x859d, 0x8dbe, 0x95fe, 0x95de, 0x9dde, 0xae1f, 0xae3f, 0xb61f, 0xb61f, 0xb61e, 0xb5fe, 0xb61f, 0xbe3f, 0xb61e, 0xadde, 
	0xadde, 0xadde, 0xadde, 0xadde, 0xadde, 0xadde, 0xadde, 0xadde, 0xadde, 0xadbe, 0xadbe, 0xadde, 0xadde, 0xadde, 0xadde, 0xadde, 
	0xadde, 0xa5be, 0xa5be, 0xae1f, 0xae1f, 0xa5fe, 0xa5fe, 0xa61f, 0x84fb, 0x8cfc, 0x8cfd, 0x7c3b, 0x6317, 0x5276, 0x5276, 0x5256, 
	0x4a34, 0x5255, 0x4a54, 0x5275, 0x52b5, 0x4a95, 0x4a94, 0x5ad5, 0x5274, 0x5274, 0x62f5, 0x7bb8, 0x8c5a, 0x8c9b, 0x94fd, 0xa59e, 
	0xa59e, 0xa5be, 0xaddf, 0xadff, 0xb5ff, 0xadff, 0xadff, 0xadff, 0xadde, 0xa5fe, 0xa5fe, 0xa5de, 0xa5fe, 0xa5fe, 0xadfe, 0xa5fe, 
	0xae1e, 0xa5fe, 0xa5dd, 0xa5dd, 0xa5de, 0xadfe, 0xadfe, 0xadfe, 0xb5fe, 0xadde, 0x8c99, 0x6354, 0x73b6, 0x8cba, 0x94ba, 0x8458, 
	0x6b75, 0x6b76, 0x6b97, 0x843a, 0x83f9, 0x5ab5, 0x4a34, 0x5a75, 0x62b7, 0x5a56, 0x5a56, 0x6297, 0x5a96, 0x5235, 0x5a96, 0x6b38, 
	0x62f7, 0x6b58, 0x8c5b, 0x83f9, 0x7398, 0x8c5a, 0x8c3a, 0x83f9, 0x841a, 0x7bd9, 0x7377, 0x6b35, 0x7376, 0x6b34, 0x62f3, 0x83f5, 
	0xbdd9, 0xef3d, 0xffdf, 0xef5e, 0xffdf, 0xffff, 0xe71e, 0xe73e, 0xdedd, 0xdf1e, 0xdede, 0xd6be, 0xce5d, 0xbddd, 0xbdbd, 0xad5b, 
	0xad5a, 0x9496, 0x9cd7, 0xce5d, 0xef3f, 0xce5d, 0xad7a, 0xad5a, 0xad3b, 0xa51a, 0x9cda, 0x9499, 0x9499, 0x9cb9, 0x94b8, 0x9477, 
	0xc53b, 0xcd5c, 0xcd5c, 0xcd5c, 0xd57c, 0xd57c, 0xcd5c, 0xd57c, 0xddbd, 0xd59d, 0xd57c, 0xcd5c, 0xcd5c, 0xcd5c, 0xcd5c, 0xcd3c, 
	0xc53c, 0xc53b, 0xc55b, 0xd5bc, 0xde1d, 0xe67d, 0xeede, 0xf71f, 0xf71f, 0xf73f, 0xf71f, 0xeede, 0xe69e, 0xde5d, 0xde3d, 0xde3e, 
	0xde3d, 0xde1d, 0xde3d, 0xee9f, 0xf6df, 0xeedf, 0xe69e, 0xde5d, 0xde5d, 0xde5d, 0xe65d, 0xe67e, 0xee9e, 0xee9f, 0xee9f, 0xeebf, 
	0xee9e, 0xee9e, 0xeebe, 0xeebe, 0xeebe, 0xeebe, 0xeebe, 0xeebe, 0xeedf, 0xeedf, 0xeede, 0xeede, 0xeede, 0xeede, 0xe6de, 0xe6de, 
	0xe6be, 0xe6be, 0xe6be, 0xe6be, 0xdebe, 0xde9e, 0xde9e, 0xd69e, 0xd69e, 0xd69e, 0xd69e, 0xd69e, 0xd69e, 0xd69e, 0xd67e, 0xce7e, 
	0xce7e, 0xce7e, 0xce7e, 0xd67e, 0xd67e, 0xd67e, 0xd67e, 0xde7e, 0xd65e, 0xd65e, 0xd67e, 0xd67e, 0xce5e, 0xce5e, 0xc67e, 0xc67f, 
	0xc67f, 0xc67f, 0x7c15, 0x73d4, 0xbe3e, 0xadfc, 0xb65e, 0xbe7e, 0xb67e, 0xb67e, 0xb67e, 0xb67e, 0xae5e, 0xae5e, 0xae5e, 0xb65e, 
	0xb69e, 0xb67d, 0xb67d, 0xb67d, 0xbe9d, 0xbebe, 0xc6df, 0xcf1f, 0xc71f, 0xc6df, 0xbedf, 0xbedf, 0xb6bf, 0xb69f, 0xb69f, 0xb6bf, 
	0xc71f, 0xcf5f, 0xdf7f, 0xe7bf, 0xefdf, 0xefdf, 0xefdf, 0xef9f, 0xef9f, 0xef9f, 0xf7bf, 0xefbf, 0xe77f, 0xe77f, 0xe79f, 0xd75f, 
	0xc6df, 0xb69f, 0xa65e, 0xa65e, 0x9e5e, 0x963e, 0x8e1e, 0x961e, 0x9e5f, 0x9e3f, 0x9e1f, 0x95ff, 0x95fe, 0x95fe, 0x961e, 0x963f, 
	0x8dbe, 0x859d, 0x8dbe, 0x95fe, 0x95de, 0x9dfe, 0xae1f, 0xae1f, 0xae1e, 0xb61e, 0xb61e, 0xb5fe, 0xb61e, 0xb61f, 0xb61e, 0xadfe, 
	0xadde, 0xadde, 0xadde, 0xadde, 0xadde, 0xadde, 0xadde, 0xadde, 0xadde, 0xadde, 0xadde, 0xadde, 0xadde, 0xadde, 0xadde, 0xadde, 
	0xb61f, 0xadbe, 0xaddf, 0xadff, 0xa5be, 0xa5be, 0xa5be, 0x953d, 0x4af4, 0x52f5, 0x5b16, 0x5af6, 0x52b5, 0x52b6, 0x5ab6, 0x5255, 
	0x4a34, 0x5295, 0x52b5, 0x52b5, 0x52d5, 0x4ab4, 0x4a94, 0x52d5, 0x7bf9, 0x843a, 0x9cdc, 0xad7e, 0xb5df, 0xb5df, 0xaddf, 0xadff, 
	0xb65f, 0xb63f, 0xae1f, 0xadff, 0xa5de, 0xa5de, 0xa5de, 0xadfe, 0xa5fe, 0xa5fe, 0xa5fe, 0xa5fe, 0xa5fe, 0xa5fe, 0xa5fd, 0xa5fe, 
	0xae1e, 0xa5fe, 0xa5dd, 0xa5dd, 0xa5de, 0xadfe, 0xadfe, 0xb61f, 0xb61f, 0x94fb, 0x5b13, 0x3a30, 0x4a92, 0x6355, 0x73b6, 0x7bf7, 
	0x8459, 0x8c9a, 0xb59f, 0xd69f, 0xd67f, 0xa4dd, 0x6b17, 0x5ab6, 0x5255, 0x5235, 0x5a75, 0x5a96, 0x5a96, 0x5234, 0x5255, 0x5ab6, 
	0x5295, 0x5ad5, 0x7377, 0x7398, 0x7bb8, 0x83f9, 0x7397, 0x6b57, 0x6b36, 0x62d5, 0x62d5, 0x62f5, 0x6b15, 0x6313, 0x83d6, 0xc5fd, 
	0xffdf, 0xef5e, 0xf79f, 0xffdf, 0xffdf, 0xef7f, 0xd69d, 0xce7c, 0xd6bd, 0xdefe, 0xce7d, 0xc61c, 0xb59b, 0x9cd9, 0xa4fa, 0x9cb8, 
	0x9cb7, 0x9cd7, 0xc61c, 0xf79f, 0xffbf, 0xe71f, 0xce3d, 0xb57a, 0xbdbc, 0xad5b, 0x9cda, 0x9cda, 0xa4fa, 0x9cfa, 0x9cb9, 0x9498, 
	0xc51b, 0xcd5c, 0xcd5c, 0xcd5c, 0xd57c, 0xd57c, 0xd57c, 0xd59d, 0xd5bd, 0xd59d, 0xd57c, 0xcd5c, 0xcd5c, 0xcd5c, 0xcd3c, 0xcd3c, 
	0xcd5c, 0xc53b, 0xc53b, 0xcd7b, 0xcd9b, 0xd5fc, 0xde5d, 0xe69e, 0xe69d, 0xe69d, 0xe67d, 0xe67d, 0xe65d, 0xe65e, 0xe65e, 0xe65e, 
	0xde3d, 0xde3d, 0xde3d, 0xe67e, 0xeebf, 0xeedf, 0xeedf, 0xeebe, 0xe67d, 0xe67d, 0xe67d, 0xe67e, 0xee9e, 0xee9f, 0xeebf, 0xeebf, 
	0xee9e, 0xeebe, 0xeebe, 0xeebe, 0xeebe, 0xeebf, 0xeebf, 0xeedf, 0xeedf, 0xeedf, 0xeedf, 0xeede, 0xeede, 0xeede, 0xeefe, 0xeeff, 
	0xeedf, 0xeedf, 0xe6df, 0xe6df, 0xe6df, 0xe6be, 0xdebe, 0xdebe, 0xdebe, 0xde9e, 0xd69e, 0xd69e, 0xd69e, 0xd69e, 0xd69e, 0xd69e, 
	0xce9e, 0xce9e, 0xd69e, 0xd69e, 0xd69e, 0xd67e, 0xd67e, 0xd67e, 0xd65d, 0xd67e, 0xd67e, 0xd67e, 0xce5e, 0xce5e, 0xce7f, 0xd69f, 
	0xce7e, 0xdeff, 0x9d19, 0x94d7, 0xdf3f, 0xc67e, 0xb65d, 0xb63c, 0xbe7e, 0xb67e, 0xb67e, 0xb67e, 0xb65e, 0xb65e, 0xae5e, 0xae5e, 
	0xb67e, 0xb67e, 0xb65d, 0xb65d, 0xb65d, 0xbe7e, 0xc6bf, 0xc6ff, 0xc6ff, 0xc6ff, 0xc6ff, 0xc71f, 0xbedf, 0xbebf, 0xbedf, 0xc71f, 
	0xd77f, 0xd75f, 0xdf7f, 0xe7bf, 0xefbf, 0xefbf, 0xef9f, 0xef9f, 0xef7e, 0xe77e, 0xefbf, 0xefdf, 0xe7bf, 0xe79f, 0xdf9f, 0xd75f, 
	0xc6df, 0xb69f, 0xae5e, 0xa65e, 0x9e5e, 0x961e, 0x8dfe, 0x8dfe, 0x8e1f, 0x961f, 0x9e3f, 0x9e3f, 0x961f, 0x8dfe, 0x8dfe, 0x8dfe, 
	0x8dde, 0x85bd, 0x8dde, 0x95de, 0x95de, 0xa5fe, 0xae3f, 0xae1f, 0xadfe, 0xadfe, 0xadfe, 0xadfe, 0xadfe, 0xadfe, 0xadfe, 0xadfe, 
	0xadde, 0xadde, 0xadde, 0xadde, 0xadde, 0xadde, 0xb5de, 0xb5de, 0xadde, 0xadbe, 0xadbe, 0xadbe, 0xadbe, 0xadbe, 0xadde, 0xadde, 
	0xadbe, 0xa59e, 0xa5bf, 0x9d5d, 0x94fc, 0xa59f, 0x9d3e, 0x6bb8, 0x4273, 0x4273, 0x4a74, 0x4a74, 0x4a74, 0x5295, 0x52b5, 0x4a33, 
	0x5274, 0x52b5, 0x52b5, 0x52b5, 0x52f5, 0x5315, 0x5b36, 0x6397, 0x94fc, 0xa53d, 0xad9e, 0xb5df, 0xb5ff, 0xadff, 0xadfe, 0xa5de, 
	0xa5de, 0xa5de, 0xa5de, 0xa5de, 0xa5fe, 0xadfe, 0xae1e, 0xae1f, 0xa5fe, 0xadfe, 0xadfe, 0xadfe, 0xadfe, 0xadfe, 0xa5fe, 0xa5dd, 
	0xadfe, 0xadfe, 0xadfe, 0xae1e, 0xb61f, 0xb61f, 0xadfe, 0xadde, 0xa59d, 0x6bd6, 0x4271, 0x4ab2, 0x6355, 0x73d7, 0x94db, 0xbe1f, 
	0xc65f, 0xbe1f, 0xc65f, 0xc61f, 0xbddf, 0x9cdd, 0x62d5, 0x5254, 0x5234, 0x5a95, 0x62b6, 0x5a95, 0x5a95, 0x62d6, 0x5ad6, 0x5275, 
	0x5ab5, 0x5ab5, 0x5ad5, 0x6316, 0x6b56, 0x6315, 0x62d5, 0x6b36, 0x62d5, 0x62f6, 0x62f5, 0x5a94, 0x7355, 0x9cba, 0xce3f, 0xffdf, 
	0xef5f, 0xe6dd, 0xffbf, 0xf79f, 0xce3c, 0xb599, 0xbdba, 0xc63b, 0xce7c, 0xd6bd, 0xc61b, 0xc61c, 0xbdbb, 0xa4f9, 0xad1b, 0x9c98, 
	0x9496, 0xce3c, 0xffbf, 0xffdf, 0xf77f, 0xef7f, 0xdeff, 0xc5fc, 0xce3e, 0xbdbd, 0xad3b, 0xad3b, 0xad5c, 0xad5b, 0xa51a, 0xa4f9, 
	0xcd3b, 0xcd7c, 0xcd5c, 0xcd5c, 0xd57c, 0xcd7c, 0xcd5c, 0xd59d, 0xd57d, 0xd57c, 0xcd7c, 0xcd7c, 0xcd7c, 0xcd5d, 0xcd5c, 0xcd3c, 
	0xcd5c, 0xcd3c, 0xc53b, 0xcd5b, 0xcd5b, 0xcd7b, 0xd5dc, 0xde1d, 0xe65e, 0xde5d, 0xde3d, 0xde3d, 0xde3d, 0xe63e, 0xe63e, 0xe63e, 
	0xe65e, 0xee7e, 0xee7e, 0xee9e, 0xe69e, 0xee9e, 0xeebe, 0xeede, 0xe69e, 0xe69d, 0xe67d, 0xe67d, 0xe67e, 0xee9e, 0xee9f, 0xee9e, 
	0xeebf, 0xeebe, 0xeebf, 0xeebf, 0xeebf, 0xeedf, 0xeedf, 0xeedf, 0xeedf, 0xeedf, 0xeedf, 0xeeff, 0xeeff, 0xeeff, 0xeeff, 0xeeff, 
	0xeeff, 0xeeff, 0xeeff, 0xeedf, 0xeedf, 0xe6de, 0xe6be, 0xe6be, 0xdebe, 0xdebe, 0xdebe, 0xdebe, 0xdebe, 0xd6be, 0xd69e, 0xd69e, 
	0xd69f, 0xd69f, 0xd69f, 0xd69e, 0xd69e, 0xd69e, 0xd69e, 0xd69e, 0xd69e, 0xd69e, 0xd69e, 0xd67e, 0xce5e, 0xd67e, 0xd69f, 0xd6bf, 
	0xd69e, 0xdeff, 0x9cf7, 0x8c96, 0xe79f, 0xd6ff, 0xc6de, 0xbe7d, 0xbebe, 0xbe9e, 0xbe9e, 0xb67e, 0xb67e, 0xb67e, 0xb67f, 0xb67f, 
	0xbe9f, 0xb67e, 0xb65e, 0xb63d, 0xb63d, 0xb65d, 0xbe9e, 0xc6bf, 0xbe9e, 0xc6bf, 0xc6df, 0xc6df, 0xbebf, 0xbe9f, 0xbedf, 0xcf1f, 
	0xdf7f, 0xdf5f, 0xdf7f, 0xe79f, 0xefbf, 0xefbf, 0xf7bf, 0xf7df, 0xef7e, 0xe77e, 0xefbf, 0xefdf, 0xe79f, 0xdf7f, 0xcf3f, 0xc6ff, 
	0xbebf, 0xb69f, 0xae7f, 0xa67f, 0x9e5e, 0x961e, 0x8dfe, 0x8dfe, 0x8dfe, 0x961f, 0x963f, 0x961f, 0x8dff, 0x8dfe, 0x85fe, 0x8dfe, 
	0x8dfe, 0x8dbe, 0x95de, 0x95fe, 0x9dde, 0xa61f, 0xae3f, 0xae1f, 0xadfe, 0xadfe, 0xadfe, 0xadfe, 0xadfe, 0xadfe, 0xadfe, 0xadfe, 
	0xadde, 0xb5de, 0xb5de, 0xb5de, 0xb5de, 0xb5de, 0xb5de, 0xb5de, 0xadde, 0xadde, 0xadde, 0xb5de, 0xb5de, 0xb5de, 0xadbe, 0xad9d, 
	0xa57d, 0x9d3d, 0xa55e, 0x9d5e, 0x9d3e, 0xad7f, 0x94fe, 0x6337, 0x4253, 0x4a74, 0x5294, 0x4a74, 0x4a94, 0x5af5, 0x6336, 0x5ad5, 
	0x52d5, 0x5af5, 0x52d4, 0x52f5, 0x6377, 0x7419, 0x7c7a, 0x8cfc, 0x9d5d, 0xa59e, 0xadbe, 0xadbe, 0xadde, 0xae1e, 0xa61e, 0xa5fe, 
	0xa5fe, 0xae1f, 0xae1f, 0xae1f, 0xae1f, 0xae1e, 0xae1e, 0xadfe, 0xadfe, 0xadfe, 0xadfe, 0xadfe, 0xadfe, 0xadfe, 0xadfe, 0xadde, 
	0xadfe, 0xadfe, 0xadfe, 0xadfe, 0xadfe, 0xadbd, 0xa57d, 0x9d5c, 0x7417, 0x7c38, 0x8cba, 0xa55d, 0xb5df, 0xbe1f, 0xbe1f, 0xb5ff, 
	0xb5ff, 0xbe1f, 0xbdff, 0x94bb, 0x7bd8, 0x6b77, 0x5294, 0x5ab4, 0x5253, 0x5274, 0x5274, 0x5254, 0x5295, 0x62f6, 0x5ad6, 0x5294, 
	0x5ab5, 0x5af5, 0x5ab4, 0x5ad5, 0x6b36, 0x6b36, 0x62d5, 0x5ab4, 0x5ab5, 0x62d5, 0x6af6, 0x6b36, 0xa4db, 0xe6df, 0xef3f, 0xeeff, 
	0xef3f, 0xf75f, 0xdebe, 0xbd9a, 0xb59a, 0xb59a, 0xa539, 0xbddb, 0xbdda, 0xc63b, 0xc61b, 0xd6be, 0xe6ff, 0xd67f, 0xce5f, 0xbdbc, 
	0xbddb, 0xef5f, 0xffdf, 0xef5f, 0xef3f, 0xdede, 0xce7d, 0xd69f, 0xc5fd, 0xb59c, 0xad5b, 0xb55c, 0xb57c, 0xad7b, 0xad5b, 0xad7a, 
	0xcd5c, 0xd59d, 0xd57c, 0xcd5c, 0xcd7c, 0xcd5c, 0xcd3b, 0xcd5c, 0xcd5c, 0xcd5c, 0xcd5c, 0xd57d, 0xd57d, 0xd57d, 0xcd5d, 0xcd5c, 
	0xcd5c, 0xcd3c, 0xcd3c, 0xcd5c, 0xcd5c, 0xcd5b, 0xcd9c, 0xd5dd, 0xde1e, 0xde1d, 0xde1d, 0xde1d, 0xde1d, 0xe63e, 0xe63e, 0xe63e, 
	0xe63d, 0xee7e, 0xee9f, 0xee9e, 0xeebe, 0xeebe, 0xeedf, 0xeeff, 0xeebe, 0xe69e, 0xe67d, 0xe65d, 0xe67e, 0xee7e, 0xee7e, 0xee7e, 
	0xee9e, 0xee9e, 0xeebf, 0xeebf, 0xeebf, 0xeedf, 0xeedf, 0xeedf, 0xeedf, 0xeedf, 0xeeff, 0xf6ff, 0xeeff, 0xf6ff, 0xeeff, 0xf71f, 
	0xeeff, 0xeeff, 0xeeff, 0xeeff, 0xeeff, 0xeeff, 0xe6df, 0xe6df, 0xe6de, 0xdebe, 0xdebe, 0xdebe, 0xdebe, 0xdebf, 0xdebe, 0xd6bf, 
	0xd69f, 0xd69f, 0xd6bf, 0xd6bf, 0xd6be, 0xd6be, 0xd69e, 0xd69e, 0xd6be, 0xd6be, 0xd69e, 0xd69e, 0xd67e, 0xd67e, 0xd69f, 0xdebf, 
	0xd67e, 0xef3f, 0xad79, 0x8c95, 0xef9f, 0xd6fe, 0xdf3f, 0xdf5f, 0xc6be, 0xbebe, 0xbe9e, 0xbe9e, 0xb69e, 0xb69f, 0xb67f, 0xb67f, 
	0xbe9f, 0xbe7f, 0xb65f, 0xb63e, 0xae1d, 0xb63d, 0xbe5e, 0xbe7e, 0xbe5d, 0xbe7e, 0xbe9e, 0xbe9e, 0xb65e, 0xb65e, 0xbe9f, 0xc6ff, 
	0xd75f, 0xdf3e, 0xdf5e, 0xe77f, 0xef9f, 0xf7bf, 0xf7df, 0xf7df, 0xf7bf, 0xef9f, 0xf7df, 0xefff, 0xdf9f, 0xcf3f, 0xc6df, 0xb69e, 
	0xbe9e, 0xb69f, 0xb69f, 0xae7f, 0x9e5f, 0x963e, 0x963f, 0x963f, 0x8e1f, 0x8e1f, 0x961f, 0x8dff, 0x85de, 0x85de, 0x8e1f, 0x8e3f, 
	0x961f, 0x8dde, 0x95ff, 0x9dff, 0x9dfe, 0xae3f, 0xb65f, 0xae1f, 0xae1e, 0xadfe, 0xadde, 0xadfe, 0xadfe, 0xadfe, 0xadfe, 0xadfe, 
	0xadde, 0xb5de, 0xb5de, 0xb5de, 0xb5de, 0xb5de, 0xb5fe, 0xb5fe, 0xb5fe, 0xb5de, 0xb5de, 0xb5de, 0xb5fe, 0xb5fe, 0xad9d, 0x9d5c, 
	0x8cdb, 0x7c39, 0x845a, 0x94dd, 0x94bd, 0x8c5c, 0x7399, 0x5ab6, 0x5275, 0x62f6, 0x6b58, 0x6b57, 0x6b77, 0x8439, 0x8cbb, 0x847a, 
	0x5b15, 0x6b97, 0x73f8, 0x7c7a, 0x953d, 0x9d9e, 0xa5be, 0xa5de, 0xadff, 0xadff, 0xb61f, 0xadfe, 0xa5fe, 0xa61e, 0xa61d, 0x9dfd, 
	0xa61e, 0xadfe, 0xae1e, 0xadfe, 0xa5fe, 0xa5de, 0xadde, 0xadde, 0xadfe, 0xadfe, 0xadfe, 0xb5fe, 0xb5fe, 0xadde, 0xadde, 0xadde, 
	0xadde, 0xadde, 0xaddd, 0xaddd, 0xadbd, 0xa5bd, 0xa59d, 0xa57c, 0xadde, 0xb5fe, 0xbe1f, 0xb61f, 0xb5df, 0xbe3f, 0xbe5f, 0xb5ff, 
	0xb61f, 0xbe1f, 0xa57d, 0x6bb7, 0x4a92, 0x4252, 0x4211, 0x4a52, 0x5ab4, 0x5273, 0x5a94, 0x6b57, 0x7398, 0x6336, 0x5ad5, 0x5af5, 
	0x62f5, 0x62f5, 0x6315, 0x7397, 0x7397, 0x6315, 0x6b16, 0x6b36, 0x6b37, 0x6af6, 0x6b16, 0x7b97, 0xad1c, 0xe6bf, 0xe6df, 0xd65f, 
	0xef1f, 0xc5bb, 0xa4f8, 0xa4f9, 0xbdbc, 0xbdbc, 0xad5a, 0xad7a, 0xb599, 0xbdfa, 0xd6bd, 0xef5f, 0xf79f, 0xe71f, 0xd65e, 0xc5fc, 
	0xe6ff, 0xffdf, 0xef5f, 0xd6bd, 0xe6fe, 0xdede, 0xce5d, 0xd6bf, 0xbdbc, 0xb57c, 0xad5c, 0xb57c, 0xad7c, 0xad5b, 0xa53a, 0xa539, 
	0xcd5c, 0xd59c, 0xd57c, 0xcd5c, 0xcd5c, 0xcd3b, 0xc53b, 0xcd5c, 0xd57c, 0xcd7c, 0xcd5c, 0xcd5c, 0xcd5d, 0xd57d, 0xcd5d, 0xcd5d, 
	0xd55c, 0xcd3c, 0xcd5c, 0xcd3c, 0xcd3c, 0xc53c, 0xcd7c, 0xd5bd, 0xd5bd, 0xd5dd, 0xd5dd, 0xddfd, 0xddfd, 0xe61d, 0xe61e, 0xe63e, 
	0xde1d, 0xe65e, 0xee7e, 0xee9e, 0xeebe, 0xf6ff, 0xf71f, 0xf71f, 0xeeff, 0xeebe, 0xe69e, 0xe69e, 0xee9e, 0xee9e, 0xee7e, 0xee7e, 
	0xee9e, 0xee9e, 0xee9e, 0xeebf, 0xeebf, 0xeedf, 0xeedf, 0xf6df, 0xeeff, 0xeeff, 0xeeff, 0xf6ff, 0xf6ff, 0xf6ff, 0xf71f, 0xf71f, 
	0xeeff, 0xeeff, 0xeeff, 0xeeff, 0xeeff, 0xeeff, 0xeeff, 0xeeff, 0xe6df, 0xe6df, 0xe6df, 0xe6df, 0xdedf, 0xdedf, 0xdedf, 0xdebf, 
	0xd6bf, 0xd6bf, 0xd6bf, 0xd6bf, 0xd6bf, 0xd6be, 0xcebe, 0xcebe, 0xcebe, 0xce9e, 0xce7e, 0xce7e, 0xd67e, 0xd67e, 0xde9f, 0xde9f, 
	0xdebe, 0xef3f, 0xa517, 0x8454, 0xf7df, 0xdf5f, 0xdf5f, 0xd71f, 0xcefe, 0xc6de, 0xbebe, 0xbe9e, 0xbe9f, 0xbe9f, 0xbe9f, 0xb67f, 
	0xbe9f, 0xbe7f, 0xb65f, 0xae1e, 0xae1e, 0xb61e, 0xb63e, 0xbe5e, 0xbe5e, 0xbe7e, 0xc69f, 0xbe7f, 0xb65e, 0xb63d, 0xb65e, 0xc6be, 
	0xd71e, 0xd71e, 0xdf3e, 0xe75e, 0xef7e, 0xf79f, 0xf79f, 0xef9f, 0xef9f, 0xe77f, 0xef9f, 0xe7bf, 0xd75f, 0xc6ff, 0xbedf, 0xb69e, 
	0xb67e, 0xb69f, 0xb69f, 0xae7f, 0x9e5f, 0x963e, 0x963f, 0x963f, 0x8e1f, 0x8e1f, 0x8dff, 0x8ddf, 0x85de, 0x85fe, 0x861f, 0x8e3f, 
	0x963f, 0x961f, 0x9e1f, 0x9e1f, 0x9dff, 0xae3f, 0xb65f, 0xae1f, 0xb61f, 0xadde, 0xa5dd, 0xadde, 0xadfe, 0xadfe, 0xa5fe, 0xadfe, 
	0xadde, 0xb5de, 0xb5de, 0xb5de, 0xb5de, 0xb5fe, 0xb5fe, 0xb5fe, 0xb5ff, 0xb5fe, 0xb5de, 0xb5de, 0xb5fe, 0xb5de, 0xa55c, 0x8cba, 
	0x7c39, 0x6376, 0x5b36, 0x6b98, 0x6b78, 0x5ab6, 0x5276, 0x62b7, 0x83db, 0x947d, 0xa51f, 0x9cfe, 0x94fc, 0xa57e, 0xadbe, 0x9d5c, 
	0x7c59, 0x94fc, 0x9d7e, 0xaddf, 0xb65f, 0xb65f, 0xae1f, 0xae1f, 0xa5de, 0xadfe, 0xadfe, 0xae1e, 0xae3e, 0xa63e, 0xa63e, 0xae5e, 
	0xa5fd, 0xa5fe, 0xadfe, 0xadfe, 0xadfe, 0xadfe, 0xb61e, 0xb61f, 0xb5fe, 0xb5fe, 0xb5fe, 0xb5de, 0xb5de, 0xb5de, 0xb5de, 0xb5de, 
	0xadde, 0xaddd, 0xaddd, 0xaddd, 0xaddd, 0xadfe, 0xb5fe, 0xb5fe, 0xb61f, 0xadde, 0xb61f, 0xbe5f, 0xb61f, 0xb5ff, 0xb5de, 0xa57d, 
	0x8499, 0x7c59, 0x5b54, 0x4ab3, 0x5af4, 0x6b96, 0x8c5a, 0x9cdc, 0x8c5a, 0x8419, 0x947b, 0xad5e, 0xad5f, 0x949c, 0x8c3a, 0x947b, 
	0x949b, 0x7bd8, 0x7397, 0x8c3a, 0x83f9, 0x7397, 0x947b, 0xa4dd, 0x943b, 0x7b78, 0x7336, 0x6af5, 0x7b76, 0xa4da, 0xc5bd, 0xd65f, 
	0xa4b8, 0x83d5, 0xa4d9, 0xbdbd, 0xad3c, 0xa51a, 0xb57b, 0xbdfc, 0xbe1b, 0xc63b, 0xef5f, 0xef5f, 0xdefe, 0xd67d, 0xb57a, 0xbdba, 
	0xef3f, 0xf79f, 0xe71e, 0xce7b, 0xd69c, 0xd6bd, 0xce3c, 0xbddb, 0xb57b, 0xb57b, 0xad5b, 0xad3b, 0xad3b, 0xa53a, 0x9cf9, 0x94b7, 
	0xcd3b, 0xd57c, 0xd57c, 0xcd5c, 0xcd5c, 0xcd5c, 0xcd3b, 0xd57c, 0xd59d, 0xd57c, 0xcd5c, 0xcd5c, 0xcd5c, 0xcd5c, 0xcd7d, 0xd57d, 
	0xd57d, 0xd55c, 0xcd5c, 0xcd3c, 0xcd3c, 0xc51c, 0xcd5c, 0xd59d, 0xd5bd, 0xd5bd, 0xd5bd, 0xddbd, 0xdddd, 0xdddd, 0xdddd, 0xdddd, 
	0xe65e, 0xe65e, 0xe65e, 0xe65d, 0xe67e, 0xeedf, 0xf6ff, 0xf6ff, 0xf71f, 0xf6df, 0xeebe, 0xeebe, 0xeebe, 0xeebf, 0xeebe, 0xee9e, 
	0xe69e, 0xee9e, 0xee9e, 0xeebe, 0xeebf, 0xeedf, 0xeedf, 0xeeff, 0xeeff, 0xeeff, 0xeeff, 0xeeff, 0xf6ff, 0xf6ff, 0xeeff, 0xf71f, 
	0xeeff, 0xeeff, 0xeeff, 0xeeff, 0xeeff, 0xeeff, 0xeeff, 0xeeff, 0xeeff, 0xe6ff, 0xe6df, 0xe6df, 0xe6df, 0xe6df, 0xe6df, 0xdedf, 
	0xdebf, 0xdebf, 0xd6bf, 0xd6bf, 0xd6be, 0xd6be, 0xd6be, 0xcebe, 0xce7e, 0xce7d, 0xce5d, 0xce5d, 0xce5e, 0xd67e, 0xd67f, 0xd67e, 
	0xdebe, 0xef5f, 0xad78, 0x8c54, 0xf7bf, 0xdf1f, 0xe77f, 0xe77f, 0xdf3f, 0xd71f, 0xceff, 0xc6df, 0xc6df, 0xc6bf, 0xc6bf, 0xbe9f, 
	0xbe9f, 0xbe9f, 0xb65f, 0xb63e, 0xadfe, 0xb5fd, 0xb61e, 0xbe3e, 0xc67e, 0xc69f, 0xc6bf, 0xc6bf, 0xbe7e, 0xb63d, 0xb65e, 0xbe9e, 
	0xcefe, 0xd73e, 0xdf5f, 0xe77f, 0xe77f, 0xefbf, 0xef9f, 0xe75e, 0xdf1e, 0xd6fe, 0xd71f, 0xd73f, 0xceff, 0xbebf, 0xbebf, 0xbe9f, 
	0xb67e, 0xb69f, 0xb69f, 0xae7f, 0x9e5e, 0x963e, 0x8e1e, 0x8e1f, 0x8e1f, 0x8e1f, 0x8dff, 0x8dff, 0x8dff, 0x85ff, 0x85fe, 0x8dfe, 
	0x9e5f, 0x9e3f, 0x9e3f, 0x9e1f, 0xa61f, 0xae5f, 0xb67f, 0xae3f, 0xb63f, 0xadde, 0xa5bd, 0xadde, 0xadfe, 0xadfe, 0xadde, 0xadde, 
	0xb5de, 0xb5de, 0xb5de, 0xb5de, 0xb5de, 0xb5de, 0xb5fe, 0xb5fe, 0xbdff, 0xb5fe, 0xb5de, 0xb5de, 0xb5de, 0xadbe, 0x9cfb, 0x8458, 
	0x849a, 0x7419, 0x6376, 0x6336, 0x6337, 0x62f6, 0x7358, 0x943c, 0x83da, 0x9cbd, 0xb57f, 0xb59f, 0xad9e, 0xb5ff, 0xb63f, 0xa59d, 
	0xadff, 0xbe3f, 0xb65f, 0xae1f, 0xae1f, 0xa61e, 0xa5fe, 0xae1e, 0xae1e, 0xadfe, 0xadfe, 0xae1e, 0xae1e, 0xa5fd, 0xa61d, 0xae3e, 
	0xa5fd, 0xadfe, 0xae1e, 0xadfe, 0xadfe, 0xadfe, 0xadde, 0xadfe, 0xb5fe, 0xb5fe, 0xb5fe, 0xb5de, 0xb5de, 0xb5de, 0xb5de, 0xb5de, 
	0xb5fe, 0xb5fe, 0xb5fe, 0xb5fe, 0xb5fe, 0xb61e, 0xb5fe, 0xb5fe, 0xb61f, 0xadbd, 0xadde, 0xb5fe, 0xadde, 0xb61f, 0xb5de, 0x951a, 
	0x7c38, 0x8479, 0x7c58, 0x9d3b, 0xb5de, 0xb5de, 0xc63f, 0xc63f, 0xc61f, 0xbdff, 0xc61f, 0xc63f, 0xbe1f, 0xb5bf, 0xbddf, 0xc61f, 
	0xb59f, 0xa51d, 0x949b, 0xa4fc, 0xad3d, 0xbdbf, 0xc61f, 0xa4bc, 0x83d9, 0x7357, 0x7b77, 0x7b77, 0x7b76, 0x8bf7, 0x8bf7, 0x8bf6, 
	0x7bb4, 0xa4d9, 0xb57c, 0xad5b, 0xc61e, 0xdedf, 0xce5f, 0xce5d, 0xce9d, 0xce9d, 0xf7bf, 0xe71e, 0xce5c, 0xc61b, 0xad59, 0xce1c, 
	0xef3f, 0xdede, 0xdede, 0xd6bd, 0xc61b, 0xb5ba, 0xad59, 0x9cd8, 0xa4f9, 0xa51a, 0xa51a, 0xa4fa, 0xa51a, 0xa53a, 0x9cf9, 0x9477, 
	0xcd5b, 0xd59c, 0xcd7c, 0xcd5c, 0xcd7c, 0xcd5c, 0xcd5c, 0xd59c, 0xd59d, 0xd59d, 0xd59c, 0xd57c, 0xcd7c, 0xcd5c, 0xcd5b, 0xcd3b, 
	0xcd3c, 0xcd5c, 0xd55d, 0xd55c, 0xcd3c, 0xcd1c, 0xcd3c, 0xcd3c, 0xd57c, 0xd59d, 0xddbd, 0xddbd, 0xd5bd, 0xd5bd, 0xd5dd, 0xdddd, 
	0xd5dc, 0xe61d, 0xee9f, 0xf6df, 0xf6df, 0xf6bf, 0xee9f, 0xee9e, 0xff1f, 0xff1f, 0xff3f, 0xf71f, 0xf6ff, 0xeede, 0xeebd, 0xeebe, 
	0xf6ff, 0xe69e, 0xe67d, 0xe69e, 0xeedf, 0xeedf, 0xeede, 0xeeff, 0xeefe, 0xeefe, 0xeeff, 0xf71f, 0xf71f, 0xf71f, 0xeeff, 0xeefe, 
	0xeeff, 0xeefe, 0xeefe, 0xeeff, 0xeeff, 0xf71f, 0xef1f, 0xeeff, 0xeeff, 0xeeff, 0xeeff, 0xe6ff, 0xe6df, 0xe6ff, 0xe6ff, 0xe6ff, 
	0xe6ff, 0xdede, 0xdede, 0xd69d, 0xdedf, 0xd67d, 0xdedf, 0xd6bf, 0xd69e, 0xce3d, 0xbddc, 0xce3e, 0xad5a, 0xb59b, 0xdebf, 0xce3e, 
	0xdebf, 0xe71f, 0xa4f7, 0x8c54, 0xf79f, 0xef3f, 0xef7f, 0xe75f, 0xe75f, 0xe75f, 0xdf1f, 0xe75f, 0xd6ff, 0xdf3f, 0xd6ff, 0xd6ff, 
	0xc69f, 0xbe7f, 0xb65e, 0xb61e, 0xaddd, 0xaddd, 0xb63e, 0xc69f, 0xceff, 0xceff, 0xceff, 0xc6be, 0xbe7e, 0xbe5e, 0xbe5e, 0xbe7e, 
	0xceff, 0xdf7f, 0xdf5f, 0xd71f, 0xe7bf, 0xefbf, 0xd71f, 0xc69d, 0xc69e, 0xbe7d, 0xbe5d, 0xb65d, 0xb67e, 0xbe7e, 0xbe7f, 0xb67f, 
	0xb67f, 0xb69f, 0xae7f, 0xa65e, 0x9e3e, 0x961e, 0x8e1e, 0x8e1f, 0x85ff, 0x85ff, 0x85ff, 0x8dff, 0x8e1f, 0x8e1f, 0x963f, 0x963f, 
	0x9e5f, 0x9e5f, 0x9e5f, 0x9e3f, 0xa65f, 0xae7f, 0xae7f, 0xae5f, 0xa5fe, 0xa5de, 0xadde, 0xadde, 0xb5fe, 0xb5fe, 0xb5fe, 0xb5de, 
	0xb5fe, 0xb5fe, 0xb5fe, 0xb5fe, 0xb5de, 0xb5fe, 0xb5fe, 0xbdfe, 0xbdff, 0xb5fe, 0xb5de, 0xb5de, 0xbdff, 0xb5de, 0xad9d, 0xa55d, 
	0xa53c, 0xa55d, 0xad5d, 0xad7d, 0xad7e, 0xad5d, 0xad5d, 0xad3d, 0xb59e, 0xb5be, 0xb5df, 0xbdff, 0xbdff, 0xb61f, 0xb5ff, 0xb5ff, 
	0xae1f, 0xae1f, 0xae3f, 0xae3f, 0xae3e, 0xae3e, 0xae1e, 0xae1e, 0xae1e, 0xae1e, 0xadfe, 0xae1e, 0xb63e, 0xb63e, 0xae1e, 0xadfe, 
	0xae1e, 0xae1e, 0xae1e, 0xae1e, 0xadfe, 0xae1e, 0xae1e, 0xb61e, 0xb5fe, 0xb5fe, 0xb5fe, 0xb5fe, 0xb5fe, 0xb5fe, 0xb5fe, 0xb5fe, 
	0xb5de, 0xb5de, 0xb5fe, 0xb5fe, 0xb5fe, 0xb5fe, 0xb5fe, 0xb5fe, 0xb61f, 0xadbe, 0xadff, 0xbe3f, 0xb61f, 0xadde, 0xaddd, 0xb5dd, 
	0xb5fe, 0xc65f, 0xbe1e, 0xb5fd, 0xbe1d, 0xc65e, 0xce7f, 0xbdfd, 0xbe3e, 0xbdfe, 0xb5de, 0xbdfe, 0xbdff, 0xbdff, 0xbdff, 0xbe1f, 
	0xb5df, 0xa53c, 0xc61f, 0xbddf, 0xbdff, 0xc5ff, 0xa4fd, 0x8c19, 0x7356, 0x7b97, 0x7377, 0x7336, 0x6af4, 0x7b97, 0x7355, 0x7bb6, 
	0x9497, 0x9cd8, 0xad39, 0xb59b, 0xef5f, 0xf7bf, 0xe71f, 0xce5d, 0xce9d, 0xce7d, 0xce7d, 0xce7d, 0xbddb, 0xad59, 0xb59a, 0xce7e, 
	0xd69f, 0xce3e, 0xbddd, 0xb57b, 0xa51a, 0x9498, 0x9478, 0x9498, 0x9cd9, 0x9cda, 0x9cda, 0x9cda, 0x9cd9, 0x9cb9, 0x9498, 0x9477, 
	0xcd7c, 0xd59d, 0xd59c, 0xcd7c, 0xd59c, 0xcd7c, 0xcd7c, 0xd5bd, 0xd5bd, 0xd59d, 0xd59c, 0xd59c, 0xcd7c, 0xcd7c, 0xcd5c, 0xcd5c, 
	0xcd5c, 0xcd7c, 0xd57d, 0xd55c, 0xcd3c, 0xcd1b, 0xcd1b, 0xcd1c, 0xcd3c, 0xd55c, 0xd59d, 0xddbd, 0xd5bd, 0xd5bd, 0xd5bd, 0xdddd, 
	0xd5bc, 0xdddc, 0xddfd, 0xde1d, 0xe63e, 0xe65e, 0xee7f, 0xee7e, 0xf6df, 0xf6ff, 0xff3f, 0xff3f, 0xf71f, 0xf6fe, 0xeede, 0xeede, 
	0xf73f, 0xf6ff, 0xeede, 0xeede, 0xeede, 0xe6be, 0xe6be, 0xeede, 0xeede, 0xeefe, 0xeeff, 0xef1f, 0xf71f, 0xf71f, 0xef1f, 0xef1f, 
	0xef1f, 0xeefe, 0xeefe, 0xeeff, 0xf71f, 0xf71f, 0xef1f, 0xef1f, 0xeeff, 0xeeff, 0xeeff, 0xeeff, 0xeeff, 0xeeff, 0xeeff, 0xeeff, 
	0xdebe, 0xdede, 0xdede, 0xe71f, 0xe6ff, 0xe6ff, 0xe6ff, 0xe6ff, 0xe71f, 0xce5e, 0xce1d, 0xce3e, 0xbddc, 0xad3a, 0xd69f, 0xd67f, 
	0xce5e, 0xe71f, 0xad38, 0x9cb6, 0xffbf, 0xef5f, 0xef3f, 0xe71e, 0xef5f, 0xef7f, 0xe73f, 0xef7f, 0xdf1f, 0xdf3f, 0xd6ff, 0xd6ff, 
	0xcedf, 0xc69f, 0xbe5e, 0xb63e, 0xb5fd, 0xb61d, 0xbe7e, 0xcedf, 0xd71f, 0xd73f, 0xd73f, 0xceff, 0xc69e, 0xbe5e, 0xb63e, 0xb63d, 
	0xbe7d, 0xd73f, 0xd71f, 0xbe9e, 0xbe9e, 0xc6be, 0xbe7e, 0xbe5e, 0xbe7e, 0xb65e, 0xb63d, 0xb63d, 0xb63e, 0xb65e, 0xb65e, 0xb65e, 
	0xae5e, 0xae7e, 0xa65e, 0x9e3e, 0x961e, 0x95fe, 0x8dfe, 0x8e1f, 0x8dff, 0x85ff, 0x85fe, 0x8dfe, 0x8dff, 0x961f, 0x961f, 0x961e, 
	0x963e, 0x9e5e, 0x9e5e, 0x9e5e, 0x9e5f, 0xa65f, 0xa65f, 0xa63f, 0xa5fe, 0xa5fe, 0xa5de, 0xadde, 0xb5fe, 0xb5fe, 0xbdfe, 0xbdfe, 
	0xb5de, 0xbdfe, 0xbdfe, 0xbdfe, 0xbdfe, 0xbdfe, 0xbdfe, 0xbdfe, 0xbe1f, 0xbdff, 0xbdfe, 0xb5de, 0xb5be, 0xad9d, 0xad7d, 0xad7d, 
	0xa55c, 0xad5d, 0xb59d, 0xb5be, 0xbdde, 0xbdde, 0xbdfe, 0xbdfe, 0xb5bd, 0xb5de, 0xb5de, 0xb5fe, 0xb5ff, 0xb5ff, 0xb5ff, 0xadfe, 
	0xadfe, 0xae1e, 0xae1e, 0xae1e, 0xae1e, 0xae1e, 0xae1e, 0xae1d, 0xae1d, 0xae1d, 0xae1e, 0xb61e, 0xb61e, 0xb61f, 0xb61e, 0xadfe, 
	0xb63f, 0xb63f, 0xb63e, 0xae1e, 0xae1e, 0xae1e, 0xae1e, 0xb61e, 0xadfe, 0xadfe, 0xadfe, 0xb5fe, 0xb5fe, 0xb5fe, 0xb5fe, 0xb5fe, 
	0xb5de, 0xb5df, 0xb5fe, 0xb5fe, 0xb5fe, 0xb5fe, 0xb5fe, 0xadfe, 0xb61f, 0xadfe, 0xadff, 0xadff, 0xadfe, 0xb61e, 0xb61e, 0xb5fd, 
	0xadbc, 0xbe1d, 0xb5dc, 0xbe1d, 0xce9f, 0xd6ff, 0xd6df, 0xb5fc, 0xb5fc, 0xbe1d, 0xc63e, 0xc63e, 0xbe1e, 0xb5dd, 0xbdfe, 0xbe1f, 
	0xc65f, 0xb5de, 0xbe1f, 0xbdff, 0xb5be, 0xad7d, 0x8418, 0x7bd7, 0x947a, 0x7376, 0x62d4, 0x7356, 0x7356, 0x7bd7, 0x7376, 0x8c18, 
	0x9cf9, 0xad59, 0xc61c, 0xdedf, 0xffdf, 0xe73f, 0xd6de, 0xd6be, 0xce5d, 0xc63c, 0xc63c, 0xc61c, 0xbddb, 0xb59a, 0xc61c, 0xd6bf, 
	0xbdfd, 0xb57c, 0xa4fa, 0x94b9, 0x9479, 0x8c58, 0x9479, 0x9499, 0x9499, 0x9499, 0x9499, 0x94b9, 0x94b9, 0x9499, 0x9478, 0x8c57, 
	0xcd7c, 0xd59c, 0xd59c, 0xcd9c, 0xd59c, 0xd59c, 0xcd9c, 0xd5bd, 0xd5bd, 0xd5bd, 0xd5bd, 0xd5bd, 0xd5bd, 0xd59c, 0xcd9c, 0xcd7c, 
	0xd59c, 0xd59d, 0xd59d, 0xd57d, 0xcd3c, 0xcd1b, 0xcd1b, 0xcd1b, 0xcd1b, 0xcd3c, 0xd55c, 0xd57d, 0xd59d, 0xd59d, 0xd5bd, 0xddbd, 
	0xd5bc, 0xd59b, 0xcd9b, 0xd59b, 0xd5dc, 0xddfd, 0xde1d, 0xde3d, 0xe67e, 0xeebf, 0xf6ff, 0xff1f, 0xff3f, 0xf71f, 0xf71f, 0xf6fe, 
	0xf6ff, 0xf6ff, 0xf6ff, 0xeede, 0xe6be, 0xe69d, 0xe6be, 0xeefe, 0xeede, 0xeefe, 0xeeff, 0xf71f, 0xf71f, 0xf71f, 0xf71f, 0xf71f, 
	0xf71f, 0xf71f, 0xef1e, 0xf71f, 0xf71f, 0xf71f, 0xf71f, 0xef1f, 0xef1f, 0xef1f, 0xef1f, 0xeeff, 0xeeff, 0xeeff, 0xeeff, 0xef1f, 
	0xe6fe, 0xe71f, 0xdede, 0xef3f, 0xdede, 0xef5f, 0xe71f, 0xef3f, 0xdedf, 0xc5dc, 0xc5fc, 0xc5dc, 0xce5e, 0xad5a, 0xdebf, 0xce5e, 
	0xb59a, 0xd69e, 0x9496, 0x9474, 0xef5f, 0xef5f, 0xf77f, 0xf79f, 0xef5f, 0xef7f, 0xe75f, 0xef7f, 0xe75f, 0xe77f, 0xdf3f, 0xdf5f, 
	0xd6ff, 0xcedf, 0xc69f, 0xbe5e, 0xbe3d, 0xbe3d, 0xc67e, 0xceff, 0xd71f, 0xdf3f, 0xdf5f, 0xd73f, 0xcedf, 0xc67e, 0xbe3e, 0xb63d, 
	0xbe5e, 0xceff, 0xcedf, 0xb61c, 0xadfc, 0xb61d, 0xb63d, 0xbe5e, 0xbe7e, 0xb65e, 0xb63e, 0xb63e, 0xb65f, 0xb65f, 0xb65f, 0xb65e, 
	0xae5e, 0xae5e, 0xa63e, 0x9e3e, 0x9e1e, 0x95fe, 0x961f, 0x961f, 0x8e1f, 0x8dff, 0x8dfe, 0x8dfe, 0x8dfe, 0x8dfe, 0x961e, 0x961e, 
	0x963e, 0x9e3e, 0x9e5e, 0x9e3e, 0x9e3e, 0x9e3e, 0x9e1e, 0x9dfe, 0xa5fe, 0xa5fe, 0xadde, 0xadfe, 0xb61e, 0xbe1f, 0xbe1e, 0xbdfe, 
	0xb5de, 0xbdfe, 0xbdfe, 0xbdfe, 0xbe1e, 0xbe1e, 0xbe1e, 0xbe1e, 0xc63f, 0xbe1f, 0xbe1f, 0xb5de, 0xb5bd, 0xad9d, 0xad9d, 0xb59d, 
	0xb5bd, 0xb5be, 0xb5be, 0xbdde, 0xbdde, 0xbdfe, 0xbdfe, 0xbdfe, 0xbdde, 0xbdde, 0xbdfe, 0xb5fe, 0xb5fe, 0xb5ff, 0xb5ff, 0xadfe, 
	0xadfe, 0xae1e, 0xae1e, 0xae1e, 0xae1e, 0xae1e, 0xae1e, 0xae1e, 0xb63e, 0xb61e, 0xb61e, 0xb61e, 0xb63f, 0xb63f, 0xb63f, 0xb61f, 
	0xbe5f, 0xb65f, 0xb63f, 0xb61e, 0xb61e, 0xb61e, 0xb61e, 0xb61e, 0xb61e, 0xb61e, 0xb61e, 0xb61e, 0xb5fe, 0xb5fe, 0xb5fe, 0xb5fe, 
	0xb5fe, 0xb5ff, 0xb61e, 0xb61e, 0xb61e, 0xb61e, 0xb61e, 0xae1e, 0xb61f, 0xb61f, 0xb61f, 0xadfe, 0xadfe, 0xbe3f, 0xb63e, 0xadbb, 
	0xb5db, 0xc65d, 0xc65d, 0xd6df, 0xe75f, 0xef9f, 0xe75f, 0xc65d, 0xc67d, 0xd6be, 0xdf1f, 0xdeff, 0xce9f, 0xbe1d, 0xbdfd, 0xbe1e, 
	0xb5fd, 0xbe3e, 0xbe1e, 0xc63f, 0xad9d, 0x9cda, 0x7bb6, 0x949a, 0xa4db, 0x7376, 0x6b14, 0x7376, 0x7355, 0x83d7, 0x8c59, 0xa51b, 
	0xad5a, 0xb5bb, 0xd69e, 0xe73f, 0xef7f, 0xce5d, 0xbdfc, 0xce5d, 0xce5d, 0xc63d, 0xc61c, 0xbddc, 0xb5bb, 0xb59b, 0xbdbc, 0xc5fd, 
	0xa4fa, 0x9cb9, 0x9499, 0x9499, 0x9499, 0x9499, 0x9479, 0x8c59, 0x8c58, 0x8c58, 0x8c58, 0x9478, 0x9478, 0x9478, 0x8c58, 0x8c37, 
	0xc55b, 0xcd7c, 0xcd7c, 0xcd7c, 0xcd9c, 0xcd7c, 0xcd7c, 0xd5bd, 0xd5bd, 0xd5bd, 0xd5bd, 0xd5bd, 0xd5bd, 0xd5bd, 0xd59c, 0xd59c, 
	0xd5bd, 0xd5bd, 0xd5bd, 0xd59d, 0xcd7c, 0xcd3c, 0xcd3b, 0xcd3b, 0xc4fb, 0xcd1b, 0xcd3c, 0xcd5c, 0xcd5c, 0xcd5c, 0xd57d, 0xd5bd, 
	0xd59c, 0xd59c, 0xd59c, 0xd5bc, 0xd5bc, 0xd5dc, 0xd5bc, 0xd5bc, 0xddfd, 0xde3d, 0xe67e, 0xeedf, 0xf6ff, 0xf71f, 0xf71f, 0xf71f, 
	0xeede, 0xf6df, 0xf6df, 0xeebe, 0xe69e, 0xe69d, 0xeebe, 0xeede, 0xeeff, 0xeeff, 0xf71f, 0xf71f, 0xf71f, 0xf71f, 0xf71f, 0xf71f, 
	0xf71f, 0xf71f, 0xf71e, 0xf71f, 0xf71f, 0xf73f, 0xf71f, 0xef1f, 0xef1f, 0xef1f, 0xef1f, 0xef1f, 0xeeff, 0xeeff, 0xef1f, 0xef1f, 
	0xef3f, 0xef3f, 0xef3f, 0xef5f, 0xe71f, 0xef5f, 0xe6ff, 0xe6ff, 0xe6ff, 0xde9f, 0xce5e, 0xbdbc, 0xce3e, 0xb57b, 0xdebf, 0xce3e, 
	0xbddb, 0xdede, 0x9495, 0x9475, 0xef3f, 0xef5f, 0xe73e, 0xef5f, 0xef7f, 0xef7f, 0xef7f, 0xef9f, 0xef7f, 0xef7f, 0xe77f, 0xe77f, 
	0xdf1f, 0xd6ff, 0xcebf, 0xc67e, 0xbe5e, 0xbe5d, 0xc67e, 0xcedf, 0xd71f, 0xdf3f, 0xdf5f, 0xdf3f, 0xd6ff, 0xcebf, 0xc67f, 0xc65e, 
	0xc6bf, 0xc69f, 0xbe5e, 0xb61d, 0xb61d, 0xb63e, 0xbe5e, 0xbe7f, 0xbe7f, 0xbe5f, 0xbe5f, 0xbe5f, 0xbe7f, 0xbe7f, 0xbe7f, 0xb67f, 
	0xae5e, 0xae5e, 0xa63e, 0xa61e, 0x9e1e, 0x9e1e, 0x9e3f, 0x963f, 0x963f, 0x961f, 0x8dfe, 0x8dfe, 0x8dfe, 0x95fe, 0x961e, 0x961e, 
	0x9e3e, 0x9e3e, 0x9e3e, 0x9e1e, 0x9e1e, 0x9dfe, 0x9ddd, 0x9ddd, 0x9ddd, 0xa5de, 0xadfe, 0xb61e, 0xbe3f, 0xbe3f, 0xbe1e, 0xbe1e, 
	0xbdfe, 0xbdfe, 0xbdfe, 0xbe1e, 0xbe1e, 0xbe1e, 0xbe1e, 0xbe1e, 0xc63f, 0xc63f, 0xbe1e, 0xbdfe, 0xbdde, 0xb5dd, 0xb5de, 0xb5de, 
	0xbdfe, 0xbdde, 0xbdde, 0xbdde, 0xbdde, 0xbdbd, 0xb5bd, 0xb5bd, 0xbdfe, 0xbdfe, 0xbdfe, 0xb5fe, 0xb5fe, 0xb5ff, 0xb5ff, 0xb5ff, 
	0xae1e, 0xae1e, 0xae1e, 0xb63e, 0xb63e, 0xb63e, 0xb63e, 0xb63e, 0xb63e, 0xb63e, 0xb63e, 0xb63e, 0xbe3f, 0xbe3f, 0xbe3f, 0xbe3f, 
	0xbe5f, 0xbe5f, 0xb63f, 0xb63e, 0xb61e, 0xb61e, 0xb63e, 0xb63e, 0xb63e, 0xb63e, 0xb63e, 0xb61e, 0xb61e, 0xb61e, 0xb61e, 0xb61e, 
	0xb61e, 0xb61f, 0xb63e, 0xb63e, 0xb63e, 0xb63e, 0xb63e, 0xb61e, 0xadfe, 0xb61e, 0xb63f, 0xb63f, 0xb61e, 0xb63e, 0xb61d, 0xa59a, 
	0xbe3c, 0xdefe, 0xe75f, 0xef9f, 0xf7bf, 0xefbf, 0xef9f, 0xdefe, 0xe73f, 0xef9f, 0xf7bf, 0xf7bf, 0xe73f, 0xd6be, 0xc63d, 0xbdfc, 
	0xbe1c, 0xc67e, 0xbe1d, 0xbe1d, 0xb5bc, 0x8437, 0x7bd6, 0xad3b, 0x9cba, 0x7bb6, 0x7375, 0x7355, 0x7bb6, 0xad3c, 0xce3f, 0xce5f, 
	0xc61e, 0xd69f, 0xe71f, 0xe73f, 0xdedf, 0xc61c, 0xbddb, 0xbdfc, 0xc63d, 0xc63d, 0xc5fc, 0xbdbc, 0xb59b, 0xad5a, 0xa519, 0x9cd9, 
	0x9498, 0x9499, 0x9499, 0x9cba, 0x9cda, 0x9cba, 0x9479, 0x8c38, 0x8c59, 0x8c59, 0x8c58, 0x8c58, 0x8c58, 0x8c58, 0x8c58, 0x8c37, 
	0xc53b, 0xcd7c, 0xcd7c, 0xcd5b, 0xcd7c, 0xcd7c, 0xcd5b, 0xd59c, 0xd59c, 0xd5bd, 0xd5bd, 0xd5bd, 0xd5bd, 0xd5bd, 0xd5bd, 0xd5bd, 
	0xd5bd, 0xd5bd, 0xd5bd, 0xd59d, 0xd57c, 0xcd5c, 0xcd5c, 0xcd3c, 0xcd1b, 0xc4fb, 0xc4fb, 0xcd1b, 0xcd1b, 0xc51b, 0xcd5c, 0xd59d, 
	0xd59d, 0xddbd, 0xdddd, 0xdddd, 0xd5bd, 0xd59c, 0xd59c, 0xd59c, 0xd5bc, 0xd5dc, 0xde1d, 0xe65e, 0xee9e, 0xeebf, 0xeedf, 0xeedf, 
	0xf71f, 0xf71f, 0xf6ff, 0xf6df, 0xeede, 0xeede, 0xeedf, 0xf6ff, 0xf71f, 0xf71f, 0xf71f, 0xf71f, 0xf71f, 0xf71f, 0xf71f, 0xf71f, 
	0xf73f, 0xf71f, 0xf71f, 0xf71f, 0xf73f, 0xf73f, 0xf73f, 0xf73f, 0xf73f, 0xef1f, 0xef1f, 0xef1e, 0xef1f, 0xeeff, 0xeeff, 0xef1e, 
	0xef1e, 0xe6fe, 0xf79f, 0xef3f, 0xf77f, 0xf75f, 0xe6de, 0xde9e, 0xd69e, 0xbddb, 0xa4f8, 0xad39, 0xd69f, 0xce5e, 0xe6ff, 0xd67e, 
	0xbdba, 0xdebe, 0x8c54, 0x9495, 0xe6de, 0xef3e, 0xdebc, 0xdedc, 0xf79f, 0xf79f, 0xf79f, 0xef9f, 0xef9f, 0xe77f, 0xe77f, 0xe75f, 
	0xdf1f, 0xd6ff, 0xd6df, 0xd6bf, 0xce9f, 0xce9e, 0xce9e, 0xd6df, 0xdf1f, 0xdf3f, 0xdf5f, 0xdf3f, 0xdf1f, 0xd6df, 0xd6bf, 0xcebf, 
	0xcebf, 0xb61e, 0xadfd, 0xb61e, 0xb63e, 0xb63e, 0xb63e, 0xbe5f, 0xbe5f, 0xbe5f, 0xbe5f, 0xbe7f, 0xbe7f, 0xbe9f, 0xbe7f, 0xbe7f, 
	0xb65e, 0xae5e, 0xa63e, 0xa61e, 0x9e1e, 0x9e3e, 0x9e5f, 0x9e5f, 0x9e5f, 0x9e3f, 0x961f, 0x95fe, 0x961e, 0x961e, 0x9e1e, 0x9e1e, 
	0xa65f, 0x9e3e, 0x9e1e, 0x9dfd, 0x95fd, 0x95dd, 0x9ddd, 0x9ddd, 0x9dbd, 0xa5dd, 0xae1e, 0xb63f, 0xbe5f, 0xbe3f, 0xbe1e, 0xbe1e, 
	0xbe1e, 0xbe1e, 0xbe1e, 0xbe1e, 0xbe1e, 0xbe1e, 0xbe1e, 0xbe1e, 0xc63e, 0xbe1e, 0xbe1e, 0xbe1e, 0xc63e, 0xc63e, 0xc63e, 0xbe1e, 
	0xbdfe, 0xbdfe, 0xbdfe, 0xbdde, 0xbdde, 0xbdfe, 0xbdfe, 0xbdfe, 0xbdfe, 0xbdfe, 0xbdfe, 0xb5fe, 0xb5fe, 0xb5ff, 0xb5ff, 0xb61f, 
	0xb61f, 0xae1f, 0xb61f, 0xb63f, 0xb63e, 0xb63e, 0xb61e, 0xb61e, 0xb63e, 0xbe3e, 0xbe3e, 0xbe3e, 0xbe3f, 0xbe3f, 0xbe3f, 0xbe5f, 
	0xbe5f, 0xbe3f, 0xbe3e, 0xb61e, 0xb61e, 0xb61e, 0xb63e, 0xb63f, 0xb63f, 0xb63f, 0xb63f, 0xb61e, 0xb63e, 0xb61e, 0xb61e, 0xb61e, 
	0xae1e, 0xb63e, 0xb63e, 0xb63e, 0xb63e, 0xb63e, 0xb63e, 0xb61e, 0xb5fe, 0xadfe, 0xb63e, 0xbe3f, 0xb61d, 0xb61d, 0xb63c, 0xb61b, 
	0xcebd, 0xef7f, 0xf7bf, 0xf7df, 0xefbf, 0xef7f, 0xef9f, 0xe73e, 0xef9f, 0xef9f, 0xf7bf, 0xf7df, 0xf79f, 0xe73f, 0xce9d, 0xbe1b, 
	0xbe3c, 0xbe5c, 0xb5fb, 0xb5db, 0xc65d, 0x8c77, 0xad3a, 0xce5f, 0xde9f, 0xa4fa, 0x8c17, 0x7bb6, 0x9479, 0xc61f, 0xd67f, 0xb5bd, 
	0xc61e, 0xce7f, 0xdeff, 0xdeff, 0xc61d, 0xad5a, 0xad59, 0xb5bb, 0xbddc, 0xbddc, 0xbddc, 0xb59b, 0xad7b, 0xa53a, 0x9cb8, 0x8c37, 
	0x9499, 0x9499, 0x9499, 0x9499, 0x9499, 0x949a, 0x949a, 0x949a, 0x9459, 0x8c59, 0x8c59, 0x8c59, 0x8c58, 0x8c58, 0x8c38, 0x8c37, 
	0xc51b, 0xcd5c, 0xcd7c, 0xcd5c, 0xcd7c, 0xcd7c, 0xcd5b, 0xcd9c, 0xd59c, 0xd59c, 0xd59c, 0xd59d, 0xd5bd, 0xd5bd, 0xd5bd, 0xd5dd, 
	0xd5bd, 0xcdbc, 0xd5bc, 0xd59c, 0xcd9c, 0xcd7c, 0xcd5c, 0xcd5c, 0xcd3c, 0xcd1b, 0xcd1b, 0xcd1b, 0xc51b, 0xc4fb, 0xcd3c, 0xd57d, 
	0xd57d, 0xd59d, 0xddbd, 0xd59d, 0xd59c, 0xd59d, 0xd59d, 0xdddd, 0xd5bc, 0xd5bc, 0xd5dd, 0xddfd, 0xe63d, 0xe65e, 0xe65e, 0xe67d, 
	0xf6ff, 0xf6ff, 0xf6df, 0xf6df, 0xf71f, 0xff3f, 0xff5f, 0xff5f, 0xf71f, 0xf71f, 0xf71f, 0xf71f, 0xf71f, 0xf71f, 0xf71f, 0xf71f, 
	0xf73f, 0xf71f, 0xf71e, 0xf73f, 0xf73f, 0xf73f, 0xf73f, 0xf73f, 0xf73f, 0xf73f, 0xef1e, 0xef1e, 0xef1e, 0xeefe, 0xeefe, 0xef1e, 
	0xe6de, 0xd67c, 0xef1f, 0xd65c, 0xe6fe, 0xef1f, 0xe6ff, 0xdede, 0xef3f, 0xbddb, 0x7bd3, 0x6b51, 0x7bd4, 0x6b11, 0xa4d8, 0xd69f, 
	0xbddb, 0xdedf, 0x8c34, 0x9474, 0xd67c, 0xe6fe, 0xd69c, 0xe6fd, 0xef5e, 0xef3e, 0xef7e, 0xe75e, 0xef7f, 0xe75e, 0xef9f, 0xe77f, 
	0xdf1f, 0xdf1f, 0xdf1f, 0xdeff, 0xd6ff, 0xd6df, 0xd6df, 0xdf1f, 0xdf3f, 0xe75f, 0xe75f, 0xdf3f, 0xdf1f, 0xdeff, 0xd6ff, 0xd6df, 
	0xc69f, 0xb61d, 0xb61d, 0xbe5f, 0xb63e, 0xb5fd, 0xb63e, 0xbe7f, 0xbe7f, 0xbe5f, 0xbe5f, 0xbe7f, 0xbe9f, 0xc69f, 0xbe9f, 0xbe7f, 
	0xb67f, 0xb65e, 0xae3d, 0xa61d, 0xa61e, 0xa63e, 0xa65f, 0xa65f, 0xa67f, 0xa65f, 0x9e3f, 0x9e3f, 0x9e3f, 0xa63f, 0xa63f, 0xa63e, 
	0xae7f, 0xa65e, 0x9e3e, 0x9e1e, 0x9dfd, 0x9ddd, 0x9dfd, 0xa5fe, 0xa5dd, 0xadfe, 0xb63f, 0xbe5f, 0xbe7f, 0xbe5f, 0xbe3e, 0xbe3e, 
	0xc65f, 0xc63e, 0xc63e, 0xc63e, 0xc63e, 0xc63e, 0xc63e, 0xc63e, 0xc63e, 0xbe1d, 0xbe1d, 0xc63e, 0xc65e, 0xce7f, 0xc65e, 0xc63e, 
	0xbdfe, 0xbdfe, 0xbdfe, 0xbdfe, 0xbdfe, 0xbdfe, 0xbdfe, 0xbdfe, 0xbdfe, 0xbdfe, 0xbdfe, 0xbdfe, 0xbe1e, 0xb61f, 0xb61f, 0xb61f, 
	0xadff, 0xae1e, 0xb61e, 0xb61e, 0xb61e, 0xb61e, 0xb61e, 0xb61e, 0xbe3e, 0xbe3e, 0xbe3e, 0xbe3e, 0xbe1e, 0xbe1e, 0xbe3e, 0xbe3e, 
	0xbe3f, 0xbe3e, 0xbe3e, 0xbe3e, 0xbe3e, 0xbe3e, 0xbe3e, 0xbe3f, 0xb63e, 0xb63e, 0xb61e, 0xb61e, 0xb61e, 0xb61e, 0xb61e, 0xb61e, 
	0xae3e, 0xae3e, 0xae3d, 0xb63d, 0xb63d, 0xb63d, 0xb61d, 0xb61d, 0xb61e, 0xb5dd, 0xb5fe, 0xb61e, 0xb5fc, 0xb63c, 0xc6be, 0xd6fe, 
	0xe75e, 0xf7bf, 0xef9f, 0xf7bf, 0xf7bf, 0xef9f, 0xf79f, 0xe73e, 0xe75f, 0xe75f, 0xe75f, 0xef7f, 0xf7bf, 0xf79f, 0xdf1e, 0xce9c, 
	0xc67c, 0xcebd, 0xd6ff, 0xc65d, 0xc63c, 0x8c76, 0xd6bf, 0xffbf, 0xffdf, 0xc5de, 0xa4da, 0x8c38, 0x9cb9, 0xad1b, 0xa51b, 0x9499, 
	0xad5b, 0xb59b, 0xce3e, 0xdebf, 0xad7b, 0x8c77, 0x9497, 0xb59b, 0xbdfc, 0xbddc, 0xb59c, 0xb57b, 0xad5b, 0xa51a, 0x94b9, 0x8c57, 
	0x9478, 0x9499, 0x9cba, 0x9cba, 0x9c9a, 0x9c9a, 0x949a, 0x949a, 0x9479, 0x8c59, 0x8c59, 0x8c59, 0x8c59, 0x8c58, 0x8c38, 0x8c38, 
	0xc51b, 0xcd5c, 0xcd5c, 0xcd5c, 0xcd7c, 0xcd5c, 0xcd5b, 0xcd7c, 0xcd7c, 0xcd7c, 0xcd7c, 0xcd7c, 0xd59c, 0xd59d, 0xd5bd, 0xdddd, 
	0xd5bd, 0xd5bc, 0xd5bc, 0xd5bc, 0xd59c, 0xd59c, 0xd57c, 0xd57c, 0xcd5c, 0xcd3c, 0xcd1c, 0xcd3c, 0xcd1c, 0xccfc, 0xcd1c, 0xd57d, 
	0xd55c, 0xd57c, 0xd57c, 0xd57d, 0xd57d, 0xd59d, 0xdd9d, 0xddbe, 0xd59d, 0xd59d, 0xd5bd, 0xdddd, 0xde1d, 0xe63e, 0xe63d, 0xde1d, 
	0xe67e, 0xee7e, 0xee9e, 0xee9e, 0xf6df, 0xff3f, 0xff5f, 0xff7f, 0xff1f, 0xff1f, 0xf71f, 0xf71f, 0xf71f, 0xf71f, 0xf71f, 0xf71f, 
	0xf71f, 0xf71e, 0xf71e, 0xf71e, 0xf73f, 0xf73f, 0xf73f, 0xf73f, 0xf73f, 0xf73f, 0xf73f, 0xef1f, 0xef1e, 0xef1e, 0xef1e, 0xef1e, 
	0xe6bd, 0xd63b, 0xde7c, 0xc5da, 0xce3b, 0xe6ff, 0xdebe, 0xe6ff, 0xdebe, 0xdebf, 0xd67e, 0xad59, 0x8c35, 0x18c7, 0x420c, 0x8c55, 
	0xb57a, 0xe6df, 0x8c55, 0x9cd6, 0xd67c, 0xe71e, 0xd67c, 0xef3e, 0xe71d, 0xe6fd, 0xe73e, 0xdf1d, 0xef7f, 0xe75e, 0xef9f, 0xef9f, 
	0xe75f, 0xe73f, 0xe73f, 0xe73f, 0xdf1f, 0xdeff, 0xdeff, 0xdf1f, 0xe73f, 0xe75f, 0xe75f, 0xe73f, 0xe73f, 0xdf1f, 0xdf1f, 0xdf1f, 
	0xcebf, 0xbe3e, 0xbe3e, 0xbe5f, 0xb61e, 0xbe3e, 0xc69f, 0xc67f, 0xc67f, 0xbe7f, 0xbe7f, 0xc67f, 0xc69f, 0xc6bf, 0xc6bf, 0xc69f, 
	0xbe9f, 0xb67e, 0xae3d, 0xae1d, 0xae1d, 0xae3e, 0xae5f, 0xae5f, 0xae9f, 0xae9f, 0xae7f, 0xae5f, 0xae5f, 0xae5f, 0xae5f, 0xae5f, 
	0xae9f, 0xae7f, 0xa65e, 0xa65e, 0xa63e, 0xa61e, 0xa61e, 0xa61e, 0xae1e, 0xb63f, 0xbe7f, 0xbe7f, 0xc67f, 0xc67f, 0xc67f, 0xc67f, 
	0xce7f, 0xce7f, 0xce7f, 0xc65e, 0xc65e, 0xce5e, 0xce7f, 0xce7f, 0xc65e, 0xc65e, 0xc65e, 0xc65e, 0xce7e, 0xce7e, 0xce7e, 0xc65e, 
	0xbe1e, 0xbdfe, 0xbdfe, 0xbdfe, 0xbdfe, 0xbdfd, 0xbdfd, 0xbdfd, 0xc61e, 0xc61e, 0xbe1e, 0xbe1e, 0xbe1f, 0xbe1f, 0xbe1f, 0xb61f, 
	0xadfe, 0xadfe, 0xae1e, 0xb61e, 0xb61e, 0xbe3e, 0xbe3e, 0xbe3e, 0xbe3e, 0xbe3e, 0xbe3e, 0xbe3e, 0xbe1e, 0xbe1e, 0xbe3e, 0xbe3e, 
	0xbe5f, 0xbe5f, 0xbe5f, 0xbe5f, 0xbe5f, 0xbe3e, 0xbe3e, 0xbe3e, 0xbe3e, 0xbe3e, 0xbe3e, 0xb63e, 0xb63e, 0xb63e, 0xb63e, 0xb63e, 
	0xae3d, 0xae3d, 0xb63d, 0xb63d, 0xbe3d, 0xbe1d, 0xbe1d, 0xbdfd, 0xbe1e, 0xbdfe, 0xbdfe, 0xbddd, 0xbdfc, 0xce9e, 0xdf3f, 0xe77f, 
	0xef9f, 0xf7bf, 0xef9f, 0xf79f, 0xf7bf, 0xf79f, 0xf7bf, 0xe73e, 0xe73e, 0xe73e, 0xe73e, 0xef5f, 0xef7f, 0xf79f, 0xef5f, 0xdf1e, 
	0xe73f, 0xef9f, 0xf7df, 0xdeff, 0xad79, 0x7bf4, 0xe71f, 0xffdf, 0xdebf, 0xa4fa, 0x8c37, 0x83f6, 0x9479, 0x8c58, 0x9479, 0x9cda, 
	0xa51b, 0xad5b, 0xbddd, 0xd67f, 0xa53a, 0x9498, 0x9cb8, 0xb57b, 0xbddd, 0xbdbc, 0xb59c, 0xb57c, 0xad5b, 0xa4fa, 0x9cb9, 0x9499, 
	0x9479, 0x9cba, 0x9cdb, 0xa4fb, 0xa4fb, 0xa4db, 0x9c9a, 0x9459, 0x947a, 0x9459, 0x8c59, 0x8c59, 0x8c59, 0x8c59, 0x8c59, 0x8c59, 
	0xc4fa, 0xcd3b, 0xcd5c, 0xcd3b, 0xcd5c, 0xcd3b, 0xc53b, 0xcd5c, 0xcd5c, 0xcd5c, 0xcd5c, 0xcd5c, 0xd57c, 0xd59d, 0xd5bd, 0xdddd, 
	0xd5dd, 0xd5dd, 0xd5dd, 0xd5dd, 0xd5bd, 0xd5bd, 0xd59d, 0xd57c, 0xcd5c, 0xcd3c, 0xcd3c, 0xd55d, 0xd55d, 0xcd1c, 0xcd1c, 0xdd7d, 
	0xd53c, 0xd53c, 0xd55c, 0xd57d, 0xdd9e, 0xdd9e, 0xd59d, 0xd57d, 0xd57d, 0xd59d, 0xd5bd, 0xddde, 0xe61e, 0xe63e, 0xe63e, 0xe61d, 
	0xde1d, 0xe63d, 0xe65d, 0xe65d, 0xe67e, 0xf6bf, 0xf6ff, 0xf6ff, 0xff1f, 0xff1f, 0xf71f, 0xf71f, 0xf71f, 0xff1f, 0xff1f, 0xff3f, 
	0xf71f, 0xf71f, 0xf71e, 0xf71f, 0xf71f, 0xf73f, 0xf73f, 0xf71f, 0xf75f, 0xf73f, 0xf73f, 0xf73f, 0xef1f, 0xef1f, 0xef1f, 0xef1f, 
	0xde7c, 0xd65c, 0xde9d, 0xd65c, 0xd63c, 0xef3f, 0xd65d, 0xde9e, 0xe6ff, 0xd65d, 0xce3c, 0xbddb, 0xef3f, 0x9476, 0xa4f8, 0xb57a, 
	0x5aaf, 0xa4d8, 0x6b51, 0x9c96, 0xd67d, 0xef3f, 0xde9d, 0xef3f, 0xef3f, 0xe71e, 0xef3e, 0xdefd, 0xe73e, 0xdf1d, 0xe75e, 0xe73e, 
	0xef9f, 0xef7f, 0xe75f, 0xe73f, 0xdf1f, 0xdefe, 0xdefe, 0xdf1e, 0xdf1e, 0xe73e, 0xe73e, 0xe75f, 0xe73f, 0xe73f, 0xe73f, 0xe73f, 
	0xd6df, 0xc67e, 0xbe3e, 0xbe1d, 0xb61d, 0xcebf, 0xd6ff, 0xc67e, 0xc67f, 0xc67e, 0xbe5e, 0xc67e, 0xc69f, 0xc6bf, 0xc6bf, 0xc69f, 
	0xc6bf, 0xbe9e, 0xb65d, 0xb63d, 0xae3d, 0xae5e, 0xb65e, 0xb67f, 0xb69f, 0xb69f, 0xb69f, 0xb67f, 0xb67f, 0xb67f, 0xb67f, 0xb67f, 
	0xb69f, 0xb67f, 0xae7f, 0xb67f, 0xae5f, 0xae3e, 0xae3e, 0xae3e, 0xb65f, 0xbe7f, 0xbe7f, 0xbe7f, 0xbe7f, 0xc67f, 0xc69f, 0xce9f, 
	0xd6bf, 0xce9f, 0xce7f, 0xce7e, 0xce7e, 0xce9f, 0xd6bf, 0xd6bf, 0xce7e, 0xce7e, 0xce9e, 0xce9e, 0xce7e, 0xce7e, 0xce7d, 0xce9e, 
	0xbdfd, 0xbe1e, 0xc61e, 0xc61e, 0xc63e, 0xc63e, 0xc63e, 0xc63e, 0xc63e, 0xc63e, 0xc63f, 0xc63f, 0xbe1e, 0xbe1e, 0xb61e, 0xb61e, 
	0xadfe, 0xadfe, 0xb61e, 0xb61e, 0xbe3e, 0xbe5f, 0xbe5e, 0xc65e, 0xc65e, 0xc65e, 0xc65e, 0xc63e, 0xbe3e, 0xbe3e, 0xbe3e, 0xc65e, 
	0xc65f, 0xc65f, 0xc67f, 0xc65f, 0xc65f, 0xbe5e, 0xbe3e, 0xbe3e, 0xbe3e, 0xbe3e, 0xbe3e, 0xbe3e, 0xbe3e, 0xbe3e, 0xbe3e, 0xbe5e, 
	0xb65d, 0xb65d, 0xb65d, 0xbe5d, 0xbe3d, 0xc63d, 0xc61e, 0xc5fe, 0xc5fe, 0xce1f, 0xce1f, 0xc5dd, 0xc5fd, 0xdeff, 0xef9f, 0xe75f, 
	0xef5f, 0xf7bf, 0xf79f, 0xf79f, 0xf77f, 0xef5f, 0xef7f, 0xe71e, 0xe71e, 0xef3f, 0xef5f, 0xe73f, 0xe71e, 0xef3f, 0xef5f, 0xe73f, 
	0xdf1e, 0xdf1e, 0xcebd, 0xce9d, 0x9cf8, 0x9496, 0xf79f, 0xf79f, 0xc5fe, 0x9458, 0x7b95, 0x6b34, 0x8c58, 0x8c38, 0x8c38, 0x9479, 
	0xa4fa, 0xa51b, 0xad5b, 0xb59c, 0x9498, 0x9cd9, 0x9cd9, 0x9cd9, 0xb57c, 0xad5b, 0xb57c, 0xb59d, 0xb57c, 0xa51b, 0xa4fa, 0xa4fb, 
	0x9cda, 0x9cda, 0x9cba, 0x949a, 0x9cba, 0x9cdb, 0x9cbb, 0x947a, 0x947a, 0x945a, 0x8c5a, 0x8c59, 0x9459, 0x947a, 0x947a, 0x947a, 
	0xc4fa, 0xc51b, 0xcd3b, 0xcd3b, 0xcd3b, 0xcd5c, 0xcd5c, 0xcd3b, 0xcd5c, 0xcd5c, 0xcd5c, 0xcd5c, 0xcd5c, 0xd57c, 0xd57c, 0xcd7c, 
	0xcd9c, 0xd59c, 0xd5bc, 0xd5bd, 0xd5bd, 0xd5bd, 0xd5bd, 0xd59d, 0xd57d, 0xd57d, 0xd55d, 0xd55d, 0xd53d, 0xd53d, 0xd55d, 0xd55d, 
	0xd55c, 0xd55c, 0xd53c, 0xd53c, 0xd53d, 0xd55d, 0xd57d, 0xd57d, 0xdd9e, 0xd59d, 0xd59d, 0xd59d, 0xd5bd, 0xdddd, 0xe5fe, 0xe61e, 
	0xde1d, 0xe61d, 0xe63d, 0xe65e, 0xee7e, 0xee9f, 0xf6bf, 0xf6df, 0xf6df, 0xf6ff, 0xf6ff, 0xf6ff, 0xf6df, 0xeede, 0xf6df, 0xf6ff, 
	0xf6ff, 0xf71f, 0xf71f, 0xf71f, 0xf71f, 0xf71f, 0xf71f, 0xf73f, 0xf71f, 0xf73f, 0xf73f, 0xf73f, 0xf71f, 0xef1e, 0xef1f, 0xef1f, 
	0xde7c, 0xde7d, 0xce1b, 0xce1b, 0xd63c, 0xeeff, 0xde9e, 0xcdfb, 0xef1f, 0xbdba, 0xde9e, 0xbd9a, 0xc61c, 0xce3d, 0xe71f, 0xe6ff, 
	0xbd9b, 0xce1d, 0x4a4e, 0x6b11, 0xad18, 0xb579, 0xc5fb, 0xe6ff, 0xe71f, 0xef3f, 0xdebd, 0xf77f, 0xe73f, 0xd6bc, 0xe73e, 0xd6dd, 
	0xef9f, 0xef9f, 0xdede, 0xef5f, 0xe71f, 0xdede, 0xe75f, 0xef9f, 0xef9f, 0xef7f, 0xe73e, 0xef5f, 0xe73f, 0xe73f, 0xef7f, 0xdf1f, 
	0xd6ff, 0xcebe, 0xc67d, 0xc65d, 0xce9e, 0xd6ff, 0xd6ff, 0xd6ff, 0xd6df, 0xc69e, 0xbe5d, 0xbe5d, 0xc67e, 0xcebe, 0xcebe, 0xc69e, 
	0xc6be, 0xcebf, 0xc6bf, 0xc69e, 0xbe7e, 0xb65e, 0xb67e, 0xbe9f, 0xbe9f, 0xbe9f, 0xbe9f, 0xbe9f, 0xbe9f, 0xbe9f, 0xbe9f, 0xbe9f, 
	0xb67f, 0xb69f, 0xbe9f, 0xbebf, 0xbedf, 0xbebf, 0xbe9f, 0xb67f, 0xb65e, 0xbe9f, 0xc6bf, 0xc69f, 0xc67e, 0xc67e, 0xcebf, 0xd6ff, 
	0xd6bf, 0xce9e, 0xce7e, 0xd6bf, 0xd6df, 0xd6df, 0xd6df, 0xd6df, 0xd6be, 0xce9e, 0xce9e, 0xd6de, 0xd6df, 0xd6be, 0xce9d, 0xce9e, 
	0xce7e, 0xc63e, 0xbe1d, 0xc61d, 0xce5e, 0xce5e, 0xce5e, 0xce5e, 0xce5e, 0xc63e, 0xc63e, 0xc63e, 0xbe3f, 0xbe3f, 0xb61e, 0xb5fe, 
	0xb61e, 0xadfe, 0xb5fe, 0xb63e, 0xbe5f, 0xbe5e, 0xc65e, 0xc65e, 0xc65e, 0xc65e, 0xc63e, 0xc63e, 0xbe3e, 0xc63e, 0xc65e, 0xc65e, 
	0xce9f, 0xce9f, 0xce9f, 0xc67f, 0xc67f, 0xbe5e, 0xbe3e, 0xbe3e, 0xbe5e, 0xbe3e, 0xbe3d, 0xbe5e, 0xc67e, 0xc67e, 0xbe5e, 0xbe3d, 
	0xbe7d, 0xbe9d, 0xbe3c, 0xd6bf, 0xef5f, 0xf77f, 0xef1f, 0xd61f, 0xc55d, 0x9c18, 0x8b96, 0xc59d, 0xd63e, 0xde9f, 0xe6ff, 0xef5f, 
	0xe73f, 0xf79f, 0xf7bf, 0xf77f, 0xef5f, 0xef3f, 0xe6ff, 0xdede, 0xe6ff, 0xe71f, 0xe71f, 0xe6ff, 0xe6ff, 0xef3f, 0xe71f, 0xdede, 
	0xd6be, 0xe73f, 0xbdfb, 0xd6be, 0xbddc, 0x9cf9, 0xe6ff, 0xc61e, 0x83f6, 0x83f7, 0x8bf7, 0x8c18, 0x9459, 0x8c59, 0x8c39, 0x8418, 
	0x8c58, 0x9cb9, 0xa51b, 0xa53b, 0x9cda, 0x9478, 0x8c78, 0x9478, 0x9cda, 0xad3b, 0xb57c, 0xad5c, 0xa51b, 0xa4fb, 0x9cdb, 0x9cda, 
	0x9cba, 0x9cba, 0x9cba, 0x9cbb, 0x9cbb, 0x949a, 0x947a, 0x947a, 0x8c3a, 0x8c3a, 0x8c5a, 0x945a, 0x947a, 0x949a, 0x949a, 0x949a, 
	0xc4fa, 0xcd1b, 0xcd3b, 0xcd1b, 0xcd1b, 0xcd3b, 0xcd3b, 0xcd3b, 0xcd3c, 0xcd3c, 0xcd5c, 0xcd5c, 0xd55c, 0xd55c, 0xd55c, 0xd55c, 
	0xcd7c, 0xcd7c, 0xd59c, 0xd59c, 0xd59c, 0xd59d, 0xd59d, 0xd59d, 0xd57d, 0xd57d, 0xd55d, 0xd55d, 0xd53d, 0xd53d, 0xd53d, 0xd53d, 
	0xd55d, 0xd53c, 0xd53c, 0xd53c, 0xd53c, 0xd53d, 0xd55d, 0xd55d, 0xd57d, 0xd57d, 0xd57d, 0xd57d, 0xd59d, 0xddbd, 0xdddd, 0xddfd, 
	0xddfd, 0xddfd, 0xddfd, 0xde1d, 0xe63e, 0xe63e, 0xe65e, 0xe65e, 0xee9f, 0xee9f, 0xf6bf, 0xeebf, 0xeebe, 0xeebe, 0xeebf, 0xf6df, 
	0xf6ff, 0xf6ff, 0xf71f, 0xf71f, 0xf71f, 0xf71f, 0xff3f, 0xff5f, 0xff3f, 0xff3f, 0xf73f, 0xf71f, 0xeefe, 0xeede, 0xeefe, 0xf71f, 
	0xde7d, 0xd63c, 0xd63c, 0xe6df, 0xd63c, 0xe6df, 0xde9e, 0xce3c, 0xe6df, 0xad38, 0xd65d, 0xc5fb, 0xd67e, 0xce1c, 0xdebf, 0xdebf, 
	0xc5fc, 0xf77f, 0x8c15, 0x83f4, 0x9c97, 0x7bb3, 0x83f3, 0x9c75, 0xbd99, 0xe6be, 0xdebe, 0xe6fe, 0xe6fe, 0xe6fe, 0xe71e, 0xbdd9, 
	0xe71e, 0xdefd, 0xc63b, 0xe73f, 0xef3f, 0xef7f, 0xf79f, 0xf7bf, 0xf79f, 0xef9f, 0xe73e, 0xe75e, 0xe73e, 0xe71f, 0xef7f, 0xe73f, 
	0xe75f, 0xdf1f, 0xdeff, 0xd6ff, 0xdf1f, 0xdf3f, 0xdf1f, 0xdf1f, 0xd6ff, 0xcebe, 0xc69d, 0xc67d, 0xce9d, 0xcede, 0xcede, 0xcede, 
	0xcedf, 0xcedf, 0xcedf, 0xcedf, 0xc6be, 0xc69e, 0xc6bf, 0xcedf, 0xcedf, 0xc6df, 0xc6df, 0xc6df, 0xc6bf, 0xc6bf, 0xc6bf, 0xc6bf, 
	0xc6bf, 0xc6bf, 0xc6df, 0xc6ff, 0xceff, 0xc6df, 0xc6bf, 0xbe9f, 0xbe9f, 0xc69f, 0xc6bf, 0xc6bf, 0xc69e, 0xce9e, 0xcebf, 0xd6df, 
	0xd6df, 0xd6be, 0xd69e, 0xd6be, 0xd6be, 0xd6be, 0xd6de, 0xdeff, 0xd6be, 0xd6be, 0xd6be, 0xdeff, 0xdf1f, 0xdf1f, 0xdefe, 0xdeff, 
	0xd69e, 0xce7e, 0xce5e, 0xce5e, 0xce7e, 0xce5e, 0xce5d, 0xce5e, 0xce5e, 0xce5e, 0xc65e, 0xc65e, 0xc65e, 0xbe3e, 0xbe1e, 0xb61e, 
	0xb63e, 0xb61e, 0xb63e, 0xbe5e, 0xc67e, 0xc65e, 0xc65e, 0xc65e, 0xc65e, 0xc65e, 0xc63e, 0xc63e, 0xc63e, 0xc65e, 0xc67f, 0xc67f, 
	0xce9f, 0xce9f, 0xc67f, 0xc65e, 0xc65e, 0xc65e, 0xc65e, 0xbe5e, 0xc65e, 0xc65e, 0xbe3d, 0xbe3d, 0xbe5d, 0xbe5d, 0xbe5d, 0xbe5d, 
	0xbe7c, 0xc6bd, 0xd6de, 0xe73f, 0xff9f, 0xff5f, 0xe65f, 0xc55c, 0x8b35, 0x9bd8, 0x8b55, 0xa418, 0xcd9d, 0xeeff, 0xeedf, 0xde9e, 
	0xf77f, 0xffdf, 0xf79f, 0xdebe, 0xce3c, 0xbdbb, 0xb59a, 0xbd9b, 0xc5fd, 0xd67e, 0xdedf, 0xdedf, 0xe6df, 0xe71f, 0xe71f, 0xdeff, 
	0xe71f, 0xdeff, 0xd69f, 0xe71f, 0xce7f, 0xb59c, 0xbdbd, 0x9c99, 0x83f7, 0x83f8, 0x8c18, 0x8c18, 0x8c39, 0x8c39, 0x8c39, 0x8c39, 
	0x8417, 0x9479, 0x9cba, 0x9cb9, 0x9499, 0x8c58, 0x8c37, 0x83f6, 0x9478, 0x9cb9, 0xa4fb, 0xa4fb, 0x9cda, 0x9cda, 0x9cdb, 0x9cba, 
	0x9cdb, 0x9cdb, 0x9cdb, 0x9cdb, 0x9cbb, 0x9cbb, 0x949b, 0x947a, 0x8c5a, 0x8c5a, 0x945a, 0x947a, 0x949a, 0x949b, 0x949a, 0x949a, 
	0xc4da, 0xccfb, 0xcd1b, 0xcd1b, 0xcd1b, 0xcd1b, 0xcd3b, 0xcd1b, 0xcd3c, 0xcd3c, 0xcd3c, 0xd53c, 0xd53c, 0xd53c, 0xd53c, 0xd53c, 
	0xcd5b, 0xcd5b, 0xcd5c, 0xcd5c, 0xd57c, 0xd57c, 0xd57c, 0xd57c, 0xd57d, 0xd57d, 0xd55d, 0xd55d, 0xd53d, 0xd53d, 0xd53d, 0xd53d, 
	0xdd5d, 0xd53d, 0xd53d, 0xd51c, 0xd51c, 0xd51c, 0xd53d, 0xd53d, 0xd55d, 0xd55d, 0xd55d, 0xd57d, 0xd57d, 0xd59d, 0xddbd, 0xddbd, 
	0xdddd, 0xdddd, 0xdddd, 0xdddd, 0xdddd, 0xddfd, 0xddfd, 0xddfd, 0xde1d, 0xe63d, 0xe63d, 0xe63d, 0xe63d, 0xde3d, 0xe63d, 0xe65d, 
	0xee9e, 0xeebe, 0xeebf, 0xf6df, 0xf6df, 0xf6df, 0xf6df, 0xf6ff, 0xf71f, 0xf73f, 0xff3f, 0xf71f, 0xf71f, 0xf71f, 0xf71f, 0xf73f, 
	0xd5fb, 0xacb7, 0xa4b6, 0xe69e, 0xd61c, 0xf73f, 0xeedf, 0xcdfb, 0xef1f, 0xbd9a, 0xd65d, 0xb59a, 0xbddb, 0xb59a, 0xd69e, 0xdedf, 
	0xbddc, 0xe6df, 0x83d5, 0x9c97, 0xe6df, 0xe6df, 0xacf8, 0x4a0c, 0x398a, 0x9455, 0xc5fb, 0xd65c, 0xd67d, 0xd69d, 0xe71f, 0xd69c, 
	0xef5f, 0xdefd, 0xb598, 0xd6bd, 0xdede, 0xef5f, 0xe71e, 0xf79f, 0xf7bf, 0xf7bf, 0xef5e, 0xef5e, 0xe73e, 0xe71e, 0xef3f, 0xe71f, 
	0xef5f, 0xef5f, 0xe75f, 0xe75f, 0xe75f, 0xe75f, 0xdf3f, 0xdf1e, 0xdf1f, 0xdefe, 0xd6de, 0xd6dd, 0xd6dd, 0xd6fe, 0xd6fe, 0xd6fe, 
	0xd6ff, 0xd71f, 0xd6ff, 0xd6ff, 0xd6ff, 0xd6ff, 0xd6ff, 0xd71f, 0xd71f, 0xd71f, 0xd6ff, 0xcedf, 0xcedf, 0xcedf, 0xcedf, 0xcedf, 
	0xcedf, 0xceff, 0xd71f, 0xd71f, 0xcf1f, 0xceff, 0xcedf, 0xcedf, 0xc6bf, 0xc6bf, 0xcebf, 0xcebf, 0xcebf, 0xcebf, 0xcebf, 0xd6df, 
	0xd6be, 0xd6be, 0xd6be, 0xd6de, 0xd6be, 0xd6de, 0xdeff, 0xe73f, 0xdefe, 0xdede, 0xdefe, 0xe73f, 0xe75f, 0xe75f, 0xe73f, 0xe73f, 
	0xdedf, 0xd6bf, 0xd69e, 0xd69e, 0xd69e, 0xce7e, 0xce7d, 0xd69e, 0xce7e, 0xce7e, 0xce7e, 0xc67e, 0xc65e, 0xbe1e, 0xb61d, 0xb61d, 
	0xb65e, 0xb63d, 0xb65e, 0xbe7e, 0xc69e, 0xc67e, 0xc65e, 0xc65e, 0xc67e, 0xc65e, 0xc65e, 0xc65e, 0xc65e, 0xc67f, 0xc69f, 0xce9f, 
	0xce9f, 0xce9f, 0xc67e, 0xc65e, 0xc65e, 0xc65e, 0xc67e, 0xc67e, 0xc65e, 0xce9e, 0xcebf, 0xcebe, 0xce9e, 0xc67d, 0xc67d, 0xc67d, 
	0xc67c, 0xcebd, 0xef5f, 0xf79f, 0xffbf, 0xff3f, 0xddde, 0xc4bb, 0xb45a, 0xcd1e, 0xac3a, 0x9bb7, 0xac79, 0xe65f, 0xe67f, 0xbd7b, 
	0xc5db, 0xce1d, 0xbddc, 0xad3a, 0x9cd8, 0x9c98, 0x9c98, 0x9cb9, 0x9cb9, 0xad5b, 0xc5dd, 0xce1e, 0xce5e, 0xde9f, 0xe6ff, 0xe71f, 
	0xdeff, 0xce5e, 0xd6bf, 0xdebf, 0xce5f, 0xc5de, 0x9cba, 0x83d7, 0x8bf8, 0x8c19, 0x8c19, 0x8c19, 0x8419, 0x8419, 0x8c39, 0x8c59, 
	0x8c39, 0x9499, 0x949a, 0x9479, 0x8c58, 0x8c58, 0x8437, 0x7bd6, 0x8417, 0x8c58, 0x9479, 0x9499, 0x9479, 0x947a, 0x949a, 0x9c9a, 
	0x9cdb, 0x9cda, 0x9cba, 0x9cba, 0x9cbb, 0x9cbb, 0x949b, 0x947a, 0x947a, 0x947a, 0x947a, 0x947b, 0x949b, 0x9c9b, 0x949a, 0x947a, 
	0xc4ba, 0xccfb, 0xccfb, 0xccfb, 0xccfb, 0xccfb, 0xccfb, 0xccfb, 0xcd1b, 0xcd1b, 0xcd1b, 0xcd1b, 0xd51c, 0xd51c, 0xd51c, 0xcd1b, 
	0xd53b, 0xcd3b, 0xcd3b, 0xcd3b, 0xcd3c, 0xcd5c, 0xcd5c, 0xd55c, 0xd55c, 0xd55c, 0xd55c, 0xd55c, 0xd53c, 0xd53c, 0xd53c, 0xd53c, 
	0xd53d, 0xd53d, 0xd51c, 0xd51c, 0xd51c, 0xd51d, 0xd51d, 0xd51d, 0xd53d, 0xd53d, 0xd55d, 0xd57d, 0xd57d, 0xdd9d, 0xdd9d, 0xdd9d, 
	0xddbd, 0xddbd, 0xddbd, 0xddbd, 0xdddd, 0xdddd, 0xddfd, 0xddfd, 0xddfd, 0xddfd, 0xde1d, 0xddfd, 0xdddc, 0xd5dc, 0xd5dc, 0xd5dc, 
	0xde1d, 0xde3d, 0xe63d, 0xe63d, 0xe63d, 0xde3d, 0xde3d, 0xde3d, 0xe65d, 0xee9e, 0xf6df, 0xff1f, 0xff3f, 0xff3f, 0xff3f, 0xff3f, 
	0xd61c, 0x93f4, 0x6aaf, 0x8392, 0x5a4d, 0xa4b7, 0xd63d, 0xde9e, 0xde9e, 0xc5fb, 0xef3f, 0xbddb, 0xbddb, 0xbdba, 0xdebe, 0xde9e, 
	0xbd9b, 0xf75f, 0x7b93, 0x7332, 0xb57a, 0xad19, 0x6b10, 0xacf8, 0xad18, 0xa4d7, 0x8bf3, 0x8bf3, 0xb579, 0xce3b, 0xdedd, 0xce5b, 
	0xdefd, 0xe71e, 0xc63b, 0xef3f, 0xd6bd, 0xdefe, 0xce7c, 0xef7f, 0xf79f, 0xffdf, 0xef7e, 0xf79f, 0xf7bf, 0xef7f, 0xf79f, 0xef7f, 
	0xef5f, 0xef7f, 0xef9f, 0xef9f, 0xef7f, 0xef5f, 0xe73e, 0xe73e, 0xe73f, 0xe73e, 0xe71e, 0xdf1e, 0xdefe, 0xdefe, 0xdf1e, 0xdf3f, 
	0xdf1e, 0xdf1f, 0xdf1f, 0xdf1f, 0xdf1f, 0xdf1f, 0xdf1f, 0xdf3f, 0xdf3f, 0xdf3f, 0xd71f, 0xd6ff, 0xd6de, 0xd6de, 0xd6de, 0xd6ff, 
	0xd6ff, 0xd71f, 0xdf1f, 0xd71f, 0xd6ff, 0xcedf, 0xcedf, 0xcedf, 0xcedf, 0xcedf, 0xcebf, 0xcebe, 0xcebe, 0xcebe, 0xcebe, 0xd6be, 
	0xd6bd, 0xd6bd, 0xdefe, 0xe71f, 0xe73f, 0xe73f, 0xe75f, 0xef7f, 0xe73f, 0xe71f, 0xe71f, 0xe73f, 0xef5f, 0xef5f, 0xef5f, 0xe75f, 
	0xdf1f, 0xd6df, 0xd6be, 0xd6be, 0xd6be, 0xd6be, 0xd6be, 0xdede, 0xd6be, 0xd6bf, 0xd6bf, 0xce9f, 0xc67e, 0xbe3e, 0xbe1d, 0xb61d, 
	0xb65d, 0xb65d, 0xbe7d, 0xc69e, 0xc69e, 0xc67e, 0xc67e, 0xce7e, 0xce9e, 0xce9e, 0xce9e, 0xce9e, 0xce9f, 0xc69f, 0xc69f, 0xc69f, 
	0xce9f, 0xc67f, 0xc67e, 0xc65e, 0xc65e, 0xc65e, 0xc67e, 0xce9e, 0xc65d, 0xd6df, 0xe75f, 0xe77f, 0xdf3f, 0xd6de, 0xd6be, 0xd6bd, 
	0xd6fd, 0xd6fd, 0xf7bf, 0xff7f, 0xff7f, 0xf6bf, 0xd53c, 0xbc5a, 0xbc5b, 0xabb9, 0x9b57, 0x8b16, 0x7293, 0xa418, 0xcd9d, 0xa478, 
	0xad19, 0xad3a, 0x9cd9, 0x9478, 0x9478, 0x9479, 0x8c17, 0x83d7, 0x83f7, 0x9479, 0xa4da, 0xad1b, 0xad5b, 0xbddd, 0xd65f, 0xdebf, 
	0xb59c, 0x9cfa, 0xad5c, 0xa51b, 0x9cba, 0x9cba, 0x9439, 0x8c39, 0x9439, 0x945a, 0x945a, 0x8c39, 0x8c19, 0x8419, 0x8419, 0x8c19, 
	0x8c38, 0x8c38, 0x8c38, 0x8c38, 0x8c38, 0x8417, 0x8417, 0x83f7, 0x8417, 0x8c38, 0x8c58, 0x8c59, 0x8c59, 0x8c59, 0x8c59, 0x9459, 
	0x9cba, 0x949a, 0x949a, 0x9c9a, 0x9cba, 0x9cbb, 0x9c9b, 0x9c9b, 0x947b, 0x947b, 0x947b, 0x949b, 0x9c9b, 0x949b, 0x947a, 0x947a, 
	0xc4ba, 0xccdb, 0xccfb, 0xccdb, 0xccdb, 0xccfb, 0xccfb, 0xccdb, 0xccfb, 0xccfb, 0xccfb, 0xccfb, 0xccfb, 0xccfb, 0xccfb, 0xccfb, 
	0xd51b, 0xd51b, 0xcd1b, 0xcd1b, 0xcd1b, 0xcd1b, 0xcd3b, 0xcd3b, 0xcd3c, 0xcd3c, 0xd53c, 0xd53c, 0xd53c, 0xd53c, 0xd53c, 0xd53c, 
	0xd51c, 0xd51c, 0xd51c, 0xd51c, 0xd51d, 0xd51d, 0xd51d, 0xd53d, 0xd53d, 0xd53d, 0xd55d, 0xd55d, 0xd57d, 0xdd7d, 0xdd7d, 0xd57d, 
	0xd59d, 0xd59d, 0xdd9d, 0xddbd, 0xddde, 0xddde, 0xe5fe, 0xe5fe, 0xe61e, 0xe61e, 0xe61e, 0xe61d, 0xddfd, 0xddfc, 0xdddc, 0xd5dc, 
	0xd5dc, 0xd5dc, 0xdddc, 0xdddc, 0xd5dc, 0xd5dc, 0xd5dc, 0xd5bb, 0xcdbb, 0xd5fc, 0xe63d, 0xe67e, 0xee9f, 0xee9f, 0xeebf, 0xeebf, 
	0xe69f, 0xde3d, 0xd5dc, 0xb519, 0x28c8, 0x418a, 0x7b51, 0x9c55, 0xeeff, 0xc5db, 0xe6df, 0xc5fb, 0xde9e, 0xdebe, 0xe6ff, 0xc5fc, 
	0xbddb, 0xd67e, 0x8c35, 0x62f0, 0x524e, 0x9455, 0x9455, 0xef1f, 0xe69e, 0xeeff, 0xeeff, 0xc5da, 0xa4d6, 0x83d2, 0x9cd5, 0xb598, 
	0xef5f, 0xe71e, 0xc5fa, 0xe73f, 0xe6fe, 0xef3f, 0xc61a, 0xe6fd, 0xdedc, 0xe73d, 0xd6bb, 0xdefc, 0xef5e, 0xef5e, 0xf79f, 0xf79f, 
	0xf79f, 0xf7bf, 0xf7bf, 0xf7bf, 0xf79f, 0xef7f, 0xef5f, 0xef5f, 0xef5f, 0xef5f, 0xe73f, 0xe73e, 0xe71e, 0xe71e, 0xe73f, 0xe73f, 
	0xe73f, 0xe73f, 0xe73f, 0xe73f, 0xdf1f, 0xdf1f, 0xdf3f, 0xe73f, 0xe73f, 0xdf1f, 0xdefe, 0xd6fe, 0xd6de, 0xd6fe, 0xdefe, 0xdf1f, 
	0xdf1f, 0xdf1f, 0xdf3f, 0xdf1f, 0xd6ff, 0xd6df, 0xd6df, 0xd6df, 0xd6df, 0xcebf, 0xcebe, 0xce9e, 0xcebe, 0xd6be, 0xd6be, 0xd6be, 
	0xdefe, 0xdefd, 0xe73e, 0xef7f, 0xf7bf, 0xf79f, 0xef7f, 0xef5f, 0xe75f, 0xe73f, 0xe73f, 0xe73f, 0xef5f, 0xef7f, 0xef7f, 0xe75f, 
	0xe73f, 0xdefe, 0xd6bd, 0xd6de, 0xdede, 0xdefe, 0xdefe, 0xdede, 0xdf1f, 0xe71f, 0xdf1f, 0xdeff, 0xcebf, 0xc67e, 0xc65e, 0xbe5d, 
	0xbe7d, 0xbe9d, 0xbebe, 0xc6de, 0xcede, 0xcebe, 0xcebe, 0xcebe, 0xd6df, 0xd6df, 0xd6df, 0xd6df, 0xcebf, 0xcebf, 0xc69f, 0xc67e, 
	0xc69f, 0xc67f, 0xc67e, 0xc67e, 0xc67e, 0xc69e, 0xce9e, 0xce9e, 0xce7d, 0xdf3f, 0xf7df, 0xf7ff, 0xf79f, 0xef5f, 0xe73f, 0xdf1e, 
	0xef9f, 0xe77e, 0xffdf, 0xff7f, 0xff3f, 0xddbd, 0xbc79, 0xa377, 0xab99, 0x92b6, 0x92f7, 0x9337, 0x7273, 0x8315, 0xb4ba, 0xa499, 
	0xacfa, 0xad1a, 0x9cb9, 0x9458, 0x9459, 0x8c39, 0x83b8, 0x7b77, 0x8c19, 0x9439, 0x9459, 0x9459, 0x9479, 0xa4da, 0xad5b, 0xb59c, 
	0x9cda, 0x9479, 0x8c38, 0x83f7, 0x83d7, 0x8bf8, 0x9c7a, 0xa4bb, 0x9c9b, 0x9c9b, 0x9c7b, 0x947a, 0x945a, 0x8c39, 0x8418, 0x83f8, 
	0x83f7, 0x83f7, 0x8c38, 0x9479, 0x8c58, 0x8417, 0x8417, 0x8c58, 0x8c37, 0x8c38, 0x8c38, 0x8c38, 0x8c39, 0x8c39, 0x8c39, 0x8c38, 
	0x9479, 0x9479, 0x9499, 0x949a, 0x9cba, 0x9cbb, 0x9cbb, 0x9cdb, 0x949b, 0x949b, 0x949b, 0x949b, 0x949b, 0x949b, 0x947a, 0x947a, 
	0xc49a, 0xccda, 0xccdb, 0xccda, 0xccda, 0xccdb, 0xccdb, 0xccda, 0xccdb, 0xccdb, 0xccdb, 0xccdb, 0xccdb, 0xccdb, 0xccdb, 0xccdb, 
	0xd4fb, 0xccfb, 0xccfb, 0xcd1b, 0xcd1b, 0xcd1b, 0xcd1b, 0xcd1b, 0xcd1b, 0xcd1b, 0xcd1b, 0xd51b, 0xd51b, 0xd51b, 0xd51b, 0xd51b, 
	0xd4fc, 0xd4fc, 0xd4fc, 0xd51c, 0xd51c, 0xd51d, 0xd51d, 0xd51d, 0xd51d, 0xd51d, 0xd53d, 0xd53d, 0xd55d, 0xd55d, 0xd55c, 0xd55d, 
	0xd55d, 0xd57d, 0xd57d, 0xd59d, 0xddbe, 0xddde, 0xddde, 0xe5fe, 0xe5fe, 0xe61e, 0xe61e, 0xe61e, 0xe61e, 0xe61d, 0xe61d, 0xddfd, 
	0xdddd, 0xdddd, 0xdddd, 0xdddd, 0xddfd, 0xddfd, 0xdddd, 0xd5dc, 0xd5bc, 0xd5bc, 0xd5dc, 0xddfc, 0xd5dc, 0xddfc, 0xde1d, 0xde3d, 
	0xd5fc, 0xcd9b, 0xcdbc, 0xe69f, 0xbd39, 0xcdfc, 0xb519, 0x8393, 0x9455, 0x9455, 0xe6df, 0xde9e, 0xe6df, 0xce3d, 0xdedf, 0xdebf, 
	0xd69e, 0xb59a, 0x4a2d, 0x2929, 0x5a6e, 0xcdfc, 0xb559, 0xeeff, 0xeeff, 0xde7d, 0xe6de, 0xe6de, 0xf75f, 0xd69c, 0xbd98, 0x83f2, 
	0x9cf6, 0xb578, 0xbdda, 0xef5f, 0xef7f, 0xef3f, 0xbdfa, 0xe71e, 0xdefd, 0xe73d, 0xce79, 0xce7a, 0xe71c, 0xe71d, 0xef5e, 0xf79f, 
	0xffbf, 0xffdf, 0xffbf, 0xffbf, 0xf77f, 0xf77f, 0xef5f, 0xef5f, 0xef5f, 0xef5f, 0xef5f, 0xef3f, 0xe73f, 0xe73f, 0xef3f, 0xef5f, 
	0xe73f, 0xe75f, 0xe75f, 0xe75f, 0xe73f, 0xe73f, 0xe73f, 0xe73f, 0xe73f, 0xe73f, 0xdf1e, 0xdf1e, 0xdf1e, 0xdf1f, 0xe73f, 0xe73f, 
	0xe73f, 0xe73f, 0xe73f, 0xdf3f, 0xdf1f, 0xd6ff, 0xd6ff, 0xd6ff, 0xd6df, 0xd6bf, 0xd6be, 0xd6be, 0xd6df, 0xd6df, 0xd6df, 0xd6de, 
	0xe75f, 0xe75e, 0xef7f, 0xf7bf, 0xffdf, 0xf7bf, 0xef7f, 0xe75f, 0xef5f, 0xef5f, 0xe75f, 0xe73f, 0xef5f, 0xef7f, 0xef7f, 0xef5f, 
	0xef7f, 0xe73f, 0xdefe, 0xdefe, 0xdefe, 0xdefe, 0xdede, 0xdede, 0xe71f, 0xe73f, 0xe73f, 0xdf1f, 0xd6df, 0xce9e, 0xc67e, 0xbe5d, 
	0xbebe, 0xc6de, 0xcefe, 0xd73f, 0xd71f, 0xd6ff, 0xd6de, 0xd6ff, 0xd6df, 0xd6ff, 0xd6ff, 0xd6df, 0xcedf, 0xcebf, 0xc69e, 0xc67e, 
	0xc67f, 0xc67f, 0xc69f, 0xc69f, 0xc69e, 0xce9e, 0xcebe, 0xcebe, 0xdeff, 0xef7f, 0xf7df, 0xf7df, 0xf79f, 0xf79f, 0xf79f, 0xef7f, 
	0xefbf, 0xef9e, 0xffbf, 0xff9f, 0xff1f, 0xbcd9, 0xabd7, 0x92d5, 0x92b6, 0x92d7, 0x8a96, 0x7a34, 0x7233, 0x61f1, 0x8335, 0x9c38, 
	0xacfb, 0xad3c, 0xa4fb, 0x9459, 0x8c19, 0x83d9, 0x83d9, 0x83f9, 0x8c1a, 0x8c1a, 0x943a, 0x9459, 0x9459, 0x9c99, 0x9cba, 0x9cda, 
	0xa4fb, 0x9cba, 0x83f7, 0x83f8, 0x8c19, 0x8c19, 0x9c7b, 0x9c7a, 0xa4bc, 0xa4bb, 0x9c9b, 0x9c9b, 0x949a, 0x947a, 0x8418, 0x83f7, 
	0x8417, 0x8c38, 0x9479, 0x9cba, 0x9cba, 0x8c58, 0x8c38, 0x9478, 0x8c38, 0x8c38, 0x8418, 0x8c38, 0x8c39, 0x8c18, 0x8418, 0x8418, 
	0x8417, 0x8c38, 0x9479, 0x9499, 0x9479, 0x949a, 0x9c9a, 0x9cbb, 0x9c9b, 0x949b, 0x947a, 0x947a, 0x949b, 0x949a, 0x947a, 0x947a, 
	0xc49a, 0xccba, 0xccdb, 0xccba, 0xccba, 0xccba, 0xccba, 0xccba, 0xccba, 0xccba, 0xccba, 0xccba, 0xccba, 0xccba, 0xccba, 0xccba, 
	0xccba, 0xccbb, 0xccdb, 0xccfb, 0xccfb, 0xcd1b, 0xcd1b, 0xcd1b, 0xcd1b, 0xcd1b, 0xcd1b, 0xcd1b, 0xccfb, 0xccfb, 0xccdb, 0xccdb, 
	0xccdb, 0xccdb, 0xd4fb, 0xd4fc, 0xd4fc, 0xd4fc, 0xd4fc, 0xd4fc, 0xd51c, 0xd51c, 0xd51c, 0xd53c, 0xd53c, 0xd53c, 0xd53c, 0xd55c, 
	0xd55d, 0xd55d, 0xd55d, 0xd57d, 0xd59d, 0xdd9e, 0xddbe, 0xddbd, 0xddbd, 0xdddd, 0xdddd, 0xe5fe, 0xe61e, 0xe61e, 0xe61e, 0xe61e, 
	0xe5fe, 0xddfe, 0xdddd, 0xddfe, 0xe5fe, 0xe5fe, 0xddfd, 0xddfd, 0xddfd, 0xddfd, 0xddfd, 0xdddc, 0xd5bc, 0xd5dc, 0xddfc, 0xde1d, 
	0xcd7b, 0xc55a, 0xbd3a, 0xcdbc, 0xc59b, 0xeedf, 0xeedf, 0xd63d, 0xc5dc, 0x8bf4, 0x9c96, 0x83d3, 0xad39, 0xc5db, 0xd69e, 0xc61c, 
	0x6b50, 0x4a2c, 0x20e7, 0x5a8e, 0x9475, 0xbd9a, 0xbd79, 0xeeff, 0xef1f, 0xde7c, 0xf75f, 0xe6fe, 0xe6fe, 0xdedd, 0xf77f, 0xdedd, 
	0xdebd, 0xad58, 0x7bd2, 0x94b5, 0xce3c, 0xe73f, 0xd67c, 0xffbf, 0xffdf, 0xffff, 0xdf1c, 0xdefc, 0xf7bf, 0xf7bf, 0xf7bf, 0xffdf, 
	0xffbf, 0xffbf, 0xff9f, 0xff9f, 0xf79f, 0xf77f, 0xf77f, 0xef5f, 0xef5f, 0xef5f, 0xef3f, 0xef3f, 0xef5f, 0xef5f, 0xef5f, 0xef5f, 
	0xef5f, 0xe75f, 0xef5f, 0xef5f, 0xef5f, 0xef5f, 0xef5f, 0xef5f, 0xef5f, 0xe73f, 0xe73e, 0xe73e, 0xe73e, 0xe73f, 0xe75f, 0xef5f, 
	0xef5f, 0xe73f, 0xe73f, 0xe73f, 0xdf3f, 0xdf1f, 0xdf1f, 0xdf1f, 0xd6df, 0xd6df, 0xd6df, 0xd6ff, 0xdeff, 0xdeff, 0xdf1f, 0xe71f, 
	0xef9f, 0xef9f, 0xef9f, 0xf7bf, 0xf7bf, 0xef9f, 0xef7f, 0xef7f, 0xef7f, 0xef7f, 0xef5f, 0xe73f, 0xe75f, 0xef7f, 0xef5f, 0xe73f, 
	0xef5f, 0xe75f, 0xe75f, 0xe75f, 0xe71e, 0xdedd, 0xd6bd, 0xd6dd, 0xe71f, 0xdf1f, 0xdf1f, 0xdf1f, 0xd6ff, 0xcebf, 0xc69e, 0xbe7d, 
	0xc6fe, 0xc71e, 0xd75f, 0xd77f, 0xdf5f, 0xd71f, 0xd6fe, 0xd6ff, 0xd6de, 0xd6df, 0xd6df, 0xcebf, 0xcebf, 0xc6bf, 0xc69f, 0xc69f, 
	0xc69f, 0xc69f, 0xc69f, 0xc69f, 0xcebf, 0xcebe, 0xcebe, 0xd6be, 0xe75f, 0xef9f, 0xf7bf, 0xf79f, 0xef7f, 0xf79f, 0xf7bf, 0xf79f, 
	0xe77e, 0xef9e, 0xf79f, 0xff9f, 0xf6ff, 0x9bb5, 0x9b55, 0x8a74, 0x8254, 0x8a76, 0x7a14, 0x61b2, 0x69f3, 0x51b0, 0x8335, 0xacfb, 
	0xbdbe, 0xc5df, 0xb57d, 0x9c9b, 0x8c3a, 0x8c1a, 0x8bfa, 0x8c1b, 0x83fa, 0x8c1a, 0x943a, 0x947a, 0x9c9a, 0x9c9a, 0x9cba, 0xa4da, 
	0x947a, 0x8c59, 0x7bb7, 0x83b7, 0x8bf8, 0x83d8, 0x8bf8, 0x83d8, 0x9c7a, 0x9c7a, 0x9c7a, 0x9c9a, 0x947a, 0x8c59, 0x8c38, 0x8418, 
	0x8c38, 0x9479, 0x9cba, 0x9cba, 0x9cba, 0xa4fb, 0xa51b, 0xa4fb, 0x9499, 0x8c38, 0x8417, 0x8418, 0x8418, 0x83f8, 0x8418, 0x8418, 
	0x83f7, 0x8c58, 0x9499, 0x949a, 0x9479, 0x8c59, 0x947a, 0x9c9b, 0x9cbb, 0x9c9b, 0x949b, 0x947a, 0x949a, 0x9c9b, 0x9c9b, 0x9c9b, 
	0xc499, 0xccba, 0xccda, 0xccba, 0xccba, 0xccba, 0xccba, 0xccba, 0xccba, 0xccba, 0xcc9a, 0xcc9a, 0xcc9a, 0xc49a, 0xc49a, 0xcc9a, 
	0xc47a, 0xcc9a, 0xccbb, 0xccdb, 0xd4fb, 0xd51b, 0xd51b, 0xcd1b, 0xccfb, 0xccfb, 0xccfb, 0xccfb, 0xccfb, 0xccda, 0xccba, 0xccba, 
	0xccdb, 0xccdb, 0xccdb, 0xccdb, 0xccfc, 0xccfc, 0xccfc, 0xccfc, 0xd51c, 0xd51c, 0xd51c, 0xd51c, 0xd53c, 0xd53c, 0xd53c, 0xd53c, 
	0xd55d, 0xd55d, 0xd55d, 0xd55d, 0xd57d, 0xd57d, 0xdd9d, 0xdd9d, 0xddbe, 0xddbe, 0xddde, 0xe5de, 0xe5fe, 0xe61e, 0xe5fe, 0xe5fe, 
	0xe61f, 0xe5fe, 0xddde, 0xddde, 0xe5fe, 0xddfe, 0xdddd, 0xdddd, 0xdddd, 0xddfd, 0xde1d, 0xde1d, 0xddfd, 0xddfd, 0xddfd, 0xde1d, 
	0xc57a, 0xc57a, 0xbd5a, 0xc59b, 0xcdbb, 0xde3d, 0xd61d, 0xc5bb, 0xeeff, 0xce1c, 0xe6bf, 0xa4b7, 0x9435, 0x7372, 0x6b10, 0x39aa, 
	0x83f3, 0xc5da, 0x6b0f, 0x526d, 0xd63c, 0xe6de, 0xd63c, 0xf73f, 0xe6de, 0xc5b9, 0xeefe, 0xef3f, 0xf75f, 0xdedd, 0xef5f, 0xd69c, 
	0xffff, 0xf7bf, 0xdefe, 0xc61a, 0xad37, 0x9474, 0x8c73, 0xe71d, 0xf7bf, 0xffdf, 0xe71c, 0xe73d, 0xffff, 0xffff, 0xf7bf, 0xf7bf, 
	0xffbf, 0xff9f, 0xff9f, 0xffbf, 0xffbf, 0xffbf, 0xf79f, 0xf79f, 0xf75f, 0xef5f, 0xef5f, 0xef5f, 0xef5f, 0xf75f, 0xef5f, 0xef5f, 
	0xef5f, 0xe75e, 0xef5e, 0xef5e, 0xef5f, 0xef7f, 0xef5f, 0xef5f, 0xef5f, 0xef5e, 0xe73e, 0xe73e, 0xe73e, 0xef5f, 0xef5f, 0xef5f, 
	0xef5f, 0xef5f, 0xe73e, 0xe71e, 0xe73f, 0xe73f, 0xdf1f, 0xdeff, 0xdefe, 0xdeff, 0xdeff, 0xdf1f, 0xdf1f, 0xe71f, 0xe73f, 0xef5f, 
	0xf79f, 0xf79f, 0xf79f, 0xf79f, 0xef7f, 0xef5f, 0xef7f, 0xf7bf, 0xf79f, 0xef9f, 0xef7f, 0xe73e, 0xe73e, 0xe73f, 0xe73f, 0xdefe, 
	0xe73f, 0xe75f, 0xef9f, 0xef9f, 0xe73f, 0xdedd, 0xd6bd, 0xd6dd, 0xe73f, 0xe71f, 0xdf3f, 0xdf3f, 0xdf3f, 0xdf1f, 0xd6df, 0xcebe, 
	0xcf1e, 0xcf3e, 0xd75f, 0xdf7f, 0xdf5f, 0xd71f, 0xd6fe, 0xd6ff, 0xd6de, 0xcebe, 0xcebe, 0xce9e, 0xc69e, 0xc69e, 0xc6be, 0xcebf, 
	0xce9f, 0xce9f, 0xc69f, 0xc69e, 0xce9e, 0xcebe, 0xd6de, 0xd6de, 0xef7f, 0xf7bf, 0xf7bf, 0xf79f, 0xf77f, 0xf7bf, 0xf7bf, 0xef9e, 
	0xefbe, 0xf7df, 0xf79f, 0xffbf, 0xeebe, 0x7af1, 0x8af4, 0x7a53, 0x8254, 0x6992, 0x69d3, 0x69f3, 0x59d2, 0x4970, 0x8377, 0xacdc, 
	0xad1c, 0xad3d, 0xa4dc, 0x945a, 0x945b, 0x945b, 0x8c3b, 0x8c3b, 0x8c1a, 0x8c3b, 0x945b, 0x947a, 0x9c9a, 0x9c99, 0x9cda, 0xa4fb, 
	0x8c38, 0x83f8, 0x83d8, 0x83b7, 0x83f8, 0x8c18, 0x83f8, 0x9459, 0x8c19, 0x8c39, 0x9459, 0x9459, 0x8c38, 0x8c38, 0x8c37, 0x8c37, 
	0x9cd9, 0xad3b, 0xad3b, 0xa4fa, 0xad5c, 0xd67f, 0xdeff, 0xd69f, 0x9cda, 0x9478, 0x8417, 0x83f7, 0x83f7, 0x83f7, 0x83f7, 0x8418, 
	0x8c38, 0x9499, 0xa4fb, 0xa4fb, 0x949a, 0x9479, 0x949a, 0x9cbb, 0x9cbb, 0x9c9b, 0x949b, 0x947a, 0x949a, 0x9cbb, 0x9cbb, 0x9cbb, 
	0xc4b9, 0xccda, 0xccda, 0xccba, 0xccba, 0xccb9, 0xccba, 0xccba, 0xccba, 0xccba, 0xccba, 0xcc9a, 0xccba, 0xccba, 0xc49a, 0xc49a, 
	0xcc9a, 0xcc9a, 0xcc9a, 0xcc9a, 0xccba, 0xccdb, 0xccdb, 0xccdb, 0xd4fb, 0xd4fb, 0xd4fb, 0xd4fb, 0xd4fb, 0xd4fb, 0xd4fb, 0xd4fb, 
	0xccbb, 0xc4ba, 0xc49a, 0xc49a, 0xccbb, 0xccdb, 0xccfc, 0xccfc, 0xd4fc, 0xd4fc, 0xd4fc, 0xd4fc, 0xd51c, 0xd51c, 0xd51c, 0xd53c, 
	0xdd5e, 0xd53d, 0xd51d, 0xd51d, 0xd53d, 0xd51d, 0xc4db, 0xbc9a, 0xc4bb, 0xdd7d, 0xe5df, 0xe59e, 0xe5be, 0xeddf, 0xedff, 0xee3f, 
	0xe5de, 0xee1f, 0xee3f, 0xee1f, 0xee1f, 0xee5f, 0xee3f, 0xe61e, 0xe61e, 0xde1d, 0xddfd, 0xddfd, 0xde1d, 0xde3d, 0xde3d, 0xde5d, 
	0xd63c, 0xd63c, 0xbd79, 0xb518, 0xcddb, 0xe69e, 0xde3d, 0xc59a, 0xde3d, 0xc59a, 0xe69f, 0xe69e, 0xe69e, 0xcddb, 0x9434, 0x7330, 
	0xacf7, 0xad17, 0x8c13, 0x83d2, 0xef3f, 0xe6de, 0xd65c, 0xff9f, 0xef1e, 0xd65b, 0xef3f, 0xef3f, 0xef1f, 0xce5b, 0xe71e, 0xdedd, 
	0xffff, 0xe71d, 0xd69b, 0xffff, 0xffdf, 0xf77f, 0xad36, 0x9cb4, 0xa515, 0xc5f9, 0xce7a, 0xe6fc, 0xffff, 0xf77f, 0xf79f, 0xffff, 
	0xffbf, 0xffdf, 0xffbf, 0xffbf, 0xffbf, 0xf7bf, 0xf7bf, 0xf79f, 0xf79f, 0xf79f, 0xf79f, 0xf77f, 0xef5f, 0xef5f, 0xef5f, 0xef5f, 
	0xef5f, 0xef7e, 0xef7f, 0xef7e, 0xef5e, 0xef5e, 0xef5e, 0xef5e, 0xef7f, 0xef5f, 0xef5e, 0xef5f, 0xef7f, 0xef7f, 0xef5f, 0xef3f, 
	0xe73f, 0xe73f, 0xe71e, 0xe71e, 0xe73f, 0xe73f, 0xe73f, 0xe73f, 0xe73f, 0xe73f, 0xe73f, 0xe75f, 0xef7f, 0xef9f, 0xf79f, 0xf79f, 
	0xef7f, 0xef5f, 0xe73f, 0xe73e, 0xe73e, 0xef7f, 0xef9f, 0xf79f, 0xef7f, 0xe75f, 0xe73e, 0xdf1e, 0xdf1e, 0xdf1e, 0xdf1e, 0xdefe, 
	0xe75f, 0xe75f, 0xdf3f, 0xd6fe, 0xcebd, 0xce9d, 0xd6bd, 0xd6de, 0xdeff, 0xdf1f, 0xe75f, 0xef7f, 0xef7f, 0xe75f, 0xdf3f, 0xdf1f, 
	0xdf3f, 0xdf5f, 0xdf5f, 0xdf5f, 0xdf5f, 0xd73f, 0xceff, 0xcebf, 0xc69e, 0xc69e, 0xcebe, 0xcebf, 0xcebe, 0xcebe, 0xcede, 0xd6df, 
	0xdedf, 0xd69f, 0xd6bf, 0xd6df, 0xcedf, 0xce9e, 0xcede, 0xdf1f, 0xefbf, 0xf7df, 0xf7bf, 0xef7f, 0xef7f, 0xf7bf, 0xf7df, 0xf7bf, 
	0xf7be, 0xf7bf, 0xffdf, 0xff9f, 0xe69e, 0x626f, 0x7af3, 0x7272, 0x59b0, 0x61f2, 0x61f2, 0x4990, 0x51d1, 0x418f, 0x62b4, 0x9c7a, 
	0x947a, 0xa4dc, 0x947b, 0x8c3a, 0x8c3b, 0x943b, 0x8c1b, 0x83d9, 0x8bfa, 0x8c3a, 0x945a, 0x9459, 0x9c99, 0xa4f9, 0xa4f9, 0x9478, 
	0x8c38, 0x8c18, 0x8c18, 0x8bf8, 0x83f7, 0x83f7, 0x8c38, 0x9479, 0x9c9a, 0x9458, 0x9c99, 0xa4fb, 0x9cba, 0x9458, 0x9498, 0xa4d9, 
	0xb57a, 0xad38, 0xad59, 0xd67e, 0xf79f, 0xf79f, 0xe71f, 0xe6ff, 0xd69f, 0xb57b, 0xa51a, 0xa4f9, 0xad3b, 0xad5b, 0x9478, 0x9cb9, 
	0xa51b, 0xbdbd, 0xbdbe, 0xad1c, 0x9cba, 0x949a, 0x9c9b, 0x9cdc, 0x9cbb, 0x949b, 0x947a, 0x8c59, 0x947a, 0x9cbb, 0xa4fb, 0xa4fb, 
	0xc4b9, 0xccb9, 0xccda, 0xccba, 0xccb9, 0xcc99, 0xcc9a, 0xccba, 0xccba, 0xcc9a, 0xcc9a, 0xcc9a, 0xcc9a, 0xcc9a, 0xc49a, 0xc49a, 
	0xcc9a, 0xcc9a, 0xcc9a, 0xcc9a, 0xccbb, 0xccbb, 0xccbb, 0xccbb, 0xccdb, 0xccdb, 0xd4db, 0xd4db, 0xd4db, 0xd4fb, 0xd4fb, 0xd4fc, 
	0xccdb, 0xccbb, 0xc4ba, 0xc4ba, 0xccbb, 0xccdb, 0xccdb, 0xccdb, 0xccfb, 0xccfb, 0xccfb, 0xd4fc, 0xd4fc, 0xd4fc, 0xd51c, 0xd51c, 
	0xd4fc, 0xccfc, 0xccdc, 0xc4bb, 0xc49b, 0xbc7a, 0xbc5a, 0xb439, 0xb419, 0xccbb, 0xd53d, 0xdd3d, 0xdd5e, 0xdd5e, 0xd51c, 0xccfc, 
	0xc4bb, 0xcd1c, 0xcd3c, 0xcd3c, 0xd57d, 0xe61f, 0xf67f, 0xf67f, 0xee3f, 0xe65f, 0xe65e, 0xe63e, 0xe63e, 0xe63d, 0xe65e, 0xe65e, 
	0xde7d, 0xe6be, 0xde5d, 0xd5fb, 0xe67d, 0xeedf, 0xde5d, 0xcd9b, 0xeedf, 0xcdbb, 0xe67e, 0xc5ba, 0xe69e, 0xde7d, 0xe6be, 0xde9d, 
	0xb538, 0x9c75, 0x5a4c, 0x62ce, 0xde7c, 0xef1f, 0xe6bd, 0xff9f, 0xef3e, 0xd67c, 0xf77f, 0xef5f, 0xe71e, 0xce3b, 0xdede, 0xdebd, 
	0xf77f, 0xef3e, 0xdedc, 0xf79f, 0xef5e, 0xf7bf, 0xe6fd, 0xffbf, 0xd6bb, 0xbdd8, 0x9493, 0xad36, 0xffbf, 0xffff, 0xffff, 0xf79f, 
	0xffdf, 0xffdf, 0xffbf, 0xffbf, 0xf7bf, 0xf7bf, 0xf7bf, 0xf7bf, 0xf79f, 0xf79f, 0xf79f, 0xf79f, 0xef7f, 0xef5f, 0xef5f, 0xef7f, 
	0xf79f, 0xf79f, 0xf79f, 0xf79f, 0xf77f, 0xef7f, 0xef7f, 0xef7f, 0xf79f, 0xf77f, 0xef7f, 0xef7f, 0xef7f, 0xef7f, 0xef5f, 0xe73e, 
	0xe73f, 0xe73f, 0xe71e, 0xe73e, 0xe73f, 0xe75f, 0xef5f, 0xe75f, 0xef5f, 0xef5f, 0xef5f, 0xef7f, 0xef7f, 0xef9f, 0xef9f, 0xef7f, 
	0xef5f, 0xef5f, 0xef5f, 0xef5f, 0xef7f, 0xef7f, 0xf79f, 0xef9f, 0xef7f, 0xe75f, 0xe73e, 0xe73e, 0xe75f, 0xe75f, 0xe75f, 0xe75f, 
	0xdf3f, 0xdf1f, 0xd71f, 0xd6de, 0xcebd, 0xcebd, 0xd6de, 0xd6fe, 0xe73f, 0xe75f, 0xe77f, 0xef7f, 0xef7f, 0xe75f, 0xe73f, 0xdf1f, 
	0xdf3f, 0xdf5f, 0xdf5f, 0xdf5f, 0xdf3f, 0xd71f, 0xcedf, 0xcebf, 0xcebf, 0xcebf, 0xc6be, 0xcebe, 0xcebe, 0xcede, 0xd6ff, 0xdf1f, 
	0xe6ff, 0xdebf, 0xdedf, 0xd6ff, 0xd6df, 0xcede, 0xd71f, 0xe77f, 0xf7bf, 0xf79f, 0xf77f, 0xef5f, 0xef7f, 0xf79f, 0xf7bf, 0xef9e, 
	0xf7bf, 0xffff, 0xef7f, 0xef1f, 0xe6bf, 0x72f1, 0x6230, 0x51cf, 0x51af, 0x496f, 0x414f, 0x4170, 0x396f, 0x396f, 0x7b97, 0x8c39, 
	0x8c39, 0x8c3a, 0x8c19, 0x83f9, 0x83f9, 0x83d9, 0x83da, 0x7bb9, 0x83d8, 0x7356, 0x8c39, 0xb59d, 0xc5fe, 0xce1e, 0xbddc, 0x9cb8, 
	0x8c37, 0x9479, 0xad1b, 0xb57d, 0xb57d, 0xad1b, 0x9cba, 0x9c99, 0xa4da, 0x9cb9, 0xa51a, 0xad1a, 0x9cb9, 0x9498, 0xad1a, 0xbdbc, 
	0xbdda, 0xc61b, 0xdebe, 0xffbf, 0xffbf, 0xd69e, 0xbdfb, 0xce3d, 0xdebf, 0xef3f, 0xf79f, 0xdedf, 0xc61e, 0xc5fd, 0xbddd, 0xc5fe, 
	0xc61f, 0xc5fe, 0xad5c, 0x9cba, 0xa4fb, 0xa51c, 0xa4fc, 0x9cdc, 0x949b, 0x949b, 0x947b, 0x947a, 0x9cbb, 0xa51c, 0xa53c, 0xa53c, 
	0xccb9, 0xccba, 0xccba, 0xccba, 0xccba, 0xcc9a, 0xcc9a, 0xcc9a, 0xcc9a, 0xcc9a, 0xcc7a, 0xcc9a, 0xcc9a, 0xcc9a, 0xcc9a, 0xc49a, 
	0xccba, 0xcc9a, 0xcc9a, 0xcc9a, 0xccba, 0xccbb, 0xccbb, 0xccba, 0xccba, 0xccba, 0xcc9a, 0xccba, 0xccbb, 0xd4db, 0xd4fc, 0xd4fc, 
	0xd4fc, 0xccdb, 0xccbb, 0xccbb, 0xccbb, 0xccbb, 0xccdb, 0xccdb, 0xd4fb, 0xccdb, 0xccdb, 0xccdb, 0xccdb, 0xd4fb, 0xd4fc, 0xd4fc, 
	0xccfc, 0xccfc, 0xccdc, 0xc49b, 0xbc5a, 0xb419, 0xb439, 0xbc39, 0xbc59, 0xbc5a, 0xc47a, 0xc49b, 0xc4bb, 0xc49b, 0xbc7a, 0xbc5a, 
	0xb439, 0xbc5a, 0xbc5a, 0xbc7a, 0xc4bb, 0xd55d, 0xe5de, 0xe5ff, 0xe5de, 0xe61f, 0xee3f, 0xee5f, 0xee5f, 0xee7f, 0xf6bf, 0xfeff, 
	0xee9f, 0xfeff, 0xf6df, 0xee7e, 0xf6bf, 0xfeff, 0xf6df, 0xe67e, 0xeebf, 0xcdbb, 0xf6ff, 0xc5ba, 0xe6de, 0xce3b, 0xdede, 0xde9d, 
	0xe6de, 0xeedf, 0x8bf3, 0x6b0f, 0x9433, 0x9454, 0xad17, 0xf75f, 0xff9f, 0xdedd, 0xff9f, 0xf79f, 0xf77f, 0xd6bc, 0xef7f, 0xef3f, 
	0xffff, 0xe73d, 0xce5a, 0xef3e, 0xf79f, 0xffdf, 0xdefc, 0xffbf, 0xffff, 0xffbf, 0xdebc, 0xd69b, 0xffff, 0xffbf, 0xffdf, 0xffff, 
	0xffdf, 0xffdf, 0xffbf, 0xffbf, 0xf7bf, 0xf7bf, 0xf7bf, 0xf7bf, 0xf79f, 0xf79f, 0xf7bf, 0xf79f, 0xf77f, 0xef7f, 0xef5f, 0xef5f, 
	0xf79f, 0xf7bf, 0xffdf, 0xffdf, 0xf7bf, 0xf79f, 0xf79f, 0xf79f, 0xf79f, 0xf79f, 0xf79f, 0xf77f, 0xf77f, 0xef7f, 0xef5f, 0xef5f, 
	0xe73f, 0xe73f, 0xe73f, 0xe73f, 0xef5f, 0xef5f, 0xef7f, 0xef7f, 0xef9f, 0xef7f, 0xef7f, 0xef7f, 0xef9f, 0xef9f, 0xef7f, 0xef7f, 
	0xef7f, 0xef7f, 0xef7f, 0xf79f, 0xf79f, 0xf7bf, 0xf79f, 0xef9f, 0xef9f, 0xef7f, 0xe75e, 0xe75e, 0xe75f, 0xe75f, 0xe75f, 0xe75f, 
	0xd6fe, 0xd6fe, 0xd6dd, 0xcebd, 0xcebd, 0xd6dd, 0xd6fe, 0xdefe, 0xe77f, 0xef7f, 0xef7f, 0xef7f, 0xef7f, 0xef5f, 0xe75f, 0xe73f, 
	0xe75f, 0xdf3f, 0xdf3f, 0xdf1f, 0xd71f, 0xd6ff, 0xcedf, 0xcebe, 0xcedf, 0xcedf, 0xcedf, 0xcebe, 0xd6de, 0xd71f, 0xdf3f, 0xe73f, 
	0xe6ff, 0xdedf, 0xdedf, 0xd6de, 0xcede, 0xcedd, 0xdf3e, 0xef9f, 0xf7df, 0xf79f, 0xef5f, 0xf77f, 0xf79f, 0xf7bf, 0xf7bf, 0xf7bf, 
	0xf7bf, 0xffdf, 0xef5f, 0xff9f, 0xff7f, 0x7b33, 0x38eb, 0x51af, 0x8336, 0x59d1, 0x416f, 0x51f1, 0x396f, 0x312d, 0x7b97, 0x7376, 
	0x8c39, 0x83d8, 0x83d8, 0x7bb8, 0x7377, 0x7357, 0x7377, 0x7357, 0x7377, 0x7356, 0xad1c, 0xdebf, 0xd67f, 0xd67f, 0xdebf, 0xc5fc, 
	0xb57c, 0xbddd, 0xce5f, 0xdebf, 0xdebf, 0xd67f, 0xc61e, 0xc5fe, 0xb59c, 0xbd9c, 0xc5fd, 0xc5fd, 0xbd9c, 0xb59c, 0xbddd, 0xc61d, 
	0xce5d, 0xe73f, 0xf79f, 0xe73f, 0xd69e, 0xc61c, 0xbdbb, 0xbdbb, 0xb59b, 0xce5e, 0xdedf, 0xd67f, 0xad5b, 0x9cd9, 0xa4fa, 0x9478, 
	0x8c37, 0x9cda, 0xa4fb, 0x9cdb, 0x9cdb, 0x9cbb, 0x949b, 0x9cbb, 0x9cbb, 0x9cbc, 0x9cbb, 0x9cbb, 0xa4fc, 0xad3c, 0xad5c, 0xad3c, 
	0xcc9a, 0xccba, 0xccba, 0xccba, 0xccba, 0xcc9a, 0xcc9a, 0xcc9a, 0xcc7a, 0xcc7a, 0xcc7a, 0xcc7a, 0xcc9a, 0xcc9a, 0xcc9a, 0xcc9a, 
	0xccba, 0xcc9a, 0xcc9a, 0xcc9a, 0xccba, 0xccba, 0xcc9a, 0xcc9a, 0xcc9a, 0xcc9a, 0xc47a, 0xc47a, 0xcc9a, 0xccbb, 0xd4db, 0xd4fc, 
	0xd4fc, 0xd4fc, 0xccdb, 0xccbb, 0xccbb, 0xccbb, 0xccbb, 0xccbb, 0xd4db, 0xd4db, 0xd4db, 0xd4db, 0xd4db, 0xd4db, 0xd4db, 0xd4dc, 
	0xccfc, 0xd4fc, 0xccfc, 0xccbb, 0xc49a, 0xbc7a, 0xc47a, 0xc49b, 0xc49b, 0xbc5a, 0xbc39, 0xbc5a, 0xbc5a, 0xbc5a, 0xbc5a, 0xbc3a, 
	0xbc1a, 0xbc3a, 0xbc3a, 0xbc3a, 0xbc7a, 0xc4bb, 0xccdb, 0xc4db, 0xc49a, 0xccfb, 0xcd3c, 0xd55c, 0xd57c, 0xddbd, 0xee1f, 0xf67f, 
	0xf67f, 0xfebf, 0xee3f, 0xdddd, 0xe61e, 0xf67f, 0xf6bf, 0xfedf, 0xff1f, 0xde3d, 0xff3f, 0xce1b, 0xeefe, 0xce5b, 0xe6fe, 0xdebd, 
	0xeeff, 0xf75f, 0x9c55, 0x8c13, 0xe6de, 0xd63b, 0xa4b5, 0xa4d5, 0x9cb4, 0xad37, 0xf79f, 0xffff, 0xf79f, 0xd67c, 0xef7f, 0xf79f, 
	0xef5e, 0xdebc, 0xd67b, 0xf79f, 0xffdf, 0xef3e, 0xce5a, 0xf79f, 0xf77f, 0xf79f, 0xe73d, 0xe71d, 0xffff, 0xf77e, 0xf79f, 0xf79f, 
	0xffdf, 0xffdf, 0xffbf, 0xffbf, 0xffbf, 0xf7bf, 0xf7bf, 0xf7bf, 0xf79f, 0xf7bf, 0xffbf, 0xf7bf, 0xf79f, 0xf77f, 0xef5f, 0xef5e, 
	0xf79f, 0xf7bf, 0xffdf, 0xffdf, 0xffdf, 0xffbf, 0xf7bf, 0xf7bf, 0xf77f, 0xf79f, 0xf79f, 0xf79f, 0xf77f, 0xf77f, 0xf79f, 0xf79f, 
	0xef7f, 0xef5f, 0xef5f, 0xef7f, 0xef7f, 0xef9f, 0xef9f, 0xef7f, 0xf79f, 0xf79f, 0xef9f, 0xef9f, 0xf79f, 0xf79f, 0xef9f, 0xef7f, 
	0xef7f, 0xf77f, 0xf79f, 0xf7bf, 0xf7bf, 0xf7bf, 0xf7bf, 0xf79f, 0xf7bf, 0xef9f, 0xef7f, 0xe75e, 0xe73e, 0xe73e, 0xdf1e, 0xdefe, 
	0xd6fe, 0xd6fe, 0xd6dd, 0xd6dd, 0xd6fe, 0xdf1e, 0xdf1e, 0xdf1e, 0xe75f, 0xef5f, 0xef7f, 0xef7f, 0xef7f, 0xef5f, 0xef5f, 0xef5f, 
	0xe73f, 0xdf1e, 0xdefe, 0xd6fe, 0xd6fe, 0xd6df, 0xcede, 0xcede, 0xcedf, 0xd6ff, 0xd6ff, 0xd71f, 0xdf1f, 0xe73f, 0xe73f, 0xe73f, 
	0xe71f, 0xe6ff, 0xdefe, 0xd6de, 0xcedd, 0xcedd, 0xdf3e, 0xefbf, 0xffff, 0xf79f, 0xef5f, 0xf77f, 0xf79f, 0xf77f, 0xef3e, 0xef3e, 
	0xe73e, 0xdedd, 0xce3c, 0xde9e, 0xe6bf, 0x93f6, 0x51ae, 0x7293, 0x6a73, 0x412e, 0x38ed, 0x310d, 0x30ed, 0x41b0, 0x83b7, 0x6b15, 
	0x7b76, 0x6b36, 0x7377, 0x7356, 0x6af5, 0x7357, 0x7377, 0x7b97, 0x6b35, 0x8c39, 0xc61f, 0xdebf, 0xce1e, 0xce3d, 0xdedf, 0xdebf, 
	0xd67f, 0xce5f, 0xce5f, 0xd67f, 0xd67f, 0xd67f, 0xd69f, 0xd69f, 0xce7f, 0xce5e, 0xd67f, 0xd69f, 0xd69f, 0xd6bf, 0xd69f, 0xce3d, 
	0xdedf, 0xef3f, 0xdedf, 0xbddb, 0xb5bb, 0xc5fc, 0xbdfc, 0xbdbc, 0xbdfd, 0xbddd, 0xc61e, 0xdebf, 0xb59c, 0x8c58, 0x9478, 0x8417, 
	0x7bd6, 0x83f7, 0x83f7, 0x8c38, 0x9cdb, 0xad1d, 0xa51d, 0xa4fd, 0xa4fd, 0xa4fc, 0xa4fc, 0xa4dc, 0xa51c, 0xad3c, 0xad3c, 0xad1b, 
	0xc479, 0xcc79, 0xcc7a, 0xcc7a, 0xcc7a, 0xcc7a, 0xcc7a, 0xcc7a, 0xcc59, 0xcc59, 0xc459, 0xcc5a, 0xcc7a, 0xcc7a, 0xcc7a, 0xcc7a, 
	0xcc9a, 0xcc9a, 0xcc9a, 0xcc9a, 0xcc9b, 0xcc9b, 0xcc9a, 0xcc7a, 0xcc9a, 0xcc9a, 0xc47a, 0xc47a, 0xc47a, 0xcc9a, 0xccbb, 0xd4db, 
	0xd4fc, 0xd4fc, 0xd4fc, 0xccdb, 0xccbb, 0xccbb, 0xccbb, 0xccbb, 0xd4fc, 0xd4db, 0xd4db, 0xd4db, 0xd4db, 0xd4db, 0xd4fc, 0xd4fc, 
	0xccfc, 0xccfc, 0xccfc, 0xccdc, 0xccdb, 0xccbb, 0xccbb, 0xccbb, 0xc47a, 0xbc59, 0xc47a, 0xc49b, 0xbc5a, 0xbc3a, 0xbc5a, 0xb419, 
	0xbc1a, 0xbc1a, 0xbc3a, 0xbc3a, 0xc45b, 0xc47b, 0xc47b, 0xbc5a, 0xb419, 0xbc59, 0xbc7a, 0xbc7a, 0xbc79, 0xc49a, 0xccfb, 0xd53c, 
	0xe59e, 0xe5be, 0xd53c, 0xc4ba, 0xccfb, 0xd55c, 0xddbd, 0xddfd, 0xfeff, 0xee9f, 0xff3f, 0xe6be, 0xef3f, 0xe71e, 0xef7f, 0xe71e, 
	0xde9e, 0xf73f, 0x9c76, 0x7b71, 0xff5f, 0xf73f, 0xde7c, 0xf75f, 0xce3b, 0x9494, 0x9cb4, 0xad36, 0xd69c, 0xe6fd, 0xffdf, 0xef5e, 
	0xffbf, 0xe71d, 0xe6fd, 0xf79f, 0xffdf, 0xef7e, 0xdedc, 0xffbf, 0xf7bf, 0xf77f, 0xe6fd, 0xe6fd, 0xffff, 0xffdf, 0xffff, 0xffff, 
	0xffdf, 0xffdf, 0xffbf, 0xffbf, 0xffbf, 0xffbf, 0xffbf, 0xffbf, 0xf7bf, 0xffbf, 0xffbf, 0xffbf, 0xf79f, 0xf77f, 0xef7f, 0xef7f, 
	0xf77f, 0xf79f, 0xf7bf, 0xffdf, 0xffdf, 0xffbf, 0xffbf, 0xffbf, 0xf79f, 0xf79f, 0xf79f, 0xf79f, 0xf79f, 0xf79f, 0xf79f, 0xf7bf, 
	0xf79f, 0xf79f, 0xef9f, 0xf79f, 0xf79f, 0xf79f, 0xf79f, 0xef9f, 0xf79f, 0xf79f, 0xf79f, 0xf79f, 0xf7bf, 0xf7bf, 0xf7bf, 0xf79f, 
	0xf79f, 0xf79f, 0xf79f, 0xf79f, 0xf7bf, 0xf7bf, 0xf7bf, 0xf7bf, 0xf7df, 0xf7bf, 0xef9f, 0xef7f, 0xef5e, 0xe73e, 0xe71e, 0xdf1e, 
	0xdf3e, 0xdf1e, 0xd6fe, 0xdf1e, 0xdf3e, 0xe75f, 0xe75f, 0xe73f, 0xe75f, 0xef5f, 0xef7f, 0xef7f, 0xef5f, 0xef5f, 0xef3f, 0xe71f, 
	0xdefe, 0xdefe, 0xd6de, 0xd6de, 0xd6de, 0xd6df, 0xd6ff, 0xd6df, 0xd6ff, 0xd71f, 0xdf1f, 0xdf1f, 0xe73f, 0xe75f, 0xe75f, 0xe73f, 
	0xef5f, 0xef5f, 0xe73f, 0xdf1e, 0xd71d, 0xd71d, 0xe77e, 0xf7df, 0xf7bf, 0xf77e, 0xf75f, 0xf75f, 0xf73f, 0xe6de, 0xd67d, 0xd67d, 
	0xd69d, 0xce5d, 0xc5fc, 0xc5dc, 0xd61e, 0xc57d, 0x72f3, 0x496e, 0x6a93, 0x5a11, 0x5a12, 0x28cc, 0x394e, 0x7335, 0x83d7, 0x62f4, 
	0x7b97, 0x7396, 0x7bb7, 0x6b15, 0x5ab4, 0x6b15, 0x6b36, 0x7377, 0x7376, 0xad1c, 0xc61f, 0xbddd, 0xc5fd, 0xd67f, 0xd69e, 0xc63d, 
	0xd67e, 0xce5e, 0xce3d, 0xce5e, 0xce5e, 0xce3d, 0xce3d, 0xce3d, 0xd69f, 0xce5e, 0xce5e, 0xce5e, 0xd67e, 0xdedf, 0xdeff, 0xd69f, 
	0xdeff, 0xce5e, 0xb5bb, 0xb5bc, 0xbddd, 0xb59b, 0xad5b, 0xb57c, 0xad7c, 0xad3b, 0xb59d, 0xce5f, 0xa4fb, 0x6b54, 0x7bd6, 0x8417, 
	0x7bd7, 0x8418, 0x8c39, 0x947a, 0xa4fc, 0xad3d, 0xad1d, 0xad1d, 0xad1d, 0xad1d, 0xa4fc, 0xa4fc, 0xa4fb, 0xad1c, 0xad1b, 0xa4fb, 
	0xc419, 0xc419, 0xc439, 0xcc59, 0xcc5a, 0xcc5a, 0xcc39, 0xcc39, 0xcc39, 0xcc39, 0xc439, 0xcc59, 0xcc5a, 0xcc7a, 0xcc7a, 0xcc7a, 
	0xcc7a, 0xcc7a, 0xcc9a, 0xcc9a, 0xcc9b, 0xcc9b, 0xcc9a, 0xcc9a, 0xcc9a, 0xcc9a, 0xcc7a, 0xcc7a, 0xcc7a, 0xcc9a, 0xcc9a, 0xcc9b, 
	0xd4dc, 0xd4fc, 0xd4fc, 0xd4dc, 0xd4db, 0xccbb, 0xccbb, 0xccbb, 0xd4dc, 0xd4db, 0xd4db, 0xd4db, 0xd4db, 0xd4dc, 0xd4fc, 0xd4fc, 
	0xd51c, 0xd4fc, 0xd4fc, 0xd51c, 0xd51c, 0xd4fc, 0xccdc, 0xccbb, 0xc49b, 0xbc5a, 0xc47a, 0xc47b, 0xb419, 0xbc3a, 0xc49b, 0xbc5a, 
	0xbc3a, 0xbc1a, 0xbc1a, 0xc43b, 0xc45b, 0xcc7b, 0xc47b, 0xc47b, 0xc45a, 0xc47a, 0xc47a, 0xbc5a, 0xbc5a, 0xbc5a, 0xc47a, 0xc49a, 
	0xc47a, 0xccbb, 0xc49a, 0xbc59, 0xc49a, 0xc4da, 0xc4da, 0xc4fa, 0xddfd, 0xde1d, 0xeebf, 0xf73f, 0xf75f, 0xf77f, 0xef3e, 0xdebd, 
	0xef1f, 0xeeff, 0xa4b7, 0x7b71, 0xff5f, 0xff7f, 0xe6bd, 0xffdf, 0xef1e, 0xde9c, 0xef3e, 0xc619, 0x9cb4, 0x8411, 0xce5a, 0xffbf, 
	0xffbf, 0xef3d, 0xef5e, 0xf77f, 0xf79f, 0xffdf, 0xef5e, 0xef5e, 0xf7bf, 0xf77f, 0xe71d, 0xdedc, 0xf77e, 0xef3e, 0xf7bf, 0xf79f, 
	0xffdf, 0xffdf, 0xffdf, 0xffdf, 0xffdf, 0xffdf, 0xffdf, 0xffdf, 0xffbf, 0xffbf, 0xffdf, 0xffbf, 0xf79f, 0xf79f, 0xf77f, 0xf77f, 
	0xef7e, 0xf79f, 0xf79f, 0xf7bf, 0xf7bf, 0xf7bf, 0xf7bf, 0xffbf, 0xffbf, 0xf7bf, 0xf79f, 0xf79f, 0xf79f, 0xf79f, 0xf79f, 0xf79f, 
	0xf7bf, 0xf7bf, 0xf7bf, 0xf7bf, 0xf7bf, 0xf7bf, 0xf79f, 0xef9f, 0xf79f, 0xf79f, 0xf79f, 0xf7bf, 0xf7bf, 0xf7bf, 0xf7bf, 0xf7bf, 
	0xf7bf, 0xf7bf, 0xf79f, 0xf79f, 0xf7bf, 0xf7bf, 0xf7bf, 0xf7bf, 0xf7bf, 0xf7bf, 0xf79f, 0xf79f, 0xf79f, 0xf79f, 0xef9f, 0xef7f, 
	0xe73e, 0xdf3e, 0xdf3e, 0xe75f, 0xe77f, 0xef7f, 0xef7f, 0xef5f, 0xef7f, 0xef7f, 0xef7f, 0xef5f, 0xef3f, 0xe71e, 0xe6fe, 0xdede, 
	0xdede, 0xdede, 0xd6de, 0xd6de, 0xd6fe, 0xd6ff, 0xd6ff, 0xd6ff, 0xdf1f, 0xdf3f, 0xdf1f, 0xdf1f, 0xdf3f, 0xef7f, 0xef7f, 0xef5f, 
	0xef7f, 0xef5f, 0xe75f, 0xdf3e, 0xdf3d, 0xdf5d, 0xe79e, 0xf7bf, 0xef7e, 0xef5e, 0xf75f, 0xff5f, 0xf71f, 0xde9e, 0xcdfc, 0xc5bb, 
	0xbd9b, 0xb57b, 0xbdbc, 0xc59c, 0xbd5c, 0xb4fb, 0x8335, 0x414e, 0x6252, 0x498f, 0x51f1, 0x394e, 0x5a72, 0x83d7, 0x83d7, 0x8c18, 
	0x8c39, 0x9439, 0x947a, 0x7b97, 0x7356, 0x7376, 0x7356, 0x945a, 0x8c39, 0xbdbe, 0xbdbd, 0xa4f9, 0xb59b, 0xd69f, 0xd69e, 0xce7d, 
	0xd69e, 0xce5d, 0xc63d, 0xce3d, 0xce5d, 0xc63d, 0xc61c, 0xc5fc, 0xc61d, 0xc61d, 0xce7e, 0xce7e, 0xce3d, 0xce3e, 0xce5e, 0xce3e, 
	0xc61e, 0xbdbd, 0xad7b, 0xb57c, 0xb5bd, 0xad5c, 0xa51b, 0xad5c, 0xa51b, 0xa51b, 0xb57d, 0xb59e, 0x949a, 0x7bb6, 0x83f8, 0x8c38, 
	0x7376, 0x8c59, 0xa4fc, 0xad3d, 0xa51d, 0x9cbc, 0x9cbc, 0xa4fd, 0xa4fd, 0xacfd, 0xa4fc, 0xa4fb, 0xacfc, 0xb53c, 0xb53c, 0xad1b, 
	0xbbf8, 0xbbf8, 0xc3f8, 0xc439, 0xcc3a, 0xcc5a, 0xcc39, 0xcc39, 0xcc39, 0xcc39, 0xcc39, 0xcc39, 0xcc5a, 0xcc5a, 0xcc5a, 0xcc5a, 
	0xcc5a, 0xcc7a, 0xcc7a, 0xcc9a, 0xcc9b, 0xcc9b, 0xcc9a, 0xcc9a, 0xcc9a, 0xcc9a, 0xcc7a, 0xcc7a, 0xcc7a, 0xcc7a, 0xcc7a, 0xcc7a, 
	0xd4bb, 0xd4db, 0xd4fc, 0xd4fc, 0xd4dc, 0xd4db, 0xd4db, 0xd4db, 0xd4db, 0xd4db, 0xd4db, 0xd4db, 0xd4db, 0xd4dc, 0xd4fc, 0xd4fc, 
	0xdd3c, 0xd51c, 0xd51c, 0xdd3c, 0xdd3d, 0xdd1d, 0xd51c, 0xd4fc, 0xccdc, 0xc47a, 0xc49b, 0xc47b, 0xb419, 0xc47b, 0xd4fd, 0xc49b, 
	0xbc3b, 0xbc3a, 0xc43b, 0xc45b, 0xcc9c, 0xccbc, 0xccbc, 0xcc9c, 0xc47b, 0xc47a, 0xc47a, 0xc47b, 0xc49b, 0xc49b, 0xc47a, 0xbc5a, 
	0xbc59, 0xccbb, 0xccbb, 0xc49a, 0xccba, 0xc4ba, 0xbc99, 0xc4d9, 0xcd3b, 0xcd7b, 0xd5dc, 0xde5d, 0xe6be, 0xf73f, 0xffbf, 0xf77f, 
	0xff5f, 0xc59b, 0x9414, 0x8392, 0xde7d, 0xef1f, 0xde7c, 0xffbf, 0xff7f, 0xdedc, 0xffbf, 0xffbf, 0xf77e, 0xbdf8, 0xb597, 0x9493, 
	0xc5f8, 0xbdb8, 0xe6fc, 0xffbf, 0xf77f, 0xf77f, 0xf79f, 0xffdf, 0xffbf, 0xef7e, 0xe71d, 0xe73d, 0xffff, 0xffdf, 0xffff, 0xf77e, 
	0xffbf, 0xffbf, 0xffdf, 0xffdf, 0xffdf, 0xffdf, 0xffdf, 0xffdf, 0xffdf, 0xffdf, 0xffdf, 0xffbf, 0xf79f, 0xf79f, 0xf79f, 0xf79f, 
	0xf79f, 0xf79f, 0xf7bf, 0xf7bf, 0xf7bf, 0xf7bf, 0xf7bf, 0xffbf, 0xffdf, 0xf7bf, 0xf79f, 0xf79f, 0xf79f, 0xf7bf, 0xf79f, 0xf79f, 
	0xf7bf, 0xf79f, 0xf79f, 0xf7bf, 0xf7bf, 0xf7bf, 0xf79f, 0xf79f, 0xf79f, 0xf79f, 0xf79f, 0xf7bf, 0xf7bf, 0xf7df, 0xf7bf, 0xf7bf, 
	0xf7bf, 0xf7bf, 0xf7bf, 0xf7bf, 0xffdf, 0xffdf, 0xffdf, 0xf7bf, 0xf7df, 0xf7bf, 0xf7bf, 0xf7bf, 0xf7bf, 0xf7bf, 0xf7bf, 0xef9f, 
	0xe73e, 0xe75f, 0xe77f, 0xef7f, 0xef9f, 0xef9f, 0xef7f, 0xef7f, 0xef7f, 0xef7f, 0xef5f, 0xef3f, 0xe71e, 0xe6fe, 0xe6dd, 0xdedd, 
	0xdede, 0xdede, 0xdefe, 0xdeff, 0xdf1f, 0xdf1f, 0xdf1f, 0xdf1f, 0xdf1f, 0xdf3f, 0xdf1f, 0xdf1e, 0xe73f, 0xef9f, 0xef9f, 0xef5f, 
	0xe73f, 0xe71f, 0xdf1e, 0xdf3e, 0xdf5e, 0xe77e, 0xe77e, 0xef9e, 0xef5e, 0xf75f, 0xf75f, 0xf71f, 0xe69f, 0xcddd, 0xacb9, 0x8bf6, 
	0x524f, 0x49ee, 0x4a0e, 0x520f, 0x49cf, 0x416e, 0x51d0, 0x59f1, 0x6a93, 0x30ed, 0x392d, 0x394e, 0x49d0, 0x39ae, 0x398e, 0x4a30, 
	0x41d0, 0x41f0, 0x5252, 0x41f0, 0x4a11, 0x4a11, 0x4a11, 0x8c18, 0xad1c, 0xbdbe, 0xb59d, 0xa4fa, 0xad3a, 0xbdfc, 0xce7e, 0xd6bf, 
	0xc63d, 0xbddb, 0xb59a, 0xb59b, 0xbdbb, 0xbdbb, 0xb5bb, 0xb5bb, 0xb59b, 0xbdbc, 0xc61d, 0xce5e, 0xc61d, 0xbddc, 0xb5bc, 0xb57b, 
	0xad7c, 0xb5bd, 0xad7c, 0xa4fb, 0xa51b, 0xad5c, 0xad5c, 0xad3c, 0xa4fb, 0x9cfb, 0xa51c, 0xa4fb, 0x9cbb, 0x949a, 0x8c59, 0x8c5a, 
	0xa4fc, 0x9cfc, 0x949b, 0x949b, 0xa4fd, 0xad1d, 0xa4fd, 0xad1d, 0xa4dc, 0xa4fc, 0xacfc, 0xad1c, 0xb53c, 0xb55c, 0xb55c, 0xb53b, 
	0xbbf8, 0xbbf8, 0xc3f8, 0xc439, 0xcc5a, 0xd45a, 0xcc3a, 0xcc39, 0xcc19, 0xcc19, 0xcc19, 0xcc39, 0xcc5a, 0xcc5a, 0xcc5a, 0xcc5a, 
	0xcc5a, 0xc45a, 0xcc5a, 0xcc7a, 0xcc9b, 0xd49b, 0xcc9b, 0xcc7a, 0xcc7a, 0xcc7a, 0xcc7a, 0xcc9b, 0xcc9b, 0xcc7a, 0xcc7a, 0xcc7a, 
	0xcc9b, 0xd4db, 0xd4fc, 0xdcfc, 0xd4fc, 0xd4dc, 0xd4db, 0xd4db, 0xd4db, 0xd4db, 0xd4db, 0xd4db, 0xd4db, 0xd4dc, 0xd4fc, 0xd4fc, 
	0xd51c, 0xd51c, 0xd51c, 0xdd1c, 0xdd1c, 0xdd1c, 0xdd1c, 0xdd1d, 0xccbb, 0xc49b, 0xd4fc, 0xd4fc, 0xc49b, 0xd4fd, 0xdd3e, 0xc47b, 
	0xbc3a, 0xbc3a, 0xc45b, 0xccbc, 0xd4fd, 0xd4fd, 0xd4fd, 0xccdc, 0xd4dc, 0xccdc, 0xd4dc, 0xd51d, 0xdd3e, 0xdd3d, 0xd4dc, 0xc49b, 
	0xd51c, 0xdd3c, 0xd51c, 0xccdb, 0xc4ba, 0xbc99, 0xbc99, 0xc4da, 0xc4da, 0xc51a, 0xcd7b, 0xcd9b, 0xd61c, 0xde5c, 0xf6ff, 0xeebe, 
	0xff7f, 0x93f4, 0x626e, 0x7331, 0xc59a, 0xf75f, 0xe6dd, 0xff9f, 0xf77f, 0xdebc, 0xff9f, 0xff9f, 0xf79f, 0xdedc, 0xf79f, 0xf77e, 
	0xc619, 0x9473, 0xb597, 0xf77e, 0xffff, 0xffbf, 0xf79f, 0xf79f, 0xf79f, 0xffbf, 0xffdf, 0xf79f, 0xffbf, 0xef5e, 0xffdf, 0xffbf, 
	0xffbf, 0xffbf, 0xffdf, 0xffdf, 0xffdf, 0xffdf, 0xffdf, 0xffdf, 0xffdf, 0xffdf, 0xffbf, 0xffbf, 0xf79f, 0xf79f, 0xf79f, 0xf79f, 
	0xf79f, 0xf7bf, 0xf7bf, 0xf7bf, 0xf7bf, 0xf7bf, 0xf7bf, 0xf7bf, 0xffbf, 0xf79f, 0xf77f, 0xf77f, 0xf7bf, 0xffbf, 0xffbf, 0xf7bf, 
	0xf79f, 0xf79f, 0xf79f, 0xf79f, 0xf7bf, 0xf7bf, 0xf79f, 0xf79f, 0xf79f, 0xf7bf, 0xf79f, 0xf7bf, 0xf7bf, 0xf7bf, 0xf7bf, 0xf7bf, 
	0xf7bf, 0xf7bf, 0xffbf, 0xffdf, 0xffdf, 0xffdf, 0xffdf, 0xf7bf, 0xffdf, 0xf7df, 0xf7bf, 0xf79f, 0xf79f, 0xf79f, 0xef7f, 0xef5f, 
	0xe73e, 0xe75f, 0xef7f, 0xef9f, 0xf79f, 0xf79f, 0xf77f, 0xef7f, 0xf77f, 0xef5f, 0xef3f, 0xef1e, 0xe6fe, 0xe6de, 0xe6de, 0xe6de, 
	0xdede, 0xdefe, 0xdeff, 0xe71f, 0xe73f, 0xe73f, 0xdf1f, 0xdf1f, 0xd6de, 0xdf1f, 0xdf3f, 0xe73f, 0xef7f, 0xf7bf, 0xf79f, 0xe73f, 
	0xe71f, 0xe71f, 0xdf1e, 0xdf3e, 0xe75e, 0xe79f, 0xef9f, 0xef7e, 0xf79f, 0xff7f, 0xf71f, 0xe65e, 0xcd9d, 0xa479, 0x72f3, 0x49af, 
	0x314c, 0x398d, 0x398d, 0x396d, 0x418f, 0x390d, 0x51b0, 0x59f1, 0x6252, 0x416e, 0x416e, 0x394d, 0x394d, 0x314d, 0x41cf, 0x294d, 
	0x314e, 0x314e, 0x398f, 0x316e, 0x41af, 0x312d, 0x292d, 0x83f7, 0xb57d, 0xa51b, 0xad3b, 0xb57b, 0xad5b, 0xb59b, 0xbdfc, 0xbddc, 
	0xbddb, 0xb57a, 0xad5a, 0xad7a, 0xb59b, 0xb59b, 0xb57b, 0xad5b, 0xb57b, 0xad3a, 0xad5b, 0xbdbc, 0xb59c, 0xb59c, 0xb57c, 0xad5b, 
	0xb57d, 0xad7d, 0xa53c, 0xa53c, 0xa53c, 0x9cfb, 0x9cdb, 0xa53c, 0x9cdb, 0x9cbb, 0xa51c, 0xa4fc, 0xa4fc, 0xa4fc, 0x945a, 0xa4dc, 
	0x94bb, 0xa4fc, 0xa4fc, 0x9cdc, 0x9cbc, 0x947b, 0x947b, 0xa4bc, 0xa4db, 0xacfc, 0xad1c, 0xb53c, 0xbd5c, 0xbd7d, 0xbd5c, 0xb53b, 
	0xbbf8, 0xbbf8, 0xc418, 0xc419, 0xc439, 0xcc5a, 0xcc3a, 0xcc19, 0xcc39, 0xcc19, 0xcc19, 0xcc19, 0xcc3a, 0xcc5a, 0xcc5a, 0xcc3a, 
	0xcc5a, 0xc45a, 0xc43a, 0xc43a, 0xc45a, 0xcc5a, 0xcc7a, 0xcc7b, 0xcc7a, 0xcc7a, 0xcc7a, 0xcc7a, 0xcc7b, 0xcc7b, 0xcc7b, 0xcc9b, 
	0xcc9a, 0xcc9b, 0xd4bb, 0xd4db, 0xd4dc, 0xd4dc, 0xd4dc, 0xd4db, 0xd4db, 0xd4db, 0xd4dc, 0xd4dc, 0xd4dc, 0xd4dc, 0xd4dc, 0xd4db, 
	0xdd1c, 0xdd1c, 0xdd1c, 0xdd1c, 0xdd1c, 0xdd1c, 0xdd1c, 0xd51c, 0xd4fc, 0xdd3d, 0xd51d, 0xccbb, 0xccdc, 0xdd3e, 0xdd5e, 0xccdc, 
	0xc49b, 0xc49b, 0xccbb, 0xd4fc, 0xd51d, 0xd4fc, 0xccfc, 0xd4fc, 0xd4fc, 0xd51d, 0xdd3d, 0xdd5d, 0xdd5e, 0xdd7e, 0xe59e, 0xe5bf, 
	0xdd7d, 0xe5bd, 0xe5de, 0xe5bd, 0xd53c, 0xc4da, 0xbc99, 0xbc99, 0xbcb9, 0xc4fa, 0xd57b, 0xddbc, 0xddfd, 0xde1d, 0xde3d, 0xde3d, 
	0xeebf, 0x93f4, 0x628f, 0x7310, 0xb538, 0xff7f, 0xef1e, 0xff9f, 0xf77f, 0xdebc, 0xffbf, 0xffbf, 0xf77f, 0xd69b, 0xf79f, 0xffdf, 
	0xffff, 0xe71d, 0xef3d, 0xffdf, 0xffbf, 0xf79f, 0xffdf, 0xf79f, 0xf79f, 0xf79f, 0xf79f, 0xf79f, 0xf79f, 0xf7bf, 0xf7bf, 0xf7bf, 
	0xf7bf, 0xf7bf, 0xffbf, 0xffbf, 0xffdf, 0xffdf, 0xffdf, 0xffdf, 0xffdf, 0xffdf, 0xffdf, 0xffdf, 0xffbf, 0xf7bf, 0xf7bf, 0xf7bf, 
	0xf79f, 0xf79f, 0xf7bf, 0xf7bf, 0xf7bf, 0xf7bf, 0xf7bf, 0xf7bf, 0xf77f, 0xf79f, 0xf79f, 0xffbf, 0xffdf, 0xffdf, 0xf7bf, 0xf79f, 
	0xf79f, 0xf79f, 0xf79f, 0xf79f, 0xf79f, 0xf79f, 0xef9e, 0xef7e, 0xf79f, 0xf7bf, 0xf7bf, 0xf7df, 0xf7bf, 0xf7bf, 0xffdf, 0xffdf, 
	0xffdf, 0xffdf, 0xffdf, 0xffdf, 0xffdf, 0xffdf, 0xffdf, 0xffdf, 0xffdf, 0xf7bf, 0xf79f, 0xffbf, 0xf79f, 0xef5e, 0xef3e, 0xf77f, 
	0xef7f, 0xf79f, 0xf79f, 0xf79f, 0xf79f, 0xf77f, 0xf79f, 0xf79f, 0xf79f, 0xef5f, 0xe71e, 0xe6dd, 0xe6fe, 0xe6fe, 0xef1f, 0xef1f, 
	0xef3f, 0xe71f, 0xe71f, 0xe73f, 0xef5f, 0xe73f, 0xdf1f, 0xdf1f, 0xdeff, 0xe73f, 0xe73f, 0xe73f, 0xef7f, 0xf79f, 0xef5f, 0xdedd, 
	0xdede, 0xdeff, 0xe71f, 0xe75f, 0xe75f, 0xe75f, 0xe75f, 0xef5f, 0xff7f, 0xeeff, 0xde3e, 0xc55c, 0x8b75, 0x6232, 0x6a53, 0x6a73, 
	0x416e, 0x41af, 0x418e, 0x41af, 0x418f, 0x416e, 0x51f0, 0x51f1, 0x6272, 0x416e, 0x394e, 0x394e, 0x396e, 0x39ae, 0x318d, 0x398e, 
	0x314d, 0x41af, 0x398e, 0x398f, 0x41cf, 0x316e, 0x398e, 0x62d3, 0xb57d, 0xa4fa, 0xad3b, 0xb57c, 0xad3b, 0xad5b, 0xb57b, 0xb59b, 
	0xb59c, 0xb57b, 0xad5a, 0xb59c, 0xb57b, 0xad3a, 0xb57c, 0xa51a, 0xad5b, 0xad5b, 0xad3b, 0xad3c, 0xad3c, 0xad5c, 0xad5c, 0xad5d, 
	0xad5d, 0x9cfc, 0x9cdb, 0x9cdb, 0x9cfc, 0x9cdb, 0x9cdc, 0x9cfc, 0xa51c, 0x9cdc, 0x949a, 0x8c5a, 0x8c39, 0x8c39, 0x945a, 0x947a, 
	0x947a, 0x947a, 0x947a, 0x947a, 0x947a, 0x947b, 0x9c9b, 0x9c9a, 0x9c9b, 0xa4fb, 0xb53c, 0xb53c, 0xb55c, 0xbd5c, 0xbd5c, 0xb55c, 
	0xbc18, 0xbc19, 0xbc18, 0xbbf8, 0xc418, 0xc439, 0xcc39, 0xc419, 0xcc19, 0xc419, 0xc3f9, 0xc419, 0xc419, 0xcc39, 0xc419, 0xc419, 
	0xc439, 0xc439, 0xc419, 0xc419, 0xc439, 0xc439, 0xcc3a, 0xcc5a, 0xcc7b, 0xcc7b, 0xd47b, 0xd47b, 0xd49b, 0xd49b, 0xd49b, 0xd49b, 
	0xcc7a, 0xcc9b, 0xd4bb, 0xd4bb, 0xd4db, 0xd4dc, 0xd4dc, 0xd4db, 0xd4db, 0xd4db, 0xd4dc, 0xd4dc, 0xd4dc, 0xdcfc, 0xd4dc, 0xd4dc, 
	0xdcfc, 0xdcfc, 0xdd1c, 0xdd1c, 0xdd1c, 0xdd1c, 0xdd1c, 0xdd1c, 0xd4dc, 0xd51d, 0xd4fc, 0xccdc, 0xd51d, 0xe59f, 0xedbf, 0xe57e, 
	0xdd7e, 0xdd7e, 0xdd7e, 0xdd7e, 0xd55d, 0xd51d, 0xd51c, 0xd51c, 0xd51c, 0xd53d, 0xdd7e, 0xe59e, 0xe59e, 0xe59e, 0xe59f, 0xedff, 
	0xddbd, 0xdddd, 0xe5fe, 0xe5fe, 0xee1e, 0xe5fe, 0xe5be, 0xdd9d, 0xd55c, 0xdd9c, 0xe5de, 0xee3f, 0xf67f, 0xf67f, 0xf69f, 0xee9f, 
	0xf6df, 0x8393, 0x1845, 0x2086, 0x9434, 0xff5f, 0xf73f, 0xf75f, 0xf77f, 0xe6dc, 0xffdf, 0xffbf, 0xf79f, 0xdedc, 0xffbf, 0xffdf, 
	0xffdf, 0xe6fc, 0xe73d, 0xffdf, 0xffbf, 0xf7bf, 0xffdf, 0xf79f, 0xf7bf, 0xffbf, 0xffbf, 0xffbf, 0xffbf, 0xffbf, 0xffbf, 0xffbf, 
	0xf7bf, 0xf7bf, 0xffbf, 0xffbf, 0xffdf, 0xffdf, 0xffdf, 0xffdf, 0xffdf, 0xffdf, 0xffdf, 0xffdf, 0xffbf, 0xffbf, 0xf7bf, 0xf7bf, 
	0xf7bf, 0xf7bf, 0xf7bf, 0xf7bf, 0xf7bf, 0xf7bf, 0xf79f, 0xf79f, 0xf79f, 0xf79f, 0xf79f, 0xf7bf, 0xf7bf, 0xffbf, 0xf7bf, 0xf7bf, 
	0xf7bf, 0xf79f, 0xf79f, 0xf79f, 0xf79f, 0xf79f, 0xef7e, 0xef7e, 0xf79f, 0xf7bf, 0xf7df, 0xf7df, 0xf7bf, 0xf7bf, 0xffdf, 0xffff, 
	0xffdf, 0xffbf, 0xf7bf, 0xffdf, 0xffdf, 0xffdf, 0xffdf, 0xffbf, 0xffbf, 0xf79f, 0xffbf, 0xffbf, 0xff9f, 0xef5f, 0xef5f, 0xf77f, 
	0xe71e, 0xe73e, 0xef3f, 0xef5f, 0xef5f, 0xef5f, 0xef7f, 0xef5f, 0xef3e, 0xef3e, 0xe6fe, 0xdedd, 0xe6de, 0xef1f, 0xef3f, 0xe71f, 
	0xe71f, 0xe6ff, 0xe71f, 0xe73f, 0xe73f, 0xe71f, 0xdeff, 0xdf1f, 0xdeff, 0xdf1f, 0xe73f, 0xef7f, 0xef7f, 0xef5f, 0xe6fe, 0xdede, 
	0xdede, 0xdedf, 0xdeff, 0xdf1f, 0xdf3f, 0xdf3f, 0xe73f, 0xef3f, 0xe6df, 0xe67f, 0xac78, 0x8314, 0x6211, 0x7a94, 0x82f6, 0x59f2, 
	0x416f, 0x41af, 0x418f, 0x418f, 0x416f, 0x416e, 0x51d0, 0x51f0, 0x6272, 0x416e, 0x394e, 0x396e, 0x396e, 0x398e, 0x316d, 0x398e, 
	0x316e, 0x398f, 0x396e, 0x396e, 0x41af, 0x316d, 0x316d, 0x5251, 0xb55c, 0xad5c, 0xad5c, 0xb57c, 0xad5c, 0xad5c, 0xb57c, 0xb57c, 
	0xad7c, 0xb59c, 0xb57c, 0xb5bd, 0xb57c, 0xad3b, 0xad5c, 0xa51b, 0xad3c, 0xad3c, 0xad3c, 0xad3d, 0xad3d, 0xad5d, 0xad3d, 0xad3d, 
	0xa51c, 0x9cfc, 0x9cdc, 0x9cdc, 0x9cdc, 0x9cbb, 0x9cbb, 0x9cdc, 0x949b, 0x947a, 0x947a, 0x9c9b, 0x9cbb, 0x9c9b, 0x947a, 0x8c39, 
	0x947a, 0x947a, 0x947a, 0x947a, 0x947a, 0x9c9b, 0x9cbb, 0xa4bb, 0xa4fb, 0xb53c, 0xb55d, 0xbd5d, 0xbd5c, 0xbd7c, 0xbd7c, 0xbd5c, 
	0xbc18, 0xbc18, 0xbc18, 0xb3f7, 0xbbf8, 0xc418, 0xc439, 0xcc39, 0xc419, 0xc3f9, 0xc3f9, 0xc3f9, 0xc3f9, 0xc3f9, 0xc3f9, 0xc3f9, 
	0xc419, 0xc419, 0xc419, 0xc3f9, 0xc3f9, 0xc419, 0xc419, 0xc419, 0xcc5a, 0xcc7a, 0xcc7b, 0xd47b, 0xd49b, 0xd49b, 0xd49b, 0xd47b, 
	0xcc7a, 0xcc7a, 0xd49b, 0xd49b, 0xd4bb, 0xd4bb, 0xd4bb, 0xd4bb, 0xd4bb, 0xd4bb, 0xd4db, 0xdcdc, 0xdcdc, 0xdcdc, 0xdcdc, 0xdcfc, 
	0xd4db, 0xd4fb, 0xdcfc, 0xdcfc, 0xdd1c, 0xdd1c, 0xdd1c, 0xdd1c, 0xdd1c, 0xd51d, 0xd51d, 0xd51d, 0xdd3d, 0xe57e, 0xe59f, 0xe59f, 
	0xedff, 0xe5df, 0xe5df, 0xddbe, 0xdd7d, 0xd53c, 0xd51c, 0xd53d, 0xccfc, 0xccfc, 0xd53d, 0xe59e, 0xe5bf, 0xdd7e, 0xe57e, 0xe5df, 
	0xee3f, 0xee5f, 0xee3f, 0xee5f, 0xee3f, 0xee3f, 0xe5fe, 0xe5de, 0xdd9d, 0xddbd, 0xe5fe, 0xee1f, 0xee5f, 0xee5f, 0xee7f, 0xee7f, 
	0xeebf, 0xc57a, 0x520c, 0x522d, 0xbd79, 0xff5f, 0xeefe, 0xef1e, 0xff7f, 0xef1d, 0xffdf, 0xff9f, 0xf79f, 0xef1d, 0xffdf, 0xffbf, 
	0xffbf, 0xe6fc, 0xe73d, 0xffbf, 0xffbf, 0xffbf, 0xffdf, 0xffbf, 0xffbf, 0xffbf, 0xffbf, 0xffbf, 0xffbf, 0xffdf, 0xffdf, 0xffdf, 
	0xffbf, 0xffbf, 0xffbf, 0xffdf, 0xffdf, 0xffdf, 0xffdf, 0xffdf, 0xffdf, 0xffdf, 0xffdf, 0xffdf, 0xffdf, 0xffbf, 0xffbf, 0xffbf, 
	0xf7bf, 0xf7bf, 0xf7bf, 0xf7bf, 0xf7bf, 0xf79f, 0xf79f, 0xf79f, 0xf7bf, 0xf79f, 0xf79f, 0xf79f, 0xf7bf, 0xf7bf, 0xf7bf, 0xf7bf, 
	0xf79f, 0xf79f, 0xf79f, 0xf79f, 0xf79f, 0xf79f, 0xf79f, 0xf79e, 0xf7bf, 0xf7bf, 0xffbf, 0xffbf, 0xf7bf, 0xffbf, 0xffdf, 0xffdf, 
	0xffbf, 0xf7bf, 0xf7bf, 0xf7bf, 0xffdf, 0xffdf, 0xffdf, 0xffbf, 0xf79f, 0xf77f, 0xf79f, 0xff9f, 0xf77f, 0xef3e, 0xe71e, 0xef3f, 
	0xe6fe, 0xe6fe, 0xe71e, 0xe71e, 0xe71e, 0xe71e, 0xe6fd, 0xe6fd, 0xe71e, 0xef3e, 0xe73f, 0xe6fe, 0xe71f, 0xef3f, 0xef3f, 0xe71f, 
	0xe6ff, 0xe71f, 0xe71f, 0xe73f, 0xe73f, 0xdeff, 0xdeff, 0xdf1f, 0xdf1f, 0xdeff, 0xdf1f, 0xe73f, 0xe71f, 0xd69d, 0xce5c, 0xce7d, 
	0xd67e, 0xce7e, 0xce7d, 0xc65d, 0xc63c, 0xc63c, 0xce5d, 0xd65d, 0xde7f, 0xc57c, 0x7ad3, 0x7272, 0x6a33, 0x7a95, 0x82b6, 0x59f3, 
	0x414f, 0x41af, 0x416f, 0x418f, 0x416e, 0x416e, 0x49d0, 0x51f0, 0x6272, 0x418e, 0x396d, 0x396e, 0x396e, 0x398e, 0x316d, 0x316e, 
	0x396e, 0x398f, 0x314e, 0x314d, 0x39af, 0x396e, 0x314d, 0x39ae, 0x9c9a, 0xb57d, 0xa51c, 0xa51c, 0xad5c, 0xa51c, 0xad7d, 0xad5c, 
	0xa51b, 0xad5d, 0xad3c, 0xad5c, 0xad3c, 0xa51c, 0xad5d, 0xad1c, 0xa4fc, 0xa4fc, 0xa51d, 0xa51d, 0xa4fd, 0xa4dc, 0x9cbc, 0x9cbb, 
	0x949b, 0x949b, 0x949b, 0x949b, 0x949b, 0x8c7a, 0x947a, 0x949a, 0x947a, 0x949b, 0x9cdb, 0xad1d, 0xb55d, 0xad3d, 0xa4db, 0x947a, 
	0x9c9b, 0x9c9a, 0x9c9a, 0x9c9a, 0x9cbb, 0xa4db, 0xa4fc, 0xacfc, 0xb53c, 0xb55d, 0xbd7d, 0xbd7d, 0xbd7c, 0xbd7c, 0xbd7c, 0xbd5b, 
	0xb438, 0xbc58, 0xbc58, 0xbc18, 0xb3f7, 0xbc18, 0xc418, 0xc419, 0xc419, 0xc419, 0xc3f9, 0xc3f9, 0xc3f8, 0xc3f9, 0xc3f9, 0xbbd9, 
	0xc3f9, 0xc3f9, 0xc3f9, 0xc3f9, 0xc3f9, 0xc3f9, 0xc3f9, 0xc419, 0xc439, 0xcc3a, 0xcc5a, 0xcc7a, 0xd47b, 0xd47b, 0xd47b, 0xd47b, 
	0xcc7a, 0xcc7a, 0xcc7a, 0xcc7a, 0xcc7a, 0xd49a, 0xd49b, 0xd49b, 0xd4bb, 0xd4bb, 0xd4bb, 0xdcdb, 0xdcdc, 0xdcdc, 0xdcdc, 0xdcdc, 
	0xdcdb, 0xdcdb, 0xdcfc, 0xdcfc, 0xdcfc, 0xdcfc, 0xdd1c, 0xdd1c, 0xdd3d, 0xdd1d, 0xd4fc, 0xd51d, 0xdd3d, 0xdd3d, 0xdd3d, 0xdd5e, 
	0xddbe, 0xddbe, 0xddbe, 0xdd9e, 0xd57d, 0xd55d, 0xd55d, 0xdd5d, 0xccfc, 0xc4bb, 0xccdb, 0xd53d, 0xdd3d, 0xccdc, 0xccdb, 0xd51c, 
	0xd59c, 0xdddd, 0xe61e, 0xee3f, 0xee3f, 0xee3f, 0xf65f, 0xfe9f, 0xee1f, 0xee3f, 0xf65f, 0xf65f, 0xee5f, 0xee7f, 0xf69f, 0xf6bf, 
	0xf6ff, 0xde3d, 0x49ab, 0x520c, 0xd63c, 0xff9f, 0xeefe, 0xf73f, 0xff7f, 0xf75e, 0xffbf, 0xf77e, 0xf79f, 0xf75e, 0xffdf, 0xf79f, 
	0xf79f, 0xe71d, 0xef5d, 0xffbf, 0xffdf, 0xffbf, 0xffdf, 0xffbf, 0xffbf, 0xffbf, 0xffdf, 0xffdf, 0xffdf, 0xffdf, 0xffdf, 0xffdf, 
	0xffbf, 0xffdf, 0xffdf, 0xffdf, 0xffdf, 0xffdf, 0xffdf, 0xffdf, 0xffdf, 0xffdf, 0xffdf, 0xffdf, 0xffdf, 0xffdf, 0xffdf, 0xffdf, 
	0xffbf, 0xffbf, 0xffbf, 0xf7bf, 0xf7bf, 0xf7bf, 0xf79f, 0xf79f, 0xf7bf, 0xf79f, 0xf79f, 0xf79f, 0xf7bf, 0xffbf, 0xffbf, 0xf7bf, 
	0xf79f, 0xf79f, 0xf79f, 0xf79f, 0xf7bf, 0xf7bf, 0xf7bf, 0xf7bf, 0xffbf, 0xffbf, 0xffbf, 0xffbf, 0xf7bf, 0xffbf, 0xffdf, 0xffdf, 
	0xf7bf, 0xf7bf, 0xf7bf, 0xffbf, 0xffbf, 0xffbf, 0xffbf, 0xffbf, 0xff9f, 0xf77f, 0xf77f, 0xf77f, 0xef3f, 0xe6fe, 0xe6de, 0xe6de, 
	0xe6de, 0xe6fe, 0xe6fe, 0xe6de, 0xe6dd, 0xe6dd, 0xe6fd, 0xe6fd, 0xef3f, 0xef3f, 0xef5f, 0xef5f, 0xef5f, 0xe71f, 0xdeff, 0xdedf, 
	0xe6ff, 0xe6ff, 0xe71f, 0xe73f, 0xe71f, 0xdf1f, 0xdeff, 0xdeff, 0xdeff, 0xd6be, 0xd69e, 0xd69e, 0xce7d, 0xce5d, 0xc63c, 0xce3d, 
	0xd69e, 0xd69e, 0xce7d, 0xc63c, 0xbdfc, 0xbe1c, 0xc63d, 0xce3e, 0xe69f, 0xbcfb, 0x6a31, 0x82f5, 0x82d6, 0x7234, 0x7234, 0x6a14, 
	0x414f, 0x418f, 0x396e, 0x416e, 0x394e, 0x394e, 0x49cf, 0x51f0, 0x6292, 0x418e, 0x396d, 0x396d, 0x316e, 0x398e, 0x314d, 0x316e, 
	0x396e, 0x418f, 0x396e, 0x314d, 0x398e, 0x398e, 0x314d, 0x314d, 0x83f7, 0xbd9e, 0xa51c, 0xa51c, 0xb57e, 0xad3d, 0xb59f, 0xad7e, 
	0xbddf, 0xbdbf, 0xa51c, 0xa51c, 0xad3d, 0xa4fc, 0xa4fc, 0xa4dc, 0xa4fc, 0xa4fd, 0xa4fd, 0x9cdc, 0x9cbc, 0x947b, 0x8c5b, 0x8c3a, 
	0x8c5a, 0x8c5a, 0x8c7a, 0x8c5a, 0x8c5a, 0x8c5a, 0x8c5a, 0x947a, 0xa4dc, 0xa4fc, 0xad1d, 0xb55d, 0xbd7e, 0xb57e, 0xad3d, 0xacfc, 
	0xa4db, 0xa4db, 0xa4db, 0xa4db, 0xacfc, 0xad1c, 0xb53c, 0xb55c, 0xb55c, 0xbd7d, 0xbd7d, 0xbd7c, 0xbd7c, 0xbd7c, 0xbd5c, 0xb55b, 
	0xbcb9, 0xc4d9, 0xc4d9, 0xc499, 0xbc58, 0xbc38, 0xbc18, 0xbc18, 0xc418, 0xc419, 0xc3f9, 0xc3f9, 0xc3f9, 0xbbd9, 0xc3f9, 0xc3f9, 
	0xc3f9, 0xc3f9, 0xc3f9, 0xc3f9, 0xc3f9, 0xc3f9, 0xc3f9, 0xc3f9, 0xc3f9, 0xc419, 0xcc3a, 0xcc5a, 0xd47b, 0xd47b, 0xd47b, 0xd47b, 
	0xcc7a, 0xcc7a, 0xcc7a, 0xcc7a, 0xcc7a, 0xcc7a, 0xcc7a, 0xcc7a, 0xd49b, 0xd49b, 0xd49b, 0xd4bb, 0xd4bb, 0xdcbb, 0xdcbb, 0xdcdb, 
	0xdcdc, 0xdcdc, 0xdcfc, 0xdcfc, 0xdcfc, 0xdcfc, 0xdcfc, 0xdcfc, 0xdd1c, 0xd4fc, 0xd4fc, 0xd51c, 0xdd3d, 0xdd3d, 0xdd3d, 0xdd7d, 
	0xd55d, 0xd57d, 0xdd9e, 0xdd9e, 0xdd7d, 0xdd5d, 0xdd5d, 0xd55d, 0xd51d, 0xc49b, 0xc47a, 0xccbb, 0xccbc, 0xc45a, 0xbc3a, 0xbc7a, 
	0xbcba, 0xc51b, 0xd57c, 0xd59d, 0xd57d, 0xd59d, 0xddde, 0xe61f, 0xe5fe, 0xee5f, 0xf69f, 0xf6bf, 0xf6bf, 0xee9f, 0xeebf, 0xf6df, 
	0xff3f, 0xde3d, 0x28c7, 0x4189, 0xd61b, 0xff7f, 0xef1e, 0xff7f, 0xf77f, 0xf77f, 0xff9f, 0xf75e, 0xf79f, 0xf79f, 0xffbf, 0xf77e, 
	0xf79f, 0xef7e, 0xf77e, 0xffdf, 0xffdf, 0xffdf, 0xffdf, 0xffbf, 0xffdf, 0xffdf, 0xffdf, 0xffdf, 0xffdf, 0xffdf, 0xffdf, 0xffdf, 
	0xffdf, 0xffdf, 0xffdf, 0xffdf, 0xffdf, 0xffdf, 0xffdf, 0xffdf, 0xffbf, 0xffbf, 0xffbf, 0xffdf, 0xffdf, 0xffdf, 0xffdf, 0xffdf, 
	0xffdf, 0xffbf, 0xffbf, 0xf7bf, 0xf7bf, 0xf7bf, 0xf7bf, 0xf79f, 0xf79f, 0xf79f, 0xf79f, 0xf7bf, 0xffbf, 0xffdf, 0xf7bf, 0xf7bf, 
	0xf7bf, 0xf79f, 0xf79f, 0xf7bf, 0xf7bf, 0xffbf, 0xf7bf, 0xf7bf, 0xffbf, 0xf7bf, 0xf7bf, 0xf7bf, 0xffbf, 0xffdf, 0xffdf, 0xffdf, 
	0xf7bf, 0xf7bf, 0xf7bf, 0xffbf, 0xffbf, 0xffbf, 0xffbf, 0xffbf, 0xffbf, 0xf77f, 0xf75f, 0xef3f, 0xef1f, 0xe6de, 0xe6de, 0xe6de, 
	0xe6be, 0xe6be, 0xe6be, 0xe6be, 0xe6de, 0xe6fe, 0xef1f, 0xef5f, 0xef5f, 0xe73f, 0xef5f, 0xef9f, 0xe73f, 0xd69e, 0xc65d, 0xce7e, 
	0xdebf, 0xdebf, 0xdebf, 0xdedf, 0xdeff, 0xdf1f, 0xdeff, 0xd6df, 0xce9e, 0xce9e, 0xce5e, 0xce5d, 0xd67e, 0xdebf, 0xdebf, 0xd69e, 
	0xd69e, 0xd69e, 0xce7e, 0xc63c, 0xbe1c, 0xc63d, 0xd67f, 0xde7f, 0xe65f, 0xbcfb, 0x7273, 0x7a94, 0x7a54, 0x7a34, 0x7a55, 0x61f3, 
	0x412f, 0x418f, 0x394e, 0x396e, 0x394e, 0x394d, 0x49cf, 0x49f0, 0x6292, 0x418e, 0x396d, 0x396d, 0x316e, 0x398e, 0x314e, 0x316e, 
	0x314e, 0x398f, 0x396e, 0x396e, 0x396e, 0x398e, 0x314e, 0x314d, 0x62d3, 0xa51c, 0x9cbb, 0x949b, 0xa4fd, 0x9cbc, 0xa4fd, 0x9cdd, 
	0xa4fc, 0x8c5a, 0x7397, 0x8419, 0xa4dc, 0x9c9b, 0x947b, 0x949b, 0x9cbc, 0x9cbc, 0x9cbc, 0x949c, 0x947b, 0x945b, 0x945b, 0x8c5b, 
	0x949b, 0x94bb, 0x9cbb, 0x949b, 0x949b, 0x949b, 0x9cdb, 0xa4dc, 0xa51c, 0xad3d, 0xb55d, 0xb55d, 0xb55d, 0xb55d, 0xb53c, 0xb53c, 
	0xad1c, 0xad1c, 0xb53c, 0xb53c, 0xb53c, 0xb55c, 0xb55c, 0xb55c, 0xb55c, 0xbd7c, 0xbd7c, 0xb55c, 0xb57c, 0xbd7c, 0xbd7c, 0xb55b, 
	0xbcd8, 0xc4f9, 0xc4fa, 0xc4fa, 0xc4d9, 0xccba, 0xc499, 0xc479, 0xbc18, 0xbbf8, 0xc3f8, 0xc3f9, 0xbbd8, 0xbbd9, 0xbbd9, 0xc3f9, 
	0xc3f9, 0xc3f9, 0xc3f9, 0xc3f9, 0xc3f9, 0xc3f9, 0xc3f9, 0xc3f9, 0xc3d8, 0xc3f9, 0xcc3a, 0xcc5a, 0xd47b, 0xd47b, 0xd47b, 0xd47a, 
	0xcc5a, 0xcc5a, 0xcc7a, 0xcc7a, 0xcc7a, 0xcc7a, 0xcc7a, 0xcc7a, 0xd47a, 0xd47a, 0xd49b, 0xd49b, 0xd49b, 0xd49b, 0xd49b, 0xd49b, 
	0xdcbc, 0xdcdc, 0xdcdc, 0xdcdc, 0xdcdc, 0xdcfc, 0xdcfc, 0xd4fc, 0xdd1c, 0xd51c, 0xd51c, 0xd51c, 0xdd1c, 0xd51c, 0xd53c, 0xdd3d, 
	0xd51c, 0xd53d, 0xd55d, 0xd55d, 0xd55d, 0xd53d, 0xd51c, 0xccdc, 0xccdc, 0xc45a, 0xbc19, 0xc45a, 0xcc7b, 0xc45b, 0xc43a, 0xc47b, 
	0xd53d, 0xd55c, 0xcd3c, 0xcd3c, 0xd53c, 0xcd3c, 0xc4fb, 0xc4fa, 0xcd5b, 0xdddd, 0xee7f, 0xf6df, 0xeedf, 0xe6be, 0xe6be, 0xeede, 
	0xeebf, 0xeebe, 0x5a2d, 0x730f, 0xeebe, 0xf73f, 0xeefe, 0xff9f, 0xf75f, 0xf77f, 0xff7f, 0xf75e, 0xf79f, 0xff9f, 0xff9f, 0xf77f, 
	0xf79f, 0xf79f, 0xf7bf, 0xffbf, 0xffdf, 0xffdf, 0xffbf, 0xffbf, 0xffbf, 0xffdf, 0xffdf, 0xffdf, 0xffdf, 0xffdf, 0xffdf, 0xffdf, 
	0xffdf, 0xffdf, 0xffdf, 0xffdf, 0xffdf, 0xffdf, 0xffdf, 0xffdf, 0xffbf, 0xffbf, 0xffbf, 0xffdf, 0xffdf, 0xffdf, 0xffdf, 0xffdf, 
	0xffdf, 0xffbf, 0xffbf, 0xffbf, 0xf7bf, 0xf7bf, 0xf7bf, 0xf7bf, 0xf79f, 0xf79f, 0xf7bf, 0xf7bf, 0xffdf, 0xffdf, 0xf7bf, 0xf7bf, 
	0xffdf, 0xffdf, 0xffbf, 0xf7bf, 0xf7bf, 0xf7bf, 0xf79f, 0xf79f, 0xf7bf, 0xf7bf, 0xf7bf, 0xf7bf, 0xffdf, 0xffdf, 0xffbf, 0xf7bf, 
	0xf7bf, 0xf7bf, 0xf79f, 0xf79f, 0xffbf, 0xffbf, 0xff9f, 0xff9f, 0xf77f, 0xef3f, 0xef1e, 0xeefe, 0xe6de, 0xe6de, 0xe6de, 0xe6be, 
	0xe6bf, 0xe6bf, 0xe6be, 0xdebe, 0xdebe, 0xe6de, 0xe71f, 0xef3f, 0xef5f, 0xe73f, 0xe73f, 0xef5f, 0xdeff, 0xc65d, 0xbdfc, 0xc61d, 
	0xc63d, 0xce3d, 0xce5d, 0xce7e, 0xd6bf, 0xdeff, 0xd6df, 0xd6bf, 0xc63d, 0xc65e, 0xce5e, 0xce5e, 0xd69f, 0xdedf, 0xdebf, 0xce3e, 
	0xce7e, 0xd69e, 0xce5d, 0xbdfc, 0xb5db, 0xbdfd, 0xce3f, 0xd65f, 0xde1f, 0xa418, 0x7273, 0x7233, 0x7a54, 0x7a74, 0x8275, 0x5991, 
	0x412e, 0x418f, 0x394e, 0x394e, 0x394d, 0x394d, 0x49cf, 0x51f0, 0x6292, 0x418e, 0x396d, 0x316d, 0x316e, 0x398e, 0x314e, 0x314e, 
	0x314e, 0x394e, 0x396e, 0x396e, 0x314e, 0x316e, 0x314e, 0x314d, 0x39af, 0x83f8, 0x8c19, 0x83d9, 0x8c1a, 0x83fa, 0x83fa, 0x83fa, 
	0x7377, 0x62f5, 0x4a32, 0x6316, 0x947b, 0x8c5b, 0x8c3a, 0x8c3a, 0x8c3a, 0x8c3a, 0x8c3b, 0x8c3b, 0x8c3b, 0x8c5b, 0x947c, 0x9cbc, 
	0x9cdd, 0xa4fc, 0x9cfc, 0x9cdc, 0x9cdc, 0xa4fc, 0xad1d, 0xad3d, 0xad1c, 0xad3c, 0xb55d, 0xb57d, 0xb55d, 0xb53c, 0xb53c, 0xb53c, 
	0xb53c, 0xb53c, 0xb55c, 0xb55d, 0xb55c, 0xb55c, 0xb55c, 0xb53c, 0xb55c, 0xbd7c, 0xbd7c, 0xb57c, 0xbd7c, 0xbd9c, 0xbd7c, 0xb55b, 
	0xb4b8, 0xbcf8, 0xc4f9, 0xc519, 0xcd1a, 0xd51b, 0xd4fb, 0xccda, 0xb3d7, 0xbbd7, 0xbbd8, 0xbbd8, 0xbbb8, 0xbbb8, 0xbbd9, 0xc3d9, 
	0xbbd8, 0xbbd8, 0xc3d8, 0xc3d8, 0xc3d8, 0xc3d8, 0xbbd8, 0xbbd8, 0xc3d8, 0xc3f9, 0xcc1a, 0xcc5a, 0xd45a, 0xd45a, 0xcc3a, 0xcc3a, 
	0xc419, 0xc439, 0xcc5a, 0xcc5a, 0xcc7a, 0xcc7a, 0xcc7a, 0xcc5a, 0xcc7a, 0xcc7a, 0xcc7a, 0xd47a, 0xd47a, 0xd47a, 0xd47a, 0xd47b, 
	0xd49b, 0xd4bb, 0xd4bb, 0xd4bc, 0xd4dc, 0xd4dc, 0xd4dc, 0xd4dc, 0xdd1c, 0xdd1c, 0xdd1c, 0xd4fc, 0xd4fb, 0xd4fb, 0xccfb, 0xccfb, 
	0xcd1c, 0xd51d, 0xd51d, 0xd51d, 0xd51d, 0xd51d, 0xccdc, 0xc49b, 0xbc3a, 0xbc1a, 0xbbf9, 0xbc1a, 0xc41a, 0xc43a, 0xc43b, 0xcc7b, 
	0xd53d, 0xd53d, 0xdd5e, 0xdd7e, 0xdd9e, 0xdd9e, 0xd57c, 0xcd5c, 0xd59c, 0xd5fc, 0xe67e, 0xeede, 0xeefe, 0xef1e, 0xef1e, 0xef1e, 
	0xe6be, 0xde3d, 0x520c, 0x6aae, 0xde7c, 0xff9f, 0xf75f, 0xff5f, 0xf77f, 0xff9f, 0xf77f, 0xf77e, 0xff9f, 0xff9f, 0xf77f, 0xf79f, 
	0xf79f, 0xffbf, 0xf7bf, 0xf7bf, 0xffbf, 0xffbf, 0xf7bf, 0xffbf, 0xffdf, 0xffdf, 0xffdf, 0xffdf, 0xffdf, 0xffdf, 0xffdf, 0xffdf, 
	0xffdf, 0xffdf, 0xffdf, 0xffdf, 0xffdf, 0xffdf, 0xffdf, 0xffdf, 0xffdf, 0xffdf, 0xffdf, 0xffdf, 0xffdf, 0xffdf, 0xffdf, 0xffdf, 
	0xffdf, 0xffbf, 0xffbf, 0xffbf, 0xffbf, 0xf7bf, 0xf7bf, 0xf7bf, 0xf7bf, 0xf7bf, 0xf79f, 0xf7bf, 0xf7bf, 0xffdf, 0xffdf, 0xffbf, 
	0xffdf, 0xffbf, 0xf7bf, 0xf7bf, 0xf7bf, 0xf7bf, 0xf79f, 0xf79f, 0xf79f, 0xf79f, 0xf79f, 0xf7bf, 0xffdf, 0xffdf, 0xffbf, 0xf7bf, 
	0xf7bf, 0xf79f, 0xf79f, 0xf79f, 0xf79f, 0xf79f, 0xf77f, 0xf77f, 0xef3f, 0xef1e, 0xe6fe, 0xe6de, 0xe6be, 0xe6be, 0xe69e, 0xde9e, 
	0xe6bf, 0xe6bf, 0xe6be, 0xde9e, 0xde9d, 0xde9d, 0xdebd, 0xdebd, 0xdefe, 0xe71f, 0xe71f, 0xd6df, 0xce7e, 0xc63d, 0xbe1d, 0xbdfd, 
	0xbddc, 0xc5fc, 0xc61d, 0xc63d, 0xce5e, 0xce7e, 0xce7e, 0xc65d, 0xc63d, 0xc63d, 0xc63d, 0xc63e, 0xce3e, 0xc63e, 0xc5fd, 0xbddc, 
	0xce5d, 0xce7d, 0xce5d, 0xbdfc, 0xb5db, 0xc61d, 0xd67f, 0xde7f, 0xd5ff, 0x7ad4, 0x7252, 0x7a73, 0x82b5, 0x7a33, 0x7233, 0x5990, 
	0x414e, 0x418f, 0x394e, 0x394e, 0x394d, 0x394d, 0x49cf, 0x49ef, 0x5a92, 0x398e, 0x396d, 0x316e, 0x316e, 0x398f, 0x314e, 0x316e, 
	0x396e, 0x312e, 0x314e, 0x396e, 0x314e, 0x314e, 0x316e, 0x314e, 0x316e, 0x7377, 0x8c3a, 0x83d9, 0x83fa, 0x83da, 0x7bba, 0x7bda, 
	0x83f9, 0x7bd9, 0x62f5, 0x6316, 0x8c3a, 0x8c3a, 0x841a, 0x841a, 0x841a, 0x8c1a, 0x8c3b, 0x8c3b, 0x8c3b, 0x945b, 0x949c, 0x9cbd, 
	0x9cdc, 0x9cdc, 0x9cdc, 0x9cbb, 0x9cdc, 0xa51c, 0xad1c, 0xad1c, 0xad1c, 0xad3c, 0xb55d, 0xb55d, 0xbd5d, 0xb55c, 0xb55c, 0xbd5c, 
	0xb55c, 0xb55c, 0xbd5c, 0xb55c, 0xb55c, 0xb55c, 0xb55c, 0xb55b, 0xb55c, 0xb57c, 0xb57c, 0xb57c, 0xbd7c, 0xbd9c, 0xb57c, 0xb55b, 
	0xbcf8, 0xbd19, 0xc519, 0xc519, 0xcd1a, 0xcd1b, 0xccfa, 0xccba, 0xb3b7, 0xb3b7, 0xbbb8, 0xbbb8, 0xbb98, 0xbb98, 0xbbb9, 0xc3d9, 
	0xbbb8, 0xbbb8, 0xbbb8, 0xbbb8, 0xbbd8, 0xbbd8, 0xbbb8, 0xbbb8, 0xbbd9, 0xc3f9, 0xc41a, 0xcc3a, 0xcc5a, 0xcc3a, 0xc419, 0xc419, 
	0xbbd8, 0xc3f8, 0xc419, 0xcc39, 0xcc5a, 0xcc5a, 0xcc5a, 0xcc5a, 0xcc5a, 0xcc5a, 0xcc7a, 0xcc7a, 0xd47a, 0xd47a, 0xd47a, 0xcc5a, 
	0xd47b, 0xd47b, 0xd49b, 0xd4bb, 0xd4bb, 0xd4dc, 0xd4dc, 0xd4dc, 0xd4bb, 0xd4dc, 0xd4db, 0xccbb, 0xcc9a, 0xccbb, 0xccbb, 0xccbb, 
	0xd51c, 0xd51c, 0xd51c, 0xd51c, 0xd53d, 0xdd3d, 0xd4fd, 0xccbc, 0xbc3a, 0xbc3a, 0xbc1a, 0xbbfa, 0xb3b9, 0xb3b9, 0xbbb9, 0xbbda, 
	0xc45b, 0xccbc, 0xd51d, 0xdd3e, 0xd51d, 0xccfc, 0xcd1c, 0xcd3c, 0xdddd, 0xdddd, 0xd5fc, 0xde3d, 0xde9d, 0xe6fe, 0xef1e, 0xef1e, 
	0xf73f, 0xe69e, 0x5a4d, 0x628d, 0xcdfa, 0xff7f, 0xff9f, 0xf77f, 0xf77f, 0xff9f, 0xf77e, 0xf79e, 0xffbf, 0xffbf, 0xf77e, 0xf7bf, 
	0xf79f, 0xffbf, 0xffbf, 0xf79e, 0xf7bf, 0xffbf, 0xf79f, 0xffbf, 0xffdf, 0xffdf, 0xffdf, 0xffdf, 0xffdf, 0xffdf, 0xffdf, 0xffdf, 
	0xffdf, 0xffdf, 0xffdf, 0xffdf, 0xffdf, 0xffdf, 0xffdf, 0xffdf, 0xffdf, 0xffdf, 0xffdf, 0xffdf, 0xffdf, 0xffbf, 0xffbf, 0xffbf, 
	0xffbf, 0xffbf, 0xffbf, 0xffbf, 0xffbf, 0xffbf, 0xffbf, 0xffbf, 0xffbf, 0xf7bf, 0xf79e, 0xf79e, 0xf7bf, 0xffbf, 0xffdf, 0xffdf, 
	0xf79f, 0xf79f, 0xf79f, 0xf79f, 0xf7bf, 0xffbf, 0xf7bf, 0xf79f, 0xf77f, 0xf77f, 0xf79f, 0xf7bf, 0xffdf, 0xffdf, 0xf7bf, 0xf79f, 
	0xf79f, 0xf79f, 0xf77f, 0xf77f, 0xf77f, 0xf77f, 0xf75f, 0xf75f, 0xef3f, 0xef1f, 0xeeff, 0xe6df, 0xe6df, 0xe6bf, 0xde9e, 0xde7e, 
	0xde7d, 0xde7d, 0xde9e, 0xde9e, 0xde9d, 0xde9d, 0xd69d, 0xd69e, 0xce7d, 0xdedf, 0xdedf, 0xc63d, 0xbddc, 0xbe1d, 0xbe1e, 0xbddd, 
	0xbddd, 0xc5fd, 0xc61e, 0xc61d, 0xc61d, 0xc61d, 0xbe1d, 0xbdfc, 0xbe1d, 0xbdfc, 0xbdfd, 0xbdfd, 0xbdfd, 0xb5bd, 0xb5bd, 0xbddd, 
	0xb5bb, 0xbdfc, 0xbddc, 0xb5bb, 0xb5bb, 0xc63d, 0xde9f, 0xeedf, 0xd5df, 0x6a72, 0x7a93, 0x7232, 0x7a53, 0x69f2, 0x7233, 0x59b0, 
	0x414e, 0x418e, 0x394e, 0x396e, 0x394d, 0x394d, 0x49cf, 0x49f0, 0x5a92, 0x398e, 0x314d, 0x316e, 0x316e, 0x398e, 0x314e, 0x316e, 
	0x398f, 0x312d, 0x312d, 0x396e, 0x316e, 0x316e, 0x316e, 0x314e, 0x290d, 0x62f5, 0x8c3a, 0x83da, 0x7bda, 0x83db, 0x739a, 0x83da, 
	0x7bb9, 0x8c1a, 0x6b16, 0x5ad5, 0x7bb9, 0x8c3b, 0x947c, 0x9c9c, 0x947b, 0x947c, 0x949c, 0x949c, 0x947b, 0x947b, 0x9c9c, 0x9cdc, 
	0x9cbb, 0x9cbb, 0x9cbb, 0x9cbb, 0x9cdc, 0xa51c, 0xad1c, 0xa4fb, 0xad1c, 0xad1c, 0xad1c, 0xad1c, 0xb55c, 0xb55c, 0xbd7d, 0xbd7d, 
	0xbd7d, 0xbd5c, 0xbd5c, 0xb55c, 0xb55c, 0xb55c, 0xbd5c, 0xbd5c, 0xb55c, 0xbd5c, 0xbd5c, 0xb57c, 0xbd7c, 0xbd7c, 0xb55b, 0xad3a, 
	0xb4d8, 0xbd19, 0xc519, 0xbcb8, 0xcd5b, 0xcd1b, 0xdd5c, 0xc499, 0xb3b7, 0xb3b7, 0xb397, 0xb398, 0xbb78, 0xbb99, 0xc399, 0xc399, 
	0xbb98, 0xbbb8, 0xbbb8, 0xbbb8, 0xbbb8, 0xb3b8, 0xb398, 0xb398, 0xbbd9, 0xbbf9, 0xc419, 0xc43a, 0xc43a, 0xc43a, 0xc439, 0xc419, 
	0xc3f9, 0xc3d8, 0xc3f9, 0xcc3a, 0xd47b, 0xd45a, 0xcc3a, 0xcc5a, 0xcc5a, 0xd45a, 0xd45a, 0xd47b, 0xd47b, 0xd47b, 0xd47b, 0xd47b, 
	0xd45a, 0xd45a, 0xd47b, 0xd49b, 0xd49b, 0xdcdc, 0xdcfc, 0xdcfc, 0xdcdc, 0xd4db, 0xd4bb, 0xd4bb, 0xd4bb, 0xd4bb, 0xccbb, 0xcc9b, 
	0xccdb, 0xd4fc, 0xd51c, 0xd51c, 0xd51c, 0xd53d, 0xd51d, 0xccdc, 0xc47b, 0xbc3a, 0xbbfa, 0xbbda, 0xbbda, 0xbbda, 0xbbba, 0xbb9a, 
	0xbbb9, 0xc3fa, 0xcc5b, 0xd4bc, 0xcc9c, 0xc47b, 0xc49b, 0xccdb, 0xcd1c, 0xd57d, 0xdddd, 0xe65f, 0xde1d, 0xde5e, 0xeedf, 0xe69e, 
	0xeedf, 0xe67e, 0x49eb, 0x5a4c, 0xc5da, 0xffbf, 0xffdf, 0xf77f, 0xffbf, 0xf79e, 0xffdf, 0xf7be, 0xf7be, 0xf7be, 0xef7d, 0xffff, 
	0xffbf, 0xffbf, 0xff9f, 0xff9f, 0xf79f, 0xf79f, 0xf7bf, 0xf7bf, 0xffdf, 0xffdf, 0xffdf, 0xffdf, 0xffdf, 0xffdf, 0xffdf, 0xffdf, 
	0xffdf, 0xffdf, 0xffdf, 0xffdf, 0xffdf, 0xffdf, 0xffdf, 0xffdf, 0xffdf, 0xffdf, 0xffdf, 0xffbf, 0xffbf, 0xffbf, 0xffbf, 0xffdf, 
	0xffdf, 0xffdf, 0xffdf, 0xffdf, 0xffdf, 0xffdf, 0xffdf, 0xffdf, 0xffbf, 0xf7bf, 0xf7bf, 0xf7bf, 0xffdf, 0xffdf, 0xffdf, 0xffdf, 
	0xffbf, 0xf79f, 0xf79f, 0xf77f, 0xf79f, 0xf79f, 0xf79f, 0xf79f, 0xf79f, 0xf79f, 0xf79f, 0xf79f, 0xf79f, 0xffdf, 0xffdf, 0xf7bf, 
	0xffbf, 0xf77f, 0xef5e, 0xf77e, 0xf77f, 0xf77f, 0xf79f, 0xff9f, 0xff9f, 0xf75f, 0xeeff, 0xe6df, 0xde9e, 0xde7e, 0xde5e, 0xde7e, 
	0xd65c, 0xd65c, 0xd65c, 0xd67d, 0xd65d, 0xce3d, 0xce3d, 0xd67e, 0xc5fd, 0xc61e, 0xce1e, 0xc61e, 0xbddd, 0xbdbd, 0xbdbd, 0xbdfe, 
	0xbdde, 0xc5de, 0xc5fe, 0xc5fe, 0xbdfd, 0xbdfd, 0xbdfd, 0xbe1d, 0xb5dc, 0xb5dc, 0xb5dd, 0xbdfd, 0xbdfe, 0xb5de, 0xb5be, 0xb5be, 
	0xbdde, 0xad7c, 0xb5bc, 0xad7b, 0xbddc, 0xc5fc, 0xdebf, 0xff3f, 0xac79, 0x6a52, 0x6a32, 0x7a74, 0x7274, 0x6212, 0x6a53, 0x498f, 
	0x394d, 0x314d, 0x396d, 0x312d, 0x314d, 0x310c, 0x49f0, 0x49d0, 0x6293, 0x398e, 0x290c, 0x314d, 0x396e, 0x316e, 0x314d, 0x314d, 
	0x314e, 0x314e, 0x314d, 0x316d, 0x316d, 0x314d, 0x314d, 0x312d, 0x20ac, 0x5253, 0x8c1b, 0x7b99, 0x7bba, 0x7bba, 0x7399, 0x7bda, 
	0x83da, 0x945c, 0x7b99, 0x7378, 0x7378, 0x8c5b, 0x949c, 0x947b, 0x947b, 0x947b, 0x949b, 0x949b, 0x949b, 0x949b, 0x9cbb, 0x9cbc, 
	0x9cdc, 0x9cbb, 0x94bb, 0x9cbb, 0x9cdc, 0xa4fc, 0xa4fc, 0xa4db, 0xa4fb, 0xa4fb, 0xa4fb, 0xa4fb, 0xad1c, 0xad3c, 0xb55c, 0xb55c, 
	0xbd7c, 0xb55c, 0xb53b, 0xb53c, 0xb55c, 0xbd7c, 0xbd7d, 0xbd7d, 0xbd7c, 0xbd3c, 0xbd5c, 0xbd7c, 0xbd5b, 0xbd7b, 0xb57b, 0xad3a, 
	0xb4d8, 0xbd19, 0xcd5a, 0xcd3a, 0xcd3b, 0xbc98, 0xccfb, 0xd4fb, 0xb3d7, 0xb3d8, 0xbbb8, 0xb377, 0xbb78, 0xbb78, 0xbb79, 0xbb78, 
	0xbb77, 0xbb97, 0xbb97, 0xbb97, 0xbb98, 0xbbb8, 0xbbb8, 0xbbb8, 0xbbb9, 0xbbd9, 0xc419, 0xc43a, 0xc43a, 0xc439, 0xc419, 0xc3f9, 
	0xc3d9, 0xc3d8, 0xc3d9, 0xcc19, 0xcc3a, 0xcc3a, 0xcc3a, 0xd43a, 0xcc3a, 0xcc3a, 0xcc3a, 0xcc5a, 0xcc5a, 0xd45a, 0xcc5a, 0xcc5a, 
	0xcc3a, 0xcc3a, 0xd45a, 0xd45a, 0xd49b, 0xdcbb, 0xdcdc, 0xdcdc, 0xdcfc, 0xdcdb, 0xd4bb, 0xd4db, 0xd4bc, 0xd4bc, 0xd4bc, 0xcc9b, 
	0xccbb, 0xd51c, 0xdd3d, 0xd51c, 0xd51c, 0xd51c, 0xd51c, 0xd4fc, 0xccbb, 0xc47b, 0xbc1a, 0xbbfa, 0xbbda, 0xbbba, 0xbb9a, 0xb379, 
	0xbb9a, 0xc3fa, 0xcc5c, 0xd49c, 0xcc9c, 0xc45b, 0xc45a, 0xc47a, 0xc4db, 0xccfb, 0xddbd, 0xee7f, 0xee7f, 0xe65f, 0xf6bf, 0xfeff, 
	0xf71f, 0xcdfc, 0x520c, 0x7b51, 0xde9d, 0xf75f, 0xffbf, 0xffdf, 0xffbf, 0xffdf, 0xef5d, 0xffff, 0xffff, 0xf7be, 0xffff, 0xe75d, 
	0xffbf, 0xffbf, 0xffbf, 0xffbf, 0xffbf, 0xffbf, 0xffbf, 0xffbf, 0xffdf, 0xffdf, 0xffdf, 0xffdf, 0xffdf, 0xffdf, 0xffdf, 0xffdf, 
	0xffdf, 0xffdf, 0xffdf, 0xffdf, 0xffdf, 0xffdf, 0xffdf, 0xffdf, 0xffdf, 0xffdf, 0xffbf, 0xffbf, 0xffbf, 0xffbf, 0xffbf, 0xffbf, 
	0xffdf, 0xffdf, 0xffdf, 0xffdf, 0xffdf, 0xffdf, 0xffdf, 0xffdf, 0xffbf, 0xf7bf, 0xf7bf, 0xf7bf, 0xffdf, 0xffdf, 0xffdf, 0xffdf, 
	0xffdf, 0xffbf, 0xf79f, 0xf79f, 0xf79f, 0xf79f, 0xf79f, 0xf79f, 0xef5e, 0xf77f, 0xf77f, 0xf79f, 0xf7bf, 0xffdf, 0xffdf, 0xffbf, 
	0xf77f, 0xf77e, 0xf77e, 0xf77e, 0xf79f, 0xf79f, 0xf79f, 0xf77f, 0xef3f, 0xe6fe, 0xdebe, 0xde7e, 0xd65e, 0xd63e, 0xd63e, 0xd65e, 
	0xd67d, 0xd65c, 0xce3c, 0xce3d, 0xce5d, 0xce3d, 0xc5fd, 0xc5dd, 0xc5fe, 0xc5fe, 0xc5de, 0xbdde, 0xbd9d, 0xb57c, 0xb57c, 0xb59d, 
	0xbdbd, 0xbddd, 0xc5fe, 0xc61e, 0xc61e, 0xbdfd, 0xbddd, 0xb5bc, 0xbdfd, 0xbdfd, 0xb5dd, 0xb5bd, 0xadbd, 0xadbe, 0xb5be, 0xb5df, 
	0xad5d, 0xad7d, 0xbdfe, 0xad7b, 0xb59b, 0xbddc, 0xe6bf, 0xf71f, 0x8b95, 0x7272, 0x7274, 0x6a33, 0x6a33, 0x6a53, 0x6a74, 0x418f, 
	0x314d, 0x314d, 0x396d, 0x314d, 0x314d, 0x310d, 0x49f0, 0x49f0, 0x6293, 0x418f, 0x312d, 0x396e, 0x398e, 0x316e, 0x316e, 0x314d, 
	0x316e, 0x316e, 0x314d, 0x294d, 0x314d, 0x314d, 0x314d, 0x292d, 0x292e, 0x41d2, 0x83ba, 0x7bba, 0x7bba, 0x7bba, 0x83fb, 0x83fb, 
	0x8c3c, 0x9c7d, 0x83da, 0x8c3b, 0x8c3b, 0x947c, 0x947c, 0x9c9c, 0x949c, 0x9c9c, 0x9c9b, 0x9c9b, 0x949b, 0x9c9b, 0x9cbb, 0x9cbc, 
	0x9cdc, 0x9cbb, 0x9cbb, 0x9cbb, 0x9cdb, 0xa4dc, 0x9cdb, 0x9cdb, 0x9cbb, 0x9cbb, 0x9cbb, 0x9cdb, 0xa4fb, 0xa51c, 0xad1c, 0xad3c, 
	0xad3b, 0xb53c, 0xb55c, 0xb55c, 0xb55c, 0xb53c, 0xb53c, 0xb51c, 0xbd5c, 0xb51c, 0xb53b, 0xb55b, 0xb53b, 0xb55b, 0xb57b, 0xb55a, 
	0xb4d8, 0xbcf9, 0xbcf9, 0xc51a, 0xcd3b, 0xc4d9, 0xd51b, 0xccdb, 0xab96, 0xb397, 0xb397, 0xb377, 0xb357, 0xbb78, 0xbb58, 0xbb57, 
	0xb357, 0xb377, 0xb377, 0xb377, 0xb377, 0xbb98, 0xbb98, 0xbbb8, 0xb398, 0xbbb9, 0xc3d9, 0xc3f9, 0xc3f9, 0xc3d9, 0xbbb8, 0xbb98, 
	0xbbb8, 0xc3b9, 0xc3d9, 0xc3d9, 0xc3d9, 0xcc1a, 0xcc3a, 0xcc3a, 0xcc1a, 0xcc1a, 0xcc1a, 0xcc1a, 0xcc1a, 0xcc1a, 0xcc1a, 0xcc1a, 
	0xcc1a, 0xcc1a, 0xcc3a, 0xcc3a, 0xd45a, 0xd49b, 0xdcbb, 0xdcdc, 0xdcfc, 0xdcfc, 0xdcdc, 0xdcdc, 0xdcdc, 0xd4dc, 0xd4bb, 0xcc9b, 
	0xcc9b, 0xd4fc, 0xdd1d, 0xdd1d, 0xd4fc, 0xd4fc, 0xd4fc, 0xd4fc, 0xd4fd, 0xd4bc, 0xcc7b, 0xc43b, 0xc41b, 0xbbda, 0xbbba, 0xb39a, 
	0xb3b9, 0xbc1a, 0xcc9c, 0xd4dd, 0xccdc, 0xc49b, 0xc47a, 0xc49a, 0xc4ba, 0xc4db, 0xcd3c, 0xcd3b, 0xdddd, 0xe61e, 0xd59c, 0xc53a, 
	0xac97, 0xacb7, 0x3109, 0x62ae, 0xde5c, 0xff9f, 0xef1e, 0xf75f, 0xff9f, 0xf77e, 0xffff, 0xf79e, 0xf7bf, 0xffff, 0xef7d, 0xffff, 
	0xffbf, 0xffbf, 0xffbf, 0xffbf, 0xffbf, 0xffbf, 0xffdf, 0xffdf, 0xffdf, 0xffdf, 0xffdf, 0xffdf, 0xffdf, 0xffdf, 0xffdf, 0xffdf, 
	0xffdf, 0xffdf, 0xffdf, 0xffdf, 0xffdf, 0xffdf, 0xffdf, 0xffdf, 0xffdf, 0xffdf, 0xffdf, 0xffdf, 0xffbf, 0xffbf, 0xffbf, 0xffdf, 
	0xffdf, 0xffdf, 0xffdf, 0xffdf, 0xffdf, 0xffdf, 0xffdf, 0xffdf, 0xffbf, 0xf7bf, 0xf7bf, 0xf7bf, 0xffdf, 0xffdf, 0xffdf, 0xffdf, 
	0xffff, 0xffdf, 0xf7bf, 0xf79f, 0xf79f, 0xf7bf, 0xf7bf, 0xf7bf, 0xf79f, 0xf7bf, 0xf7bf, 0xf7bf, 0xf7bf, 0xffbf, 0xf7bf, 0xf79f, 
	0xef5e, 0xf77f, 0xf77f, 0xf75e, 0xf77f, 0xff9f, 0xf79f, 0xef5f, 0xef1f, 0xdebe, 0xd67d, 0xd65e, 0xd65e, 0xd63e, 0xce3e, 0xce3e, 
	0xce3e, 0xce3e, 0xce3e, 0xce1d, 0xce1e, 0xce1e, 0xc5fe, 0xc5dd, 0xc5fe, 0xc5de, 0xbdbd, 0xbdbd, 0xb59d, 0xb57c, 0xb57c, 0xbdbd, 
	0xbddc, 0xbddc, 0xbddc, 0xb5bc, 0xb5bc, 0xb59c, 0xb57c, 0xad7c, 0xad7d, 0xad5c, 0xad5c, 0xad5d, 0xad7d, 0xad9d, 0xad7d, 0xa55d, 
	0xa55d, 0xa53c, 0xad7c, 0x9d1a, 0xb5bb, 0xd67e, 0xef1f, 0xe67f, 0x72d2, 0x6a52, 0x6a53, 0x6a12, 0x7274, 0x6a74, 0x6253, 0x394e, 
	0x312d, 0x314c, 0x314d, 0x312d, 0x314d, 0x310d, 0x49f0, 0x49d0, 0x6293, 0x418f, 0x310d, 0x314e, 0x316e, 0x314d, 0x314d, 0x314d, 
	0x314d, 0x294d, 0x292c, 0x292c, 0x314c, 0x316d, 0x316d, 0x314e, 0x290e, 0x314f, 0x6b17, 0x83da, 0x7bba, 0x7bda, 0x8c3c, 0x8c3c, 
	0x949d, 0x947c, 0x83da, 0x947c, 0x947c, 0x8c3b, 0x8c1b, 0x947b, 0x947c, 0x947b, 0x947b, 0x947b, 0x947b, 0x949b, 0x9c9b, 0x9cbb, 
	0x9cbb, 0x9cbb, 0x9cbb, 0x9cbb, 0x9cbb, 0x9cbb, 0x9cbb, 0x9cbb, 0x9c9b, 0x9c9b, 0x9cbb, 0x9cbb, 0xa4db, 0xa4fc, 0xad1c, 0xad1c, 
	0xacfb, 0xad1c, 0xb53d, 0xb53d, 0xad1c, 0xacfc, 0xacfb, 0xacfb, 0xad1c, 0xacfb, 0xad1b, 0xb55c, 0xb55b, 0xb57b, 0xb59c, 0xb55b, 
	0xb4d9, 0xc55b, 0xc53a, 0xc4fa, 0xcd3b, 0xd53c, 0xd53c, 0xc479, 0xb3d7, 0xbbd8, 0xbbd8, 0xbbb8, 0xbb98, 0xbb78, 0xbb57, 0xb337, 
	0xbb77, 0xb377, 0xb377, 0xb377, 0xbb78, 0xbb78, 0xb378, 0xb378, 0xb378, 0xbb78, 0xbb98, 0xbbb8, 0xbbb8, 0xbb98, 0xb377, 0xb357, 
	0xbb77, 0xc3b8, 0xc3d9, 0xc3b8, 0xc3b8, 0xc3f9, 0xcc1a, 0xcc1a, 0xc3f9, 0xc3f9, 0xc3f9, 0xcbfa, 0xcbfa, 0xcbfa, 0xcbfa, 0xcbfa, 
	0xcc1a, 0xcc1a, 0xcc1a, 0xcc1a, 0xcc5a, 0xd47b, 0xdcbb, 0xdcdc, 0xdcfc, 0xdcfc, 0xdcfc, 0xdcfc, 0xdcfc, 0xd4dc, 0xd4bb, 0xcc9b, 
	0xcc9b, 0xccbb, 0xd4dc, 0xd4fc, 0xd4fc, 0xd4fc, 0xd4fc, 0xd4fc, 0xdd1d, 0xd4dc, 0xcc9c, 0xcc7c, 0xc43b, 0xc41b, 0xc3fa, 0xbbfa, 
	0xb3d9, 0xbc5a, 0xccfd, 0xdd5e, 0xdd5e, 0xd53d, 0xccfc, 0xccfb, 0xccfb, 0xccfb, 0xccfb, 0xb458, 0xcd1a, 0xcd1a, 0xb457, 0xa3f6, 
	0xc53a, 0xbd5a, 0x520d, 0x628e, 0xb4f7, 0xf71f, 0xff9f, 0xff9f, 0xff9f, 0xffbf, 0xf77e, 0xffbf, 0xffdf, 0xf7bf, 0xffff, 0xf7bf, 
	0xffbf, 0xffdf, 0xffdf, 0xffdf, 0xffdf, 0xffdf, 0xffdf, 0xffdf, 0xffdf, 0xffdf, 0xffdf, 0xffdf, 0xffdf, 0xffdf, 0xffdf, 0xffdf, 
	0xffdf, 0xffdf, 0xffdf, 0xffdf, 0xffdf, 0xffdf, 0xffdf, 0xffdf, 0xffdf, 0xffdf, 0xffdf, 0xffdf, 0xffdf, 0xffdf, 0xffdf, 0xffdf, 
	0xffdf, 0xffdf, 0xffdf, 0xffdf, 0xffdf, 0xffdf, 0xffdf, 0xffdf, 0xffdf, 0xf7bf, 0xf7bf, 0xf7bf, 0xffdf, 0xffdf, 0xffdf, 0xffdf, 
	0xffdf, 0xf7df, 0xf7be, 0xf79e, 0xf79f, 0xf7bf, 0xf7bf, 0xf7bf, 0xf7bf, 0xf7bf, 0xf7bf, 0xf79f, 0xf79f, 0xf77f, 0xef7f, 0xef5f, 
	0xf75f, 0xf77f, 0xf77f, 0xef3e, 0xef3f, 0xf79f, 0xf79f, 0xef3f, 0xe6ff, 0xde9e, 0xd65d, 0xd65e, 0xd65e, 0xce3e, 0xce1e, 0xce1e, 
	0xc5dd, 0xcdfe, 0xce1e, 0xc5fe, 0xc5dd, 0xc5dd, 0xc5dd, 0xc5dd, 0xc5dd, 0xbddd, 0xbd9c, 0xb57c, 0xad5b, 0xad5b, 0xb57c, 0xbddc, 
	0xc63c, 0xc61c, 0xb5db, 0xad9b, 0xad5b, 0xad5b, 0xad7d, 0xb59e, 0xb57e, 0xad5d, 0xa51c, 0xad3d, 0xb59e, 0xb59e, 0xad7c, 0xa51b, 
	0xad3d, 0xa51c, 0xa51b, 0x9cd9, 0xc5fd, 0xef1f, 0xf75f, 0xcdbd, 0x6a71, 0x6a31, 0x7253, 0x6a32, 0x7274, 0x59d1, 0x496f, 0x392d, 
	0x314d, 0x314c, 0x314d, 0x312d, 0x394d, 0x312d, 0x49f0, 0x49d0, 0x5a72, 0x418f, 0x312d, 0x396e, 0x396e, 0x316e, 0x316e, 0x316d, 
	0x316e, 0x316d, 0x314d, 0x316d, 0x316d, 0x398d, 0x398e, 0x396e, 0x312e, 0x41d1, 0x6b37, 0x83fb, 0x8c1b, 0x83fb, 0x8c3c, 0x8c3c, 
	0x949d, 0x945c, 0x7b79, 0x8c1b, 0x8c1a, 0x83da, 0x83d9, 0x8c3b, 0x945b, 0x947b, 0x947b, 0x947b, 0x947b, 0x949b, 0x9c9b, 0x9c9b, 
	0x9c9b, 0x9cbb, 0x9cbb, 0x94bb, 0x949b, 0x949b, 0x9c9b, 0x9cbb, 0x9c9b, 0x9c9b, 0x9cbb, 0x9cbb, 0xa4db, 0xa4fc, 0xad1c, 0xad1c, 
	0xad1d, 0xacfc, 0xa4dc, 0xa4bb, 0x9c9b, 0xa4bb, 0xa4db, 0xa4fc, 0x9cba, 0x9cba, 0xa51b, 0xb55c, 0xb55c, 0xb57c, 0xb57c, 0xad5b, 
	0xa437, 0xbcfa, 0xbd1b, 0xc53b, 0xc51b, 0xcd1b, 0xcd1c, 0xccbb, 0xabb7, 0xabb7, 0xb397, 0xb377, 0xb357, 0xb377, 0xbb78, 0xbb77, 
	0xb377, 0xb377, 0xb377, 0xbb78, 0xbb78, 0xbb78, 0xbb78, 0xb358, 0xbb58, 0xbb58, 0xbb58, 0xbb58, 0xbb57, 0xb357, 0xb337, 0xb337, 
	0xb357, 0xbb98, 0xc3b9, 0xbbb9, 0xc3b9, 0xc3fa, 0xcbfa, 0xcbfa, 0xc3d9, 0xc3d9, 0xc3fa, 0xcbfa, 0xcbfa, 0xcbfa, 0xc3fa, 0xc3fa, 
	0xcbfa, 0xcbfa, 0xc3fa, 0xcc1a, 0xcc3a, 0xd47b, 0xdc9b, 0xdcbb, 0xdcdc, 0xdcfc, 0xdcfc, 0xdcfc, 0xdcdc, 0xd4bc, 0xd49b, 0xcc9b, 
	0xcc9b, 0xcc9b, 0xcc9b, 0xd4bc, 0xdcfc, 0xdcfd, 0xd4fc, 0xd4fc, 0xd4dc, 0xd4dc, 0xcc9c, 0xcc7b, 0xcc5b, 0xc43b, 0xc41a, 0xbc1a, 
	0xb419, 0xbcbb, 0xcd3d, 0xdd9f, 0xddbf, 0xdd9e, 0xd55d, 0xcd1c, 0xd55c, 0xc4da, 0xcd1b, 0xccfa, 0xcd1b, 0xa3d6, 0xabf6, 0xd55b, 
	0xcd7b, 0x9c36, 0x72d0, 0x72f0, 0xa476, 0xb4f7, 0xeeff, 0xf71f, 0xf73f, 0xff7f, 0xffdf, 0xffbf, 0xe6fd, 0xef3e, 0xffff, 0xf77f, 
	0xffdf, 0xffdf, 0xffdf, 0xffdf, 0xffdf, 0xffdf, 0xffdf, 0xffbf, 0xffdf, 0xffdf, 0xffdf, 0xffdf, 0xffdf, 0xffdf, 0xffdf, 0xffdf, 
	0xffdf, 0xffdf, 0xffdf, 0xffdf, 0xffdf, 0xffdf, 0xffdf, 0xffdf, 0xffdf, 0xffdf, 0xffdf, 0xffdf, 0xffdf, 0xffdf, 0xffdf, 0xffdf, 
	0xffdf, 0xffdf, 0xffdf, 0xffdf, 0xffdf, 0xffdf, 0xffdf, 0xffdf, 0xffdf, 0xffbf, 0xf7bf, 0xf7bf, 0xffdf, 0xffdf, 0xffdf, 0xffdf, 
	0xf7df, 0xf7df, 0xf7be, 0xefbe, 0xf7bf, 0xf7bf, 0xf7bf, 0xf7bf, 0xf79f, 0xef7f, 0xef5e, 0xef5e, 0xef5e, 0xef5e, 0xef3e, 0xef3f, 
	0xef3f, 0xf75f, 0xf75f, 0xef3f, 0xef3f, 0xf77f, 0xef5f, 0xe6ff, 0xd69e, 0xce5d, 0xce1d, 0xce1d, 0xce1e, 0xc61e, 0xc5fe, 0xc5fe, 
	0xc5fe, 0xc5fe, 0xc5de, 0xc5dd, 0xc5dd, 0xc5dd, 0xbdbc, 0xb59b, 0xc5fc, 0xc5fc, 0xbddc, 0xbdbb, 0xb57b, 0xb57b, 0xbddc, 0xce5d, 
	0xf7df, 0xf7bf, 0xe75f, 0xce9e, 0xb5dc, 0xa53b, 0xa51c, 0xa51c, 0xad5e, 0xad5e, 0xad3d, 0xa51d, 0xa51c, 0xa51b, 0xa51b, 0xa51b, 
	0x9cda, 0xa4fb, 0xad3b, 0xad3b, 0xc61d, 0xe6df, 0xeeff, 0xacb9, 0x622f, 0x7272, 0x7ab3, 0x6211, 0x59f1, 0x412e, 0x392e, 0x418e, 
	0x398e, 0x396d, 0x398e, 0x396e, 0x418e, 0x394e, 0x5211, 0x49d0, 0x6293, 0x49d0, 0x418f, 0x41d0, 0x41cf, 0x41cf, 0x41cf, 0x41cf, 
	0x39cf, 0x39cf, 0x41cf, 0x41cf, 0x41cf, 0x41ce, 0x39ae, 0x398f, 0x41f1, 0x7357, 0x83da, 0x83fb, 0x8c3c, 0x8c1b, 0x7bda, 0x8c3c, 
	0x945c, 0x945c, 0x7b78, 0x83da, 0x83da, 0x83da, 0x83d9, 0x8c1a, 0x8c3a, 0x945b, 0x947b, 0x9c9c, 0x9c9c, 0x9c9c, 0x9c9c, 0x9c9c, 
	0x949c, 0x94bc, 0x9cbc, 0x94bc, 0x94bb, 0x94bb, 0x9cbc, 0x9cbc, 0x9c9b, 0x9cbb, 0x9cbb, 0x9cbb, 0xa4dc, 0xa4fc, 0xa4fc, 0xacfc, 
	0xacfd, 0xa49c, 0x9c5b, 0x943a, 0x945b, 0x947b, 0x9c9b, 0x9cbb, 0x947a, 0x9479, 0x9cda, 0xa51b, 0xa51b, 0xad3b, 0xb55b, 0xad3b, 
	0x72f3, 0x72f3, 0x7af3, 0xa459, 0xbcdb, 0xbcdb, 0xc4fc, 0xcd1d, 0xc49a, 0xc47a, 0xbc39, 0xb3d8, 0xb397, 0xb397, 0xb377, 0xb377, 
	0xb377, 0xab77, 0xb357, 0xb378, 0xbb98, 0xbb98, 0xbb78, 0xbb78, 0xbb58, 0xbb58, 0xbb58, 0xb337, 0xb337, 0xb337, 0xb337, 0xb337, 
	0xb337, 0xb378, 0xbb98, 0xbb99, 0xbb99, 0xc3d9, 0xc3da, 0xc3da, 0xc3da, 0xc3da, 0xc3da, 0xcbda, 0xcbda, 0xc3da, 0xc3da, 0xc3da, 
	0xc3fa, 0xc3fa, 0xc3fa, 0xcc1a, 0xcc3a, 0xd45b, 0xd49b, 0xdcbb, 0xdcbb, 0xdcdc, 0xdcfc, 0xdcfc, 0xd4dc, 0xd4bb, 0xcc9b, 0xcc7b, 
	0xd47b, 0xcc5b, 0xcc5b, 0xd49b, 0xd4dc, 0xdcdc, 0xd4dc, 0xd4dc, 0xdcfc, 0xd4fc, 0xd4dc, 0xd4bc, 0xcc9c, 0xcc5b, 0xcc3b, 0xc43a, 
	0xbc7a, 0xc4fb, 0xd57d, 0xddbe, 0xddbe, 0xdd9e, 0xd57d, 0xcd3c, 0xd55c, 0xccfb, 0xccfa, 0xccfa, 0xccfa, 0xa3b5, 0xc4b9, 0xe5dd, 
	0xac57, 0x9c16, 0x7b12, 0x622e, 0xde1d, 0xb4f8, 0xde3c, 0xeedf, 0xf71f, 0xff7f, 0xf75f, 0xc5d9, 0xd67b, 0xff9f, 0xef1e, 0xffdf, 
	0xffbf, 0xffbf, 0xffdf, 0xffdf, 0xffdf, 0xffbf, 0xffbf, 0xf7bf, 0xffbf, 0xffdf, 0xffdf, 0xffdf, 0xffdf, 0xffdf, 0xffdf, 0xf7df, 
	0xffdf, 0xffdf, 0xffdf, 0xffdf, 0xffdf, 0xffdf, 0xffdf, 0xffdf, 0xffdf, 0xffdf, 0xffdf, 0xffdf, 0xffdf, 0xffdf, 0xffdf, 0xffdf, 
	0xffdf, 0xffdf, 0xffdf, 0xffdf, 0xffdf, 0xffdf, 0xffdf, 0xffdf, 0xffdf, 0xffbf, 0xf7bf, 0xf7bf, 0xffbf, 0xffdf, 0xffdf, 0xffdf, 
	0xf7ff, 0xf7df, 0xf7df, 0xf7df, 0xf7df, 0xf7df, 0xf7df, 0xf7bf, 0xf7bf, 0xf77f, 0xef5e, 0xef3e, 0xef3e, 0xe71e, 0xe71e, 0xef1e, 
	0xe6fe, 0xef1f, 0xef3f, 0xef3f, 0xef1f, 0xef1f, 0xdebe, 0xd65d, 0xce1c, 0xc5fc, 0xc5fc, 0xc5fd, 0xc5fe, 0xc5de, 0xbdde, 0xc5fe, 
	0xce1f, 0xc5bd, 0xbdbd, 0xce1e, 0xdebf, 0xdedf, 0xd67d, 0xc61c, 0xd6be, 0xdebe, 0xdede, 0xdedf, 0xdedf, 0xdedf, 0xe71f, 0xef7f, 
	0xef7f, 0xef9f, 0xef9f, 0xe75f, 0xd6bf, 0xc63f, 0xbddf, 0xbdbf, 0xa4fd, 0xb57f, 0xbddf, 0xbdbf, 0xad3c, 0x9cda, 0x9cb9, 0x9cda, 
	0x9c9a, 0x9cba, 0xa4da, 0xad5b, 0xce1e, 0xd65e, 0xcdfd, 0x7b33, 0x622f, 0x6a51, 0x6a31, 0x516e, 0x59d0, 0x59f0, 0x5a11, 0x49cf, 
	0x49ef, 0x41cf, 0x49ef, 0x49cf, 0x49f0, 0x418f, 0x5231, 0x49f0, 0x6293, 0x49f1, 0x49d0, 0x4a11, 0x4a10, 0x4a10, 0x4a10, 0x4210, 
	0x318e, 0x39ae, 0x41cf, 0x41ef, 0x41ef, 0x41cf, 0x41cf, 0x41d0, 0x5252, 0x943b, 0x8bfb, 0x83ba, 0x8c1b, 0x8c1c, 0x83da, 0x945c, 
	0x8c1b, 0x945b, 0x7b98, 0x83da, 0x83da, 0x8c1a, 0x83fa, 0x83da, 0x83da, 0x8c1a, 0x8c3b, 0x945b, 0x945b, 0x945b, 0x945b, 0x8c3b, 
	0x949b, 0x949b, 0x949b, 0x949c, 0x94bc, 0x9cbc, 0x9cdc, 0x9cdc, 0x9cbc, 0x9cbc, 0x9cdc, 0xa4dc, 0xa4fc, 0xa4fc, 0xa51c, 0xad1d, 
	0x9c9c, 0x9c3b, 0x8c1a, 0x8c1a, 0x8c3b, 0x947b, 0x947b, 0x8c5a, 0x947a, 0x9479, 0x9cba, 0xa4da, 0xa4ba, 0xacfa, 0xb53b, 0xb53b, 
	0x6292, 0x49cf, 0x416e, 0x8375, 0xa47a, 0xb4bb, 0xb47a, 0xbcbb, 0xc4dc, 0xccfd, 0xd4fd, 0xccbc, 0xc47b, 0xc43a, 0xb3d9, 0xab97, 
	0xab98, 0xab77, 0xab57, 0xab77, 0xb378, 0xb398, 0xbb98, 0xbb78, 0xb358, 0xb358, 0xb358, 0xb357, 0xb357, 0xb337, 0xb357, 0xb357, 
	0xb357, 0xb337, 0xb357, 0xbb78, 0xbb99, 0xbb99, 0xc3b9, 0xc3da, 0xc3da, 0xc3da, 0xc3da, 0xc3da, 0xc3da, 0xc3da, 0xc3d9, 0xc3da, 
	0xc3da, 0xc3da, 0xc3fa, 0xcc1a, 0xcc3a, 0xcc5a, 0xd47b, 0xd49b, 0xd49b, 0xd4bb, 0xdcdc, 0xdcbc, 0xd4bb, 0xd49b, 0xcc7b, 0xcc7b, 
	0xcc5b, 0xcc3b, 0xc41a, 0xcc5b, 0xcc7b, 0xcc7b, 0xcc7b, 0xd49b, 0xdcfd, 0xdcfd, 0xdcfd, 0xdcfd, 0xdcdc, 0xd4bc, 0xd4bc, 0xccbc, 
	0xc4fc, 0xcd3c, 0xd57d, 0xd57d, 0xd59d, 0xdd9d, 0xd59d, 0xd57d, 0xdd9d, 0xd57c, 0xccfb, 0xc4da, 0xc4da, 0xa3d5, 0xd55b, 0xcd1b, 
	0xa437, 0xcd7c, 0x72b0, 0x2888, 0xa456, 0xb4d8, 0xbd39, 0xe67e, 0xeeff, 0xde5c, 0x9c54, 0xbd58, 0xf73f, 0xf73f, 0xf75f, 0xef3e, 
	0xf79f, 0xf79f, 0xffbf, 0xffbf, 0xffbf, 0xffbf, 0xffbf, 0xffbf, 0xffbf, 0xffbf, 0xffdf, 0xffdf, 0xffdf, 0xffdf, 0xf7df, 0xf7df, 
	0xffdf, 0xffdf, 0xffdf, 0xffdf, 0xffdf, 0xffdf, 0xffdf, 0xffdf, 0xffdf, 0xffdf, 0xffdf, 0xffdf, 0xffdf, 0xffdf, 0xffdf, 0xffdf, 
	0xffdf, 0xffdf, 0xffdf, 0xffdf, 0xffdf, 0xffdf, 0xffdf, 0xffdf, 0xffdf, 0xffbf, 0xffbf, 0xffbf, 0xffbf, 0xffdf, 0xffdf, 0xffdf, 
	0xffff, 0xffdf, 0xffdf, 0xf7df, 0xffdf, 0xf7bf, 0xf7bf, 0xf79f, 0xf79f, 0xf75f, 0xef3f, 0xef3f, 0xef1f, 0xe6fe, 0xe6be, 0xe6de, 
	0xe6de, 0xe6df, 0xe6df, 0xe6df, 0xe6be, 0xde9e, 0xce3d, 0xc5fc, 0xc5fc, 0xc5dc, 0xbddd, 0xbddd, 0xbdbd, 0xb59d, 0xb59d, 0xbdbe, 
	0xc5dd, 0xbd9c, 0xc5dc, 0xe6df, 0xf79f, 0xffbf, 0xef7f, 0xef5f, 0xf79f, 0xef9f, 0xf79f, 0xf7df, 0xf7bf, 0xf79f, 0xf79f, 0xf79f, 
	0xef9f, 0xe77f, 0xdf1f, 0xce9f, 0xbdfe, 0xad7c, 0x9cfb, 0x9cba, 0xbdbf, 0xc5ff, 0xd65f, 0xd65f, 0xc5ff, 0xbd9d, 0xb55c, 0xb55c, 
	0xad3c, 0xa4da, 0x9cb9, 0xb55b, 0xce1e, 0xce1d, 0xc5bc, 0x72f1, 0x622f, 0x61ef, 0x61ef, 0x51ae, 0x6a51, 0x6a92, 0x6a92, 0x51ef, 
	0x5230, 0x4a10, 0x5230, 0x5210, 0x5231, 0x41af, 0x5a32, 0x49f0, 0x5a72, 0x49f1, 0x49d0, 0x4a11, 0x4a10, 0x4a10, 0x4a10, 0x41f0, 
	0x290c, 0x314d, 0x398e, 0x39ae, 0x398d, 0x398d, 0x39ae, 0x41d0, 0x5252, 0x8c1a, 0x83da, 0x83db, 0x83fb, 0x8c3c, 0x8c3b, 0x945c, 
	0x8c1b, 0x8c1b, 0x7378, 0x83da, 0x83fa, 0x8bfa, 0x83da, 0x83da, 0x83d9, 0x83da, 0x8bfa, 0x8bfa, 0x8bfa, 0x8bfa, 0x8bfa, 0x8c1a, 
	0x8c3b, 0x8c3a, 0x8c3a, 0x8c5b, 0x949b, 0x94bc, 0x9cbc, 0x9cbc, 0x9cbc, 0x9cbc, 0x9cbc, 0x9cdc, 0x9cdc, 0xa4dc, 0xa4dc, 0xa4dc, 
	0x945b, 0x943b, 0x8c1a, 0x8c1a, 0x945b, 0x947b, 0x947b, 0x947a, 0x9cba, 0x9cba, 0xa4fb, 0xb51b, 0xb51b, 0xbd1b, 0xc55c, 0xc55c, 
	0x7335, 0x6ad4, 0x5a51, 0x8376, 0x93d8, 0x9c19, 0x9bf9, 0x9bf9, 0x61f1, 0x7ab4, 0x9b98, 0xbc5b, 0xccdd, 0xd51e, 0xccdd, 0xc49b, 
	0xabf9, 0xabb8, 0xa377, 0xa357, 0xa377, 0xab78, 0xb378, 0xb378, 0xab37, 0xb337, 0xb357, 0xb357, 0xb357, 0xb357, 0xab37, 0xab37, 
	0xb358, 0xab17, 0xab17, 0xb358, 0xbb98, 0xbb99, 0xbb99, 0xc3da, 0xc3da, 0xc3da, 0xc3da, 0xc3da, 0xc3da, 0xc3da, 0xc3b9, 0xc3ba, 
	0xc3da, 0xc3da, 0xc3fa, 0xcc1a, 0xcc1a, 0xcc5a, 0xd47b, 0xd47b, 0xd49b, 0xd49b, 0xd4bb, 0xd4bb, 0xd49b, 0xcc7b, 0xcc7b, 0xcc7b, 
	0xcc3b, 0xc41b, 0xc3fa, 0xc41a, 0xc41a, 0xc3fa, 0xc41a, 0xcc5a, 0xd4bc, 0xdcdc, 0xdcdc, 0xdcfd, 0xdcfd, 0xdcfd, 0xdcdd, 0xd4fd, 
	0xd53d, 0xd57d, 0xd57d, 0xd57d, 0xd57d, 0xddbe, 0xe5de, 0xe5de, 0xee3f, 0xe5fe, 0xd57c, 0xddbd, 0xcd5b, 0x9374, 0xd57c, 0xd57c, 
	0xa417, 0xcd5b, 0x72b1, 0x51ac, 0x496b, 0xa456, 0xc57a, 0xe67e, 0xd61c, 0x6aae, 0xa496, 0xff7f, 0xe69d, 0xde5c, 0xf73f, 0xeefe, 
	0xf77f, 0xf77f, 0xf79f, 0xffbf, 0xffbf, 0xffbf, 0xffbf, 0xffbf, 0xffbf, 0xffbf, 0xffdf, 0xffdf, 0xffdf, 0xffdf, 0xf7df, 0xffdf, 
	0xffdf, 0xffdf, 0xffdf, 0xffdf, 0xffdf, 0xffdf, 0xffdf, 0xffdf, 0xffdf, 0xffdf, 0xffdf, 0xffdf, 0xffdf, 0xf7df, 0xf7df, 0xffdf, 
	0xffdf, 0xffdf, 0xffdf, 0xffdf, 0xffdf, 0xffdf, 0xffdf, 0xffdf, 0xffdf, 0xffbf, 0xffbf, 0xffbf, 0xffbf, 0xffdf, 0xffbf, 0xffbf, 
	0xffdf, 0xffdf, 0xffdf, 0xffbf, 0xffbf, 0xff9f, 0xf77f, 0xf75f, 0xeefe, 0xe6de, 0xeede, 0xeeff, 0xeeff, 0xeebe, 0xe69e, 0xe6be, 
	0xeeff, 0xe6be, 0xde7d, 0xd67d, 0xd65d, 0xce1c, 0xc5fc, 0xc5dc, 0xc5dc, 0xbddc, 0xbddd, 0xbdbd, 0xb57c, 0xad3c, 0xad3c, 0xad5c, 
	0xb57b, 0xbd9b, 0xd65e, 0xf77f, 0xffdf, 0xffdf, 0xf7bf, 0xffff, 0xffff, 0xf7bf, 0xf7bf, 0xf7bf, 0xf79f, 0xe71f, 0xce7e, 0xc63d, 
	0xbe1d, 0xb5bc, 0x9d1a, 0x94d9, 0x94b9, 0x9cda, 0x9cfa, 0xa4fa, 0xd67f, 0xce1f, 0xbdbe, 0xbd9d, 0xc5be, 0xc5fe, 0xc5de, 0xc5be, 
	0xc59e, 0xb55c, 0xb55c, 0xc5dd, 0xc5fd, 0xc5bc, 0xd61e, 0x93f6, 0x624f, 0x620f, 0x7ab2, 0x7ad2, 0x72b2, 0x59ef, 0x5a10, 0x5210, 
	0x5230, 0x5230, 0x5251, 0x5231, 0x5231, 0x49d0, 0x5231, 0x49d0, 0x5a52, 0x49f1, 0x49f0, 0x5211, 0x4a10, 0x49f0, 0x41f0, 0x41cf, 
	0x292d, 0x316e, 0x39ae, 0x398d, 0x314c, 0x292c, 0x314d, 0x398e, 0x5a73, 0x83d9, 0x83da, 0x945d, 0x8c1b, 0x8c3c, 0x945c, 0x841b, 
	0x8c3b, 0x8c1b, 0x7358, 0x83da, 0x83da, 0x83da, 0x83da, 0x8bfa, 0x8bfa, 0x8bfa, 0x8c1a, 0x8bfa, 0x8bfa, 0x8bfa, 0x8bfa, 0x8c1a, 
	0x83fa, 0x83f9, 0x83f9, 0x841a, 0x8c5b, 0x949b, 0x949b, 0x947b, 0x8c5a, 0x945a, 0x945b, 0x947b, 0x947b, 0x947b, 0x949b, 0x947b, 
	0x9c5b, 0x945b, 0x943a, 0x943a, 0x945a, 0x947b, 0x9cbb, 0x9cbb, 0xa4db, 0xacfb, 0xbd5c, 0xcd9d, 0xcd7d, 0xd57d, 0xd57c, 0xd55c, 
	0x6b15, 0x62d4, 0x6af5, 0x8c19, 0x7b36, 0x8bb8, 0x8bb8, 0x8bb9, 0x51b1, 0x5190, 0x6a53, 0x5190, 0x61d1, 0xb47b, 0xbcbc, 0xc4fd, 
	0xbcbc, 0xbcbc, 0xac3a, 0xb43a, 0xa397, 0xa377, 0xa336, 0xab57, 0xab57, 0xab57, 0xab57, 0xab57, 0xab37, 0xab37, 0xab57, 0xab57, 
	0xab57, 0xab17, 0xab17, 0xb358, 0xb358, 0xb378, 0xbb99, 0xc3da, 0xc3da, 0xc3ba, 0xc3ba, 0xc3da, 0xc3da, 0xc3da, 0xc3ba, 0xc3b9, 
	0xc3da, 0xc3b9, 0xbbb9, 0xc3da, 0xcc1a, 0xcc5b, 0xd45b, 0xd47b, 0xd47b, 0xd47b, 0xd49b, 0xd47b, 0xd47b, 0xcc5b, 0xcc5a, 0xcc3b, 
	0xcc1b, 0xc3da, 0xc3da, 0xc3fa, 0xcc1b, 0xcc3b, 0xcc3a, 0xcc3a, 0xd49c, 0xd4bc, 0xdcdc, 0xe4fd, 0xe51d, 0xdcfd, 0xdcfd, 0xdd1d, 
	0xdd3d, 0xd53c, 0xd53c, 0xdd5d, 0xdd7d, 0xdd7d, 0xdd7d, 0xdd9d, 0xe61f, 0xee3f, 0xff1f, 0xe63f, 0xfedf, 0xbcfa, 0xa457, 0xe63f, 
	0xa457, 0xe63f, 0x7af2, 0x59cd, 0xbcf9, 0xc53a, 0xc55a, 0xd5fc, 0x51cc, 0xa455, 0xd5fc, 0xde5d, 0xe69d, 0xe67d, 0xde5c, 0xeedd, 
	0xef1e, 0xef3d, 0xef5e, 0xf77e, 0xf79f, 0xf79f, 0xffbf, 0xffbf, 0xffbf, 0xffdf, 0xffdf, 0xffdf, 0xffbf, 0xf7bf, 0xffbf, 0xffdf, 
	0xffbf, 0xffbf, 0xffbf, 0xffbf, 0xffbf, 0xffdf, 0xffdf, 0xffdf, 0xffff, 0xffdf, 0xffdf, 0xf7df, 0xffdf, 0xf7df, 0xf7df, 0xf7df, 
	0xffbf, 0xffbf, 0xffdf, 0xffdf, 0xffdf, 0xffdf, 0xffdf, 0xffdf, 0xffdf, 0xffbf, 0xffdf, 0xffdf, 0xffdf, 0xffdf, 0xffbf, 0xffbf, 
	0xf79f, 0xf79f, 0xff9f, 0xff9f, 0xff7f, 0xf73f, 0xeeff, 0xe6de, 0xe6be, 0xe69e, 0xe69e, 0xe69e, 0xeebe, 0xeebf, 0xe69e, 0xe67e, 
	0xe6be, 0xde9e, 0xde7d, 0xd65d, 0xd65d, 0xce3d, 0xc5dc, 0xbd9b, 0xbdbb, 0xbdbc, 0xbddd, 0xb59d, 0xa51b, 0xa51b, 0xad3c, 0xad5c, 
	0xa51a, 0xce3d, 0xf77f, 0xffdf, 0xf7bf, 0xef3f, 0xe73f, 0xef7f, 0xef7f, 0xd6bd, 0xc63c, 0xc63d, 0xbdfc, 0xad3a, 0x9cd9, 0x9cfa, 
	0xa51c, 0x8c7a, 0x8c79, 0xa51b, 0x9cda, 0x8c57, 0xa51a, 0xd69f, 0xdebf, 0xc5dd, 0xad3b, 0xb55b, 0xbd9c, 0xbd9d, 0xbd9d, 0xc5be, 
	0xc5be, 0xc5be, 0xc5be, 0xbd9d, 0xbdbd, 0xcdde, 0xcdfe, 0xd5dd, 0x8353, 0x8313, 0x8313, 0x8313, 0x8313, 0x7af3, 0x72b2, 0x6292, 
	0x5230, 0x5251, 0x5251, 0x5231, 0x5231, 0x5231, 0x51f1, 0x49d0, 0x5232, 0x5211, 0x49f1, 0x49f0, 0x4a11, 0x4a31, 0x4a10, 0x41f0, 
	0x314d, 0x398e, 0x398e, 0x398d, 0x316d, 0x314c, 0x314d, 0x41af, 0x5a73, 0x83d9, 0x8c1b, 0x83ba, 0x943c, 0x83db, 0x945c, 0x83da, 
	0x8bfa, 0x8bfa, 0x6b17, 0x8bfa, 0x8c1b, 0x83da, 0x83da, 0x8bfb, 0x8c1b, 0x8c1b, 0x8c1b, 0x8c1b, 0x8c1a, 0x8bfa, 0x8bfa, 0x83fa, 
	0x83fa, 0x7bb9, 0x841a, 0x8c1a, 0x7bb9, 0x8c3a, 0x8c1a, 0x8c1a, 0x83d9, 0x945b, 0x8c5a, 0x8c19, 0x947b, 0x9c9b, 0x945a, 0x947b, 
	0x943a, 0x8c1a, 0x8bf9, 0x8bf9, 0x8c39, 0x947a, 0xa4ba, 0xa4db, 0xb51b, 0xc57c, 0xd5bd, 0xd59d, 0xdd9d, 0xdd7c, 0xdd5c, 0xd51b, 
	0x5a93, 0x4a31, 0x5252, 0x83d8, 0x7b57, 0x8bd9, 0x8399, 0x8bb9, 0x8358, 0x6a95, 0x72d6, 0x59d2, 0x51b1, 0x9bd9, 0x9bf9, 0xac7b, 
	0x8b97, 0x8b97, 0x8336, 0xa3f8, 0xac39, 0xbc7b, 0xb3d8, 0x9b36, 0xab57, 0xa336, 0xa337, 0xab57, 0xab57, 0xa357, 0xa357, 0xa357, 
	0xab58, 0xab37, 0xab37, 0xb358, 0xb378, 0xb378, 0xbb99, 0xbbb9, 0xc3da, 0xc3b9, 0xc3b9, 0xc3b9, 0xc3da, 0xc3da, 0xc3b9, 0xc3b9, 
	0xc3fa, 0xc3da, 0xc3fa, 0xc3fa, 0xcc1a, 0xcc1a, 0xcc3a, 0xcc5a, 0xd47b, 0xd47b, 0xd47b, 0xd47b, 0xd45b, 0xcc5b, 0xcc3a, 0xcc3b, 
	0xc3fb, 0xc3ba, 0xc3ba, 0xc3da, 0xcbfa, 0xcbfa, 0xcc1a, 0xcc1a, 0xd45b, 0xd47b, 0xdcbc, 0xdcdc, 0xd4bc, 0xd49b, 0xd4bc, 0xdcfd, 
	0xdd1c, 0xdcfc, 0xdcfc, 0xdd3d, 0xdd5d, 0xdd5d, 0xdd7d, 0xdd9d, 0xdd9d, 0xe5fe, 0xee5f, 0xee5f, 0xff3f, 0xee9f, 0xbd3a, 0xb4d9, 
	0xac77, 0x8353, 0x620e, 0x390a, 0xa457, 0xa457, 0x8332, 0x72d0, 0xacb7, 0xd5fc, 0xee9e, 0xe67d, 0xee9e, 0xe69d, 0xe67d, 0xe69d, 
	0xde9c, 0xe6bc, 0xe6fd, 0xef1e, 0xf75e, 0xf77f, 0xf77f, 0xf79f, 0xf77f, 0xf79f, 0xffbf, 0xffbf, 0xffbf, 0xf79f, 0xf79f, 0xffbf, 
	0xffdf, 0xffdf, 0xffdf, 0xffdf, 0xffdf, 0xffdf, 0xffdf, 0xffdf, 0xffdf, 0xffdf, 0xf7df, 0xffdf, 0xffdf, 0xffdf, 0xffff, 0xffdf, 
	0xffdf, 0xffbf, 0xffdf, 0xffdf, 0xffdf, 0xffdf, 0xffdf, 0xffbf, 0xffbf, 0xffbf, 0xffbf, 0xffbf, 0xffbf, 0xff9f, 0xf79f, 0xf77f, 
	0xef3f, 0xef1f, 0xef1f, 0xef1f, 0xeeff, 0xeede, 0xe69e, 0xe69d, 0xe69e, 0xe69e, 0xee9e, 0xe67e, 0xe65d, 0xe65d, 0xe65e, 0xe67e, 
	0xe69e, 0xde9e, 0xd65d, 0xce1c, 0xc5fb, 0xc5fb, 0xc5db, 0xc5dc, 0xbdbc, 0xbd9c, 0xbdbc, 0xb57c, 0xad3b, 0xad3b, 0xb57d, 0xb57d, 
	0xc61e, 0xd67f, 0xdebf, 0xd69f, 0xc61c, 0xb59a, 0xad79, 0xb59a, 0xbdbb, 0xad5a, 0xa519, 0xa51a, 0xa4fb, 0x9cba, 0x947a, 0x949b, 
	0x8c5b, 0x94bc, 0x9cfd, 0x949a, 0x8437, 0x8c78, 0xbdbc, 0xe6ff, 0xdedf, 0xc61c, 0xb59b, 0xb57b, 0xbd9c, 0xbd9d, 0xbd7d, 0xbd9e, 
	0xbd7d, 0xc5be, 0xbd9d, 0xb55c, 0xbd7d, 0xc5de, 0xcddd, 0xc55c, 0x8bb5, 0x8b74, 0x8b54, 0x8b33, 0x8313, 0x7ad2, 0x6a71, 0x5a31, 
	0x5230, 0x5231, 0x5231, 0x5231, 0x5211, 0x5211, 0x49f1, 0x49d0, 0x5211, 0x5211, 0x49f1, 0x49f0, 0x4a11, 0x4a31, 0x4a10, 0x41f0, 
	0x292d, 0x316d, 0x316d, 0x398d, 0x316d, 0x312c, 0x314d, 0x49f0, 0x5a73, 0x8c1a, 0x943b, 0x8c1b, 0x8c3c, 0x7bba, 0x8c1b, 0x7bba, 
	0x7b99, 0x8bfb, 0x6b17, 0x8399, 0x83da, 0x8bfb, 0x941b, 0x8bfa, 0x8bfa, 0x8bfa, 0x8bda, 0x83da, 0x83da, 0x83da, 0x83b9, 0x83b9, 
	0x83fa, 0x7bb9, 0x83fa, 0x7bb9, 0x7bd9, 0x83f9, 0x83d9, 0x7bb9, 0x8c1a, 0x83d9, 0x7b98, 0x83d9, 0x8c3a, 0x83f9, 0x8c19, 0xad1d, 
	0xa4bb, 0x9c9b, 0x9c7a, 0x9c7a, 0xa49a, 0xa4ba, 0xacda, 0xb4fa, 0xbd3b, 0xcd7c, 0xd59d, 0xdd7c, 0xdd7c, 0xe57c, 0xe55c, 0xdd1b, 
	0x5a93, 0x4a31, 0x5252, 0x8bf9, 0x7b78, 0x83b9, 0x8378, 0x8bda, 0x72f7, 0x6274, 0x7b17, 0x6ab5, 0x6274, 0x93fa, 0x7b37, 0x8b98, 
	0x7335, 0x62b3, 0x416e, 0x51af, 0x6a31, 0x9b76, 0xabd8, 0x9b56, 0xa356, 0xa316, 0xa316, 0xa357, 0xab77, 0xa377, 0xa377, 0xab78, 
	0xa337, 0xab37, 0xab37, 0xab57, 0xb378, 0xb358, 0xb378, 0xb378, 0xbbb9, 0xbbb9, 0xbb99, 0xbb99, 0xbb99, 0xbb99, 0xbbb9, 0xbbb9, 
	0xbbb9, 0xbbb9, 0xc3d9, 0xc3d9, 0xc3f9, 0xcc1a, 0xcc3a, 0xcc3a, 0xd47b, 0xd47b, 0xd45b, 0xd45b, 0xcc5b, 0xcc3b, 0xcc3b, 0xcc1b, 
	0xc3da, 0xbb9a, 0xbb9a, 0xc3ba, 0xc3da, 0xc3da, 0xc3da, 0xc3fa, 0xcc1a, 0xd45b, 0xd49c, 0xd47c, 0xcc3a, 0xc41a, 0xcc5b, 0xdcbc, 
	0xdcdc, 0xdcbc, 0xdcdc, 0xdcfc, 0xdd1c, 0xdd3c, 0xdd5d, 0xdd7d, 0xd57c, 0xdddd, 0xdddd, 0xe61e, 0xe63e, 0xf6df, 0xee9f, 0xc57b, 
	0x51ac, 0x72d1, 0x412a, 0x518c, 0xf6bf, 0xcd7b, 0x412a, 0xb4b8, 0xe65e, 0xee9f, 0xee9e, 0xe67d, 0xe67d, 0xe69d, 0xeebd, 0xe69d, 
	0xde9c, 0xe6bc, 0xe6dd, 0xe6fd, 0xeefd, 0xeefd, 0xe6fd, 0xe6fd, 0xef3e, 0xf75e, 0xf77f, 0xff9f, 0xffbf, 0xffbf, 0xffbf, 0xffbf, 
	0xffbf, 0xffbf, 0xffbf, 0xffbf, 0xffdf, 0xffdf, 0xffdf, 0xffdf, 0xf7bf, 0xf7bf, 0xf7bf, 0xf7bf, 0xffdf, 0xffdf, 0xffdf, 0xffdf, 
	0xffdf, 0xffdf, 0xffdf, 0xffdf, 0xffdf, 0xffbf, 0xffbf, 0xffbf, 0xffbf, 0xf79f, 0xf79f, 0xf79f, 0xf79f, 0xf77f, 0xf77f, 0xf75e, 
	0xeefe, 0xeefe, 0xeede, 0xe6be, 0xe6be, 0xe6be, 0xe6be, 0xe69e, 0xe69e, 0xe69e, 0xe67e, 0xe67e, 0xee7e, 0xe67e, 0xe63d, 0xde3c, 
	0xd61b, 0xd63c, 0xd63c, 0xcdfb, 0xc5fb, 0xce1c, 0xde7e, 0xdebf, 0xef1f, 0xe6bf, 0xde9f, 0xce3e, 0xbd9d, 0xb57c, 0xb57d, 0xb55c, 
	0xb57c, 0xb55c, 0xad3b, 0xa51a, 0xa4fa, 0x9cd9, 0xa4fa, 0xa51a, 0xa4fa, 0x9cda, 0x9cbb, 0x9cbc, 0x9cbc, 0x9c9c, 0x947d, 0x947d, 
	0x8c3c, 0x947d, 0x947c, 0x8c5a, 0x94ba, 0xbdbc, 0xd6bf, 0xe71f, 0xd67d, 0xc5fb, 0xb59a, 0xb57b, 0xbd7c, 0xbd5c, 0xbd5d, 0xbd7d, 
	0xbd7d, 0xc59e, 0xbd7d, 0xb53c, 0xbd7d, 0xcdff, 0xc59d, 0xb4da, 0x8bb5, 0x9374, 0x8b54, 0x8b53, 0x8333, 0x7af3, 0x7292, 0x6251, 
	0x5230, 0x5231, 0x5231, 0x5211, 0x5211, 0x5211, 0x49d0, 0x41b0, 0x5211, 0x5211, 0x49f1, 0x49f0, 0x4a11, 0x4a31, 0x4a11, 0x41f0, 
	0x290c, 0x292c, 0x314d, 0x316d, 0x316c, 0x290b, 0x312c, 0x49f0, 0x5a73, 0x8c1a, 0x8c1b, 0x943c, 0x8bfb, 0x7bba, 0x83da, 0x7bba, 
	0x8bfb, 0x83ba, 0x5a95, 0x7b79, 0x943c, 0x943c, 0x7b99, 0x62b5, 0x6ad6, 0x62d6, 0x62d6, 0x62d6, 0x62d6, 0x62d6, 0x62b5, 0x62d5, 
	0x62d6, 0x5ab5, 0x62d6, 0x4a33, 0x6b36, 0x6b16, 0x6b16, 0x6af6, 0x6af5, 0x7357, 0x6b15, 0x5ab4, 0x6b15, 0x7b77, 0x6b36, 0x62b3, 
	0xacfc, 0xacfc, 0xacfb, 0xb4fb, 0xb4fb, 0xb51b, 0xbd1b, 0xc51b, 0xcd5b, 0xd57c, 0xdd9c, 0xdd5c, 0xdd5b, 0xe55c, 0xe55c, 0xe53b, 
	0x5a72, 0x49f0, 0x49d0, 0x8397, 0x7b57, 0x8378, 0x7b37, 0x8bb9, 0x6ad6, 0x6254, 0x6ab6, 0x6295, 0x6274, 0x9c1a, 0x7b57, 0x8bd9, 
	0x6af4, 0x62f3, 0x41ae, 0x418e, 0x496e, 0x82d4, 0xac18, 0xabb7, 0xa376, 0xa356, 0xa336, 0xa336, 0xa377, 0xab98, 0xabb8, 0xab98, 
	0xa337, 0xa337, 0xab57, 0xab37, 0xab57, 0xab57, 0xab57, 0xab57, 0xbbb9, 0xbbb9, 0xbbb9, 0xbb98, 0xb378, 0xb378, 0xbb98, 0xbbb9, 
	0xbbb9, 0xbbb9, 0xbbb9, 0xbbb9, 0xc3d9, 0xcc1a, 0xcc3a, 0xcc1a, 0xcc5b, 0xcc3b, 0xcc3b, 0xcc3b, 0xcc3b, 0xcc3b, 0xcc1b, 0xcc1b, 
	0xbb9a, 0xbb7a, 0xbb79, 0xc39a, 0xc3ba, 0xc3ba, 0xc3b9, 0xc3da, 0xcbfa, 0xcc1a, 0xd43b, 0xcc3a, 0xc3d9, 0xbbb9, 0xc41a, 0xd47c, 
	0xdc9c, 0xdc9c, 0xdcbc, 0xdcbc, 0xdcdc, 0xdcfc, 0xdd1c, 0xdd3c, 0xdd9d, 0xdd9d, 0xd59c, 0xddfd, 0xcd9c, 0xddfd, 0xfeff, 0xc57b, 
	0x6a6f, 0xee7f, 0x8b73, 0x7af1, 0xd5dc, 0x622e, 0x93d4, 0xee7f, 0xf6df, 0xf6df, 0xf6ff, 0xf6ff, 0xf6df, 0xf71f, 0xff5f, 0xff5f, 
	0xff5f, 0xff5f, 0xff5f, 0xff7f, 0xff5f, 0xf75f, 0xf73e, 0xef1e, 0xf73e, 0xf75f, 0xf75f, 0xff7f, 0xff9f, 0xff9f, 0xff9f, 0xff9f, 
	0xff7f, 0xff7f, 0xff9f, 0xff9f, 0xff9f, 0xff9f, 0xffbf, 0xffbf, 0xffbf, 0xf7bf, 0xf7bf, 0xf7bf, 0xffdf, 0xffdf, 0xffdf, 0xffdf, 
	0xffdf, 0xffdf, 0xffbf, 0xffbf, 0xffbf, 0xff9f, 0xff9f, 0xff9f, 0xf79f, 0xf79f, 0xf77f, 0xf77f, 0xf77f, 0xf77f, 0xf75e, 0xf75f, 
	0xef1f, 0xeeff, 0xeede, 0xe6be, 0xeebe, 0xeede, 0xeeff, 0xf6ff, 0xeebe, 0xe69d, 0xe67d, 0xeede, 0xff3f, 0xff1f, 0xee9e, 0xd61b, 
	0xd61b, 0xde7c, 0xe69d, 0xde9d, 0xde9d, 0xe6ff, 0xf75f, 0xff9f, 0xff9f, 0xef1f, 0xe6bf, 0xd65f, 0xbdbd, 0xb55c, 0xad1b, 0xa4da, 
	0xad1b, 0xa4fb, 0x9cba, 0x9cba, 0x9cba, 0x9cdb, 0x9cdb, 0x9cbb, 0x9cbb, 0x9cbc, 0x9cbc, 0x9c9d, 0x9c7d, 0x947d, 0x947d, 0x945d, 
	0x947d, 0x8c3b, 0x8c3b, 0xa4fc, 0xbdde, 0xd67f, 0xd69f, 0xd69e, 0xbdda, 0xb59a, 0xb57a, 0xb55a, 0xb55b, 0xb55c, 0xbd5d, 0xbd7e, 
	0xbd3c, 0xbd5d, 0xb53c, 0xb53d, 0xbd7d, 0xbd9e, 0xb51b, 0xa458, 0x8b74, 0x8b74, 0x8b53, 0x8b33, 0x8b33, 0x8313, 0x7ab2, 0x6a72, 
	0x5230, 0x5251, 0x5231, 0x5211, 0x5211, 0x5211, 0x49d0, 0x41b0, 0x5211, 0x5211, 0x49f1, 0x49f0, 0x49f1, 0x4a11, 0x4a11, 0x41f0, 
	0x292d, 0x292c, 0x314c, 0x398d, 0x316d, 0x28eb, 0x312c, 0x4a10, 0x5a73, 0x8bfa, 0x83b9, 0x8c1b, 0x8bfb, 0x83fb, 0x83fb, 0x83fb, 
	0x8bfb, 0x83db, 0x6af7, 0x8bfb, 0x83ba, 0x62d6, 0x5a75, 0x62b6, 0x83da, 0x83da, 0x83ba, 0x83ba, 0x83b9, 0x83b9, 0x83b9, 0x83d9, 
	0x83b9, 0x7bb9, 0x83d9, 0x5a95, 0x943b, 0x8c1a, 0x943a, 0x945b, 0x943b, 0x943a, 0x943a, 0x9c5b, 0x9c5b, 0x8bd9, 0x7356, 0x7335, 
	0xb51c, 0xb51b, 0xbd3c, 0xbd3c, 0xc53c, 0xc55b, 0xcd5b, 0xcd5b, 0xd57c, 0xdd9c, 0xdd9c, 0xdd5b, 0xdd5b, 0xe55c, 0xe55c, 0xdd3b, 
	0x72f3, 0x5a51, 0x49cf, 0x7b55, 0x8376, 0x8bd9, 0x8357, 0x8b98, 0x72f6, 0x6ad6, 0x72d6, 0x6274, 0x6253, 0x9c3b, 0x7b36, 0x83b8, 
	0x5ad3, 0x6b54, 0x5a91, 0x5a51, 0x51cf, 0x8b35, 0xccfc, 0xccbb, 0xcc9b, 0xcc9b, 0xc43a, 0xb3d8, 0xb3d8, 0xbc3a, 0xbc3a, 0xb3f9, 
	0xab77, 0xab78, 0xab77, 0xa337, 0xa337, 0xab57, 0xab57, 0xab37, 0xb398, 0xbbb9, 0xbbb9, 0xbb98, 0xb358, 0xb357, 0xb378, 0xbb98, 
	0xc3d9, 0xbbb9, 0xbbb8, 0xbb98, 0xc3d9, 0xcc1a, 0xcc1a, 0xc3f9, 0xcc1a, 0xcc1a, 0xc3fa, 0xcc1a, 0xcc1b, 0xcc1b, 0xcc1b, 0xcc1b, 
	0xbb9a, 0xbb7a, 0xbb7a, 0xbb9a, 0xc39a, 0xc399, 0xc3b9, 0xc3ba, 0xcbda, 0xcbfa, 0xcbfa, 0xc3da, 0xc3b9, 0xbbb9, 0xc3da, 0xcc3b, 
	0xdc7c, 0xdc9c, 0xdcbc, 0xdcbc, 0xdcbc, 0xdcdc, 0xdcfc, 0xdd1c, 0xdd5c, 0xd51b, 0xdd9c, 0xe5dd, 0xe5fd, 0xdddd, 0xee7f, 0x8b52, 
	0x93b4, 0xf6df, 0x6a8f, 0x496b, 0x622e, 0xac77, 0xd5bc, 0xc53a, 0xf6ff, 0xf6ff, 0xff3f, 0xff5f, 0xff3f, 0xff5f, 0xff7f, 0xff5f, 
	0xff3f, 0xff5f, 0xff5f, 0xff7f, 0xff7f, 0xff7f, 0xff7f, 0xff7f, 0xff7f, 0xff7f, 0xf75f, 0xf73f, 0xf73f, 0xf73f, 0xf73e, 0xf73e, 
	0xf73e, 0xf73e, 0xf75f, 0xf75f, 0xf77f, 0xf77f, 0xf77f, 0xf79f, 0xffbf, 0xffbf, 0xffbf, 0xffbf, 0xffdf, 0xffdf, 0xffdf, 0xffdf, 
	0xffdf, 0xffbf, 0xffbf, 0xffbf, 0xff9f, 0xff9f, 0xf79f, 0xf79f, 0xf79f, 0xf77f, 0xf77f, 0xf77f, 0xf77f, 0xf77f, 0xf77f, 0xf77f, 
	0xf73f, 0xef1e, 0xeefe, 0xe6dd, 0xeede, 0xeefe, 0xf71f, 0xf73f, 0xef1e, 0xeede, 0xeede, 0xf73f, 0xffbf, 0xffbf, 0xf73f, 0xe6bd, 
	0xef1e, 0xf75f, 0xff7f, 0xff7f, 0xf77f, 0xf75f, 0xf75f, 0xf75f, 0xe6bf, 0xd67e, 0xd65e, 0xd63e, 0xc5dd, 0xc5bd, 0xbd9d, 0xb53c, 
	0xad3c, 0xad3c, 0xad1c, 0xa4fc, 0xa4fc, 0xa4fc, 0x9cdc, 0x9c9b, 0x9cbc, 0xa4dd, 0x9cbd, 0x9c9d, 0x947d, 0x9c9d, 0x947d, 0x945d, 
	0x8c3b, 0x947b, 0xa51d, 0xbddf, 0xc61f, 0xc5fd, 0xbddc, 0xc5fc, 0xbd9b, 0xb59a, 0xb57b, 0xb57b, 0xbd7c, 0xb55c, 0xb55d, 0xbd5d, 
	0xb51c, 0xacdb, 0xacdb, 0xad1c, 0xad1d, 0xa4bb, 0x9418, 0x8b95, 0x8b95, 0x9394, 0x9373, 0x9353, 0x8b33, 0x8b13, 0x7ab2, 0x6251, 
	0x5231, 0x5251, 0x5251, 0x5231, 0x5211, 0x5211, 0x49f1, 0x49b0, 0x5211, 0x5211, 0x49f1, 0x49f1, 0x49f1, 0x4a11, 0x4a11, 0x41f0, 
	0x290c, 0x290c, 0x292c, 0x398d, 0x396d, 0x290b, 0x314d, 0x5211, 0x62b4, 0x8398, 0x6b17, 0x83ba, 0x83da, 0x83da, 0x83fa, 0x83da, 
	0x8c1b, 0x83ba, 0x6296, 0x7359, 0x6af7, 0x5a55, 0x5a96, 0x6b17, 0x8bfb, 0x8bfa, 0x8bfa, 0x8bda, 0x8bfa, 0x8bfa, 0x8bfa, 0x8bfa, 
	0x8bfa, 0x8bfa, 0x8c1a, 0x5a94, 0x945b, 0x8bfa, 0x943b, 0x9c7c, 0x9c7c, 0x9c5b, 0x9c5b, 0x943a, 0x8bd8, 0x7b77, 0x83b8, 0x9419, 
	0xbd1b, 0xc53b, 0xc53c, 0xcd5c, 0xcd5c, 0xcd5b, 0xd55b, 0xd55b, 0xdd7c, 0xdd9c, 0xdd7c, 0xd55b, 0xd55b, 0xd57c, 0xd55b, 0xcd1b, 
	0x93d6, 0x9bf7, 0x8bb6, 0x9c38, 0x8356, 0x8b77, 0x7b16, 0x8b98, 0x72f6, 0x72d5, 0x6ab5, 0x6274, 0x5a33, 0x9c1a, 0x6ab4, 0x7b56, 
	0x5ad3, 0x6313, 0x4a0f, 0x520f, 0x49ae, 0x8b55, 0xdd9e, 0xe55e, 0xe57e, 0xe55e, 0xd4dc, 0xc419, 0xb3f9, 0xbc19, 0xb419, 0xabb8, 
	0xa377, 0xab98, 0xab77, 0xa336, 0xa336, 0xab77, 0xab77, 0xa337, 0xa336, 0xab37, 0xab57, 0xb378, 0xbb98, 0xb398, 0xb378, 0xb357, 
	0xb377, 0xbb98, 0xbb98, 0xbb98, 0xbbd9, 0xcc1a, 0xcc1a, 0xc3d9, 0xc3f9, 0xc3d9, 0xc3d9, 0xc3da, 0xc3fa, 0xc3fb, 0xc3fb, 0xc3db, 
	0xbb9a, 0xbb7a, 0xbb7a, 0xbb9a, 0xc39a, 0xc399, 0xc39a, 0xcbba, 0xcbda, 0xcbda, 0xc3ba, 0xc3ba, 0xc3ba, 0xbbb9, 0xc3ba, 0xc3fa, 
	0xd45b, 0xd47c, 0xdc9c, 0xd49c, 0xd49c, 0xd4bc, 0xdcdc, 0xd4fc, 0xd51c, 0xd53c, 0xe59d, 0xd55b, 0xe5bd, 0xe5dd, 0xee3e, 0x7290, 
	0xa436, 0xe65e, 0x8bb3, 0x3909, 0xa456, 0xee7f, 0xd5fc, 0xbcf9, 0xee9f, 0xf6df, 0xf6df, 0xf6df, 0xf6ff, 0xff3f, 0xf6fe, 0xeebd, 
	0xeebd, 0xeebe, 0xeede, 0xeede, 0xf6fe, 0xf6fe, 0xf71e, 0xf71e, 0xf73f, 0xf71f, 0xeefe, 0xeefe, 0xeefe, 0xef1e, 0xf71e, 0xf71e, 
	0xef1e, 0xf71e, 0xf71e, 0xf73e, 0xf75f, 0xf75f, 0xf75f, 0xf77f, 0xffbf, 0xffbf, 0xffbf, 0xffbf, 0xffdf, 0xffdf, 0xffdf, 0xffbf, 
	0xffbf, 0xffbf, 0xff9f, 0xff9f, 0xf79f, 0xf79f, 0xf79f, 0xf79f, 0xf79f, 0xf79f, 0xf77f, 0xf79f, 0xff9f, 0xff9f, 0xffbf, 0xff9f, 
	0xf75f, 0xf73f, 0xef1e, 0xef1e, 0xef1e, 0xf73f, 0xf75f, 0xf77f, 0xf75f, 0xf75f, 0xf77f, 0xff9f, 0xffbf, 0xffbf, 0xffbf, 0xff9f, 
	0xff7f, 0xffbf, 0xffdf, 0xffbf, 0xff7f, 0xf73f, 0xe6de, 0xde9d, 0xde7d, 0xd63d, 0xd65d, 0xd65e, 0xd63e, 0xd63e, 0xd61e, 0xc5dd, 
	0xb57c, 0xb55d, 0xad5c, 0xad3d, 0xad3d, 0xad5d, 0xad5e, 0xad3e, 0xad1e, 0xa51e, 0xa4fe, 0x9cbd, 0x9cbd, 0x9cbd, 0x949c, 0x947b, 
	0x945a, 0xa4fc, 0xbdbe, 0xc5fe, 0xbddd, 0xbdbd, 0xbdbc, 0xbdbc, 0xc5dd, 0xbdbc, 0xbdbd, 0xbd9d, 0xbd7d, 0xb55d, 0xb53d, 0xb53c, 
	0xacfb, 0xa4bb, 0xa4db, 0xacfc, 0xa4bb, 0x8bf8, 0x7b55, 0x7b34, 0x8b95, 0x9394, 0x9373, 0x9353, 0x9333, 0x8b34, 0x7ab3, 0x6a51, 
	0x5a31, 0x5251, 0x5251, 0x5231, 0x5231, 0x5231, 0x51f1, 0x49d0, 0x5211, 0x5211, 0x5211, 0x49f1, 0x4a11, 0x4a31, 0x4a31, 0x4a10, 
	0x20ec, 0x290c, 0x292c, 0x396d, 0x398d, 0x312c, 0x314d, 0x4a10, 0x5a93, 0x6af5, 0x5233, 0x62b6, 0x7338, 0x6b17, 0x6b37, 0x6b17, 
	0x7359, 0x7318, 0x41b3, 0x5255, 0x6ad7, 0x7338, 0x7338, 0x62b6, 0x8bda, 0x83da, 0x83da, 0x83da, 0x83da, 0x8bfa, 0x8bfa, 0x8bfa, 
	0x83d9, 0x8bda, 0x8bfa, 0x5a53, 0x8c1a, 0x8bfa, 0x945b, 0x9c7b, 0x9c5b, 0x943a, 0x8bd9, 0x7b57, 0x7b57, 0x9419, 0x9c3a, 0x8bb7, 
	0xc53c, 0xcd5c, 0xd55c, 0xd55c, 0xd55b, 0xd53b, 0xd53b, 0xd53b, 0xdd7c, 0xdd7c, 0xdd7c, 0xd55b, 0xcd5b, 0xcd7c, 0xc55b, 0xbd1a, 
	0x9bf6, 0xbd1a, 0xc51b, 0xbcfb, 0x8b75, 0x8355, 0x7af5, 0x8b77, 0x8b98, 0x7b37, 0x6a94, 0x6253, 0x5a12, 0x93d9, 0x6294, 0x8397, 
	0x5292, 0x5ab2, 0x39ae, 0x520f, 0x51cf, 0x9375, 0xe5be, 0xdd3d, 0xe53d, 0xdcdc, 0xcc7a, 0xbbf8, 0xab97, 0xa356, 0x9b36, 0x9b36, 
	0x9b15, 0xa357, 0xa377, 0xa357, 0xab77, 0xb3d9, 0xbbf9, 0xb3b8, 0xa316, 0xa316, 0xab57, 0xbbd9, 0xcc5b, 0xd47b, 0xc3f9, 0xb377, 
	0xb357, 0xbbb8, 0xc3f9, 0xc3f9, 0xc3f9, 0xcc1a, 0xcc1a, 0xc3f9, 0xc3d9, 0xbbb9, 0xbb99, 0xbb99, 0xbbba, 0xc3ba, 0xc3ba, 0xbb9a, 
	0xbb7a, 0xbb7a, 0xbb7a, 0xbb7a, 0xc39a, 0xc379, 0xc399, 0xcbba, 0xcbba, 0xc3ba, 0xc3ba, 0xc3da, 0xc3ba, 0xc3ba, 0xc3ba, 0xc3da, 
	0xcc1b, 0xd45b, 0xd49c, 0xd49c, 0xd49c, 0xd4bc, 0xd4dc, 0xd4db, 0xdd1c, 0xdd3c, 0xdd5c, 0xccfa, 0xd53b, 0xe59c, 0xe5bc, 0x8b11, 
	0x9bf5, 0xac76, 0x30c7, 0x626e, 0xddfc, 0xe67e, 0xff1f, 0xbd39, 0xcd9b, 0xee9e, 0xeebe, 0xee9d, 0xf6de, 0xf6fe, 0xeedd, 0xeebd, 
	0xeede, 0xeebe, 0xeebe, 0xeede, 0xeede, 0xeede, 0xeede, 0xeede, 0xeede, 0xeede, 0xeedd, 0xeede, 0xeefe, 0xf71e, 0xf71e, 0xf71e, 
	0xeefe, 0xeefe, 0xef1e, 0xf71e, 0xf71e, 0xf73e, 0xf73e, 0xf73e, 0xff9f, 0xf77f, 0xf79f, 0xf79f, 0xf7bf, 0xffbf, 0xffbf, 0xf7bf, 
	0xf79f, 0xff9f, 0xf79f, 0xf79f, 0xf79f, 0xf79f, 0xff9f, 0xff9f, 0xffbf, 0xff9f, 0xf79f, 0xff9f, 0xffbf, 0xffbf, 0xffbf, 0xffbf, 
	0xff9f, 0xf79f, 0xf77f, 0xf77f, 0xf79f, 0xff9f, 0xffbf, 0xffbf, 0xf79f, 0xffbf, 0xffdf, 0xffdf, 0xffbf, 0xffbf, 0xffdf, 0xffff, 
	0xf77f, 0xff9f, 0xff9f, 0xf75f, 0xeefe, 0xe6bd, 0xde7c, 0xd65c, 0xde9d, 0xd65d, 0xd65d, 0xde5e, 0xd61d, 0xd61e, 0xd5fe, 0xc5bd, 
	0xc5fe, 0xbddd, 0xb59d, 0xb57c, 0xad5c, 0xad3d, 0xad3c, 0xa51c, 0xa4fc, 0x9cdc, 0x9cbb, 0x9cbb, 0x9cbb, 0x9cbb, 0x94bb, 0x949a, 
	0xa51b, 0xb57c, 0xbdbd, 0xbd9c, 0xb59c, 0xbdbd, 0xbd9d, 0xb57c, 0xbd9d, 0xbd9d, 0xbd7d, 0xb55d, 0xb53c, 0xad1c, 0xacfc, 0xa4db, 
	0xacdb, 0xacdb, 0xacfc, 0xa4dc, 0x943a, 0x7b97, 0x7b56, 0x8375, 0x8b75, 0x9394, 0x9374, 0x9353, 0x9354, 0x9354, 0x82d3, 0x6a72, 
	0x5231, 0x5251, 0x5251, 0x5231, 0x5231, 0x5231, 0x51f1, 0x49d0, 0x5211, 0x5212, 0x5212, 0x4a11, 0x4a11, 0x4a31, 0x4a31, 0x4a31, 
	0x316e, 0x398e, 0x398e, 0x41ce, 0x41ce, 0x41ae, 0x41ae, 0x5211, 0x5252, 0x5a73, 0x41b1, 0x5233, 0x6b17, 0x62d6, 0x6af7, 0x62d6, 
	0x5a75, 0x7318, 0x5a55, 0x62b7, 0x6af7, 0x7338, 0x7338, 0x62d6, 0x8bfb, 0x8bfb, 0x8bfa, 0x8bfa, 0x8c1a, 0x8c1a, 0x943b, 0x943b, 
	0x8bda, 0x8bda, 0x8bda, 0x5a94, 0x941a, 0x943b, 0x9c7b, 0x9c5b, 0x9c3a, 0x7b36, 0x7336, 0x9419, 0x9c5a, 0x9c3a, 0x9419, 0x8bb7, 
	0xd57d, 0xd57c, 0xdd7c, 0xdd5c, 0xd53b, 0xd51b, 0xd51b, 0xdd3b, 0xdd5c, 0xdd7c, 0xd55c, 0xc53b, 0xbd3b, 0xbd5b, 0xb55b, 0xad1a, 
	0x9bd5, 0xc51a, 0xc51b, 0xcd3b, 0xac59, 0xbcbb, 0xa419, 0x9bf9, 0xac3a, 0x9bd9, 0x8b77, 0x8b78, 0x7b16, 0x9c1a, 0x5a11, 0x7314, 
	0x5ab2, 0x5291, 0x314c, 0x41ce, 0x498d, 0x8b55, 0xe5ff, 0xdd9e, 0xdd7e, 0xccfc, 0xc49a, 0xc49a, 0xb439, 0x9b97, 0x9b76, 0xa3d8, 
	0x8af4, 0x9b76, 0xa3b7, 0xa3b7, 0xb419, 0xc49b, 0xccbb, 0xc47a, 0xa356, 0xa336, 0xb397, 0xcc7b, 0xed5e, 0xf57f, 0xdcbc, 0xbbd8, 
	0xc3f8, 0xd47a, 0xdcdc, 0xd49b, 0xcc5a, 0xcc1a, 0xc3f9, 0xc3d9, 0xbbb9, 0xbb99, 0xb378, 0xb379, 0xbb79, 0xbb7a, 0xbb79, 0xb359, 
	0xbb7a, 0xbb79, 0xbb79, 0xbb7a, 0xbb7a, 0xbb79, 0xc399, 0xc3ba, 0xc3ba, 0xc3ba, 0xc3ba, 0xcbda, 0xc3ba, 0xbb9a, 0xbbba, 0xc3da, 
	0xc3da, 0xcc3b, 0xd47c, 0xd47b, 0xd49b, 0xd4bc, 0xdcdc, 0xdcdc, 0xdcfc, 0xd4fb, 0xd4db, 0xdd5c, 0xe57c, 0xe57c, 0xbc78, 0x7a70, 
	0x9bb4, 0x6a8f, 0x5a0d, 0x72d0, 0xff1f, 0xee9f, 0xde3d, 0xe67e, 0xa476, 0xde1c, 0xeebe, 0xe65d, 0xe65d, 0xe65d, 0xe65c, 0xeebe, 
	0xee9d, 0xee9e, 0xee9d, 0xee9d, 0xee9d, 0xeebe, 0xeebe, 0xeede, 0xf6ff, 0xf6fe, 0xeede, 0xeede, 0xf6fe, 0xf6fe, 0xeede, 0xeedd, 
	0xeefe, 0xeefe, 0xeefe, 0xeefe, 0xeefe, 0xeefe, 0xef1e, 0xef1e, 0xf73f, 0xf73e, 0xf75e, 0xf75f, 0xf77f, 0xf79f, 0xf79f, 0xf77f, 
	0xf79f, 0xf79f, 0xf77f, 0xf77f, 0xf79f, 0xf79f, 0xff9f, 0xffbf, 0xffbf, 0xff9f, 0xff9f, 0xff9f, 0xffbf, 0xffbf, 0xffbf, 0xffbf, 
	0xffbf, 0xffbf, 0xffbf, 0xffbf, 0xffdf, 0xffdf, 0xffdf, 0xffbf, 0xffdf, 0xffdf, 0xffbf, 0xffdf, 0xffdf, 0xffdf, 0xffbf, 0xf79f, 
	0xff9f, 0xff9f, 0xff9f, 0xef1e, 0xe6bc, 0xde9c, 0xde9c, 0xde7c, 0xe6bd, 0xde7d, 0xde7d, 0xde7e, 0xd65e, 0xde5e, 0xde5f, 0xd61e, 
	0xc5dd, 0xbd9d, 0xb55c, 0xad3c, 0xad3c, 0xad1c, 0xa4fb, 0x9cdb, 0x9cdb, 0x949a, 0x9499, 0x9cdb, 0xad3c, 0xad3c, 0xad5c, 0xb55c, 
	0xbdbd, 0xbddd, 0xc5dd, 0xbd9d, 0xad3c, 0xa4fb, 0xa4fb, 0xad1c, 0xad1c, 0xad1c, 0xacfc, 0xacfc, 0xacfc, 0xa4dc, 0xa4bb, 0x9c9a, 
	0x9c9a, 0xacfb, 0xad1c, 0x9c9b, 0x8bf9, 0x7b77, 0x8396, 0x8bb6, 0x93b5, 0x93b5, 0x9394, 0x9373, 0x9374, 0x9354, 0x82d3, 0x6a71, 
	0x5230, 0x5251, 0x5251, 0x5231, 0x5231, 0x5212, 0x51f1, 0x49d1, 0x5211, 0x5212, 0x5212, 0x5211, 0x4a11, 0x5231, 0x5231, 0x4a31, 
	0x5231, 0x5251, 0x5251, 0x5251, 0x5a71, 0x5250, 0x5230, 0x5a72, 0x5a93, 0x5a94, 0x4a12, 0x5a74, 0x83ba, 0x7338, 0x7b9a, 0x7b79, 
	0x7b7a, 0x839a, 0x5a76, 0x7338, 0x7b79, 0x7b59, 0x7338, 0x6ad6, 0x941b, 0x941b, 0x8c1b, 0x8c1a, 0x943a, 0x943a, 0x945b, 0x945b, 
	0x945b, 0x8c1a, 0x8c1a, 0x62d5, 0x941a, 0x9c5b, 0x9c5b, 0x8bd9, 0x6ab4, 0x7316, 0x93f9, 0x9c5a, 0x9c19, 0xa45a, 0xa47b, 0x9bf8, 
	0xd57d, 0xdd7c, 0xdd7c, 0xdd5c, 0xdd1b, 0xd4fb, 0xdd1b, 0xdd3b, 0xdd7c, 0xdd7c, 0xcd5c, 0xbd1b, 0xb51b, 0xb55b, 0xad5b, 0xa51a, 
	0xa3b6, 0xc4da, 0xcd1b, 0xcd3b, 0xd55c, 0xcd3c, 0xcd1c, 0xbc9b, 0xb45a, 0x9377, 0x8b36, 0xb47b, 0xcd3e, 0xa3f9, 0x7293, 0x6a92, 
	0x5230, 0x5ab1, 0x41ce, 0x49ae, 0x49ae, 0x8b95, 0xe67f, 0xbd3c, 0xac9a, 0x8bb6, 0x7b55, 0x7b54, 0x72f3, 0x5a30, 0x5210, 0x5a10, 
	0x51cf, 0x498e, 0x49ae, 0x59cf, 0x7ab2, 0xc4bb, 0xccfc, 0xd4fb, 0xb3f8, 0xab96, 0xcc59, 0xed5d, 0xed5d, 0xed3d, 0xe53c, 0xdcdb, 
	0xdd1b, 0xe53b, 0xe53c, 0xdcfc, 0xd49b, 0xcc5a, 0xc41a, 0xc3fa, 0xbb99, 0xbb99, 0xbb79, 0xb359, 0xb359, 0xb339, 0xb339, 0xb339, 
	0xb379, 0xbb99, 0xbb99, 0xbb79, 0xbb79, 0xbb99, 0xc3ba, 0xc3ba, 0xc3da, 0xc3da, 0xc3b9, 0xc3b9, 0xc3ba, 0xc3da, 0xc3da, 0xc3b9, 
	0xc3b9, 0xcbfa, 0xd45b, 0xd47b, 0xd47b, 0xd47b, 0xd47b, 0xd49c, 0xcc7b, 0xe53d, 0xcc9b, 0xdd1c, 0xdd1c, 0xedbe, 0xabb6, 0x40ca, 
	0x59ed, 0x8b73, 0x620d, 0x59ed, 0xc519, 0xa456, 0xe63d, 0xee7e, 0xcd9b, 0xb4d7, 0xee7e, 0xe63d, 0xddfc, 0xee7f, 0xee7f, 0xe63d, 
	0xee7e, 0xee7d, 0xee7d, 0xee9e, 0xee9e, 0xee9e, 0xf6be, 0xf6ff, 0xf6de, 0xf6de, 0xf6de, 0xeede, 0xeebe, 0xeebe, 0xeebe, 0xeebd, 
	0xeede, 0xeede, 0xeede, 0xeede, 0xeefe, 0xeefe, 0xeefe, 0xeefe, 0xf71e, 0xf71e, 0xf73f, 0xf73f, 0xf73f, 0xf75f, 0xf75f, 0xff7f, 
	0xf77f, 0xf77f, 0xff7f, 0xff9f, 0xff9f, 0xff9f, 0xff9f, 0xff9f, 0xffbf, 0xff9f, 0xff9f, 0xff9f, 0xffbf, 0xffdf, 0xffbf, 0xffbf, 
	0xf77e, 0xf79f, 0xffbf, 0xffdf, 0xffdf, 0xffdf, 0xffdf, 0xffdf, 0xffdf, 0xffbf, 0xff9f, 0xff9f, 0xffbf, 0xffbf, 0xff9f, 0xf75f, 
	0xef3f, 0xef3f, 0xef1e, 0xe6fd, 0xdebd, 0xde9c, 0xde9c, 0xdebc, 0xdebc, 0xe6dd, 0xe6bd, 0xde9d, 0xde7d, 0xd65d, 0xd63d, 0xcdfd, 
	0xb55c, 0xad3c, 0xa51b, 0xa4fb, 0x9cda, 0x9cba, 0x9cba, 0xa4fb, 0x9c99, 0x9478, 0x9cda, 0xbd9d, 0xc5fe, 0xbdbd, 0xbd9d, 0xc5de, 
	0xbd9d, 0xc5df, 0xc5be, 0xa4fc, 0x9459, 0x943a, 0x9c7b, 0x9c7b, 0x945b, 0x8c1a, 0x83d9, 0x8bf9, 0x945a, 0x9c9b, 0x9c7b, 0x945a, 
	0xa4bb, 0xa4bb, 0x8c19, 0x7356, 0x7336, 0x7b97, 0x8bf8, 0x9c58, 0x93f6, 0x93d4, 0x9bb3, 0x9b93, 0x9bd4, 0x8b53, 0x8b33, 0x6250, 
	0x5a50, 0x5251, 0x5231, 0x5232, 0x5232, 0x5233, 0x5212, 0x49d1, 0x51f1, 0x5a32, 0x5a52, 0x5a32, 0x5211, 0x5231, 0x5232, 0x5a52, 
	0x51f0, 0x5211, 0x5210, 0x5210, 0x5a51, 0x5a92, 0x5251, 0x49f0, 0x4a11, 0x6af5, 0x5233, 0x4a13, 0x7338, 0x7b79, 0x7b39, 0x837a, 
	0x7b39, 0x839a, 0x6276, 0x72f7, 0x7b38, 0x7338, 0x7317, 0x6af6, 0x943b, 0x941a, 0x941a, 0x941a, 0x945a, 0x945a, 0x9419, 0x83f8, 
	0x83d9, 0x8c3a, 0x83f9, 0x62d4, 0x83b8, 0x8bf9, 0x6b15, 0x7315, 0x93f9, 0x7b15, 0x9bf9, 0xa439, 0xbcdc, 0xbcfc, 0xb49b, 0xb459, 
	0xdd7c, 0xdd5b, 0xdd3b, 0xd51b, 0xd4fb, 0xd4fb, 0xdd1b, 0xdd3c, 0xd51b, 0xd55c, 0xcd5c, 0xbd1b, 0xb51a, 0xb55b, 0xb55b, 0xad3a, 
	0xabf7, 0xc4da, 0xc4b9, 0xc4b9, 0xc4da, 0xccfa, 0xd53c, 0xcd1c, 0xb45a, 0x9b77, 0x9357, 0xbc9b, 0xd55e, 0xbcbb, 0x9bb7, 0x9396, 
	0x6ad2, 0x83d6, 0x7333, 0x5a71, 0x520f, 0x8375, 0xb51b, 0x7b54, 0x314c, 0x318d, 0x39ce, 0x318d, 0x318d, 0x316d, 0x310c, 0x312c, 
	0x316c, 0x398d, 0x396d, 0x49ce, 0x72d2, 0xc51c, 0xcd1b, 0xd4fb, 0xdd3c, 0xd4ba, 0xdd1b, 0xed5d, 0xdd1b, 0xe53c, 0xed5c, 0xdcfa, 
	0xdd1a, 0xe55b, 0xe55c, 0xdd1c, 0xdcdb, 0xd47b, 0xcc1a, 0xbbb9, 0xbb9a, 0xbb79, 0xb359, 0xb338, 0xb318, 0xb338, 0xb359, 0xbb79, 
	0xb358, 0xbb99, 0xc3ba, 0xc3ba, 0xc3b9, 0xc3b9, 0xbbb9, 0xbb99, 0xbb99, 0xc3b9, 0xc3da, 0xc3da, 0xbbb9, 0xbb99, 0xc3b9, 0xc3da, 
	0xc3b9, 0xcbf9, 0xcc1a, 0xd43a, 0xd45b, 0xd45b, 0xdc7c, 0xdc9c, 0xdcbc, 0xcc7b, 0xe53e, 0xd4bb, 0xdd1d, 0xe57d, 0xccbb, 0x3869, 
	0x3088, 0x492b, 0x2867, 0x38c9, 0x496b, 0x7ad0, 0xc539, 0xee5e, 0xe63e, 0xbcf8, 0x9c15, 0xe63e, 0xee7f, 0xe63e, 0xdddd, 0xf69f, 
	0xee5e, 0xe65d, 0xee5d, 0xee9e, 0xf6be, 0xf6be, 0xf6be, 0xf6de, 0xf6be, 0xf6de, 0xf6de, 0xf6be, 0xf6be, 0xeebe, 0xeebe, 0xeebe, 
	0xeede, 0xeede, 0xeede, 0xf6de, 0xf6de, 0xeede, 0xeede, 0xeefe, 0xf6fe, 0xf71e, 0xf73f, 0xf73f, 0xf73e, 0xf73e, 0xff5f, 0xff5f, 
	0xf77f, 0xff7f, 0xff7f, 0xff7f, 0xff9f, 0xff9f, 0xff9f, 0xff9f, 0xff7f, 0xff9f, 0xffbf, 0xffdf, 0xffbf, 0xff7f, 0xf75f, 0xf75e, 
	0xf79f, 0xf79f, 0xffbf, 0xffdf, 0xffdf, 0xffdf, 0xffdf, 0xffdf, 0xffbf, 0xff9f, 0xf77f, 0xf75e, 0xf75f, 0xff7f, 0xff7f, 0xf73f, 
	0xef3f, 0xef3f, 0xef5f, 0xef3e, 0xef3e, 0xef3e, 0xef3e, 0xef5e, 0xf77f, 0xf77f, 0xf77f, 0xe6fe, 0xd67d, 0xce1c, 0xc5db, 0xbd9b, 
	0xad3c, 0xa4fc, 0xa4db, 0xa4fb, 0xa51b, 0xa51b, 0xa51b, 0xad3b, 0xa51a, 0xb57c, 0xbdbd, 0xc5bd, 0xc5bd, 0xc5de, 0xc5de, 0xc5be, 
	0xbd9e, 0xbd7e, 0xad1c, 0x945a, 0x8bf9, 0x8bd9, 0x8bd9, 0x83b9, 0x7b99, 0x7b99, 0x8399, 0x83da, 0x8c1a, 0x943b, 0x8c3a, 0x8c19, 
	0x83d8, 0x7b76, 0x83d8, 0x9c9b, 0x9cbc, 0x8bf9, 0x9c59, 0xc59d, 0x9c16, 0x9bd4, 0x9bd3, 0x9bb3, 0x9bf4, 0x9373, 0x8b53, 0x6270, 
	0x5250, 0x5251, 0x5252, 0x5232, 0x5233, 0x5a33, 0x5212, 0x49d1, 0x5a32, 0x5a32, 0x5a32, 0x5a31, 0x5a52, 0x5a52, 0x5a52, 0x5211, 
	0x6272, 0x5a51, 0x5a71, 0x6292, 0x62b2, 0x62b2, 0x5a71, 0x5251, 0x5251, 0x6af5, 0x5253, 0x5233, 0x6b17, 0x7339, 0x7339, 0x7b59, 
	0x7b39, 0x839a, 0x6296, 0x7318, 0x7b59, 0x7b38, 0x7317, 0x7317, 0x9c5b, 0x943b, 0x945b, 0x945a, 0x9439, 0x9459, 0x9c9a, 0xa4db, 
	0x8c19, 0x83f9, 0x7bb8, 0x5a93, 0x7b77, 0x7b56, 0x7b77, 0xa47b, 0x9c39, 0x8336, 0xa439, 0xac7a, 0xbcbb, 0xbcdc, 0xb47a, 0xac18, 
	0xdd5c, 0xdd5b, 0xd53b, 0xd51b, 0xd51b, 0xd51b, 0xd51c, 0xd51c, 0xcd1b, 0xcd3c, 0xcd5c, 0xbd3b, 0xbd3b, 0xbd5c, 0xb55b, 0xad1a, 
	0xabf7, 0xc4fa, 0xcd3b, 0xcd3b, 0xd55c, 0xcd1b, 0xc4da, 0xb479, 0xb459, 0x9376, 0x9377, 0xb47b, 0xcd1d, 0xc4fc, 0xb479, 0xa417, 
	0x8bf6, 0x9437, 0x8bf6, 0x8395, 0x72f3, 0x6af3, 0x6b13, 0x522f, 0x420f, 0x5271, 0x4a70, 0x39ee, 0x39ce, 0x39ae, 0x398d, 0x6291, 
	0x7354, 0x7b74, 0x49ce, 0x498d, 0x7291, 0xcd3c, 0xcd1c, 0xd53c, 0xe55d, 0xdd3c, 0xed7d, 0xed7d, 0xe51c, 0xe53c, 0xed5c, 0xd4da, 
	0xdd1b, 0xdd5c, 0xe55c, 0xe53c, 0xdcfc, 0xd4bc, 0xcc1a, 0xbbb9, 0xbb79, 0xbb79, 0xb359, 0xb338, 0xb338, 0xb338, 0xb358, 0xb358, 
	0xb378, 0xc3d9, 0xcc1a, 0xcc1b, 0xcc1b, 0xcbfa, 0xc3d9, 0xbb99, 0xbb99, 0xcc1b, 0xd45c, 0xd45c, 0xc3da, 0xbb99, 0xbbb9, 0xc3da, 
	0xc3d9, 0xcbf9, 0xcc1a, 0xcc1a, 0xd43b, 0xd45b, 0xd47c, 0xd47c, 0xd47b, 0xc43a, 0xdcfc, 0xd4bb, 0xc49a, 0xc479, 0x9314, 0x61ae, 
	0x7250, 0xe63e, 0x6a2e, 0x7ab0, 0xe61d, 0xee5e, 0xe61d, 0xee5e, 0xe63d, 0xe61d, 0xc53a, 0x9bd4, 0xbcd9, 0xc51a, 0xddfe, 0xd5bc, 
	0xf69f, 0xee7e, 0xee7e, 0xf6be, 0xf6df, 0xf6df, 0xf6bf, 0xf6be, 0xf6be, 0xf6be, 0xf6de, 0xf6de, 0xf6de, 0xf6de, 0xf6de, 0xf6de, 
	0xf6de, 0xf6fe, 0xf6fe, 0xf6fe, 0xf6fe, 0xf6fe, 0xf6fe, 0xf6fe, 0xf6fe, 0xf71e, 0xf71e, 0xf71e, 0xf71e, 0xf71e, 0xf73e, 0xf73f, 
	0xf75f, 0xf75f, 0xf75f, 0xf77f, 0xff7f, 0xff7f, 0xff9f, 0xff9f, 0xf75f, 0xff9f, 0xffbf, 0xff9f, 0xf75f, 0xf73e, 0xef1e, 0xef3e, 
	0xf79f, 0xf7bf, 0xffdf, 0xffdf, 0xffdf, 0xffff, 0xffdf, 0xffdf, 0xffbf, 0xff9f, 0xf75e, 0xef3e, 0xf73e, 0xf77f, 0xf77f, 0xf75f, 
	0xf77f, 0xf77f, 0xf79f, 0xff9f, 0xff9f, 0xffbf, 0xffdf, 0xffdf, 0xffbf, 0xffdf, 0xffdf, 0xff9f, 0xef1f, 0xde7d, 0xc5db, 0xb559, 
	0xad3b, 0xa51b, 0xa51b, 0xad5c, 0xbd9d, 0xbdbd, 0xbd9d, 0xb59c, 0xbd9c, 0xc5fe, 0xc5fe, 0xbd9d, 0xb57c, 0xbd9d, 0xbd9d, 0xb55c, 
	0xc5de, 0xb53c, 0x9c9a, 0x8c19, 0x8bf9, 0x83b9, 0x7b78, 0x7358, 0x7338, 0x7b79, 0x8399, 0x83ba, 0x83ba, 0x83b9, 0x7b98, 0x7b98, 
	0x7335, 0x8c18, 0xacfc, 0xb55e, 0xb53e, 0xa4dc, 0xacfb, 0xc59d, 0x9c36, 0x9c15, 0x9bf4, 0x9bd3, 0xa3f4, 0x9393, 0x9374, 0x6a70, 
	0x5a50, 0x5251, 0x5252, 0x5232, 0x5a33, 0x5a33, 0x5a12, 0x51d1, 0x51f1, 0x5a32, 0x6272, 0x5a51, 0x5211, 0x5211, 0x5a52, 0x6292, 
	0x6292, 0x5a51, 0x5a71, 0x62b2, 0x62b2, 0x5a71, 0x5250, 0x5271, 0x5a72, 0x62d4, 0x5253, 0x5253, 0x6ad6, 0x7318, 0x7b59, 0x7338, 
	0x6ad7, 0x7b38, 0x5a55, 0x6ad7, 0x7317, 0x6b17, 0x6af7, 0x6af6, 0x8c1a, 0x943a, 0x943a, 0x8c19, 0x8bf8, 0x9439, 0x9459, 0x8c18, 
	0x9cbb, 0xa4bc, 0x9439, 0x5252, 0x8bf9, 0xa47b, 0xb4dc, 0xb4bc, 0xb49b, 0x9397, 0xbcbb, 0xc4fc, 0xc4fc, 0xccfc, 0xbc9b, 0xabf8, 
	0xdd5c, 0xdd3b, 0xd51b, 0xd51b, 0xd51c, 0xd51c, 0xd51c, 0xccfc, 0xc4db, 0xc51c, 0xc53c, 0xbd3c, 0xbd3c, 0xb55c, 0xb53b, 0xacfa, 
	0xa3f6, 0xbcda, 0xbcda, 0xbcd9, 0xc4fa, 0xc51a, 0xc51b, 0xbcba, 0xb47a, 0x9376, 0x9376, 0xb49b, 0xc4fc, 0xc4fb, 0xbcba, 0xac58, 
	0x9c78, 0x8c17, 0x8bf6, 0x83b6, 0x7b74, 0x62b2, 0x4a2f, 0x5270, 0x4a70, 0x4a50, 0x3a0f, 0x39ee, 0x39ce, 0x316c, 0x398d, 0x9c58, 
	0xc5be, 0xbd7d, 0x6270, 0x498d, 0x6a91, 0xcd5c, 0xccfb, 0xdd5d, 0xdd3c, 0xdd1b, 0xe53c, 0xe55d, 0xe51c, 0xe53c, 0xe53c, 0xd4db, 
	0xdd3c, 0xdd3c, 0xdd3c, 0xe55d, 0xdd1d, 0xcc7b, 0xc3fa, 0xbbb9, 0xb379, 0xb358, 0xb358, 0xab38, 0xab37, 0xb358, 0xb378, 0xbb98, 
	0xc3f9, 0xcc3a, 0xd47b, 0xd47c, 0xd47c, 0xd47c, 0xcc3b, 0xc3fa, 0xd47c, 0xdcbd, 0xe4fe, 0xe4de, 0xd45c, 0xc3fa, 0xc3ba, 0xc3da, 
	0xc3da, 0xcbfa, 0xcc1a, 0xd43b, 0xd43b, 0xd43b, 0xd45b, 0xcc5b, 0xdcbc, 0xcc5b, 0xc43a, 0xe53d, 0xd51c, 0x69af, 0x9b55, 0xb438, 
	0x6a0f, 0xcd3b, 0x7290, 0x82d1, 0xf67f, 0xddbc, 0xee3e, 0xcd3a, 0xe61d, 0xd57b, 0xee5f, 0xd57b, 0x9374, 0xac57, 0xac77, 0xac36, 
	0xee3e, 0xee5d, 0xee7e, 0xf69e, 0xf6be, 0xf6bf, 0xf6bf, 0xf6be, 0xf6be, 0xf6be, 0xf6be, 0xf6df, 0xf6de, 0xf6df, 0xf6df, 0xf6df, 
	0xf6ff, 0xf6ff, 0xf6ff, 0xf6ff, 0xf6ff, 0xf6ff, 0xf6fe, 0xf6fe, 0xf6fe, 0xf6fe, 0xf6fe, 0xf6fe, 0xf6fe, 0xf6fe, 0xf71e, 0xf71e, 
	0xf71e, 0xef3e, 0xf73e, 0xf73e, 0xf73e, 0xf73f, 0xf75f, 0xf75e, 0xf73e, 0xf75e, 0xf75e, 0xf73e, 0xef1d, 0xef1d, 0xf75e, 0xff9f, 
	0xffbf, 0xffdf, 0xffdf, 0xffff, 0xffff, 0xffff, 0xffff, 0xffdf, 0xffdf, 0xffbf, 0xf79f, 0xf75e, 0xf77e, 0xff9f, 0xff9f, 0xff9f, 
	0xffbf, 0xffbf, 0xffbf, 0xffdf, 0xffdf, 0xffdf, 0xffff, 0xffff, 0xffdf, 0xffbf, 0xff9f, 0xffbf, 0xffbf, 0xf75f, 0xdebe, 0xce1c, 
	0xbddc, 0xbddd, 0xc5fd, 0xce3e, 0xd67f, 0xd67f, 0xce5e, 0xce1e, 0xd65f, 0xce1e, 0xc5dd, 0xc5dd, 0xc5de, 0xc5de, 0xbdbd, 0xbd7d, 
	0xbd9d, 0xa4db, 0x9439, 0x8c19, 0x8c19, 0x83d9, 0x7b78, 0x7358, 0x7b58, 0x7b79, 0x8399, 0x8399, 0x7b79, 0x7b58, 0x7358, 0x7357, 
	0x7315, 0xad1c, 0xce1f, 0xb57e, 0xad1d, 0xb55e, 0xbd5d, 0xacda, 0x9c36, 0xa415, 0xa414, 0x9bf3, 0xa415, 0x93b4, 0x9394, 0x6a70, 
	0x5a51, 0x5a52, 0x5a52, 0x5a52, 0x5a53, 0x5a53, 0x5a12, 0x51f1, 0x5a32, 0x5a31, 0x6251, 0x5a30, 0x6272, 0x5a71, 0x6272, 0x5230, 
	0x520f, 0x49ce, 0x49ce, 0x49ee, 0x41ce, 0x39ad, 0x39ad, 0x39ae, 0x41ef, 0x4a10, 0x41af, 0x41d0, 0x4a12, 0x5a74, 0x6ad6, 0x6275, 
	0x62b6, 0x7338, 0x5234, 0x6296, 0x62d6, 0x62b6, 0x62b6, 0x62b5, 0x7b98, 0x8c1a, 0x8c1a, 0x6b15, 0x5a93, 0x7bb7, 0xacfc, 0xad1c, 
	0xacdc, 0x8bd8, 0x7b56, 0x6ad4, 0xbd1d, 0xac7b, 0xac9b, 0xb4bb, 0xac5a, 0x8b35, 0xbc9b, 0xc4dc, 0xbc9b, 0xc49b, 0xbc5a, 0xa396, 
	0xdd3c, 0xd51b, 0xd51b, 0xd51b, 0xd51c, 0xd53c, 0xccfc, 0xc4fb, 0xbcdb, 0xbcfc, 0xbd1c, 0xb51c, 0xb51c, 0xb53c, 0xad1b, 0xa4da, 
	0xa417, 0xc51b, 0xc53b, 0xbd1a, 0xc53b, 0xcd5b, 0xc53c, 0xb4ba, 0xac79, 0x8b35, 0x8b56, 0xb49a, 0xc4fb, 0xb4ba, 0xac78, 0xa458, 
	0x9437, 0x9437, 0x8bf6, 0x7354, 0x7313, 0x6af2, 0x5270, 0x5291, 0x4a70, 0x422f, 0x3a2f, 0x4a70, 0x422f, 0x398d, 0x396d, 0xb51b, 
	0xcdde, 0xc59d, 0x5a30, 0x49ae, 0x7ad2, 0xcd3c, 0xc4db, 0xd53c, 0xe57e, 0xdcfc, 0xd4db, 0xdcfb, 0xdcfb, 0xdcfb, 0xdcfb, 0xdd3c, 
	0xe55d, 0xd51c, 0xdd3d, 0xe57e, 0xdd1d, 0xbc1a, 0xab78, 0xb378, 0xb358, 0xab37, 0xab17, 0xab17, 0xb357, 0xc3d9, 0xcc5b, 0xd4bc, 
	0xd49b, 0xdcbc, 0xdcdc, 0xdcdd, 0xdcdd, 0xdcdd, 0xdcdd, 0xdc9c, 0xe4fe, 0xed1f, 0xed1f, 0xe4fe, 0xe4be, 0xd43c, 0xc3da, 0xbb79, 
	0xbbb9, 0xc3da, 0xcc1b, 0xd45b, 0xd45c, 0xd45b, 0xcc3b, 0xcc3b, 0xcc3b, 0xdcdc, 0xcc7b, 0xcc7b, 0x616e, 0xabb7, 0xc499, 0xccda, 
	0x9354, 0x724f, 0x82b1, 0x9333, 0xddbd, 0xd55b, 0xe5bd, 0xee1e, 0xddbc, 0xe5fd, 0xddbc, 0xcd1a, 0xcd3a, 0xac37, 0x7ab1, 0xc51a, 
	0xc519, 0xd57a, 0xe5fc, 0xee5d, 0xee5e, 0xee7e, 0xee7e, 0xf69e, 0xee7e, 0xee9e, 0xee9e, 0xee9e, 0xf6be, 0xf6be, 0xf6be, 0xf6be, 
	0xf6de, 0xf6de, 0xf6de, 0xf6de, 0xf6de, 0xf6de, 0xf6de, 0xf6de, 0xf6de, 0xeede, 0xeede, 0xeede, 0xeefe, 0xeefe, 0xeefe, 0xeefe, 
	0xeefe, 0xeefe, 0xef1e, 0xef1e, 0xef1e, 0xef1e, 0xef1e, 0xef1e, 0xef1e, 0xeefd, 0xeefd, 0xeedd, 0xeefd, 0xf75e, 0xff9f, 0xffdf, 
	0xffdf, 0xffdf, 0xffdf, 0xffff, 0xffff, 0xffff, 0xffff, 0xffff, 0xffff, 0xffff, 0xffdf, 0xffbf, 0xffbf, 0xffdf, 0xffdf, 0xffbf, 
	0xffdf, 0xffdf, 0xffdf, 0xffdf, 0xffdf, 0xffdf, 0xffdf, 0xffdf, 0xffff, 0xffbf, 0xf79f, 0xf77f, 0xff9f, 0xf77f, 0xf75f, 0xef1f, 
	0xd69e, 0xdedf, 0xe6ff, 0xe71f, 0xe6ff, 0xdebf, 0xd67e, 0xce3e, 0xd67f, 0xce3e, 0xc5fe, 0xc5bd, 0xbdbd, 0xbdbd, 0xbd9d, 0xb57d, 
	0xa4ba, 0x9438, 0x83d7, 0x8bf8, 0x8c19, 0x83d9, 0x7b78, 0x7b58, 0x7338, 0x7b59, 0x7b59, 0x7b59, 0x7b59, 0x7338, 0x7338, 0x7337, 
	0x8396, 0xad1b, 0xc5df, 0xbd7d, 0xb53d, 0xb55d, 0xb51b, 0xacb9, 0x9c36, 0xa435, 0xa434, 0x9bf3, 0xa415, 0x9bd4, 0x93b4, 0x6a70, 
	0x5a51, 0x5a52, 0x5a52, 0x5a52, 0x6253, 0x6253, 0x5a32, 0x51f1, 0x5a11, 0x6251, 0x72d2, 0x6271, 0x6271, 0x5210, 0x5a51, 0x5a30, 
	0x5230, 0x5230, 0x520f, 0x41cd, 0x41ad, 0x41cd, 0x41ce, 0x41ce, 0x41ce, 0x39ae, 0x398e, 0x39af, 0x41b0, 0x4a12, 0x62b5, 0x5a54, 
	0x6af7, 0x7b78, 0x5a74, 0x6ad6, 0x6b17, 0x6af7, 0x6af6, 0x62d6, 0x945b, 0x8bf9, 0x83b8, 0x7336, 0x6b35, 0x945a, 0xb55d, 0xacfc, 
	0x8bb7, 0x9c19, 0x93b8, 0x6a93, 0xbcdc, 0xc4fc, 0xcd3d, 0xb47a, 0xb47a, 0x9355, 0xc4bb, 0xccdc, 0xc49a, 0xc49a, 0xc47a, 0xabb7, 
	0xdd3c, 0xd51c, 0xd4fb, 0xd51c, 0xd51c, 0xcd1c, 0xc4fc, 0xbcdb, 0xb4bb, 0xb4db, 0xb4fb, 0xacdb, 0xacfb, 0xacfb, 0xacfb, 0xa4db, 
	0x8b75, 0xa458, 0xac99, 0xbcfa, 0xc55b, 0xc53b, 0xbd1b, 0xb4ba, 0xb4ba, 0x8b96, 0x9396, 0xb4bb, 0xc53c, 0xb4b9, 0xa458, 0xa458, 
	0x9c58, 0x8c17, 0x8bd6, 0x7b74, 0x7333, 0x62d1, 0x4a50, 0x4a91, 0x4a90, 0x4290, 0x4270, 0x4270, 0x39ee, 0x318d, 0x312c, 0xa499, 
	0xc59d, 0xb51b, 0x51ef, 0x51ae, 0x7ad3, 0xbc9a, 0xbc7a, 0xd51c, 0xe55d, 0xd4fc, 0xd4db, 0xdd1c, 0xdd1c, 0xd4db, 0xd4db, 0xdd3c, 
	0xdd5d, 0xd51d, 0xdd3d, 0xe55e, 0xccbc, 0xab97, 0x9af6, 0xa337, 0xa316, 0xab37, 0xb378, 0xc3f9, 0xcc5b, 0xdcbc, 0xe51d, 0xed3e, 
	0xe53d, 0xe53d, 0xe51d, 0xdcfd, 0xe4fd, 0xe51e, 0xe53e, 0xe51e, 0xe4de, 0xdcbd, 0xdc9d, 0xdc9d, 0xdc9d, 0xd43c, 0xbbba, 0xb338, 
	0xb358, 0xbb99, 0xc3da, 0xcc1b, 0xcc1b, 0xcc1b, 0xcc3b, 0xcc5b, 0xc41a, 0xcc5b, 0xc43a, 0x7a11, 0x50ec, 0xb418, 0xccba, 0xb418, 
	0xbc58, 0x9313, 0x61ad, 0x82b1, 0xedfe, 0xe5bd, 0xc4d9, 0xdd9c, 0xe5fe, 0xd55b, 0xd57c, 0xbcd9, 0xb478, 0x9bb5, 0xc4fa, 0xc4f9, 
	0xb477, 0xc539, 0xddfc, 0xee5e, 0xee3e, 0xe61d, 0xe61d, 0xe61c, 0xee3d, 0xee3d, 0xee5d, 0xee5d, 0xee5d, 0xee7e, 0xee7e, 0xee7e, 
	0xee7d, 0xee7d, 0xee9e, 0xee9e, 0xee9e, 0xee9e, 0xee9e, 0xee9e, 0xeebe, 0xeebe, 0xeebe, 0xeebe, 0xeede, 0xeede, 0xeede, 0xeede, 
	0xeede, 0xeefe, 0xeefe, 0xeefe, 0xeefe, 0xeefe, 0xeefe, 0xeefe, 0xeefd, 0xeefd, 0xeedd, 0xef1d, 0xf75e, 0xff9f, 0xffbf, 0xffbf, 
	0xffdf, 0xffdf, 0xffdf, 0xffff, 0xffff, 0xffff, 0xffff, 0xffff, 0xffff, 0xffff, 0xffff, 0xffdf, 0xffdf, 0xffff, 0xffdf, 0xffdf, 
	0xffdf, 0xffdf, 0xffdf, 0xffdf, 0xffdf, 0xffdf, 0xffdf, 0xffbf, 0xffdf, 0xffdf, 0xffdf, 0xffbf, 0xef5f, 0xe6fe, 0xe6de, 0xe6ff, 
	0xd67d, 0xdebf, 0xdedf, 0xd6be, 0xce5d, 0xc61c, 0xc5fc, 0xc5fc, 0xd67f, 0xdebf, 0xd67f, 0xb57c, 0xa4fb, 0xacfb, 0xa4db, 0x9c7a, 
	0x8c18, 0x83d8, 0x83b8, 0x8bd9, 0x8bf9, 0x83b9, 0x7b78, 0x7b79, 0x7338, 0x7338, 0x7b59, 0x7338, 0x7338, 0x7338, 0x7338, 0x7b57, 
	0x9c99, 0xbd9c, 0xcdff, 0xbd9e, 0xb55d, 0xad1c, 0xa499, 0x9c36, 0x9c35, 0xa435, 0xa434, 0xa3f3, 0xa435, 0x9bd4, 0x93b4, 0x6a71, 
	0x5a51, 0x5a52, 0x6252, 0x6253, 0x6253, 0x6273, 0x6232, 0x59f1, 0x5a31, 0x5a30, 0x6271, 0x51ce, 0x5a0f, 0x51ce, 0x6291, 0x6ab2, 
	0x62b1, 0x62b1, 0x5a70, 0x4a0e, 0x4a0e, 0x524f, 0x524f, 0x4a2f, 0x4a2f, 0x4a0f, 0x41cf, 0x41f0, 0x49f1, 0x5252, 0x6ad5, 0x6294, 
	0x62b5, 0x7337, 0x5a54, 0x6af6, 0x7b58, 0x7b58, 0x7337, 0x6b16, 0x83b9, 0x62b4, 0x6af4, 0x7b97, 0x83d7, 0x9439, 0x9c9a, 0x9418, 
	0xac9b, 0x9bd8, 0x7af4, 0x7ad3, 0xc4fc, 0xb45a, 0xb49a, 0xbc9a, 0xbc7a, 0x9b76, 0xc49a, 0xc49a, 0xc479, 0xc459, 0xbc38, 0xabb6, 
	0xdd1c, 0xd51c, 0xd51c, 0xd51c, 0xcd1c, 0xc51c, 0xbcfb, 0xb4db, 0xacdb, 0xacdb, 0xacdb, 0xacdb, 0xacdb, 0xacdb, 0xacdb, 0xacdb, 
	0x6ab2, 0x6292, 0x6271, 0x7313, 0x8395, 0x8374, 0x93f7, 0xac9a, 0x9c18, 0x8b76, 0x8b76, 0xa47a, 0xc53c, 0xb4da, 0xa478, 0xac99, 
	0xa478, 0x8bf6, 0x83b5, 0x83d5, 0x7354, 0x5290, 0x4a4f, 0x4ab0, 0x4270, 0x3a4f, 0x3a6f, 0x424f, 0x31ad, 0x41ef, 0x418e, 0xacba, 
	0xc59d, 0xacb9, 0x51ef, 0x51ce, 0x7ab2, 0x9b96, 0xb418, 0xd51c, 0xccdc, 0xd4fc, 0xdcfc, 0xdd1c, 0xdcfc, 0xd4bb, 0xccba, 0xd4fc, 
	0xd53d, 0xd53d, 0xd51d, 0xccbc, 0xb3d8, 0x9b16, 0x9b16, 0xab57, 0xb3b8, 0xc3f9, 0xcc7b, 0xdcfd, 0xe53e, 0xed5e, 0xe53d, 0xe53d, 
	0xe55d, 0xe53d, 0xe51d, 0xdcfc, 0xdcfc, 0xe51d, 0xe51d, 0xdcfd, 0xcc5b, 0xcc3b, 0xcc1b, 0xcc1b, 0xcc1b, 0xc3da, 0xb379, 0xab18, 
	0xab38, 0xb358, 0xb399, 0xb399, 0xb379, 0xbbb9, 0xc3fb, 0xcc5c, 0xcc5b, 0xbbd9, 0x7190, 0xc43a, 0xb3d8, 0x69cf, 0xa396, 0xccdb, 
	0xc499, 0xb437, 0x618d, 0x9313, 0xd53c, 0xd53b, 0xedfe, 0xdd7c, 0xd53b, 0xcd1b, 0xc4d9, 0xd55c, 0xa3f6, 0xb478, 0xc4da, 0xc4d9, 
	0xc4f9, 0xd57b, 0xe61d, 0xee3e, 0xe61d, 0xe5fd, 0xe5fc, 0xdddc, 0xe61d, 0xe61d, 0xe61d, 0xe63d, 0xe63d, 0xee3d, 0xee3d, 0xee5d, 
	0xe65d, 0xe65d, 0xee7d, 0xee7d, 0xee7d, 0xee7d, 0xee7d, 0xee7d, 0xeebe, 0xee9e, 0xee9d, 0xee9d, 0xeebe, 0xeebe, 0xeebe, 0xeebd, 
	0xeebe, 0xeedd, 0xeede, 0xeede, 0xeede, 0xeefe, 0xeefe, 0xeefe, 0xeefd, 0xeefd, 0xf71e, 0xf75e, 0xff9f, 0xffbf, 0xff9f, 0xff9f, 
	0xffdf, 0xffdf, 0xffdf, 0xffdf, 0xffdf, 0xffff, 0xffff, 0xffff, 0xffdf, 0xffff, 0xffdf, 0xffbf, 0xffbf, 0xffdf, 0xffdf, 0xffbf, 
	0xffdf, 0xffdf, 0xffbf, 0xffdf, 0xffdf, 0xffdf, 0xffbf, 0xffbf, 0xf77e, 0xf77f, 0xf79f, 0xf77f, 0xe6fe, 0xd67c, 0xce3c, 0xce3c, 
	0xc61c, 0xce5c, 0xce5c, 0xc61b, 0xbddb, 0xc5db, 0xc61c, 0xce3d, 0xe71f, 0xe6ff, 0xd65f, 0xb55c, 0xa4db, 0xa4db, 0x9c9b, 0x8c19, 
	0x83d8, 0x83d9, 0x83d9, 0x8bf9, 0x83d9, 0x8399, 0x7b78, 0x7b58, 0x7b38, 0x7b58, 0x7b58, 0x7b58, 0x7338, 0x8399, 0x941b, 0x9c9b, 
	0xbd9d, 0xd65f, 0xd63f, 0xbd9d, 0xb53c, 0xa4fa, 0x9437, 0x8394, 0x9c35, 0xa434, 0xa434, 0xa413, 0xac35, 0x9bf4, 0x9bd5, 0x6a91, 
	0x6251, 0x6252, 0x6253, 0x6253, 0x6a73, 0x6a73, 0x6252, 0x5a10, 0x6a71, 0x51ee, 0x51ee, 0x498c, 0x6ab1, 0x6a91, 0x72f2, 0x5a50, 
	0x6291, 0x5a50, 0x4a0f, 0x41ee, 0x41ee, 0x4a0e, 0x4a0e, 0x41ee, 0x41ef, 0x4a0f, 0x39ae, 0x41af, 0x49f0, 0x5211, 0x62b4, 0x6294, 
	0x62b4, 0x7337, 0x5a73, 0x7336, 0x8398, 0x7b77, 0x72f5, 0x6294, 0x7316, 0x6ad4, 0x7b76, 0x83b7, 0x7314, 0x83b6, 0xbd5d, 0xd61f, 
	0xcd5d, 0xc51c, 0x9396, 0x82f3, 0xbcbb, 0xc4fb, 0xc4db, 0xac38, 0xc4ba, 0xabd7, 0xc4ba, 0xc499, 0xc499, 0xc479, 0xbc38, 0xbc17, 
	0xdd1b, 0xd51c, 0xd51b, 0xcd1b, 0xc51b, 0xbcfb, 0xb4fb, 0xacdb, 0xacfb, 0xacfb, 0xacfb, 0xacfb, 0xacdb, 0xacdb, 0xacdb, 0xacda, 
	0x7b55, 0x6292, 0x51ef, 0x62b2, 0x62b2, 0x418d, 0x49ae, 0x6292, 0x5a31, 0x5a31, 0x5a31, 0x7b15, 0x9c39, 0xa459, 0x9c17, 0x9c37, 
	0x9417, 0x9457, 0x8bd6, 0x7b94, 0x6b12, 0x5ad1, 0x5af2, 0x424f, 0x4290, 0x324f, 0x3a6f, 0x4ad1, 0x3a0e, 0x420f, 0x396d, 0x9c79, 
	0xacba, 0x93f6, 0x51ce, 0x59ef, 0x7ab2, 0x8b14, 0xa3d7, 0xd4fc, 0xd4fc, 0xdd3d, 0xdd1d, 0xcc9a, 0xc439, 0xbc39, 0xc47a, 0xccdb, 
	0xd51d, 0xdd5e, 0xccfd, 0xb3d9, 0x92f5, 0x92d5, 0xa357, 0xb3d9, 0xe53e, 0xe53e, 0xe53e, 0xe53d, 0xe53d, 0xe53c, 0xe53c, 0xdd3c, 
	0xdd3c, 0xdd1c, 0xdcfc, 0xd4db, 0xd4dc, 0xdcdc, 0xd4bc, 0xd49c, 0xbbf9, 0xc3fa, 0xc3fa, 0xc3da, 0xbbba, 0xb379, 0xb338, 0xab18, 
	0xab38, 0xab38, 0xab58, 0xa318, 0xa2f7, 0xab38, 0xbbda, 0xcc5c, 0xbbda, 0x58ee, 0xab77, 0xd4dc, 0xccbb, 0x69cf, 0x92f4, 0xccdb, 
	0xc479, 0xa395, 0x69ce, 0x92f3, 0xe5be, 0xd51b, 0xc4ba, 0xc499, 0xccfb, 0xccfa, 0xdd7c, 0x9b95, 0xa3b6, 0xd57c, 0xd55c, 0xbc99, 
	0xd55b, 0xddbc, 0xe5dd, 0xe5dd, 0xe5dd, 0xe5fd, 0xee1d, 0xee1d, 0xe61d, 0xe61d, 0xe61d, 0xe61d, 0xe61d, 0xee3d, 0xee3d, 0xee3d, 
	0xe63d, 0xe65d, 0xee5d, 0xee5d, 0xee7e, 0xee7e, 0xee7e, 0xee7e, 0xee9e, 0xee7d, 0xee7d, 0xee9e, 0xeebe, 0xeebe, 0xeebe, 0xee9e, 
	0xee9d, 0xeebd, 0xeebd, 0xeebe, 0xeede, 0xf6de, 0xf6fe, 0xf6fe, 0xf6fe, 0xf71e, 0xf73e, 0xff5f, 0xff9f, 0xffbf, 0xffbf, 0xffbf, 
	0xffdf, 0xffdf, 0xffdf, 0xffdf, 0xffdf, 0xffdf, 0xffdf, 0xffdf, 0xffdf, 0xffdf, 0xffdf, 0xff9f, 0xff9f, 0xffbf, 0xffdf, 0xffbf, 
	0xffdf, 0xffbf, 0xffbf, 0xffbf, 0xffdf, 0xffbf, 0xf7bf, 0xf79f, 0xf79f, 0xe71e, 0xde9d, 0xd67c, 0xd65c, 0xce3c, 0xce1c, 0xce1c, 
	0xc61c, 0xce3c, 0xce3c, 0xc5fb, 0xc5fb, 0xd67d, 0xe6ff, 0xef3f, 0xe71f, 0xc5fe, 0xad1b, 0xa4db, 0xa4fc, 0xa4bb, 0x943a, 0x8bfa, 
	0x83d9, 0x8bfa, 0x8bfa, 0x83da, 0x8399, 0x7b79, 0x7b58, 0x7337, 0x7338, 0x7b58, 0x7b58, 0x7337, 0x7b77, 0x941a, 0xbd5f, 0xd63f, 
	0xce1e, 0xce1d, 0xc5dd, 0xbd9c, 0xad3b, 0x9c78, 0x8bd5, 0x8bd4, 0x9c35, 0xa454, 0xac54, 0xa413, 0xac55, 0xa415, 0x9bf5, 0x6a91, 
	0x6251, 0x6252, 0x6253, 0x6273, 0x6a73, 0x6a73, 0x6252, 0x5a10, 0x414c, 0x622f, 0x93d5, 0x8353, 0x7b32, 0x5a2e, 0x6290, 0x6291, 
	0x62b1, 0x5250, 0x4a0f, 0x4a2f, 0x4a2f, 0x4a0f, 0x420e, 0x4a0f, 0x41ce, 0x4a0f, 0x398e, 0x39ae, 0x4a10, 0x5232, 0x62b4, 0x6ad4, 
	0x8397, 0x93f8, 0x7315, 0x83b7, 0x8bd8, 0x7b56, 0x6273, 0x49d0, 0x6ab3, 0x5a31, 0x5a51, 0x51ef, 0x418d, 0x6ad2, 0x9c17, 0x93d6, 
	0x9bd6, 0x9bd7, 0x7292, 0x6a50, 0x9375, 0x8313, 0x8b13, 0x8b34, 0x8b13, 0x7a70, 0x9313, 0x8af2, 0x9313, 0x8af2, 0x8ab1, 0x8ad2, 
	0xdd1b, 0xdd3b, 0xd53b, 0xcd1b, 0xc51b, 0xb4fa, 0xacfa, 0xacda, 0xacfb, 0xacfb, 0xad1b, 0xad1b, 0xacfb, 0xacfb, 0xacda, 0xacda, 
	0x7336, 0x62d4, 0x62b3, 0x7b55, 0x7314, 0x5231, 0x5231, 0x7b76, 0x6273, 0x5211, 0x6ab4, 0x49d0, 0x49cf, 0x6ab2, 0x51cf, 0x520f, 
	0x5a50, 0x6ad2, 0x5a90, 0x7353, 0x62f2, 0x5290, 0x52b0, 0x426f, 0x42b0, 0x3a6f, 0x3a6f, 0x3a2f, 0x4a90, 0x39ce, 0x39ad, 0xa4ba, 
	0xc59c, 0x9c37, 0x5a50, 0x51ce, 0x72b2, 0x8314, 0x9b97, 0xccdc, 0xd51d, 0xd4dc, 0xc47a, 0xb3d8, 0xab97, 0xabb7, 0xb3f8, 0xbc39, 
	0xc49b, 0xbc5a, 0x9b36, 0x8ad5, 0x9b36, 0x92f5, 0xa377, 0xe55e, 0xdd1d, 0xdd1d, 0xdd1d, 0xdd1c, 0xe53c, 0xe53c, 0xe53c, 0xe53c, 
	0xdd3c, 0xdd1c, 0xdcfc, 0xd4db, 0xd4bb, 0xd4bb, 0xcc7b, 0xc43a, 0xb398, 0xab77, 0xb398, 0xc3da, 0xbbba, 0xab38, 0xa317, 0xb379, 
	0xab38, 0xa338, 0xa338, 0xab38, 0xab38, 0xab38, 0xab58, 0xab78, 0x8213, 0xab57, 0xcc7b, 0xcc9b, 0xccbb, 0xa376, 0x698e, 0xe57d, 
	0x9b54, 0xa375, 0x7a30, 0x9313, 0xdd5d, 0xdd7d, 0xb3f7, 0x9b75, 0xdd7d, 0xb438, 0x9b75, 0x9b54, 0xd53c, 0xccfb, 0xccfb, 0xcd1b, 
	0xdd9c, 0xdd9c, 0xdd9c, 0xddbc, 0xddbc, 0xddbd, 0xe5bd, 0xe5bd, 0xe5dd, 0xe5dd, 0xe5fd, 0xe5fd, 0xe5fd, 0xe61d, 0xee1d, 0xee1d, 
	0xe63d, 0xe63d, 0xee5d, 0xee5e, 0xee7e, 0xee7e, 0xee7e, 0xee7e, 0xee7e, 0xee7e, 0xee7e, 0xee7e, 0xee9e, 0xee9e, 0xee9e, 0xee9e, 
	0xee9d, 0xeebe, 0xf6ff, 0xff1f, 0xff1f, 0xff3f, 0xff5f, 0xff7f, 0xff7f, 0xff9f, 0xff7f, 0xff7f, 0xff7f, 0xff7f, 0xff9f, 0xffdf, 
	0xff9f, 0xffbf, 0xffdf, 0xffdf, 0xffdf, 0xffdf, 0xffdf, 0xffdf, 0xffdf, 0xffdf, 0xffdf, 0xffbf, 0xffbf, 0xffbf, 0xffbf, 0xffbf, 
	0xffbf, 0xf79f, 0xf79f, 0xf79f, 0xf79f, 0xf79f, 0xf77f, 0xf75f, 0xe6fe, 0xd69d, 0xd65c, 0xd67d, 0xde9e, 0xd67e, 0xce3d, 0xc5fc, 
	0xce3c, 0xd67d, 0xdebe, 0xe6df, 0xdebe, 0xd69e, 0xce5d, 0xce1d, 0xa4f9, 0xa4d9, 0x9c9a, 0x9c9a, 0x9c7b, 0x943a, 0x83d9, 0x8399, 
	0x83ba, 0x83ba, 0x83ba, 0x83ba, 0x83ba, 0x7b79, 0x7338, 0x7317, 0x7317, 0x7b77, 0x7336, 0x62b4, 0x7b76, 0xb51d, 0xcdff, 0xcdde, 
	0xcdfd, 0xd61d, 0xcdfd, 0xbdbd, 0xb57c, 0xb55b, 0xacf9, 0xa497, 0xa455, 0xa454, 0xa454, 0xa413, 0xa455, 0xa435, 0x9c15, 0x6a91, 
	0x6252, 0x6273, 0x6a73, 0x6232, 0x6a73, 0x72b4, 0x5a10, 0x51ce, 0x72b1, 0x8b94, 0x9c36, 0x7b11, 0x6ab0, 0x626f, 0x6ad1, 0x6270, 
	0x5a91, 0x5a91, 0x4a30, 0x41ef, 0x4a0f, 0x4a0f, 0x41ee, 0x420f, 0x4a0f, 0x39ae, 0x398e, 0x41af, 0x49f0, 0x5211, 0x5a73, 0x6af4, 
	0x8396, 0x93f7, 0x72f4, 0x72f4, 0x6ab2, 0x6a92, 0x6271, 0x72d3, 0x72d3, 0x72b2, 0x72b2, 0x72b2, 0x7af2, 0x8333, 0x8b74, 0x9395, 
	0x8b74, 0x8b54, 0x8b54, 0x8b54, 0x8b74, 0x9374, 0x9374, 0x9374, 0x9354, 0x9353, 0x9354, 0x9b74, 0x9374, 0x9333, 0x8b12, 0x8af2, 
	0xb436, 0xa394, 0xac16, 0xa3f6, 0xa416, 0xbd1a, 0xb53b, 0xb53a, 0xad3b, 0xbd7c, 0xb55b, 0xb51b, 0xacda, 0xb4fa, 0xc55c, 0xbd1b, 
	0x7b77, 0x62b4, 0x5231, 0x83b7, 0x8c18, 0x8bd8, 0x7335, 0x83b7, 0x6294, 0x5a73, 0x7b36, 0x5a53, 0x5a32, 0x6ab3, 0x396d, 0x394c, 
	0x41ce, 0x49ee, 0x396c, 0x292b, 0x20c9, 0x62f2, 0x8457, 0x424f, 0x320d, 0x3a6f, 0x42b0, 0x322e, 0x424f, 0x424f, 0x39ad, 0x6b13, 
	0x7354, 0x62b1, 0x49ce, 0x51ee, 0x7af3, 0x8b55, 0x9bb7, 0xc49b, 0xccdc, 0xc49b, 0xbc19, 0xab97, 0xa356, 0xa377, 0xabd7, 0xb3f8, 
	0xa397, 0x8ad4, 0x8af5, 0x92f5, 0x8293, 0xab97, 0xdcfd, 0xdd1d, 0xdd1d, 0xdd1d, 0xdd1c, 0xdd1c, 0xe53c, 0xe53c, 0xdd3c, 0xdd3c, 
	0xdd1c, 0xdcfc, 0xd4db, 0xd4bb, 0xd4bb, 0xd4bb, 0xcc5a, 0xbc19, 0xb3d9, 0xa337, 0x9ad6, 0xab37, 0xab78, 0xa317, 0xa2f7, 0xa338, 
	0xa338, 0xab59, 0xab59, 0xa338, 0xab59, 0xab58, 0x8a75, 0x6950, 0xa337, 0xb3b9, 0xc41a, 0xbc1a, 0xd4bc, 0xb3f8, 0x69d0, 0x9b55, 
	0x8251, 0xdd3c, 0x8271, 0x8ad3, 0xd51c, 0xccba, 0xb3f8, 0x8292, 0xeddf, 0xccfb, 0x9b55, 0xc4ba, 0xac17, 0xd53c, 0xc499, 0xd53c, 
	0xdd7c, 0xdd7c, 0xdd7c, 0xdd9c, 0xdd9c, 0xdd9c, 0xdd9c, 0xdd9c, 0xddbd, 0xddbd, 0xe5bd, 0xe5dd, 0xe5dd, 0xe5dd, 0xe5fd, 0xe5fd, 
	0xe61d, 0xe63d, 0xee3d, 0xee3e, 0xee5e, 0xee5e, 0xee5e, 0xee7e, 0xee5e, 0xee5e, 0xee7e, 0xee7e, 0xee9e, 0xf69e, 0xf69e, 0xf69e, 
	0xf6df, 0xf6ff, 0xff1f, 0xfeff, 0xf6ff, 0xf6de, 0xf6df, 0xf6ff, 0xff3f, 0xf71f, 0xf6fe, 0xf6fe, 0xf71f, 0xff3f, 0xff5f, 0xff5f, 
	0xff7f, 0xf77f, 0xff7f, 0xff9f, 0xff9f, 0xff9f, 0xffbf, 0xffbf, 0xffbf, 0xffbf, 0xffbf, 0xffbf, 0xffbf, 0xffbf, 0xff9f, 0xf79f, 
	0xf77f, 0xf75f, 0xef5f, 0xef3f, 0xef3f, 0xe71e, 0xe6fe, 0xe6fe, 0xde9d, 0xce5c, 0xc5fb, 0xce1c, 0xce3d, 0xd65d, 0xd65e, 0xd65e, 
	0xde9e, 0xd67d, 0xd65d, 0xce3c, 0xce1c, 0xbddb, 0xb57a, 0xad19, 0xa4d9, 0xa4da, 0xa4db, 0xa4bb, 0x9c9c, 0x943b, 0x8bfb, 0x83da, 
	0x83bb, 0x83ba, 0x839a, 0x7b79, 0x7b58, 0x7338, 0x8399, 0x8bfa, 0x9c5b, 0x9c9b, 0x9439, 0x83b6, 0x9418, 0xbd7c, 0xd61f, 0xd61e, 
	0xcdfd, 0xce1d, 0xcdfd, 0xc5bc, 0xbdbd, 0xc5bd, 0xbd9c, 0xbd3a, 0xa475, 0xa454, 0xac54, 0xa433, 0xa455, 0xa435, 0x9c35, 0x6a91, 
	0x6252, 0x6253, 0x6a74, 0x6a53, 0x6a73, 0x6a72, 0x6210, 0x6a50, 0x93b5, 0x93b4, 0x8bb4, 0x72f1, 0x72d0, 0x6290, 0x6ab1, 0x6270, 
	0x5a91, 0x5a71, 0x4a30, 0x41ef, 0x4a0f, 0x41ef, 0x41ef, 0x41ef, 0x420f, 0x41ef, 0x41cf, 0x41af, 0x49f0, 0x5a52, 0x62b3, 0x72f4, 
	0x8bb6, 0x93b6, 0x8b75, 0x72b2, 0x72b2, 0x7292, 0x6a71, 0x7ad3, 0x72d2, 0x72b2, 0x7291, 0x7291, 0x7291, 0x72b1, 0x7ab1, 0x7ad1, 
	0x7af2, 0x7af2, 0x7ad2, 0x7af2, 0x7af2, 0x8312, 0x8312, 0x82f2, 0x8b12, 0x8312, 0x8b12, 0x8b33, 0x8b53, 0x8b53, 0x9353, 0x9373, 
	0x8af1, 0x9352, 0x9352, 0x8332, 0x8b73, 0xacd9, 0xcddc, 0xb55b, 0xbdbc, 0xc5bd, 0xbd7b, 0xcddd, 0xd61e, 0xc57c, 0xc55b, 0xcd7c, 
	0x7b57, 0x62d4, 0x5231, 0x7b97, 0x7b56, 0x83d8, 0x7356, 0x8bf9, 0x6af5, 0x6294, 0x7b77, 0x6293, 0x5a73, 0x7335, 0x5210, 0x5230, 
	0x41ce, 0x522f, 0x49ee, 0x49ee, 0x316c, 0x6312, 0x83f6, 0x424f, 0x29cd, 0x3a4f, 0x4ad1, 0x3a2e, 0x424f, 0x4a90, 0x31ad, 0x39ad, 
	0x39ad, 0x41ad, 0x418c, 0x51ef, 0x7b13, 0x8b55, 0x9376, 0xabd8, 0xb43a, 0xb41a, 0xabd9, 0xab97, 0xa377, 0xa397, 0xa397, 0xa377, 
	0x9b77, 0x8ad4, 0x9b36, 0x9336, 0x8a93, 0xbc3a, 0xed9f, 0xcc9b, 0xdd1d, 0xdd1c, 0xdcfc, 0xdd1c, 0xdd1c, 0xdd1c, 0xdd1b, 0xdd1b, 
	0xdd1c, 0xdcfc, 0xd4db, 0xd4bb, 0xd4bb, 0xd4bc, 0xcc7b, 0xc43a, 0xb398, 0x9af6, 0x92b5, 0x9af6, 0xa338, 0xa317, 0x9af7, 0x9af7, 
	0x92d6, 0x92b6, 0x9af7, 0xa338, 0xa338, 0x92b6, 0x8a75, 0x92b6, 0xab79, 0xb399, 0xb398, 0xab77, 0xc45b, 0xbc19, 0x8252, 0x616e, 
	0xabb6, 0xdd3c, 0x7a30, 0x8292, 0xdd3d, 0xdd5d, 0xa3b6, 0x8292, 0xbc59, 0xa3b6, 0xccdb, 0xd51c, 0xdd3c, 0xbc59, 0xdd3c, 0xd53c, 
	0xdd5c, 0xdd5c, 0xdd5c, 0xdd5c, 0xdd7c, 0xdd7c, 0xdd7c, 0xdd7c, 0xdd9c, 0xdd9c, 0xdd9c, 0xddbd, 0xe5bd, 0xe5bd, 0xe5dd, 0xe5dd, 
	0xe5fd, 0xe5fd, 0xe5fd, 0xe5fd, 0xe61d, 0xee1d, 0xee3d, 0xee3e, 0xee3e, 0xee5e, 0xee5e, 0xee5e, 0xee7e, 0xf67e, 0xf69e, 0xf69e, 
	0xee7e, 0xee9e, 0xf6be, 0xf6be, 0xee9e, 0xee9d, 0xee9e, 0xee9e, 0xf6de, 0xee9e, 0xe67d, 0xe67d, 0xeebe, 0xeede, 0xeede, 0xeebe, 
	0xeede, 0xe6de, 0xe6dd, 0xe6dd, 0xe6de, 0xeefe, 0xef3e, 0xf73f, 0xf73f, 0xf75f, 0xf75f, 0xf77f, 0xf77f, 0xf75f, 0xf75f, 0xef3f, 
	0xe71e, 0xe71f, 0xe6fe, 0xdede, 0xdede, 0xdebe, 0xd69d, 0xd67d, 0xd69d, 0xd67d, 0xd67e, 0xd69e, 0xd67e, 0xd65e, 0xd65e, 0xd65e, 
	0xce3d, 0xce1c, 0xc5db, 0xc5fb, 0xce3c, 0xce5d, 0xce1c, 0xc5dc, 0xb57b, 0xb55c, 0xb53c, 0xa4dc, 0x9c7b, 0x8bfa, 0x83ba, 0x7b99, 
	0x839a, 0x839a, 0x839a, 0x83ba, 0x7b58, 0x7337, 0x83b9, 0x9c7b, 0xbd5e, 0xc59e, 0xbd9d, 0xbd5c, 0xbd7c, 0xcdfe, 0xd63e, 0xcdfd, 
	0xd63d, 0xd61d, 0xcddd, 0xc5bc, 0xc5dd, 0xcdfe, 0xcdfd, 0xc5bb, 0xa475, 0xa474, 0xac74, 0xa434, 0xac55, 0xa435, 0xa435, 0x6a91, 
	0x6252, 0x6253, 0x6a94, 0x6a73, 0x6a73, 0x6251, 0x6230, 0x7af2, 0x9c16, 0x8b93, 0x8372, 0x7311, 0x7311, 0x626f, 0x6290, 0x6291, 
	0x5a71, 0x5a71, 0x4a10, 0x41ef, 0x420f, 0x41ef, 0x39cf, 0x41ef, 0x39ae, 0x41ce, 0x398e, 0x316d, 0x398e, 0x5231, 0x5a92, 0x6292, 
	0x8374, 0x8b74, 0x93b5, 0x6a50, 0x72b2, 0x72b2, 0x6a71, 0x7ab2, 0x7ad2, 0x7ad2, 0x7ad2, 0x7ad2, 0x82d2, 0x82d1, 0x7ad1, 0x7ad1, 
	0x7af2, 0x7af1, 0x7af1, 0x7af2, 0x8312, 0x8312, 0x8312, 0x8312, 0x8b53, 0x8332, 0x8332, 0x8b32, 0x8b32, 0x8332, 0x8332, 0x8b32, 
	0x8b11, 0x9bb3, 0x8b52, 0x8b52, 0x8b73, 0xa477, 0xd63d, 0xd61d, 0xc5dc, 0xde5f, 0xcdfd, 0xcdbd, 0xd5dd, 0xcd7b, 0xc53a, 0xc51a, 
	0x6af5, 0x62d4, 0x4a11, 0x7376, 0x5231, 0x62f4, 0x5a93, 0x7b97, 0x6af5, 0x5a93, 0x7336, 0x5252, 0x5a72, 0x7b97, 0x6af3, 0x7354, 
	0x5ab1, 0x6b12, 0x4a0e, 0x524f, 0x522f, 0x524f, 0x5ab1, 0x5ad1, 0x424f, 0x3a2e, 0x42b0, 0x4290, 0x424f, 0x4270, 0x39ee, 0x318c, 
	0x318c, 0x39ac, 0x41ad, 0x520f, 0x7b13, 0x8b76, 0x9356, 0x9b77, 0x9b77, 0xa378, 0xa398, 0xab98, 0xabb8, 0xabd8, 0xa397, 0x9b56, 
	0x9315, 0x9315, 0x8ad4, 0x8ab4, 0xa377, 0xccbb, 0xdd1d, 0xd4fc, 0xdcfc, 0xdcfc, 0xdcfc, 0xdcfc, 0xdd1c, 0xdd1c, 0xdd1b, 0xdd1b, 
	0xdcfc, 0xd4dc, 0xd4bb, 0xd4bb, 0xd4bc, 0xd4bc, 0xd4bc, 0xcc7b, 0xbbd9, 0xb398, 0xab99, 0xb3b9, 0xb399, 0xa338, 0x9ad6, 0x92d6, 
	0x9b17, 0x92f7, 0x9af7, 0x9af7, 0x8a55, 0x79f4, 0x92b6, 0xbbdb, 0xa318, 0xa338, 0xab58, 0xa317, 0xb3b9, 0xabb8, 0x9b15, 0x592d, 
	0xb418, 0xccdb, 0x8272, 0x9314, 0xccbb, 0xccbb, 0x9b56, 0x92f4, 0x9b76, 0xa396, 0xc4bb, 0xd53d, 0xdd3d, 0xd4fb, 0xdd5d, 0xdd3c, 
	0xdd3c, 0xdd3c, 0xdd3c, 0xdd5c, 0xdd5c, 0xdd5c, 0xdd5c, 0xdd5c, 0xdd7c, 0xdd7c, 0xdd9c, 0xdd9d, 0xdd9d, 0xe5bd, 0xe5bd, 0xe5bd, 
	0xe5bd, 0xe5dc, 0xe5dc, 0xe5dd, 0xe5fd, 0xe5fd, 0xee1d, 0xee1d, 0xee1d, 0xee3d, 0xee3d, 0xee3e, 0xee5e, 0xee5e, 0xee5e, 0xee5e, 
	0xe61c, 0xe63d, 0xe65d, 0xee5d, 0xee5d, 0xee7d, 0xee7e, 0xee7e, 0xee9e, 0xe67e, 0xe65d, 0xde5d, 0xe65d, 0xe65d, 0xe65d, 0xde5d, 
	0xde5d, 0xde5c, 0xde5c, 0xd63c, 0xde5c, 0xde7d, 0xe69d, 0xe6be, 0xe6be, 0xe6de, 0xeefe, 0xeefe, 0xeefe, 0xeefe, 0xe6de, 0xe6de, 
	0xdebe, 0xdebe, 0xde9e, 0xde9e, 0xde9e, 0xd69e, 0xd67d, 0xd67d, 0xce5d, 0xd65d, 0xd67e, 0xd67e, 0xd65e, 0xce1d, 0xc61d, 0xce3d, 
	0xe6bf, 0xde9e, 0xde9e, 0xe6df, 0xef3f, 0xf75f, 0xef3f, 0xe6ff, 0xce1d, 0xc5dd, 0xb57d, 0xacfc, 0x9c7b, 0x943b, 0x8bda, 0x83da, 
	0x83b9, 0x7b99, 0x8399, 0x83b9, 0x7b78, 0x7b57, 0x8bf9, 0xacfc, 0xbd9e, 0xcdde, 0xce1f, 0xce1e, 0xcdfd, 0xd61e, 0xd61d, 0xce1d, 
	0xd61d, 0xcdfd, 0xc5bc, 0xbd9c, 0xc5bd, 0xcdfe, 0xcdfd, 0xc5bb, 0xa495, 0xa474, 0xac74, 0xa453, 0xac75, 0xa455, 0xa435, 0x6a91, 
	0x6a72, 0x6253, 0x6a94, 0x6a73, 0x6a73, 0x6a52, 0x6230, 0x7af2, 0x8b94, 0x8373, 0x8bb3, 0x7b51, 0x7311, 0x5a4e, 0x5a6f, 0x6291, 
	0x5a91, 0x5271, 0x4a10, 0x41ef, 0x41ef, 0x41ef, 0x39ce, 0x41ef, 0x39ce, 0x41ce, 0x39ae, 0x39ae, 0x4a0f, 0x5a71, 0x62d2, 0x6ab2, 
	0x72b1, 0x8353, 0x8b54, 0x6a70, 0x72b1, 0x7ab2, 0x7291, 0x7291, 0x7291, 0x7291, 0x7a91, 0x7ab1, 0x7ab1, 0x7ab1, 0x7ab1, 0x7ab1, 
	0x7ad1, 0x7ad1, 0x72d1, 0x7ad1, 0x7af1, 0x7af1, 0x8311, 0x8311, 0x7ad1, 0x7ad1, 0x7af1, 0x8332, 0x8352, 0x8332, 0x8332, 0x8b52, 
	0x8331, 0x8310, 0x7af0, 0x8352, 0x8331, 0x8372, 0xb519, 0xde5e, 0xde5f, 0xde1e, 0xcd9c, 0xcd7c, 0xd59c, 0xd59c, 0xd57c, 0xc4fa, 
	0x6293, 0x5a72, 0x41cf, 0x7375, 0x5230, 0x6b14, 0x5251, 0x6af4, 0x62b4, 0x5252, 0x6b15, 0x5252, 0x5a72, 0x7b76, 0x62d2, 0x6b13, 
	0x5290, 0x6312, 0x39cd, 0x41cd, 0x522f, 0x62b1, 0x62d2, 0x5ab1, 0x5290, 0x39ed, 0x426f, 0x4ab0, 0x3a4f, 0x424f, 0x424f, 0x3a0e, 
	0x39ed, 0x39cd, 0x41cd, 0x522f, 0x7313, 0x8b96, 0x9377, 0x9357, 0x8b16, 0x9316, 0x9b37, 0xa377, 0xabb8, 0xb3f9, 0xabd8, 0xa397, 
	0xa397, 0x9b77, 0x8af4, 0x9b56, 0xccbc, 0xdd1d, 0xd4bb, 0xe53d, 0xdcfc, 0xdcfc, 0xdcfb, 0xdcfc, 0xdcfc, 0xdd1c, 0xdd1c, 0xdcfc, 
	0xd4bb, 0xd4bb, 0xd49b, 0xcc7b, 0xcc9b, 0xd4bc, 0xd4bc, 0xd4bc, 0xcc9c, 0xc45c, 0xc45c, 0xc47c, 0xc45c, 0xb3ba, 0x9b17, 0x92d6, 
	0x92d7, 0x9b18, 0x92d7, 0x8234, 0x8234, 0x92d7, 0xa318, 0x9af7, 0xa338, 0xa338, 0xb399, 0xa358, 0xa378, 0xa357, 0xab98, 0x7211, 
	0x7a72, 0xd53c, 0x7231, 0x8ad3, 0xccdb, 0xb419, 0x9335, 0x69af, 0xccbb, 0xd4fc, 0xb3f8, 0xc47a, 0xc45a, 0xe57e, 0xd4db, 0xdd3c, 
	0xdd3c, 0xdd3c, 0xdd3c, 0xdd3c, 0xdd5c, 0xdd5c, 0xdd5c, 0xdd5c, 0xdd5c, 0xdd5c, 0xdd7c, 0xdd7c, 0xdd7c, 0xdd9d, 0xdd9d, 0xdd9d, 
	0xe5bd, 0xe5bd, 0xe5bc, 0xe5dd, 0xe5dd, 0xe5fd, 0xe5fd, 0xee1d, 0xe5fd, 0xe5fd, 0xe61d, 0xe61d, 0xe61d, 0xe61d, 0xe61d, 0xe61d, 
	0xe63d, 0xe63d, 0xee5d, 0xee5d, 0xee5e, 0xee5d, 0xe65e, 0xe65e, 0xe67e, 0xe67e, 0xe65e, 0xe63d, 0xde3d, 0xde1d, 0xde3d, 0xde3d, 
	0xde3d, 0xde3d, 0xde3d, 0xde3d, 0xde3d, 0xde5d, 0xde7d, 0xde7e, 0xde5d, 0xde7d, 0xde7d, 0xde7d, 0xde7d, 0xde7d, 0xde7d, 0xde9d, 
	0xd67d, 0xd67d, 0xd67d, 0xd69d, 0xd69e, 0xd69e, 0xd67d, 0xd67d, 0xd65d, 0xce5d, 0xce3d, 0xce3d, 0xce3d, 0xce3d, 0xde9f, 0xe6ff, 
	0xff9f, 0xff7f, 0xf77f, 0xf75f, 0xf73f, 0xe6ff, 0xd67d, 0xce3c, 0xb55a, 0xad1a, 0x9cb9, 0x9c79, 0x945a, 0x8c1a, 0x83d9, 0x7b99, 
	0x83d9, 0x7b98, 0x7377, 0x7b97, 0x7b97, 0x83d8, 0xa4ba, 0xc5be, 0xc5be, 0xc5dd, 0xc5bd, 0xc59c, 0xc59b, 0xc5bc, 0xcdfd, 0xd63d, 
	0xcdbc, 0xc59b, 0xbd7b, 0xbd7c, 0xc5bd, 0xc5fd, 0xc5dc, 0xc59b, 0xa495, 0xa474, 0xac74, 0xa453, 0xa474, 0xa455, 0x9c35, 0x6a90, 
	0x6a72, 0x6a73, 0x6a94, 0x6a53, 0x6a93, 0x7293, 0x6250, 0x6a91, 0x8353, 0x8b93, 0x93d4, 0x7b51, 0x6af1, 0x5a4f, 0x5a70, 0x5a70, 
	0x5a71, 0x5271, 0x4a0f, 0x41ce, 0x41ee, 0x41ee, 0x39ce, 0x39ce, 0x39ce, 0x39ad, 0x41ee, 0x5250, 0x62b1, 0x62b2, 0x62b1, 0x6291, 
	0x6250, 0x9394, 0x72d1, 0x72b1, 0x7291, 0x7291, 0x7ad2, 0x7271, 0x7ab2, 0x7a91, 0x7a91, 0x7a91, 0x7a91, 0x7a91, 0x7a90, 0x7270, 
	0x7ab1, 0x7ab0, 0x7ab0, 0x7ad1, 0x7ad1, 0x7af1, 0x82f1, 0x7af1, 0x8311, 0x7b11, 0x8311, 0x8332, 0x8332, 0x8311, 0x8311, 0x8331, 
	0x8b72, 0x7af0, 0x8b72, 0x93b3, 0x8b72, 0x8b72, 0xa456, 0xe65f, 0xd5dd, 0xa416, 0x9bf6, 0xd59c, 0xe5dd, 0xd59c, 0xdd9c, 0xc4fa, 
	0x6ad3, 0x5a71, 0x41ae, 0x7355, 0x5230, 0x6b34, 0x5a92, 0x6b14, 0x62d4, 0x5272, 0x6b15, 0x4a31, 0x4a31, 0x6b54, 0x5291, 0x5ad2, 
	0x4a2f, 0x4a4f, 0x420e, 0x62b1, 0x524f, 0x6291, 0x7333, 0x5a70, 0x420e, 0x39cd, 0x424f, 0x4290, 0x3a2e, 0x426f, 0x4290, 0x3a0e, 
	0x39ed, 0x31ac, 0x39ad, 0x522f, 0x6af3, 0x8335, 0x8315, 0x82d5, 0x82d5, 0x8ad5, 0x8ad5, 0x9316, 0xa377, 0xabd9, 0xb419, 0xb3f9, 
	0xb419, 0x9b56, 0xa397, 0xccbb, 0xdd5d, 0xdd1d, 0xd4dc, 0xdcfc, 0xdcfc, 0xdcdb, 0xdcdb, 0xdcdb, 0xdcdb, 0xdcfc, 0xdcfb, 0xdcdb, 
	0xd49b, 0xd49b, 0xcc7b, 0xcc7b, 0xcc7b, 0xd49c, 0xd4bc, 0xcc9c, 0xc45b, 0xbbfa, 0xb3b9, 0xb3fa, 0xc45c, 0xc45c, 0xabba, 0x9b17, 
	0x8ab6, 0x8ab6, 0x8a95, 0x8254, 0x8a96, 0xa318, 0xa338, 0x9ad7, 0xa338, 0xa318, 0xab58, 0xab58, 0xa358, 0xa358, 0xab98, 0x92f5, 
	0x596e, 0xac18, 0x6a10, 0x7251, 0xe59e, 0xc4bb, 0x7a52, 0x61af, 0xccbb, 0xdd3d, 0xd51d, 0xbc39, 0xdd1d, 0xd4db, 0xd51c, 0xdd1c, 
	0xdd3c, 0xdd3c, 0xdd3c, 0xdd3c, 0xdd3c, 0xdd5c, 0xdd5c, 0xdd5c, 0xdd3c, 0xdd5c, 0xdd5c, 0xdd5c, 0xdd5c, 0xdd7c, 0xdd7c, 0xdd7c, 
	0xdd9c, 0xdd9c, 0xdd9c, 0xdd9c, 0xddbc, 0xddbc, 0xe5bc, 0xe5bc, 0xe5dd, 0xe5dd, 0xe5dd, 0xe5dd, 0xe5dc, 0xe5dc, 0xe5dc, 0xe5dc, 
	0xe5fc, 0xe61c, 0xe61d, 0xe63d, 0xe63d, 0xe63d, 0xe63d, 0xe63d, 0xe63d, 0xe63e, 0xde3e, 0xde1e, 0xde1d, 0xddfd, 0xde1d, 0xde3e, 
	0xde1d, 0xde1d, 0xde1d, 0xde1d, 0xde3d, 0xde3d, 0xde3e, 0xde5e, 0xde3d, 0xd63d, 0xd63d, 0xd63d, 0xd63d, 0xd63d, 0xde5d, 0xde5d, 
	0xd67d, 0xd67d, 0xd67d, 0xd67d, 0xd67d, 0xd67d, 0xd65d, 0xce5d, 0xd65d, 0xce5d, 0xce5d, 0xd67d, 0xd67e, 0xde9e, 0xe6ff, 0xef3f, 
	0xef1f, 0xef1f, 0xf73f, 0xf75f, 0xef3f, 0xe6de, 0xd67d, 0xce3c, 0xce3d, 0xc5fd, 0xbd9d, 0xbd7d, 0xb55d, 0xad1d, 0x9c7c, 0x8c1a, 
	0x83f8, 0x83b7, 0x83b7, 0x8c18, 0x9479, 0xa4ba, 0xb55c, 0xcdfe, 0xc5bd, 0xc5dd, 0xc5bd, 0xc59c, 0xc59b, 0xc5bc, 0xcdfd, 0xd61d, 
	0xc5bc, 0xc59c, 0xbd9c, 0xbd9c, 0xc5bd, 0xc5bd, 0xbd9b, 0xbd5a, 0xa495, 0xa474, 0xac74, 0xa453, 0xac74, 0xa455, 0xa435, 0x6ab1, 
	0x6a72, 0x6a74, 0x6a94, 0x6a53, 0x6a93, 0x72b3, 0x6250, 0x6270, 0x93d4, 0x93d4, 0x93d4, 0x7311, 0x6ad0, 0x5a6f, 0x6290, 0x5a50, 
	0x5a70, 0x5270, 0x4a0f, 0x39ce, 0x41ee, 0x39ce, 0x39ad, 0x39cd, 0x41ee, 0x41ee, 0x4a2f, 0x5a90, 0x5a90, 0x4a0e, 0x41ad, 0x418c, 
	0x624f, 0x93b5, 0x6a70, 0x72b1, 0x6a70, 0x6a50, 0x7af3, 0x7291, 0x7ad3, 0x7ad2, 0x7ab2, 0x7ab2, 0x7ad2, 0x82d2, 0x7ad2, 0x7ab1, 
	0x82f1, 0x82f1, 0x82f1, 0x82f1, 0x8311, 0x8312, 0x8312, 0x8332, 0x8b73, 0x8b52, 0x8332, 0x8332, 0x8332, 0x8332, 0x8352, 0x8b72, 
	0x8b72, 0x8331, 0x93b3, 0x8352, 0x8311, 0x8332, 0x8332, 0xb498, 0x9bb5, 0x8b53, 0xac37, 0xdd9d, 0xdd9c, 0xd55b, 0xdd7c, 0xc4b9, 
	0x6af3, 0x5250, 0x41ce, 0x7354, 0x4a0f, 0x62b2, 0x5a91, 0x7355, 0x6b14, 0x5a92, 0x6b14, 0x41f0, 0x4210, 0x6b34, 0x5291, 0x6312, 
	0x4a6f, 0x422e, 0x39ad, 0x5a90, 0x49ee, 0x41ad, 0x5a50, 0x5a70, 0x41ee, 0x31ad, 0x3a0e, 0x4270, 0x3a4f, 0x3a6f, 0x42b0, 0x3a0e, 
	0x39ed, 0x31ac, 0x39ed, 0x5290, 0x6ad3, 0x72f4, 0x72d4, 0x7273, 0x82d5, 0x82d5, 0x8ad5, 0x8ad5, 0x9b37, 0xabb8, 0xb3f9, 0xb419, 
	0xa397, 0x9335, 0xb3f8, 0xd4fc, 0xd4dc, 0xd4dc, 0xdd1d, 0xdcfc, 0xdcdc, 0xdcdb, 0xd4bb, 0xd4bb, 0xd4bb, 0xd4bb, 0xd4bb, 0xd4bb, 
	0xd47b, 0xcc5b, 0xc43a, 0xc43a, 0xcc5b, 0xcc7b, 0xc43b, 0xbbfa, 0xab78, 0x9b16, 0x92d6, 0x9b37, 0xb3fa, 0xc47c, 0xb41b, 0xa399, 
	0x9b58, 0x92f7, 0x8ab6, 0x92d7, 0x92d7, 0x9296, 0x92b7, 0xa338, 0x9af8, 0xa318, 0xa317, 0xa338, 0xa358, 0xab98, 0xa337, 0x9b56, 
	0x6a10, 0x6a10, 0x7251, 0x7251, 0xbc7a, 0x9b97, 0x7a32, 0xabb8, 0xa397, 0xbc5a, 0xd4fd, 0xdd3e, 0xdd3d, 0xdcfc, 0xdcfc, 0xdd3d, 
	0xdd1c, 0xdd1c, 0xdd3c, 0xdd3c, 0xdd3c, 0xdd3c, 0xdd5c, 0xdd5c, 0xdd3c, 0xdd5c, 0xdd5c, 0xdd5c, 0xdd5c, 0xdd5c, 0xdd7c, 0xdd7c, 
	0xdd7c, 0xdd7c, 0xdd7c, 0xdd7c, 0xdd7c, 0xdd9c, 0xdd9c, 0xdd9c, 0xe5bc, 0xddbc, 0xddbc, 0xddbc, 0xddbc, 0xdddc, 0xdddc, 0xdddc, 
	0xddbb, 0xdddb, 0xdddc, 0xddfc, 0xe61d, 0xe61d, 0xe61d, 0xde1d, 0xddfd, 0xddfd, 0xd5dd, 0xd5dd, 0xd5dd, 0xd5dd, 0xd5dd, 0xd5dd, 
	0xd5dd, 0xd5dd, 0xd5bc, 0xcdbc, 0xd5dc, 0xd5dd, 0xd5fd, 0xd61d, 0xd61d, 0xd5fd, 0xd61d, 0xd61d, 0xd61d, 0xd61d, 0xd63d, 0xd63d, 
	0xd67d, 0xd67d, 0xd65d, 0xd65d, 0xd65d, 0xd65d, 0xce5d, 0xce3c, 0xce3c, 0xce1c, 0xce3c, 0xd65d, 0xd67d, 0xce5c, 0xce3c, 0xce3c, 
	0xd65c, 0xde7d, 0xe6de, 0xef1f, 0xf75f, 0xf77f, 0xf75f, 0xef1f, 0xde9e, 0xd65e, 0xce1e, 0xc5de, 0xbd9e, 0xad3d, 0x9cbc, 0x945a, 
	0x9c9a, 0x9c99, 0xa4da, 0xad3b, 0xb57c, 0xbd9c, 0xbd9d, 0xc5bd, 0xc5bd, 0xcdfd, 0xcdfd, 0xcdfd, 0xcdfd, 0xcdfd, 0xcddd, 0xc5bc, 
	0xcddc, 0xcdbc, 0xc5bc, 0xc5bd, 0xc5bd, 0xbd9c, 0xbd7b, 0xbd5a, 0xa496, 0xac74, 0xac94, 0xa453, 0xac75, 0xa475, 0xa455, 0x72d1, 
	0x6a72, 0x6a74, 0x72b4, 0x7294, 0x7293, 0x6a72, 0x6230, 0x6ab1, 0x9c15, 0x93f4, 0x93f4, 0x7311, 0x6ad0, 0x5a6f, 0x6291, 0x5a70, 
	0x5270, 0x5270, 0x420e, 0x39cd, 0x41ee, 0x39cd, 0x39ad, 0x39cd, 0x5290, 0x5ab0, 0x5ab0, 0x528f, 0x4a0d, 0x398c, 0x396b, 0x396b, 
	0x520e, 0x7b33, 0x6a70, 0x6a91, 0x6a91, 0x6a50, 0x7ad3, 0x72b2, 0x7292, 0x7292, 0x7292, 0x7292, 0x7ab2, 0x7ad2, 0x7ad2, 0x7ab1, 
	0x7ad1, 0x7ad1, 0x7ab0, 0x7ad1, 0x82d1, 0x82f1, 0x82f1, 0x82f1, 0x7ad1, 0x7af1, 0x82f1, 0x8332, 0x8b52, 0x8b52, 0x8b72, 0x8b93, 
	0x8352, 0x8b93, 0x8b72, 0x8331, 0x8b73, 0x8b73, 0x8b33, 0x8b53, 0x8312, 0xbcb9, 0xdd9d, 0xdd9d, 0xdd7c, 0xdd7c, 0xdd7c, 0xccfa, 
	0x62b2, 0x49ee, 0x41ad, 0x7353, 0x5a70, 0x6af2, 0x5a91, 0x6af3, 0x6af3, 0x5a92, 0x6b14, 0x4a10, 0x4a30, 0x6b33, 0x5270, 0x5ad1, 
	0x420e, 0x4a8f, 0x294b, 0x41ed, 0x5a90, 0x5a4f, 0x49ce, 0x520f, 0x4a0e, 0x318c, 0x31ad, 0x4a90, 0x4290, 0x3a2e, 0x4290, 0x426f, 
	0x3a2e, 0x39ed, 0x4a2f, 0x62f2, 0x6b13, 0x7314, 0x7b14, 0x7ad4, 0x7ab4, 0x82d5, 0x8af5, 0x9316, 0x9b57, 0xa3b8, 0xabd8, 0xabd8, 
	0xbc39, 0xc49a, 0xd51c, 0xdd1d, 0xd4db, 0xd4bb, 0xd4dc, 0xdcdc, 0xdcdc, 0xdcdc, 0xd4bb, 0xd4bb, 0xd4bb, 0xd49b, 0xd49b, 0xcc7b, 
	0xcc3a, 0xc3f9, 0xbbb9, 0xbbd9, 0xc41a, 0xc41a, 0xabb8, 0x9b16, 0x92f6, 0x92d5, 0x8ad5, 0x9b17, 0xabb9, 0xb41b, 0xb3fb, 0xabba, 
	0x92f7, 0x92f6, 0x8ad6, 0x92d6, 0x92f7, 0x9b18, 0x9b18, 0xa318, 0x9af8, 0xa339, 0xa338, 0xa358, 0xa338, 0xab99, 0x92b5, 0x9b36, 
	0xa3b7, 0x494c, 0x40cb, 0x61af, 0x82b3, 0x7211, 0xa3b7, 0xb3f9, 0xb3f9, 0xa377, 0xb3d8, 0xd4dc, 0xd4dc, 0xdcfd, 0xdd1d, 0xdcfc, 
	0xdd1c, 0xdd1c, 0xdd3c, 0xdd3c, 0xdd3c, 0xdd3c, 0xdd3c, 0xdd5c, 0xdd5c, 0xdd5c, 0xdd5c, 0xdd5d, 0xdd5d, 0xdd7d, 0xdd7d, 0xdd7c, 
	0xdd7c, 0xdd7c, 0xdd9c, 0xe59c, 0xe59c, 0xdd9c, 0xdd9c, 0xdd9c, 0xdd9c, 0xdd9c, 0xddbc, 0xddbc, 0xddbc, 0xddbc, 0xdddd, 0xdddc, 
	0xe5dc, 0xdddc, 0xddfc, 0xddfd, 0xe5fd, 0xddfd, 0xdddd, 0xdddc, 0xddfd, 0xd5dd, 0xcd9c, 0xcd9c, 0xcdbd, 0xcdbd, 0xcd9c, 0xc57c, 
	0xcd9c, 0xcd7c, 0xcd7c, 0xc57b, 0xcd7c, 0xcd9c, 0xd5dd, 0xd5dd, 0xd5dd, 0xd5dd, 0xd5fd, 0xd5fd, 0xd5fd, 0xd61d, 0xd61d, 0xd61d, 
	0xd65d, 0xd65d, 0xd65d, 0xd65d, 0xd65d, 0xd65d, 0xce5d, 0xce3d, 0xde9e, 0xd65d, 0xce3c, 0xce3c, 0xce3c, 0xce1c, 0xc5fb, 0xc5fb, 
	0xce3c, 0xce3b, 0xd63c, 0xde7d, 0xdebd, 0xdebd, 0xde7d, 0xd65c, 0xce1c, 0xc5fc, 0xbdbc, 0xb57c, 0xb55c, 0xad1c, 0xacfc, 0xa4fb, 
	0xbdbd, 0xc5dd, 0xc5dd, 0xc5dd, 0xc5dd, 0xc5dd, 0xc5dd, 0xc5dd, 0xcddd, 0xcdfe, 0xcdfd, 0xc5bc, 0xc5bc, 0xcddd, 0xcddd, 0xcdbc, 
	0xc5bc, 0xc59c, 0xbd9c, 0xc5bd, 0xc5bd, 0xbdbd, 0xc59c, 0xc59b, 0xa495, 0xac94, 0xac94, 0xac53, 0xac95, 0xac75, 0xa456, 0x72d1, 
	0x6272, 0x6a53, 0x72d5, 0x7af5, 0x72b3, 0x6230, 0x5a0f, 0x7b12, 0x93d4, 0x93f4, 0x9414, 0x7b52, 0x6af1, 0x522e, 0x5a70, 0x5a91, 
	0x5270, 0x526f, 0x420e, 0x39cd, 0x41ed, 0x39cd, 0x39ac, 0x39cd, 0x526f, 0x5ad0, 0x5ab0, 0x41ed, 0x294a, 0x314a, 0x39ac, 0x4a0d, 
	0x49ac, 0x6270, 0x6ab1, 0x6270, 0x7af3, 0x6a71, 0x72b2, 0x7292, 0x7292, 0x72b2, 0x7ab2, 0x7ab2, 0x7ad2, 0x7ad2, 0x7ab2, 0x7ab1, 
	0x82f2, 0x82d1, 0x82d1, 0x82d1, 0x82f1, 0x82f1, 0x82f1, 0x82f1, 0x82f1, 0x8311, 0x8332, 0x8332, 0x7b11, 0x7290, 0x622e, 0x5a0d, 
	0x51ed, 0x626f, 0x51ed, 0x626f, 0x8353, 0x8b53, 0x8b53, 0x82f2, 0xa3d5, 0xd55c, 0xd53c, 0xcd1b, 0xe5bd, 0xdd7d, 0xccfb, 0xccfb, 
	0x7b54, 0x7333, 0x6290, 0x7b74, 0x522f, 0x7332, 0x6af2, 0x7333, 0x6b13, 0x5250, 0x7375, 0x41cf, 0x39ce, 0x7374, 0x4a2f, 0x5af1, 
	0x4a4e, 0x528f, 0x294b, 0x41ed, 0x524f, 0x522f, 0x4a0e, 0x524f, 0x41cd, 0x398c, 0x318c, 0x420e, 0x4a70, 0x426f, 0x426f, 0x428f, 
	0x424e, 0x424e, 0x5ad1, 0x6b33, 0x7b95, 0x8bd6, 0x8375, 0x8335, 0x7272, 0x7a93, 0x8af5, 0x9336, 0xa377, 0xabd8, 0xb3f9, 0xb3f9, 
	0xccbb, 0xccdb, 0xd4db, 0xd4fc, 0xd4fc, 0xd4dc, 0xd4dc, 0xd4bc, 0xd4bb, 0xd49b, 0xd49b, 0xd47b, 0xcc7b, 0xcc5a, 0xc43a, 0xc41a, 
	0xbbd9, 0xbbb9, 0xbbb9, 0xbbfa, 0xbbfa, 0xb3d9, 0xab78, 0xa357, 0x9b37, 0x92f6, 0x8ab5, 0x8ad6, 0x9b17, 0xa378, 0xab99, 0xa399, 
	0x9b37, 0x9317, 0x9317, 0x92f7, 0x92f7, 0x9af7, 0x9af8, 0xa318, 0x9ad7, 0xa338, 0xab59, 0xab79, 0xab79, 0xab78, 0x9b17, 0x92f6, 
	0x9b96, 0x7271, 0x2008, 0x492d, 0x490d, 0x8ad4, 0xa397, 0xabb8, 0xb3f9, 0xb3b9, 0xb3d9, 0xbbf9, 0xc43a, 0xc47b, 0xccbc, 0xd4fc, 
	0xdd3d, 0xd51c, 0xd51c, 0xd53c, 0xdd5d, 0xdd5d, 0xdd3c, 0xd51c, 0xdd3c, 0xd53c, 0xdd3c, 0xdd3c, 0xdd3c, 0xdd3c, 0xdd5c, 0xe57c, 
	0xdd5c, 0xdd5c, 0xdd5c, 0xdd7c, 0xdd7c, 0xdd7c, 0xdd7c, 0xdd7c, 0xdd7c, 0xdd7c, 0xdd7c, 0xdd9c, 0xddbd, 0xddbd, 0xddbd, 0xdd9d, 
	0xd59c, 0xdd9c, 0xddbd, 0xddbd, 0xdddd, 0xddbd, 0xd5bd, 0xd5bd, 0xd59c, 0xcd9c, 0xcd7c, 0xcd7c, 0xc55c, 0xc53c, 0xc53c, 0xbd3b, 
	0xc53b, 0xc53b, 0xc55b, 0xc57b, 0xcd7c, 0xcd9c, 0xcd9c, 0xcd9c, 0xcdbc, 0xcdbc, 0xd5dc, 0xd5fd, 0xd5fd, 0xd5fd, 0xd5fd, 0xd5fd, 
	0xce1d, 0xd63d, 0xd65e, 0xd65e, 0xd65d, 0xd65d, 0xd67e, 0xde9e, 0xd67e, 0xd67e, 0xd67e, 0xd67e, 0xd67e, 0xd65e, 0xce1d, 0xc5fc, 
	0xce1c, 0xce3c, 0xce3c, 0xd63c, 0xd65c, 0xd65d, 0xd65d, 0xd63d, 0xd63d, 0xce1d, 0xcdfd, 0xc5bd, 0xc59c, 0xbd7c, 0xbd7c, 0xbd7c, 
	0xc5dd, 0xc5dc, 0xc5fd, 0xcdfd, 0xcdfd, 0xcdfd, 0xc5dd, 0xc5bd, 0xcddd, 0xcddd, 0xcddd, 0xcdbd, 0xcdbd, 0xcdbd, 0xcddd, 0xcddd, 
	0xc5bc, 0xc5dc, 0xc5dd, 0xc5de, 0xbdbe, 0xbdbd, 0xbdbc, 0xc5bb, 0xb4f7, 0xa433, 0xb4b4, 0xac94, 0xa454, 0xb496, 0x9394, 0x6a70, 
	0x6a52, 0x6a73, 0x6a93, 0x6252, 0x6a72, 0x6a71, 0x622f, 0x72d1, 0x93f5, 0x8bd4, 0x9414, 0x7b52, 0x6ad0, 0x522e, 0x5a90, 0x5a90, 
	0x5a90, 0x4a4e, 0x41ed, 0x39cc, 0x39cd, 0x41ed, 0x524f, 0x5a90, 0x62f2, 0x524f, 0x39ad, 0x294b, 0x318c, 0x41ee, 0x318c, 0x41cd, 
	0x6af1, 0x6ab1, 0x72f2, 0x6250, 0x72b1, 0x6a71, 0x6a71, 0x7ab2, 0x7292, 0x7ab2, 0x7a92, 0x82f2, 0x82f2, 0x7ad2, 0x82f2, 0x82f2, 
	0x7af2, 0x8312, 0x8312, 0x7ad1, 0x7ab1, 0x7af1, 0x82f1, 0x82f1, 0x7ad0, 0x8311, 0x7b11, 0x8b73, 0x8b73, 0x59ee, 0x30c9, 0x414c, 
	0x394b, 0x28ea, 0x396c, 0x28c9, 0x72d1, 0x8353, 0x8b52, 0x82f1, 0xa3f5, 0xd55b, 0xd55b, 0xd55b, 0xdd5c, 0xd51b, 0xd51c, 0xccba, 
	0x8bd5, 0x9c57, 0x9c57, 0x9c57, 0x5a6f, 0x6290, 0x6290, 0x7313, 0x83b6, 0x5a92, 0x7334, 0x4a10, 0x4a2f, 0x6b53, 0x524f, 0x6b32, 
	0x4a4f, 0x5290, 0x318c, 0x420e, 0x526f, 0x522f, 0x49ee, 0x522f, 0x39ad, 0x398c, 0x318c, 0x39ee, 0x424f, 0x4270, 0x4270, 0x426f, 
	0x4a6f, 0x4a6f, 0x62f2, 0x7373, 0x8bd6, 0x9417, 0x93b6, 0x9396, 0x7272, 0x82f4, 0x9b56, 0xa397, 0xabb8, 0xb3f8, 0xb3f9, 0xbc19, 
	0xccbb, 0xccdb, 0xd4db, 0xd4db, 0xd4db, 0xd4bb, 0xd4bb, 0xd49b, 0xd49b, 0xd47b, 0xcc7b, 0xcc5b, 0xcc5b, 0xc43a, 0xc41a, 0xc3fa, 
	0xc3fa, 0xbbd9, 0xbbd9, 0xbbda, 0xbc1a, 0xbbfa, 0xabb9, 0xa378, 0x9b57, 0x9317, 0x8ad6, 0x8ad6, 0x92f6, 0x9b17, 0x9b37, 0x9b37, 
	0x9317, 0x9317, 0x9317, 0x92f7, 0x92f7, 0x9af7, 0x9af8, 0x9af8, 0xa318, 0x9b18, 0xa338, 0x9af7, 0xab79, 0xab79, 0x92d6, 0xa398, 
	0x9b97, 0x7ab2, 0x3069, 0x38ab, 0x9335, 0xa3b8, 0xa398, 0x9b36, 0xb3d9, 0xb3b9, 0xb3d9, 0xbbf9, 0xbc1a, 0xbc1a, 0xbc1a, 0xc45a, 
	0xc49a, 0xccdb, 0xd51c, 0xd51c, 0xd51c, 0xd51c, 0xdd3d, 0xe57d, 0xdd3c, 0xdd3c, 0xdd3c, 0xdd1c, 0xdd1c, 0xdd1b, 0xdd1b, 0xdd1b, 
	0xdd5c, 0xdd5c, 0xdd5c, 0xdd5c, 0xdd5c, 0xdd5c, 0xdd5c, 0xdd5c, 0xdd7c, 0xdd7c, 0xdd7c, 0xd57c, 0xd55c, 0xd55c, 0xd55c, 0xd57c, 
	0xdd9d, 0xdd9d, 0xd59d, 0xd59c, 0xd57c, 0xcd5c, 0xcd5b, 0xcd5b, 0xc53b, 0xc53c, 0xc53c, 0xc53c, 0xc53c, 0xc53c, 0xc53c, 0xc53c, 
	0xc53b, 0xc53b, 0xc55b, 0xcd7c, 0xcd7c, 0xcd9c, 0xcd9c, 0xcd9c, 0xcdbc, 0xcdbc, 0xcdbc, 0xcdbc, 0xcddc, 0xd5dd, 0xd5fd, 0xd5fd, 
	0xde7f, 0xde9e, 0xde9e, 0xde7e, 0xde7e, 0xd67d, 0xd67d, 0xd67d, 0xd67d, 0xd65d, 0xd65d, 0xd67d, 0xd67e, 0xd67e, 0xce3d, 0xce1d, 
	0xce3c, 0xd65c, 0xd67d, 0xde9e, 0xde9e, 0xde7e, 0xd65e, 0xd63e, 0xd63e, 0xd61e, 0xcdfd, 0xcddd, 0xc5bd, 0xc5bd, 0xc59d, 0xc59c, 
	0xc5dc, 0xc5dc, 0xc5fc, 0xcdfd, 0xcdfd, 0xcddd, 0xcddd, 0xc5dd, 0xc5bd, 0xc5bd, 0xc5bd, 0xc5bd, 0xcdbd, 0xcdbd, 0xcddd, 0xcddd, 
	0xc5fc, 0xc5fd, 0xc5fd, 0xc5fe, 0xc5fe, 0xc5de, 0xc5dd, 0xc5bb, 0xacd6, 0xa453, 0xac94, 0xac74, 0xac75, 0xb496, 0x8b74, 0x6a71, 
	0x6a52, 0x6a73, 0x6a93, 0x6252, 0x6a72, 0x6a71, 0x622f, 0x72d1, 0x93f5, 0x8bd4, 0x93f4, 0x7b52, 0x6ad0, 0x524f, 0x5a70, 0x526f, 
	0x4a0e, 0x4a2d, 0x420d, 0x39cc, 0x398b, 0x39ac, 0x522f, 0x62d1, 0x5250, 0x41ce, 0x316c, 0x294c, 0x39ad, 0x41ee, 0x39ad, 0x4a2f, 
	0x62b1, 0x72d1, 0x7b33, 0x6a90, 0x72b1, 0x6a71, 0x7271, 0x7ab2, 0x7291, 0x7ab2, 0x7ab1, 0x7ad2, 0x82f2, 0x82f2, 0x8312, 0x7af2, 
	0x8313, 0x7b13, 0x7b12, 0x7af2, 0x7af1, 0x7ad1, 0x7af1, 0x7af1, 0x8311, 0x8352, 0x72d0, 0x72b0, 0x8333, 0x6a90, 0x416c, 0x414c, 
	0x312b, 0x290b, 0x41ce, 0x310b, 0x49cd, 0x7b11, 0x8332, 0x8b52, 0x8b52, 0xbc97, 0xdd7b, 0xd53b, 0xd51b, 0xd51b, 0xccba, 0xc479, 
	0x9c16, 0xacb9, 0xb4d9, 0xacd9, 0x8394, 0x8bb4, 0x8394, 0x8bb5, 0x9438, 0x6af3, 0x7b55, 0x7b55, 0x7b75, 0x7354, 0x524f, 0x62d1, 
	0x4a2e, 0x4a6f, 0x39cd, 0x4a2e, 0x5270, 0x524f, 0x4a0e, 0x4a4f, 0x318c, 0x318c, 0x318c, 0x31ad, 0x3a0e, 0x426f, 0x4270, 0x426f, 
	0x4a4f, 0x4a4f, 0x62d1, 0x7333, 0x83b5, 0x93f7, 0x8b96, 0x8b76, 0x7272, 0x8b15, 0xabb8, 0xb419, 0xbc19, 0xbc3a, 0xc45a, 0xcc9b, 
	0xccbb, 0xccbb, 0xccbb, 0xccbb, 0xcc9b, 0xcc9b, 0xd49b, 0xd47b, 0xcc7b, 0xcc5a, 0xcc5a, 0xc43a, 0xc43a, 0xc41a, 0xbbfa, 0xbbd9, 
	0xbbfa, 0xbbfa, 0xbbd9, 0xb3d9, 0xbbfa, 0xbc3b, 0xb3fa, 0xa399, 0x9b58, 0x9b37, 0x9317, 0x8af6, 0x92f7, 0x9317, 0x9317, 0x9317, 
	0x8af7, 0x9317, 0x9317, 0x9317, 0x9b18, 0x9b18, 0x9b18, 0x9b18, 0xa338, 0x9af7, 0xa359, 0x9b17, 0xab99, 0xab99, 0x8274, 0xa398, 
	0xa3d7, 0x9375, 0x40eb, 0x512d, 0x9b56, 0xb419, 0xa3b8, 0xa377, 0xab98, 0xab98, 0xb3b9, 0xbbf9, 0xbbfa, 0xb3f9, 0xb3d9, 0xb3d8, 
	0xbc39, 0xbc39, 0xbc39, 0xc47a, 0xccbb, 0xd4fc, 0xd4fc, 0xd4fb, 0xd4fb, 0xdd3c, 0xdd1c, 0xdd1b, 0xdd1b, 0xdd5c, 0xe55c, 0xdd3c, 
	0xdd3c, 0xdd3c, 0xdd5c, 0xdd5c, 0xdd5c, 0xdd5c, 0xdd5c, 0xd53c, 0xdd5c, 0xdd5c, 0xd55c, 0xd53b, 0xcd1b, 0xccfa, 0xcd1b, 0xcd3b, 
	0xd55b, 0xcd3b, 0xcd3b, 0xcd1b, 0xcd1b, 0xc51b, 0xc51b, 0xc4fa, 0xc4fa, 0xc51b, 0xbd1b, 0xbd1b, 0xbd1b, 0xbd1b, 0xbd1b, 0xc53b, 
	0xc51b, 0xc53b, 0xc53b, 0xc53b, 0xc53b, 0xc53b, 0xc53b, 0xc53b, 0xcd7c, 0xc57b, 0xc57b, 0xcd9c, 0xcdbc, 0xd5dd, 0xde1e, 0xde3e, 
	0xde7e, 0xde7d, 0xde7d, 0xde9d, 0xde9d, 0xdebd, 0xde9d, 0xde9c, 0xef1f, 0xe6fe, 0xe6fe, 0xe6ff, 0xef1f, 0xef1f, 0xe6ff, 0xdebe, 
	0xdede, 0xdede, 0xe6df, 0xdebf, 0xde9e, 0xd67e, 0xd63d, 0xd63d, 0xd63d, 0xd61d, 0xcdfd, 0xcdfd, 0xcddd, 0xcddd, 0xcddd, 0xcddd, 
	0xc5dc, 0xcddc, 0xcddc, 0xcddc, 0xc5dd, 0xc5dd, 0xc5dd, 0xc5dd, 0xc5bd, 0xc5dd, 0xc5dd, 0xc5dd, 0xc5dd, 0xc5dd, 0xc5dd, 0xc5dc, 
	0xc5dc, 0xc5bc, 0xc5bd, 0xbdbd, 0xbdbe, 0xc5bd, 0xc59c, 0xc59b, 0xacb6, 0xa474, 0xac94, 0xac74, 0xb495, 0xac56, 0x8333, 0x6a71, 
	0x6a72, 0x6a93, 0x6a93, 0x6a52, 0x6a72, 0x6a72, 0x622f, 0x72d1, 0x93f5, 0x8bd3, 0x93f4, 0x7b52, 0x6ad0, 0x522e, 0x522f, 0x49ee, 
	0x524f, 0x4a2e, 0x41ed, 0x41ed, 0x49ee, 0x522f, 0x526f, 0x5a70, 0x41ad, 0x316c, 0x314c, 0x316c, 0x39ee, 0x39ce, 0x31ad, 0x5270, 
	0x6270, 0x7b12, 0x8b94, 0x6ab1, 0x6a91, 0x6a71, 0x7271, 0x72b2, 0x7291, 0x7ab2, 0x7ab2, 0x7291, 0x7291, 0x72d1, 0x72b1, 0x6a90, 
	0x72b1, 0x6a91, 0x6a91, 0x7ad1, 0x7af2, 0x7ad1, 0x7ad0, 0x7af1, 0x7ad0, 0x7b11, 0x7ad1, 0x8312, 0x8b74, 0x59ee, 0x30a9, 0x392b, 
	0x5a50, 0x6291, 0x7354, 0x520f, 0x310a, 0x6a90, 0x7b11, 0x8b32, 0x82d0, 0xa3b4, 0xd55b, 0xd51b, 0xc4ba, 0xd51c, 0xc49a, 0xc49a, 
	0x93d6, 0xa437, 0xac98, 0xacb8, 0xacb8, 0xb4fa, 0xb4d9, 0xa458, 0x9417, 0x7b14, 0x7b55, 0x9c38, 0xa499, 0x8bd6, 0x6ad1, 0x6af1, 
	0x5a90, 0x5ab0, 0x4a4f, 0x526f, 0x52b0, 0x526f, 0x4a2f, 0x4a6f, 0x39cd, 0x39ed, 0x39cd, 0x31ad, 0x39ed, 0x424f, 0x4a90, 0x424f, 
	0x4a8f, 0x526f, 0x62f2, 0x7353, 0x8bb6, 0x9bf7, 0x9396, 0x9396, 0xa3d8, 0xb439, 0xcc9b, 0xcc9b, 0xcc7b, 0xcc7a, 0xd49b, 0xd4bb, 
	0xcc9b, 0xcc9a, 0xcc9a, 0xcc9a, 0xcc7a, 0xcc7a, 0xcc7b, 0xd47b, 0xcc5a, 0xcc3a, 0xc43a, 0xc41a, 0xc41a, 0xbbf9, 0xbbd9, 0xbbd9, 
	0xb3b9, 0xbbd9, 0xb3b9, 0xb3b9, 0xb3fa, 0xbc3b, 0xb41a, 0xa398, 0x9b57, 0x9358, 0x9338, 0x9338, 0x9338, 0x9338, 0x9338, 0x9318, 
	0x8af7, 0x8b17, 0x8b17, 0x9318, 0x9318, 0x9b38, 0x9b38, 0x9b38, 0x9b38, 0x92f7, 0xa359, 0xa358, 0xa379, 0xa378, 0x8ad5, 0x9336, 
	0x82f4, 0x82f4, 0x59af, 0x6a11, 0x7a93, 0x8af5, 0xabb8, 0xbc3a, 0xabb8, 0xb3b9, 0xbbfa, 0xc43b, 0xc45b, 0xc45b, 0xc43a, 0xc43a, 
	0xc47a, 0xbc39, 0xbc39, 0xc47a, 0xd4dc, 0xd4fc, 0xd4db, 0xcc9a, 0xd4db, 0xd51c, 0xdd1c, 0xd4fb, 0xdd1b, 0xe55c, 0xe57c, 0xdd3c, 
	0xdd3c, 0xdd3c, 0xdd5c, 0xdd5c, 0xdd5c, 0xdd3c, 0xdd3c, 0xdd3c, 0xdd5c, 0xdd5c, 0xd53c, 0xd53b, 0xcd1b, 0xccfa, 0xccfa, 0xccda, 
	0xc4fa, 0xc4fa, 0xc4fb, 0xc51b, 0xc4fb, 0xc4fb, 0xc4fa, 0xc4fa, 0xc4fa, 0xbcfb, 0xbcfb, 0xbcfb, 0xbcfb, 0xbcfb, 0xbcfb, 0xbcfb, 
	0xbcfa, 0xbcfb, 0xbd1b, 0xc51b, 0xc53b, 0xc53b, 0xc55b, 0xc55b, 0xc55c, 0xc55b, 0xcd7c, 0xcdbc, 0xd5dd, 0xde3e, 0xe67f, 0xeebf, 
	0xeeff, 0xeefe, 0xeeff, 0xef1f, 0xf73f, 0xf75f, 0xf75f, 0xf75f, 0xff9f, 0xf77f, 0xef3f, 0xef3f, 0xf77f, 0xf75f, 0xef3f, 0xef1f, 
	0xe6ff, 0xe6df, 0xdebe, 0xd67d, 0xd65d, 0xce3d, 0xce1d, 0xce1d, 0xcdfd, 0xcdfd, 0xcdfd, 0xcddd, 0xcddd, 0xcddd, 0xcddd, 0xcddd, 
	0xcddc, 0xcddc, 0xc5bc, 0xc5bc, 0xc5bd, 0xc5bd, 0xc5dd, 0xc5dd, 0xc5dd, 0xc5dd, 0xc5dd, 0xc5dd, 0xc5dd, 0xc5dc, 0xbddc, 0xc5dc, 
	0xcddc, 0xcddd, 0xcdbd, 0xc5be, 0xc5be, 0xc5be, 0xc5bd, 0xcd9b, 0xacb6, 0xac95, 0xac74, 0xac74, 0xb495, 0xa415, 0x7af2, 0x6250, 
	0x6a72, 0x6a93, 0x6a93, 0x6252, 0x6a93, 0x6a72, 0x6230, 0x72d1, 0x93f5, 0x8bb3, 0x93f4, 0x7b31, 0x6ab0, 0x51ed, 0x520e, 0x49cd, 
	0x41ac, 0x39ac, 0x39ac, 0x41ed, 0x5a6f, 0x62d1, 0x62b1, 0x524f, 0x396c, 0x314b, 0x314c, 0x318d, 0x41ee, 0x318d, 0x294c, 0x5a90, 
	0x6270, 0x7b33, 0x93d5, 0x6a91, 0x6a71, 0x7291, 0x7291, 0x7291, 0x7271, 0x72b2, 0x72b2, 0x620f, 0x51ce, 0x5a0e, 0x5a0e, 0x51ee, 
	0x51ce, 0x498d, 0x51ce, 0x6a90, 0x7af1, 0x7ad1, 0x72d0, 0x7af1, 0x7ad1, 0x7af1, 0x72b0, 0x7af2, 0x8333, 0x624f, 0x59ef, 0x8354, 
	0x7b55, 0x8bd6, 0x9417, 0x72f2, 0x390a, 0x51cd, 0x8312, 0x82f1, 0x82f1, 0x9333, 0xbc78, 0xc4b9, 0xbc79, 0xc4ba, 0xccdb, 0xccdb, 
	0x9395, 0xac58, 0xbcd9, 0xac98, 0xb498, 0xb4b8, 0xb4b9, 0xa458, 0x93d7, 0x8334, 0x7af4, 0x9bf7, 0xacba, 0x9c58, 0x93d5, 0x8bb4, 
	0x7b94, 0x7373, 0x6b32, 0x5ad1, 0x5ab0, 0x4a6f, 0x422e, 0x424f, 0x422e, 0x426f, 0x422e, 0x31cd, 0x31ed, 0x424f, 0x4a90, 0x4a4f, 
	0x4a4f, 0x4a4f, 0x62d1, 0x7333, 0x8bb6, 0x9bf7, 0x9bd7, 0xa3f8, 0xbc7a, 0xcc9b, 0xccbb, 0xcc7b, 0xcc7a, 0xd47b, 0xd49b, 0xd4bb, 
	0xcc7a, 0xcc7a, 0xcc7a, 0xcc7a, 0xcc5a, 0xcc5a, 0xcc7b, 0xd47b, 0xcc3a, 0xc43a, 0xc41a, 0xc419, 0xbbf9, 0xbbf9, 0xb3d9, 0xb3d9, 
	0xb398, 0xb3b9, 0xb3b9, 0xab99, 0xb3da, 0xb41b, 0xabda, 0x9b58, 0x8b17, 0x8b37, 0x9338, 0x9358, 0x9358, 0x9338, 0x8b18, 0x8b18, 
	0x82d6, 0x82d6, 0x82d7, 0x8af7, 0x8af7, 0x9318, 0x9338, 0x9b59, 0x9b38, 0x9b38, 0x9337, 0x9b78, 0x8b16, 0x8b16, 0xa398, 0x82d5, 
	0x598f, 0x6211, 0x7272, 0x6a32, 0x9b77, 0x7212, 0xa377, 0xbc3a, 0xbc1a, 0xbc3b, 0xc47c, 0xcc9c, 0xccbc, 0xccbc, 0xccbc, 0xccbc, 
	0xd4bc, 0xd4dc, 0xdd1d, 0xe53d, 0xdd1d, 0xd4fc, 0xdcfc, 0xdd1c, 0xd4fc, 0xdd1c, 0xdd1c, 0xd4fb, 0xd4fb, 0xdd3b, 0xdd3c, 0xd51b, 
	0xdd3c, 0xdd3c, 0xdd3c, 0xdd3c, 0xdd3c, 0xdd3c, 0xdd3c, 0xdd3c, 0xdd5c, 0xdd3c, 0xd53c, 0xd53c, 0xd53c, 0xd53b, 0xccfa, 0xc4ba, 
	0xccfb, 0xcd1b, 0xcd3c, 0xd53c, 0xcd3c, 0xcd3c, 0xc51b, 0xc4fb, 0xc51b, 0xc51b, 0xc4fb, 0xc51b, 0xc4fb, 0xbcfb, 0xbcfb, 0xbcfb, 
	0xbcfb, 0xbcfb, 0xc51c, 0xc55c, 0xcd7d, 0xd5bd, 0xd5be, 0xd5de, 0xcd7c, 0xcd9c, 0xcdbd, 0xd5dd, 0xd5fe, 0xde3e, 0xe65f, 0xe67f, 
	0xeedf, 0xeeff, 0xef1f, 0xef1f, 0xeefe, 0xe6de, 0xe6fe, 0xef1e, 0xe6fe, 0xe6dd, 0xdebd, 0xdebd, 0xdebd, 0xdede, 0xdebd, 0xd67d, 
	0xd67d, 0xd65d, 0xce3d, 0xce1c, 0xce1c, 0xce1c, 0xce1d, 0xce3d, 0xcdfc, 0xcdfc, 0xcdfd, 0xcddd, 0xcddd, 0xcddd, 0xcddd, 0xcddd, 
	0xcdbc, 0xcdbc, 0xcdbc, 0xc5bc, 0xc5bc, 0xc5bd, 0xc5bd, 0xc5dd, 0xc5dd, 0xc5dd, 0xc5dd, 0xbddd, 0xbddc, 0xbddc, 0xbddc, 0xbddc, 
	0xcdbc, 0xcdbd, 0xcdbd, 0xcd9e, 0xc59e, 0xc59d, 0xc59c, 0xcd9b, 0xac96, 0xb4b5, 0xac74, 0xac94, 0xac95, 0x9bd4, 0x7af2, 0x6a71, 
	0x6a72, 0x6a93, 0x6a94, 0x6a52, 0x6a93, 0x6a72, 0x6230, 0x7af2, 0x9c15, 0x93b3, 0x8bb3, 0x72f0, 0x626f, 0x51ed, 0x5a4f, 0x5a50, 
	0x524f, 0x5a90, 0x5a90, 0x5a70, 0x5a90, 0x62b1, 0x6290, 0x524f, 0x314c, 0x314b, 0x314c, 0x398d, 0x41ee, 0x294c, 0x210b, 0x5290, 
	0x6a90, 0x8353, 0x93b5, 0x6a70, 0x6a70, 0x72b1, 0x72b2, 0x7291, 0x6a91, 0x72b2, 0x72d2, 0x51ce, 0x392b, 0x418c, 0x418c, 0x49ad, 
	0x414c, 0x390b, 0x498c, 0x6a70, 0x7af2, 0x7ad1, 0x72b0, 0x7ad1, 0x7ad1, 0x8312, 0x72b0, 0x6a6f, 0x7af2, 0x8b54, 0x8b95, 0x9bf7, 
	0x8395, 0x8375, 0x7b34, 0x8374, 0x5a0e, 0x38c9, 0x7ad1, 0x8312, 0x82f2, 0x82f2, 0x9354, 0xb458, 0xbc59, 0xb438, 0xccdb, 0xccdc, 
	0x9395, 0xac78, 0xbcb9, 0xac78, 0xac98, 0xac78, 0xac78, 0xa458, 0x93b6, 0x8334, 0x7af4, 0x93d6, 0xa458, 0xa458, 0x9c16, 0x8bd5, 
	0x8bf5, 0x7373, 0x6b53, 0x52b0, 0x5290, 0x4a6f, 0x424e, 0x424e, 0x426f, 0x428f, 0x424f, 0x31ed, 0x31cd, 0x39ee, 0x422e, 0x3a0e, 
	0x5290, 0x526f, 0x62f2, 0x7354, 0x8bb6, 0x9c18, 0xa418, 0xbc9a, 0xc49b, 0xc49b, 0xcc7b, 0xcc7a, 0xcc7a, 0xd47b, 0xdc9b, 0xd49b, 
	0xcc5a, 0xcc5a, 0xcc5a, 0xcc5a, 0xcc5a, 0xcc5a, 0xcc5a, 0xcc5b, 0xcc3a, 0xc41a, 0xc3f9, 0xbbf9, 0xbbf9, 0xb3d9, 0xb3d9, 0xb3b8, 
	0xab98, 0xb3b9, 0xabb9, 0xab99, 0xabb9, 0xabda, 0xa399, 0x9337, 0x82d6, 0x82f6, 0x82f7, 0x82f7, 0x82f7, 0x82d7, 0x7ab6, 0x7ab6, 
	0x7ab6, 0x7a95, 0x7a95, 0x7a96, 0x7ab6, 0x82d6, 0x8af7, 0x8b17, 0x8b17, 0x9b79, 0x9337, 0x9b99, 0x8b16, 0x7ab5, 0x9357, 0x61f1, 
	0x61f1, 0x8b36, 0x6a12, 0x6a12, 0xbc7b, 0x9316, 0x8ad5, 0xabda, 0xbc3b, 0xc47c, 0xcc9c, 0xcc9c, 0xcc9c, 0xcc9c, 0xcc9c, 0xcc9b, 
	0xd4bc, 0xcc9c, 0xd4bc, 0xd4dc, 0xd4dc, 0xd4bb, 0xd4db, 0xd4fc, 0xdd1c, 0xdd1c, 0xdd1c, 0xdd1b, 0xdd3b, 0xdd3c, 0xdd3c, 0xdd3c, 
	0xdd1c, 0xdd1c, 0xdd3c, 0xdd3c, 0xdd3c, 0xdd3c, 0xdd3c, 0xdd3c, 0xdd5c, 0xdd3c, 0xd53c, 0xdd5c, 0xdd5c, 0xdd5c, 0xd4fb, 0xc4ba, 
	0xcd1b, 0xcd1c, 0xd53c, 0xd55d, 0xd57d, 0xd57d, 0xd55d, 0xcd5c, 0xcd3c, 0xcd3c, 0xcd5c, 0xcd5d, 0xcd5c, 0xcd5c, 0xcd5d, 0xcd5d, 
	0xc51c, 0xc53c, 0xc55d, 0xcd7d, 0xcd7d, 0xcd9e, 0xd5be, 0xd5be, 0xc55c, 0xc57c, 0xcd7c, 0xcd9c, 0xcd9c, 0xcd9c, 0xcdbc, 0xcdbc, 
	0xcddc, 0xcdfc, 0xd61c, 0xce1c, 0xcddb, 0xc5db, 0xcdfb, 0xce1b, 0xd63c, 0xd63c, 0xce3c, 0xce3c, 0xd65c, 0xd65d, 0xd65d, 0xd63c, 
	0xce3d, 0xce3d, 0xd63d, 0xd63d, 0xd63d, 0xce1d, 0xce1d, 0xce1d, 0xcdfc, 0xcdfd, 0xcdfd, 0xcdfd, 0xcdfd, 0xcddd, 0xcddd, 0xcddd, 
	0xcdbc, 0xcdbc, 0xc59c, 0xc59c, 0xc59d, 0xc5bd, 0xc5bd, 0xc5bd, 0xc5dd, 0xc5bd, 0xbdbd, 0xbdbc, 0xbdbc, 0xbddc, 0xbddc, 0xc5dc, 
	0xcdbc, 0xd59c, 0xcd9d, 0xcd7d, 0xc57e, 0xc57d, 0xc57c, 0xcd7b, 0xac96, 0xb495, 0xac74, 0xb4b5, 0xa455, 0x8b93, 0x7b12, 0x6a92, 
	0x6a72, 0x6a94, 0x6a94, 0x6252, 0x6a93, 0x6a92, 0x6230, 0x7af2, 0x9c16, 0x93b3, 0x8b92, 0x6aaf, 0x624e, 0x5a2e, 0x72d2, 0x7313, 
	0x7b53, 0x7333, 0x62d1, 0x5a6f, 0x5a90, 0x6ad1, 0x5a90, 0x4a0e, 0x312b, 0x316c, 0x316c, 0x318c, 0x41ee, 0x292b, 0x20ea, 0x5a90, 
	0x6ad1, 0x8b53, 0x93b5, 0x6a70, 0x6a70, 0x72b1, 0x72b2, 0x6a71, 0x7291, 0x72b2, 0x72f2, 0x51ce, 0x392b, 0x418c, 0x396b, 0x49cd, 
	0x418c, 0x416c, 0x49cd, 0x6a90, 0x7af2, 0x72d1, 0x72b0, 0x72b0, 0x72b0, 0x7ad1, 0x7ad1, 0x7ab1, 0x7ad2, 0x8b54, 0x9bd6, 0x9c17, 
	0xa459, 0x8bb6, 0x7b34, 0xa458, 0x8b74, 0x30a9, 0x59ee, 0x8312, 0x8312, 0x82f2, 0x82b1, 0xabf7, 0xbc79, 0xac18, 0xc49a, 0xbc7a, 
	0x93b5, 0xac57, 0xac57, 0xac77, 0xb4b8, 0xbcd9, 0xac77, 0xac58, 0x93b5, 0x8334, 0x8334, 0x93d6, 0xa458, 0x9c37, 0x93d5, 0x8394, 
	0x83b5, 0x6b12, 0x6b32, 0x4a6f, 0x4a8f, 0x4a6f, 0x426f, 0x3a4e, 0x3a6f, 0x426f, 0x3a4f, 0x3a0e, 0x31cd, 0x31ad, 0x31ad, 0x31ad, 
	0x318c, 0x296b, 0x39cd, 0x4a0e, 0x520f, 0x6250, 0x6a72, 0x8b14, 0xbc9b, 0xccbb, 0xccbb, 0xd4bb, 0xd49b, 0xd49b, 0xd45a, 0xcc39, 
	0xcc5a, 0xcc5a, 0xcc3a, 0xcc3a, 0xcc3a, 0xcc3a, 0xcc3a, 0xcc3a, 0xc41a, 0xc41a, 0xbbf9, 0xbbd9, 0xb3d9, 0xb3b8, 0xb3b8, 0xabb8, 
	0xab98, 0xab98, 0xab78, 0xa378, 0xa378, 0x9b58, 0x9337, 0x8b17, 0x82d6, 0x7ab6, 0x7ab6, 0x7295, 0x7295, 0x7295, 0x6a75, 0x6a55, 
	0x6a75, 0x6a75, 0x6a75, 0x6a75, 0x7275, 0x7275, 0x7295, 0x7a95, 0x7ab6, 0x9378, 0x8b37, 0x9378, 0x9377, 0x7ab4, 0x6a32, 0x516f, 
	0x8b36, 0xb47b, 0x61f1, 0x6a33, 0xb45b, 0xb43b, 0x8ad5, 0x9b78, 0xb41a, 0xbc5b, 0xc47c, 0xc47b, 0xc45b, 0xc45b, 0xc45b, 0xc45b, 
	0xcc9c, 0xbc3a, 0xb3f9, 0xbc3a, 0xc45a, 0xc47a, 0xc49b, 0xccbb, 0xd4db, 0xccba, 0xccda, 0xd4fb, 0xd51b, 0xccfb, 0xd51b, 0xdd5c, 
	0xd4fb, 0xd51b, 0xd51c, 0xdd1c, 0xdd1c, 0xdd1c, 0xdd1c, 0xdd1c, 0xdd3c, 0xd51c, 0xd51c, 0xdd3c, 0xdd3c, 0xdd3c, 0xd4fb, 0xccba, 
	0xccdb, 0xccfb, 0xccfb, 0xcd1c, 0xcd3c, 0xd53d, 0xd53d, 0xcd3d, 0xcd3d, 0xcd3d, 0xcd3d, 0xcd5d, 0xcd5d, 0xcd5d, 0xd55d, 0xcd5d, 
	0xc53c, 0xc53c, 0xc53c, 0xc53c, 0xc53c, 0xc51c, 0xbd1c, 0xbd1b, 0xbd1b, 0xbd1b, 0xbd3b, 0xbd3b, 0xbd3b, 0xbd3b, 0xbd3b, 0xbd3b, 
	0xbd7b, 0xc57b, 0xc59c, 0xc5bc, 0xc5bc, 0xcddc, 0xcdfc, 0xcdfd, 0xd63d, 0xd63d, 0xd63e, 0xd63e, 0xd63e, 0xd63e, 0xd63e, 0xd65e, 
	0xd65d, 0xd65d, 0xd65d, 0xd65d, 0xd63d, 0xce1d, 0xcdfd, 0xcdfc, 0xcdfd, 0xcdfd, 0xcdfd, 0xcdfd, 0xcddd, 0xc5dd, 0xc5dc, 0xc5bc, 
	0xc5bd, 0xc59d, 0xc59d, 0xc59d, 0xc59d, 0xc59d, 0xc59d, 0xc5bd, 0xc5bd, 0xc5bd, 0xc5bd, 0xc5bc, 0xc5bc, 0xc5dc, 0xcdfd, 0xd5fd, 
	0xddfd, 0xddbd, 0xd57d, 0xcd7e, 0xd5bf, 0xd5be, 0xcd9d, 0xcd7b, 0xb496, 0xac75, 0xac74, 0xb4b5, 0x9bf3, 0x7b11, 0x7af2, 0x6271, 
	0x6272, 0x6a94, 0x6a94, 0x6252, 0x6a93, 0x6a92, 0x6250, 0x7af2, 0x9bf5, 0x8b73, 0x8352, 0x6aaf, 0x6a90, 0x6a90, 0x7b13, 0x7b13, 
	0x6270, 0x520f, 0x398c, 0x396c, 0x520f, 0x6af2, 0x62d2, 0x4a0f, 0x312b, 0x396c, 0x316c, 0x316c, 0x39ce, 0x294b, 0x210a, 0x5ab1, 
	0x72d1, 0x8b53, 0x93b5, 0x6a70, 0x6a70, 0x7291, 0x7291, 0x6a71, 0x72b2, 0x6a91, 0x72f2, 0x51ee, 0x418c, 0x49ed, 0x398c, 0x49ee, 
	0x51ee, 0x49ce, 0x520e, 0x6a90, 0x72f1, 0x72d1, 0x72b0, 0x72b1, 0x7af2, 0x7290, 0x7ad1, 0x7ad2, 0x7291, 0x9395, 0xbcfb, 0xcd5c, 
	0xbcfb, 0xbcfb, 0xac79, 0xbd1b, 0xa417, 0x59ad, 0x410a, 0x7290, 0x8312, 0x82f2, 0x82d2, 0x9b75, 0xb438, 0xb439, 0xabf8, 0xa3d8, 
	0x8b94, 0xac77, 0xac77, 0xacb8, 0xac98, 0xacb8, 0x9c36, 0xa478, 0x8bb5, 0x7b14, 0x7b34, 0x8bb6, 0x9c37, 0x9c17, 0x93d5, 0x93f5, 
	0x83d5, 0x6b12, 0x6b32, 0x4a6f, 0x4a8f, 0x4a8f, 0x426f, 0x3a4e, 0x3a6f, 0x426f, 0x426f, 0x3a4f, 0x39ee, 0x31ad, 0x318c, 0x318c, 
	0x31ac, 0x296c, 0x39ad, 0x398d, 0x396c, 0x416d, 0x498e, 0x6a31, 0x82b3, 0x9335, 0xabb7, 0xbc39, 0xcc7a, 0xcc7b, 0xcc7a, 0xcc3a, 
	0xcc3a, 0xcc3a, 0xcc3a, 0xc41a, 0xc41a, 0xc419, 0xc3f9, 0xc3f9, 0xc41a, 0xc3f9, 0xbbd9, 0xb3b8, 0xb3b8, 0xb3b8, 0xabb8, 0xab98, 
	0xab98, 0xa378, 0xa358, 0xa358, 0x9b37, 0x92f6, 0x8ad6, 0x8af6, 0x82d6, 0x7ab6, 0x7275, 0x6a54, 0x6a55, 0x6a55, 0x6a75, 0x6a55, 
	0x6a54, 0x6a54, 0x6a54, 0x6a54, 0x6a54, 0x6a54, 0x6a54, 0x6a54, 0x6a74, 0x8337, 0x7af6, 0x7ad5, 0x8b77, 0x72b4, 0x5190, 0x6212, 
	0x9398, 0xa41a, 0x7274, 0x6a12, 0xb45c, 0xb43b, 0xa399, 0x8ad6, 0xabda, 0xb43b, 0xbc7c, 0xc47c, 0xbc5b, 0xc47b, 0xc47b, 0xc45b, 
	0xc47c, 0xbc5b, 0xbc5b, 0xbc5b, 0xbc39, 0xbc39, 0xccbb, 0xdd5d, 0xccba, 0xbc79, 0xbc79, 0xc4ba, 0xc4ba, 0xbc78, 0xbc78, 0xc4ba, 
	0xccfb, 0xd4fb, 0xd4fb, 0xd4fc, 0xd51c, 0xd51c, 0xd51c, 0xd51c, 0xd51c, 0xd51c, 0xd51c, 0xd51c, 0xd51c, 0xd4fc, 0xccdb, 0xccdb, 
	0xccdb, 0xc4db, 0xc4db, 0xc4bb, 0xc4bb, 0xbcbb, 0xc4bb, 0xc4bb, 0xc4dc, 0xc4db, 0xc4db, 0xc4fb, 0xc4fb, 0xc4fb, 0xc4fb, 0xc4fb, 
	0xbcdb, 0xb4db, 0xbcdb, 0xbcdb, 0xbcdb, 0xbcdb, 0xbcdb, 0xbcfb, 0xbcfb, 0xbcfb, 0xbd1b, 0xbd1b, 0xbd3b, 0xc55b, 0xc57c, 0xc59c, 
	0xc59c, 0xc59c, 0xc59d, 0xcdbd, 0xcdde, 0xd5fe, 0xd61e, 0xd61e, 0xd61e, 0xd61e, 0xd63f, 0xd63f, 0xd61e, 0xd61e, 0xd61e, 0xd61e, 
	0xce1d, 0xce1d, 0xcdfc, 0xcdfc, 0xcdfc, 0xcdfc, 0xcdfd, 0xcdfd, 0xcdfd, 0xcdfd, 0xcddd, 0xcddd, 0xc5dd, 0xc5bc, 0xc5bc, 0xc5bc, 
	0xc5bd, 0xc59d, 0xc59d, 0xc59d, 0xc59d, 0xc59d, 0xc59d, 0xc59d, 0xcdbd, 0xcdbd, 0xcd9d, 0xcdbd, 0xcdbd, 0xd5fd, 0xde1e, 0xde3e, 
	0xd59c, 0xcd3b, 0xbcdb, 0xbcfb, 0xc53d, 0xcd7d, 0xc53b, 0xbcd9, 0xb4b6, 0xac75, 0xac74, 0xb4b5, 0x8b92, 0x6a8f, 0x72d1, 0x5a30, 
	0x6272, 0x6a93, 0x6a94, 0x6273, 0x7293, 0x7292, 0x6a51, 0x7af2, 0x93b4, 0x8332, 0x8332, 0x72f0, 0x7b11, 0x72d1, 0x7af2, 0x6a91, 
	0x520f, 0x520e, 0x41ad, 0x396c, 0x49ee, 0x62b1, 0x62b1, 0x522f, 0x292b, 0x398d, 0x316c, 0x294c, 0x39cd, 0x294b, 0x210a, 0x5ab1, 
	0x6ab1, 0x8b53, 0x93b5, 0x7291, 0x6a71, 0x6a71, 0x6a71, 0x6a91, 0x72b2, 0x6271, 0x6ad2, 0x520f, 0x41cd, 0x4a0e, 0x398c, 0x41ed, 
	0x520e, 0x51ee, 0x5a2f, 0x6270, 0x6ab1, 0x72b1, 0x72d1, 0x7ad1, 0x72b1, 0x7290, 0x7ad2, 0x7ab1, 0x7291, 0xac38, 0xc51b, 0x9bd7, 
	0xa439, 0xcd7e, 0xc53d, 0xbcdb, 0x93b6, 0x7ad2, 0x30a9, 0x61ee, 0x82f2, 0x7ad2, 0x82f3, 0x82d2, 0x9bb6, 0xac39, 0x9355, 0x9356, 
	0x8394, 0x9c57, 0xacd9, 0xacb8, 0xacb8, 0xacd8, 0xacd8, 0x9c37, 0x8bb5, 0x7b54, 0x72f3, 0x8bd6, 0x9437, 0x83b5, 0x8bd5, 0x8bd5, 
	0x7b94, 0x7353, 0x62d1, 0x5290, 0x4a6f, 0x426f, 0x426f, 0x3a6f, 0x3a4e, 0x426f, 0x3a4e, 0x3a2e, 0x424f, 0x31cd, 0x296c, 0x39ee, 
	0x29ac, 0x31cd, 0x5290, 0x318d, 0x41ef, 0x7b54, 0x8bd7, 0x8334, 0x7272, 0x6a11, 0x7232, 0x69d0, 0x9b35, 0xd4fc, 0xbc39, 0xcc7b, 
	0xc43a, 0xc41a, 0xc419, 0xc3f9, 0xc3f9, 0xc3fa, 0xc3f9, 0xc3f9, 0xbbd9, 0xbbd9, 0xbbd9, 0xb3b8, 0xab98, 0xab98, 0xab77, 0xa357, 
	0xa357, 0xa357, 0xa337, 0x9b37, 0x9b17, 0x92f6, 0x9317, 0x9337, 0x7a75, 0x7254, 0x6a34, 0x6a34, 0x6a54, 0x6a54, 0x6a54, 0x6a54, 
	0x6254, 0x6a54, 0x6a75, 0x6a75, 0x6254, 0x6213, 0x6234, 0x6254, 0x6254, 0x6a95, 0x72d6, 0x72b5, 0x5a12, 0x51b0, 0x5a11, 0x72b4, 
	0x7294, 0x7294, 0x6a33, 0x7254, 0xa3da, 0xa3fa, 0xa3da, 0x9337, 0x9358, 0xabda, 0xbc5c, 0xbc7c, 0xc49c, 0xc4bc, 0xc4bc, 0xc47c, 
	0xccdd, 0xbc9c, 0xccfe, 0xccfd, 0xccfd, 0xccdc, 0xd51c, 0xfe7f, 0xfe9f, 0xfe9f, 0xfe7f, 0xfe9f, 0xfe9f, 0xe5de, 0xcd3b, 0xcd1b, 
	0xbc7a, 0xc47a, 0xccbb, 0xccdb, 0xccdb, 0xccbb, 0xccdb, 0xd51c, 0xccdb, 0xd4fc, 0xd4fc, 0xd4fc, 0xccdb, 0xccdb, 0xccdb, 0xd4fc, 
	0xccdb, 0xc4db, 0xc4bb, 0xbc9a, 0xbc9a, 0xbc7a, 0xbc7a, 0xbc7a, 0xb47a, 0xc4bb, 0xbc9a, 0xb459, 0xbc9a, 0xbcba, 0xbcba, 0xbcba, 
	0xb49a, 0xbcfb, 0xb4db, 0xb4bb, 0xbd1c, 0xb4db, 0xb4ba, 0xbcfb, 0xbcfb, 0xbd1b, 0xbd1b, 0xbd3b, 0xbd3b, 0xc55b, 0xc55b, 0xc55b, 
	0xc57c, 0xc57c, 0xc57d, 0xc59d, 0xcdbe, 0xd5fe, 0xd5fe, 0xd5fe, 0xcdfe, 0xd63f, 0xd61e, 0xcdfe, 0xd63f, 0xd63e, 0xd61e, 0xd61e, 
	0xd63e, 0xc5dc, 0xd61d, 0xcddc, 0xcddc, 0xde5e, 0xcddc, 0xcdfd, 0xce1e, 0xc5bc, 0xc5bc, 0xcdfd, 0xcdfe, 0xc59c, 0xc59c, 0xc5bd, 
	0xc5bd, 0xc5be, 0xc59e, 0xc59e, 0xc59e, 0xcdbe, 0xc57d, 0xbd3c, 0xac99, 0xa458, 0xddde, 0xddde, 0xd5bd, 0xee5f, 0xd59c, 0xd59c, 
	0xd55b, 0xc51a, 0xc4fb, 0xbcdb, 0xb4bb, 0xb49a, 0xac99, 0xac57, 0xb496, 0xac75, 0xac54, 0xb4b6, 0x8b72, 0x72f1, 0x72d2, 0x5a30, 
	0x6272, 0x6252, 0x6a93, 0x6a93, 0x6a93, 0x6a72, 0x6250, 0x7b13, 0x8b73, 0x72d0, 0x6aaf, 0x7b11, 0x8353, 0x72d2, 0x6271, 0x6250, 
	0x5a30, 0x4a0f, 0x418d, 0x398d, 0x4a0f, 0x62d2, 0x62b1, 0x4a2f, 0x314b, 0x316c, 0x316c, 0x39cd, 0x39ee, 0x210a, 0x294b, 0x62d1, 
	0x6ab1, 0x8b74, 0x93b5, 0x6a50, 0x7291, 0x7291, 0x6a50, 0x6a91, 0x6ab2, 0x6ab1, 0x6ab2, 0x522f, 0x49ee, 0x4a0e, 0x41ed, 0x4a0e, 
	0x5a70, 0x520f, 0x5a2f, 0x6ab1, 0x72d2, 0x6ab1, 0x6a91, 0x72d1, 0x72b1, 0x72b1, 0x7291, 0x72b1, 0x82f3, 0x8334, 0x72b2, 0x620f, 
	0x7af4, 0xb4bb, 0xbcfb, 0xa438, 0x8b54, 0x72b2, 0x620f, 0x38ea, 0x7291, 0x82f3, 0x7ab2, 0x7ab2, 0x9375, 0x9376, 0x82d3, 0x7a93, 
	0x6290, 0x7312, 0x7352, 0x8bd4, 0x7b93, 0x83d4, 0x83b4, 0x8bf6, 0x7333, 0x6b13, 0x7334, 0x8bf6, 0x9c58, 0x9437, 0x8c15, 0x8bf5, 
	0x7b94, 0x7353, 0x62f1, 0x5290, 0x4a6f, 0x424f, 0x3a4e, 0x3a2e, 0x3a4f, 0x428f, 0x426f, 0x424f, 0x424f, 0x39ee, 0x318c, 0x31cd, 
	0x31ed, 0x298c, 0x422f, 0x39ee, 0x5a91, 0x7334, 0x8396, 0x8b96, 0xac5a, 0xa419, 0xa419, 0x9376, 0xabf9, 0xc4bb, 0xabf8, 0xb3f9, 
	0xc43a, 0xc41a, 0xc3fa, 0xc3f9, 0xc3f9, 0xc3f9, 0xc3f9, 0xc3d9, 0xc3d9, 0xc3d9, 0xbbd9, 0xb398, 0xab78, 0xab77, 0xa357, 0xa337, 
	0xa337, 0xa337, 0xa358, 0xab78, 0xa378, 0x9b37, 0x9b17, 0x9337, 0x8af6, 0x7a54, 0x69f3, 0x6a13, 0x6a13, 0x61f3, 0x6233, 0x7295, 
	0x6a74, 0x6a74, 0x6a74, 0x6a74, 0x6234, 0x5a13, 0x5a13, 0x6234, 0x5a33, 0x6274, 0x6a95, 0x5a33, 0x4990, 0x414f, 0x59f1, 0x72b4, 
	0x6a53, 0x6a54, 0x59d2, 0x59d2, 0x8317, 0x8b58, 0x9b99, 0x9358, 0x8b37, 0x9b78, 0xa3b9, 0xa3b9, 0xa3b9, 0xabd9, 0xac1a, 0xac1a, 
	0xac3b, 0xac3a, 0xb47b, 0xb45a, 0xbc7b, 0xc4bb, 0xc4bb, 0xdd7e, 0xdd7d, 0xd55d, 0xd53c, 0xdd9d, 0xee1f, 0xee3f, 0xee3f, 0xee5f, 
	0xe5bf, 0xe57e, 0xdd5e, 0xd53d, 0xccfc, 0xc49b, 0xbc7a, 0xc47a, 0xccfc, 0xccbb, 0xc49b, 0xbc7a, 0xc47a, 0xc49b, 0xc4bb, 0xccbb, 
	0xc4bb, 0xc4bb, 0xc4bb, 0xc4bb, 0xbcbb, 0xbc9b, 0xbc9b, 0xbc9b, 0xbc9b, 0xbc7a, 0xb45a, 0xbc7a, 0xbcba, 0xb479, 0xb458, 0xbcba, 
	0xb49a, 0xb4ba, 0xac79, 0xac79, 0xb4db, 0xbcfb, 0xb4da, 0xbcfb, 0xbd1b, 0xbd1b, 0xbd1b, 0xbd3b, 0xc55b, 0xc55b, 0xc55b, 0xc55b, 
	0xc57c, 0xc57c, 0xc59d, 0xcdbd, 0xd5fe, 0xd61e, 0xd61e, 0xd61e, 0xcdfd, 0xd61e, 0xcdfd, 0xcddd, 0xcdfd, 0xcdfd, 0xcddd, 0xcdfd, 
	0xcddc, 0xcdbc, 0xd61d, 0xd63e, 0xd5fd, 0xd63e, 0xd61e, 0xbd5b, 0xcddd, 0xd61e, 0xd61e, 0xc59d, 0xc57c, 0xcdbd, 0xcdfe, 0xcdde, 
	0xc5be, 0xc5bf, 0xc5be, 0xbd5d, 0xacbb, 0x9c18, 0x8355, 0x72b3, 0x6a51, 0x6a51, 0xa417, 0xcd5c, 0xdd9d, 0xdd9d, 0xcd1a, 0xddbd, 
	0xd57c, 0xcd5c, 0xc51b, 0xb4bb, 0xb4bb, 0xb4bb, 0xb4ba, 0xac98, 0xac76, 0xac75, 0xac74, 0xb4b6, 0x8372, 0x7b11, 0x72f2, 0x6251, 
	0x6252, 0x6252, 0x6273, 0x6252, 0x6a92, 0x6a92, 0x6250, 0x72b1, 0x8b74, 0x8b73, 0x8352, 0x7b32, 0x7af2, 0x6ab1, 0x6a71, 0x6251, 
	0x5a30, 0x49ef, 0x398d, 0x396d, 0x41ee, 0x524f, 0x4a0f, 0x39ad, 0x316c, 0x318c, 0x316c, 0x39cd, 0x41ee, 0x212a, 0x294b, 0x62b1, 
	0x6a90, 0x8b74, 0x9395, 0x6a50, 0x6a91, 0x7291, 0x6a71, 0x72b2, 0x6a92, 0x72d2, 0x6ad2, 0x520f, 0x41ce, 0x524f, 0x524f, 0x4a2f, 
	0x520f, 0x49ee, 0x520f, 0x6a91, 0x72d2, 0x6ab1, 0x6a91, 0x72b1, 0x7291, 0x72b1, 0x72b1, 0x72b1, 0x72b2, 0x7291, 0x59ef, 0x412c, 
	0x59ef, 0x8b55, 0x9396, 0x8313, 0x72b2, 0x6a71, 0x622f, 0x518d, 0x59ef, 0x7af2, 0x7ab2, 0x82f3, 0x7ab2, 0x82f4, 0x6a31, 0x6a31, 
	0x41ed, 0x41cd, 0x398b, 0x62b0, 0x49ed, 0x49ed, 0x41ac, 0x62b1, 0x524f, 0x41ee, 0x5230, 0x5250, 0x5ab1, 0x6b32, 0x5ab0, 0x62d1, 
	0x6311, 0x62d1, 0x5ab0, 0x526f, 0x4a6f, 0x424f, 0x424f, 0x424e, 0x3a4e, 0x428f, 0x426f, 0x424f, 0x424f, 0x3a0e, 0x31ad, 0x31ad, 
	0x39ee, 0x29ac, 0x3a0e, 0x422f, 0x5ad2, 0x5a91, 0x5a51, 0x6272, 0x6a93, 0x8335, 0x8b76, 0x9397, 0xac3a, 0xb45a, 0xb47a, 0xc4bc, 
	0xbc1a, 0xc3fa, 0xbbd9, 0xbbd9, 0xbbd9, 0xc3d9, 0xc3d9, 0xc3d9, 0xbbd9, 0xbbd9, 0xbbd9, 0xb398, 0xb398, 0xab98, 0xab77, 0xab77, 
	0xa357, 0xa357, 0xab78, 0xb3b9, 0xabb9, 0xab78, 0xa358, 0xa378, 0x8ad6, 0x71f2, 0x6191, 0x69f2, 0x6a13, 0x59b1, 0x6213, 0x7ad6, 
	0x7ad6, 0x7295, 0x6a74, 0x6a54, 0x6254, 0x5a33, 0x5a13, 0x5a13, 0x51d2, 0x5a13, 0x5a33, 0x51f2, 0x4990, 0x4990, 0x51d1, 0x5a12, 
	0x59f2, 0x6213, 0x51b1, 0x4970, 0x6a54, 0x7275, 0x82f7, 0x82f7, 0x7ab5, 0x7ad6, 0x8b17, 0x9378, 0x9378, 0x9358, 0x9b78, 0x9b98, 
	0x9bb9, 0x9bb8, 0x9bb8, 0x9b98, 0xa3d8, 0xabf8, 0xa3d7, 0xb439, 0xbc79, 0xb479, 0xabf7, 0x9bb6, 0xa3d7, 0xa417, 0xa418, 0xac38, 
	0xb45a, 0xb439, 0xb439, 0xb439, 0xb439, 0xb419, 0xb439, 0xb43a, 0xc4bc, 0xbc7a, 0xabf9, 0xabd8, 0xabf8, 0xb439, 0xbc5a, 0xbc5a, 
	0xb439, 0xb45a, 0xb45a, 0xb45a, 0xac39, 0xac19, 0xac19, 0xac1a, 0xb45a, 0xbc7b, 0xbc9a, 0xc4bb, 0xc4fb, 0xc4db, 0xbcba, 0xc4fb, 
	0xbcda, 0xbcfb, 0xbcda, 0xb4da, 0xbd1b, 0xbd1b, 0xbd1b, 0xc53c, 0xbd1b, 0xbd1b, 0xbd1b, 0xbd3b, 0xc57c, 0xc57c, 0xc57c, 0xc57c, 
	0xcdbc, 0xcddc, 0xcddd, 0xd5dd, 0xd5fd, 0xd5fd, 0xd5fd, 0xcddd, 0xd61d, 0xd61d, 0xcdfc, 0xcdfc, 0xd63d, 0xd61d, 0xd61c, 0xd63d, 
	0xde5e, 0xcddc, 0xcdbc, 0xd5fd, 0xcd9c, 0xc57c, 0xe67f, 0xe67f, 0xc59d, 0xd5fe, 0xd61f, 0xcdde, 0xc59d, 0xbd5c, 0xac9a, 0x8bd7, 
	0x9439, 0x8bf8, 0x7b76, 0x6ad4, 0x5a52, 0x5a31, 0x6231, 0x6231, 0x59f0, 0x8b55, 0xb479, 0xc4db, 0xccfb, 0xd53c, 0xd51b, 0xccfa, 
	0xcd3b, 0xc53b, 0xa438, 0x8334, 0x7af4, 0x72f4, 0x72d2, 0x72d1, 0xa455, 0xac95, 0xac95, 0xb4b6, 0x8351, 0x7b32, 0x7b33, 0x6271, 
	0x5a31, 0x5a32, 0x6252, 0x6231, 0x6a72, 0x6a92, 0x6250, 0x6a91, 0x7af1, 0x8b73, 0x8b94, 0x7b32, 0x72d1, 0x6ab1, 0x6271, 0x5a30, 
	0x5230, 0x41ce, 0x398d, 0x398d, 0x39ad, 0x39ad, 0x318c, 0x294b, 0x318c, 0x318c, 0x296c, 0x39cd, 0x420e, 0x294b, 0x316c, 0x62d1, 
	0x6ab0, 0x8353, 0x8bb5, 0x6a70, 0x6a91, 0x6a71, 0x6a71, 0x72b2, 0x6a91, 0x72f3, 0x6ad2, 0x49ce, 0x41ae, 0x6291, 0x5a90, 0x522f, 
	0x49cd, 0x49ad, 0x520e, 0x6291, 0x72d2, 0x72b1, 0x6a91, 0x72b1, 0x6a71, 0x7291, 0x72b1, 0x7291, 0x7291, 0x6a71, 0x5a0f, 0x498d, 
	0x51ce, 0x6a91, 0x6a51, 0x5a0f, 0x5a0f, 0x5a0f, 0x622f, 0x59ce, 0x496c, 0x6a50, 0x7af2, 0x8313, 0x7292, 0x7ab2, 0x7a93, 0x82d4, 
	0x5ab0, 0x4a2e, 0x41ed, 0x62f1, 0x524e, 0x41ed, 0x39ac, 0x5a90, 0x4a2f, 0x398d, 0x4a2f, 0x316d, 0x39ad, 0x524f, 0x318b, 0x39ac, 
	0x39cd, 0x39cd, 0x39ac, 0x39ac, 0x39ac, 0x31cd, 0x31cd, 0x31cd, 0x3a0e, 0x424f, 0x424f, 0x424f, 0x424f, 0x424f, 0x39ee, 0x31ac, 
	0x31ad, 0x39ee, 0x4a50, 0x5270, 0x7354, 0x6af3, 0x62b3, 0x6ad4, 0x8b97, 0x93d8, 0x8336, 0x7293, 0x6a73, 0x59d0, 0x7ad4, 0x9377, 
	0xb3f9, 0xbbd9, 0xbbd9, 0xbbb9, 0xbbb9, 0xbbd9, 0xbbb9, 0xbbb9, 0xbbb9, 0xbbd9, 0xbbd9, 0xbbb9, 0xbbb9, 0xbbd9, 0xbbd9, 0xb3d9, 
	0xb398, 0xab98, 0xb398, 0xb399, 0xb399, 0xb399, 0xb3b9, 0xbbfa, 0xab78, 0x92f6, 0x8ad5, 0x9b57, 0x9b78, 0x8b16, 0x8b37, 0x9bb9, 
	0x8b58, 0x7af6, 0x72b5, 0x6a74, 0x6274, 0x6234, 0x5a13, 0x5a13, 0x51f2, 0x51f2, 0x49b1, 0x49b1, 0x51f2, 0x5a33, 0x59f2, 0x4990, 
	0x51b1, 0x5a12, 0x51b1, 0x4971, 0x6233, 0x59f3, 0x6a54, 0x6a54, 0x6234, 0x6a34, 0x7295, 0x8b37, 0x8b58, 0x8b17, 0x8b37, 0x9378, 
	0x9378, 0x8b77, 0x9377, 0x9397, 0x9b97, 0x9b76, 0x9b96, 0xb438, 0xccfb, 0xd53c, 0xccfb, 0xb459, 0xabf8, 0xa3d7, 0x9bb7, 0x9bb7, 
	0x9bb7, 0x9b97, 0x9b77, 0x9b77, 0x9b97, 0x9b97, 0xa3b8, 0xa3b8, 0xac19, 0xa3d8, 0x9b97, 0x9b77, 0x9b77, 0xa397, 0xa398, 0xa397, 
	0x9b97, 0x9bb7, 0xa3b8, 0x9bb7, 0x9b97, 0x9b97, 0xa3b8, 0xa3d9, 0xa3d8, 0xbc9b, 0xc4dc, 0xc4db, 0xcd1c, 0xd57d, 0xd55c, 0xc51b, 
	0xc51b, 0xcd7c, 0xd59d, 0xcd9c, 0xcd7c, 0xc57c, 0xc55b, 0xc57c, 0xcd9c, 0xcd7c, 0xcd7c, 0xcd9c, 0xd5dd, 0xd5fe, 0xd5fe, 0xd5fd, 
	0xd5fd, 0xd5fd, 0xd5fc, 0xd5fc, 0xcddc, 0xcddc, 0xcddc, 0xcdbc, 0xcdfc, 0xcdfc, 0xcddb, 0xcdfc, 0xd63c, 0xd61c, 0xce1b, 0xde5d, 
	0xd5fd, 0xac98, 0x9c16, 0x9c16, 0x93f5, 0x7b12, 0x9c16, 0xd5fe, 0xeebf, 0xc57d, 0xacba, 0xacdb, 0xacba, 0x93d7, 0x72d3, 0x5a51, 
	0x5a52, 0x5a52, 0x5a32, 0x5a32, 0x5a32, 0x5a32, 0x6232, 0x6252, 0x6a72, 0xc4fc, 0xd59e, 0xc4fb, 0xc4ba, 0xcd1b, 0xd53b, 0xb478, 
	0xac57, 0xa457, 0x72f2, 0x416d, 0x416d, 0x418e, 0x418d, 0x49cd, 0x9c35, 0xacb6, 0xb4b6, 0xac95, 0x7b31, 0x7b32, 0x7b34, 0x6271, 
	0x5a31, 0x5a31, 0x6252, 0x6231, 0x6271, 0x6a71, 0x6250, 0x72d2, 0x7b12, 0x8353, 0x7b32, 0x6ab0, 0x6270, 0x6291, 0x6271, 0x5230, 
	0x41ef, 0x398d, 0x316d, 0x398d, 0x39ad, 0x318d, 0x296c, 0x296c, 0x318c, 0x318c, 0x294b, 0x31ac, 0x420e, 0x316b, 0x318c, 0x62f1, 
	0x62b0, 0x8333, 0x8bb5, 0x6a91, 0x6a91, 0x6a71, 0x6a71, 0x72b2, 0x6a91, 0x72b2, 0x6ab2, 0x51ce, 0x49ce, 0x6291, 0x6270, 0x520f, 
	0x49ce, 0x49ad, 0x51ee, 0x6270, 0x72d2, 0x72b1, 0x6a91, 0x72b2, 0x6a91, 0x7291, 0x7291, 0x6a91, 0x72b1, 0x72b2, 0x72b2, 0x6ab1, 
	0x6a71, 0x72b2, 0x5a0f, 0x59ef, 0x5a2f, 0x5a0f, 0x5a2f, 0x5a0f, 0x498d, 0x51ae, 0x7af3, 0x72b2, 0x82f3, 0x6a51, 0x9b96, 0xac18, 
	0x5a90, 0x420e, 0x4a2e, 0x62f0, 0x6311, 0x5aaf, 0x526f, 0x62f2, 0x5270, 0x4a0f, 0x62f3, 0x4a0f, 0x4a2f, 0x62d1, 0x398c, 0x316b, 
	0x39ac, 0x39ac, 0x39ac, 0x39ac, 0x39cd, 0x39cd, 0x39cd, 0x39cd, 0x420e, 0x422f, 0x4a4f, 0x424f, 0x424f, 0x424f, 0x3a2e, 0x31ad, 
	0x296c, 0x31ad, 0x41ee, 0x4a30, 0x62d3, 0x5231, 0x5a72, 0x72f4, 0x6a93, 0x8b97, 0x8bb8, 0x8b77, 0x8357, 0x51d1, 0x6253, 0x7ab4, 
	0xb3d9, 0xb3b9, 0xb3b9, 0xb398, 0xbbb9, 0xbbb9, 0xbbb9, 0xbbb9, 0xbbb9, 0xbbd9, 0xbbd9, 0xbbd9, 0xbbd9, 0xc41a, 0xc41a, 0xc3fa, 
	0xbbd9, 0xb3b9, 0xb398, 0xb3b9, 0xb3b9, 0xbbb9, 0xbbfa, 0xc43b, 0xcc7c, 0xc45b, 0xc45b, 0xcc9c, 0xccbc, 0xbc7b, 0xb45b, 0xb45b, 
	0x9bb9, 0x8b57, 0x7ad5, 0x6a95, 0x6a74, 0x6254, 0x5a13, 0x59f3, 0x5a34, 0x51f2, 0x4170, 0x4150, 0x51b1, 0x6233, 0x5a13, 0x51d1, 
	0x51d1, 0x5a12, 0x51d2, 0x4991, 0x6254, 0x59f3, 0x5a13, 0x51d3, 0x6234, 0x59f3, 0x59f3, 0x6a54, 0x7275, 0x7275, 0x7ad6, 0x8b37, 
	0x8317, 0x93b8, 0x9bb8, 0x9377, 0x9b97, 0xabd8, 0xbc7a, 0xccfc, 0xccbb, 0xdd3d, 0xd51c, 0xc4bb, 0xc49b, 0xbc7a, 0xac19, 0xa3d8, 
	0x9bb8, 0x9bb8, 0x9b97, 0x9377, 0x9356, 0x9356, 0x9356, 0x9336, 0x9377, 0x9377, 0x9377, 0x9357, 0x9357, 0x9357, 0x9336, 0x9336, 
	0x8b36, 0x9356, 0x9356, 0x9356, 0x9357, 0x9b77, 0xa3b9, 0xabf9, 0xb45a, 0xcd3e, 0xddbf, 0xe5df, 0xee3f, 0xfe9f, 0xf67f, 0xee3f, 
	0xee5f, 0xee7f, 0xf6bf, 0xee9f, 0xee9f, 0xee9f, 0xee7f, 0xe63e, 0xde1e, 0xd5fd, 0xd5dd, 0xd5fd, 0xd5fe, 0xd5fe, 0xd5fe, 0xd5fd, 
	0xd5dd, 0xd5dc, 0xcdbc, 0xcdbc, 0xcdbc, 0xcddd, 0xd5fd, 0xd5fd, 0xd5fd, 0xd61d, 0xd5fc, 0xd63d, 0xde5d, 0xd63c, 0xd63c, 0xe69e, 
	0xe65e, 0xac98, 0x9c16, 0x8353, 0x9bf6, 0x72b1, 0x59ee, 0xac79, 0xf6df, 0xac9a, 0x6ab3, 0x6272, 0x6a92, 0x6252, 0x6252, 0x6ab4, 
	0x6294, 0x6274, 0x6274, 0x6274, 0x6294, 0x6253, 0x5a32, 0x59f1, 0x8336, 0xbd1c, 0xcd7d, 0xcd7d, 0xbcda, 0x93b5, 0x93b5, 0x9394, 
	0x9c16, 0x9c36, 0x72f2, 0x418e, 0x418e, 0x41ae, 0x41ad, 0x51ed, 0x9c35, 0xacb6, 0xb4d6, 0xac75, 0x72f0, 0x7b12, 0x7b34, 0x5a51, 
	0x5a31, 0x5a31, 0x6252, 0x6251, 0x6231, 0x5a30, 0x5a30, 0x7b33, 0x93d5, 0x7b32, 0x5a6f, 0x51ee, 0x520f, 0x5230, 0x5231, 0x4a10, 
	0x39ae, 0x316d, 0x316d, 0x31ae, 0x39ce, 0x318d, 0x298c, 0x31ad, 0x298c, 0x298c, 0x214b, 0x318c, 0x39ed, 0x296b, 0x316b, 0x5ab0, 
	0x5a6f, 0x72d1, 0x8374, 0x6ab1, 0x6ab1, 0x6a71, 0x6a71, 0x7292, 0x6a92, 0x6a71, 0x6a91, 0x5a10, 0x5a0f, 0x6271, 0x5a50, 0x5a0f, 
	0x520f, 0x51ee, 0x5a0f, 0x6270, 0x6ab1, 0x72b1, 0x7291, 0x72b2, 0x72b2, 0x7291, 0x6a91, 0x6a91, 0x6a91, 0x6ab1, 0x72d2, 0x7b13, 
	0x72f2, 0x72d2, 0x5a2f, 0x624f, 0x6a90, 0x6270, 0x6270, 0x624f, 0x51ee, 0x498d, 0x6a91, 0x7291, 0x7af3, 0x6a30, 0x9375, 0xac39, 
	0x5ab0, 0x4a4e, 0x528f, 0x6b31, 0x7bb4, 0x7393, 0x7373, 0x7b94, 0x5a91, 0x4a50, 0x62f3, 0x4a30, 0x5250, 0x6b33, 0x4a2e, 0x4a2e, 
	0x4a2e, 0x4a2e, 0x4a2e, 0x4a4f, 0x5ab0, 0x62d1, 0x62d1, 0x5ad1, 0x524f, 0x4a2f, 0x4a4f, 0x4a4f, 0x424f, 0x426f, 0x424f, 0x31cd, 
	0x420e, 0x41ee, 0x5270, 0x6b13, 0x7334, 0x49cf, 0x51f0, 0x6272, 0x7b15, 0x8b98, 0x8b98, 0x7af6, 0x72f6, 0x49b1, 0x6ab4, 0x8b37, 
	0xabd9, 0xb3b9, 0xb398, 0xb398, 0xb399, 0xbbb9, 0xbbb9, 0xbbb9, 0xbbb9, 0xc3d9, 0xc3d9, 0xbbb9, 0xbbd9, 0xc3fa, 0xc3fa, 0xbbda, 
	0xbbb9, 0xbbb9, 0xbbb9, 0xc3d9, 0xc3fa, 0xc3d9, 0xc3fa, 0xcc3b, 0xcc7c, 0xd49c, 0xd49c, 0xcc9c, 0xccbc, 0xccbc, 0xc49b, 0xb45a, 
	0xa3d9, 0x8b58, 0x7ad5, 0x7294, 0x6a74, 0x6233, 0x5a13, 0x51f3, 0x51d2, 0x51d2, 0x49b1, 0x4991, 0x51b2, 0x51f2, 0x59f2, 0x59d2, 
	0x59f2, 0x5a12, 0x49b1, 0x4990, 0x6254, 0x5213, 0x5a33, 0x51f3, 0x5a13, 0x51f3, 0x51d3, 0x5a13, 0x6213, 0x61f3, 0x6a34, 0x7275, 
	0x8b57, 0xac3a, 0x9bd9, 0x8b36, 0x9b77, 0xbc5a, 0xd51d, 0xd4fc, 0xdd1c, 0xdd3d, 0xd4fc, 0xccdc, 0xdd1d, 0xd51d, 0xbc5b, 0xa3b8, 
	0x8b16, 0x8b56, 0x8b56, 0x8b36, 0x8316, 0x8b36, 0x8b36, 0x8b36, 0x8316, 0x8b57, 0x9377, 0x9b98, 0x9377, 0x9357, 0x9337, 0x9356, 
	0x8b15, 0x8b35, 0x8b16, 0x8b16, 0x8b16, 0x8b36, 0x9357, 0x9378, 0x9b77, 0xa3d8, 0xb47a, 0xd55d, 0xe5ff, 0xe5de, 0xe5fe, 0xee5f, 
	0xf6bf, 0xee9f, 0xee7f, 0xee7f, 0xee7f, 0xf6df, 0xf6df, 0xe65f, 0xee9f, 0xee9f, 0xe65f, 0xde3e, 0xde1e, 0xd5fe, 0xd5fd, 0xd5dd, 
	0xcd9c, 0xcd9c, 0xc55b, 0xc55b, 0xc57c, 0xc59c, 0xcdbd, 0xcdbd, 0xd5dd, 0xd5dd, 0xcdfd, 0xd61d, 0xd61d, 0xcddc, 0xd61c, 0xeebf, 
	0xe65e, 0xac77, 0x9c16, 0x72b1, 0x9bf6, 0x7b13, 0x412c, 0x72b2, 0xbcfb, 0x93d7, 0x7af4, 0x72d4, 0x7b15, 0x7b15, 0x8336, 0x8b77, 
	0x8357, 0x72d5, 0x6233, 0x5a12, 0x5a13, 0x6233, 0x6273, 0x6ab4, 0xa47b, 0xbd1d, 0xbd1c, 0xbd3c, 0xa458, 0x72f2, 0x72f2, 0x7b53, 
	0x7b53, 0x8394, 0x6af2, 0x4a0f, 0x49f0, 0x49ef, 0x41ce, 0x49cd, 0x9c35, 0xacb6, 0xacb6, 0xa475, 0x7310, 0x7312, 0x7b14, 0x5a31, 
	0x5a51, 0x5a30, 0x6251, 0x5a30, 0x5a30, 0x6250, 0x6270, 0x7b53, 0x7b32, 0x626f, 0x49cd, 0x49cd, 0x520f, 0x5210, 0x41cf, 0x398e, 
	0x318e, 0x296d, 0x298d, 0x31ad, 0x31ce, 0x298d, 0x298c, 0x298c, 0x298c, 0x298c, 0x214b, 0x298c, 0x39cd, 0x292a, 0x292a, 0x526f, 
	0x520e, 0x626f, 0x7b33, 0x6ab1, 0x6a91, 0x6a71, 0x6a91, 0x6a71, 0x72b2, 0x6a51, 0x6a92, 0x6a71, 0x6a71, 0x6a91, 0x6230, 0x6250, 
	0x6270, 0x6250, 0x6250, 0x6a71, 0x6a91, 0x6a91, 0x6a91, 0x7292, 0x7291, 0x6a71, 0x6a91, 0x72b2, 0x6ab1, 0x6a91, 0x6ab2, 0x72f3, 
	0x7312, 0x6ad1, 0x5a0f, 0x6270, 0x6ad1, 0x6290, 0x5a4f, 0x5a2f, 0x520e, 0x49cd, 0x51ce, 0x72d2, 0x72b2, 0x7271, 0x7292, 0x9bb6, 
	0x524f, 0x420e, 0x41ed, 0x5ab0, 0x5ad0, 0x62f1, 0x5ad1, 0x6b12, 0x5ab1, 0x5250, 0x5a92, 0x41ef, 0x4a2f, 0x6b13, 0x5ab1, 0x62f1, 
	0x4a4e, 0x422e, 0x420e, 0x4a4f, 0x5ab1, 0x6b12, 0x6b12, 0x6af2, 0x5a90, 0x4a0e, 0x4a2f, 0x4a70, 0x424f, 0x424f, 0x424f, 0x39ed, 
	0x314c, 0x396c, 0x520f, 0x6af3, 0x7334, 0x5a31, 0x6a93, 0x6a73, 0x72d5, 0x8357, 0x8b98, 0x72f6, 0x7b16, 0x51f2, 0x6274, 0x7ad5, 
	0xabb9, 0xb398, 0xb398, 0xb398, 0xb399, 0xbb99, 0xbbb9, 0xbb99, 0xbbb9, 0xbbb9, 0xbbb9, 0xbbb9, 0xbbb9, 0xbbb9, 0xbbb9, 0xbbb9, 
	0xbbb9, 0xbbb9, 0xc3d9, 0xc3fa, 0xc3fa, 0xc3fa, 0xc3fa, 0xcc1a, 0xcc3b, 0xd47b, 0xd47b, 0xcc7b, 0xcc7b, 0xcc9b, 0xc47b, 0xbc3a, 
	0x9bb9, 0x8b57, 0x7ad5, 0x7294, 0x6a74, 0x6254, 0x5a13, 0x5a13, 0x51b2, 0x51b2, 0x51d2, 0x59f3, 0x59f3, 0x59d2, 0x59d2, 0x59d2, 
	0x5a12, 0x5a12, 0x4990, 0x4170, 0x5a53, 0x5213, 0x5a34, 0x5a34, 0x5213, 0x51f3, 0x5a13, 0x5a34, 0x6234, 0x6213, 0x6213, 0x6213, 
	0xa41b, 0xac3b, 0x8b36, 0x8af5, 0xabd8, 0xc49b, 0xd4fc, 0xcc9b, 0xd4dc, 0xd4bc, 0xcc9b, 0xcc7b, 0xd4dd, 0xccbc, 0xb3f9, 0x9b77, 
	0x82d5, 0x8336, 0x8b57, 0x8316, 0x7ad5, 0x7ad5, 0x7ad5, 0x7ad5, 0x7ad5, 0x82f5, 0x8316, 0x8b16, 0x8316, 0x8316, 0x8b16, 0x8b36, 
	0x82f5, 0x82f5, 0x82d5, 0x7ab4, 0x7ab4, 0x7ab4, 0x7ab4, 0x7ab4, 0x82d5, 0x82f5, 0x9376, 0xb459, 0xc4db, 0xbcba, 0xc4da, 0xd59c, 
	0xe65e, 0xe67e, 0xeebf, 0xee9f, 0xde1d, 0xe65e, 0xf6bf, 0xee9f, 0xee7f, 0xe67f, 0xe65e, 0xd61d, 0xcdbc, 0xc57b, 0xc57b, 0xc57c, 
	0xb4fa, 0xb4da, 0xb4ba, 0xacba, 0xb4bb, 0xb4db, 0xbcfc, 0xbd1c, 0xb4fb, 0xb4fb, 0xb51b, 0xbd3b, 0xbd3b, 0xb4f9, 0xbd5b, 0xde5f, 
	0xe65f, 0xac57, 0xa416, 0x7ad1, 0x93b5, 0x7af2, 0x51ae, 0x6a71, 0xa418, 0xa459, 0xb49b, 0xbcdd, 0xbcfd, 0xb4bc, 0xa45b, 0x9c1a, 
	0x8358, 0x7b17, 0x72d6, 0x72d6, 0x72d6, 0x72d6, 0x72f5, 0x7b16, 0x6293, 0x6293, 0x6292, 0x5a71, 0x4a0f, 0x41cd, 0x522f, 0x524f, 
	0x49ed, 0x4a0e, 0x4a0e, 0x41ef, 0x41ef, 0x4a10, 0x4a0f, 0x520e, 0x9c55, 0xacb6, 0xacb6, 0xa475, 0x7b11, 0x7b12, 0x7b14, 0x5a51, 
	0x5a10, 0x5a30, 0x5a30, 0x51ef, 0x6271, 0x7b13, 0x7b13, 0x7b53, 0x520e, 0x49cc, 0x41ac, 0x49ee, 0x520f, 0x49ef, 0x396e, 0x294d, 
	0x318e, 0x298d, 0x298d, 0x31ad, 0x31ad, 0x29ad, 0x298c, 0x298c, 0x298c, 0x29ac, 0x296b, 0x318c, 0x39cd, 0x292a, 0x294b, 0x5a6f, 
	0x522e, 0x5a4e, 0x7312, 0x6ab1, 0x6a91, 0x6a71, 0x6a91, 0x6a71, 0x7292, 0x6a51, 0x7292, 0x7292, 0x7292, 0x7292, 0x6a51, 0x6a71, 
	0x6a91, 0x6a71, 0x6a71, 0x6a91, 0x6a91, 0x6a91, 0x6a91, 0x6a91, 0x6a71, 0x6a71, 0x6a71, 0x6ab2, 0x6ab1, 0x6a91, 0x6a91, 0x72f2, 
	0x72f2, 0x6ab1, 0x520e, 0x5a4f, 0x6ad1, 0x6270, 0x5a2f, 0x51ee, 0x520e, 0x51ee, 0x498d, 0x6a71, 0x7291, 0x7ab2, 0x6a51, 0x8314, 
	0x5290, 0x4a2e, 0x39ac, 0x5ab0, 0x4a6f, 0x5ab0, 0x526f, 0x62f2, 0x4a50, 0x4a0f, 0x5250, 0x41ce, 0x4a0f, 0x5ab1, 0x5270, 0x526f, 
	0x4a6f, 0x422e, 0x420e, 0x4a4e, 0x5ab0, 0x62f2, 0x62f1, 0x62d1, 0x5a70, 0x41ee, 0x41ee, 0x4a4f, 0x424f, 0x424f, 0x426f, 0x3a0e, 
	0x39cd, 0x4a0f, 0x5a71, 0x6ad2, 0x7314, 0x7b15, 0x9c19, 0x8b77, 0x8336, 0x8b57, 0x93b9, 0x72b5, 0x8336, 0x6233, 0x6ab4, 0x8316, 
	0xabb9, 0xb398, 0xb398, 0xb398, 0xb399, 0xbbb9, 0xbbb9, 0xbbb9, 0xbb99, 0xbbb9, 0xbbb9, 0xbb99, 0xbb99, 0xbbb9, 0xbbb9, 0xb3b9, 
	0xbbd9, 0xbbd9, 0xbbd9, 0xc3fa, 0xc3fa, 0xc3f9, 0xc3fa, 0xcc3a, 0xcc3b, 0xcc5b, 0xcc7b, 0xcc7b, 0xcc7b, 0xc45a, 0xbbf9, 0xabb8, 
	0x9bb8, 0x8b37, 0x7ad5, 0x7294, 0x6a74, 0x6a54, 0x6233, 0x6233, 0x6254, 0x59f2, 0x51b2, 0x59d2, 0x61f3, 0x61f3, 0x61f3, 0x6233, 
	0x59f1, 0x59f1, 0x4990, 0x414f, 0x5a33, 0x51f2, 0x5a13, 0x5a13, 0x5a34, 0x5a13, 0x51f3, 0x51d3, 0x59f3, 0x6213, 0x6a54, 0x7275, 
	0xc4fe, 0xa3d9, 0x7273, 0x9336, 0xbc7b, 0xccbc, 0xd4fc, 0xd4bc, 0xd49b, 0xd4bc, 0xd49c, 0xc45b, 0xbc1a, 0xa377, 0x8a94, 0x7a53, 
	0x6a33, 0x7294, 0x7ad5, 0x72b4, 0x6a74, 0x6a53, 0x6a53, 0x6a53, 0x6a73, 0x6a53, 0x6a53, 0x6a53, 0x6a53, 0x7274, 0x7ab5, 0x82d5, 
	0x7ab4, 0x7a93, 0x7ab4, 0x7ab4, 0x82b4, 0x7ab4, 0x7ab4, 0x7a94, 0x7a94, 0x82d5, 0x82f5, 0x8b36, 0x9376, 0x9376, 0x9396, 0xa417, 
	0xa437, 0xbcf9, 0xd5bd, 0xcd5b, 0xa457, 0xa457, 0xbcfa, 0xc53b, 0xbcfa, 0xbcfa, 0xbcda, 0xac79, 0xa417, 0x9bd6, 0x9bd6, 0x9bf7, 
	0x9bf8, 0x9bd8, 0x9bd8, 0xa3f8, 0xa439, 0xac7a, 0xac9b, 0xac9b, 0xac9b, 0xac9a, 0xac9a, 0xb4da, 0xb4da, 0xacb9, 0xc55b, 0xee9f, 
	0xe65f, 0xa416, 0xa436, 0x8b74, 0x8b74, 0x61ef, 0x59cf, 0x6a52, 0xbcfc, 0xb4bc, 0xb49b, 0xac7b, 0xac5b, 0xa43b, 0xa43b, 0xac5b, 
	0xa45b, 0x9c1a, 0x93d9, 0x8378, 0x7b16, 0x6ab4, 0x6293, 0x62b3, 0x49d0, 0x394e, 0x396e, 0x41af, 0x398e, 0x41ce, 0x41ee, 0x41ed, 
	0x4a0e, 0x41ed, 0x420e, 0x4a0f, 0x41ef, 0x4a0f, 0x4a2f, 0x522e, 0x9c75, 0xa4b6, 0xacb6, 0xa476, 0x7b32, 0x7b12, 0x7b33, 0x6270, 
	0x51ef, 0x5a2f, 0x520f, 0x49ae, 0x6ab2, 0x93f6, 0x8bd5, 0x7b53, 0x51ed, 0x49ed, 0x49ee, 0x41cd, 0x418e, 0x398e, 0x396e, 0x316e, 
	0x318e, 0x31ae, 0x31ae, 0x31ad, 0x31ad, 0x31ad, 0x29ad, 0x296c, 0x296c, 0x31ad, 0x318c, 0x31cd, 0x420e, 0x316b, 0x318c, 0x62d0, 
	0x5a8f, 0x5a6f, 0x7312, 0x6ab1, 0x6ab1, 0x6a91, 0x6a91, 0x6a51, 0x6a71, 0x6a71, 0x7292, 0x6a71, 0x6a71, 0x72b2, 0x6a71, 0x7292, 
	0x72b2, 0x6a91, 0x6a91, 0x6a91, 0x72b2, 0x6a91, 0x6a71, 0x6a71, 0x7292, 0x6a71, 0x6271, 0x6a91, 0x6271, 0x6250, 0x6250, 0x6ab1, 
	0x6ad2, 0x6291, 0x51ee, 0x5a2f, 0x6ab1, 0x6290, 0x5a4f, 0x520e, 0x5a2f, 0x5a2f, 0x49ae, 0x51ce, 0x72b2, 0x7292, 0x6a50, 0x72b2, 
	0x422e, 0x39ed, 0x31cc, 0x5af1, 0x4a4e, 0x52b0, 0x4a4f, 0x5ad1, 0x4a6f, 0x420e, 0x5270, 0x39ad, 0x41ee, 0x5ad1, 0x4a2f, 0x5ab1, 
	0x39ed, 0x5290, 0x39ed, 0x4a2e, 0x5ad1, 0x62d1, 0x6312, 0x4a2f, 0x4a2f, 0x39ad, 0x41ee, 0x4a6f, 0x424f, 0x424f, 0x426f, 0x424f, 
	0x39cd, 0x39ad, 0x62f2, 0x6ad2, 0x72f3, 0x9c18, 0xa418, 0xac39, 0xac19, 0xabf9, 0x9bb8, 0x9b97, 0x9b97, 0x8b56, 0x8b56, 0x9377, 
	0xabb8, 0xb399, 0xb398, 0xb398, 0xb398, 0xbbb9, 0xb399, 0xb378, 0xb378, 0xb398, 0xb3b9, 0xb3b9, 0xb3b9, 0xb3b9, 0xb3b9, 0xb3b9, 
	0xb3b9, 0xb3b9, 0xbbb9, 0xbbd9, 0xbbf9, 0xc3fa, 0xc41a, 0xc43a, 0xc43a, 0xc43a, 0xcc5b, 0xcc7b, 0xcc9b, 0xcc7b, 0xbc1a, 0xb3d9, 
	0xa398, 0x82d5, 0x82b5, 0x7253, 0x7254, 0x6a33, 0x61f2, 0x8b37, 0x7a95, 0x7a95, 0x7a95, 0x7a95, 0x82b5, 0x8af6, 0x8af6, 0x8af6, 
	0x82d5, 0x82f5, 0x516f, 0x492f, 0x61f2, 0x51b1, 0x51b2, 0x5a13, 0x51f3, 0x5a13, 0x51d2, 0x51d2, 0x6234, 0x6a34, 0x6a54, 0x82f6, 
	0xb45b, 0x8b15, 0x9336, 0xa3d8, 0xbc9b, 0xd51d, 0xc4bb, 0xccbc, 0xccbc, 0xc43a, 0xb3da, 0xa378, 0x8ad6, 0x7a54, 0x7253, 0x6a33, 
	0x7254, 0x6a53, 0x6a33, 0x6a53, 0x6a74, 0x6a74, 0x6a74, 0x6253, 0x6254, 0x6233, 0x6a74, 0x6a74, 0x6212, 0x7253, 0x7a94, 0x6a12, 
	0x7a72, 0x9b56, 0xb419, 0xa3d8, 0x82d4, 0x7232, 0x7232, 0x7a74, 0x7274, 0x7274, 0x7274, 0x7294, 0x7ad5, 0x82f6, 0x7ad5, 0x7294, 
	0x7ad4, 0x82f5, 0x8b56, 0x9377, 0x9397, 0x9397, 0x9b97, 0x9b97, 0x9b97, 0x9b77, 0x9b77, 0x9b77, 0x9b77, 0x9b57, 0x9b57, 0x9b57, 
	0xa398, 0xabb9, 0xabf9, 0xb43a, 0xbc9b, 0xbcbc, 0xbcdc, 0xb4dc, 0xb4dc, 0xb4dc, 0xbd1c, 0xbcfb, 0xbcfb, 0xc53b, 0xcd7c, 0xee7f, 
	0xde3d, 0xacb6, 0x9c35, 0x8b94, 0x93b6, 0x6231, 0x6211, 0x6212, 0xa41a, 0xa3f9, 0xa43a, 0xa41a, 0xa43a, 0xac7b, 0xa43b, 0x9c3a, 
	0x9418, 0x83b6, 0x6b14, 0x6af4, 0x62f4, 0x62d3, 0x62f2, 0x5250, 0x49ef, 0x49f0, 0x49d1, 0x49d1, 0x49d1, 0x49f0, 0x4a0e, 0x4a2e, 
	0x4a0f, 0x49ee, 0x4a0e, 0x524f, 0x522f, 0x522f, 0x522f, 0x520d, 0x9454, 0xad16, 0xa496, 0xa476, 0x7b32, 0x7b32, 0x7b52, 0x8372, 
	0x8394, 0x7312, 0x7b53, 0x8bb4, 0x8394, 0x8bd5, 0x8bd5, 0x7312, 0x520e, 0x520e, 0x49ee, 0x41ae, 0x398e, 0x398e, 0x396e, 0x316e, 
	0x318d, 0x31ae, 0x31ae, 0x31ae, 0x318d, 0x298d, 0x298d, 0x296c, 0x298d, 0x31ad, 0x318c, 0x31ac, 0x4a2e, 0x294b, 0x39ac, 0x5ab0, 
	0x5a6f, 0x5a6f, 0x7312, 0x6290, 0x6a91, 0x6a91, 0x6a91, 0x6a71, 0x6a92, 0x6a92, 0x6a92, 0x6a92, 0x6a91, 0x6a91, 0x6a91, 0x6a91, 
	0x6a91, 0x6a91, 0x6a92, 0x6a91, 0x6a91, 0x6a91, 0x6a91, 0x6a92, 0x6271, 0x6a71, 0x6a71, 0x6271, 0x6251, 0x5a10, 0x51cf, 0x498e, 
	0x5a30, 0x51ce, 0x418d, 0x418d, 0x51ce, 0x520f, 0x51ef, 0x49ce, 0x49ae, 0x51ce, 0x49ae, 0x49ae, 0x5a30, 0x6a91, 0x6a71, 0x6a71, 
	0x4a6f, 0x422d, 0x31cc, 0x52d0, 0x424e, 0x528f, 0x422e, 0x5290, 0x52b0, 0x4a2f, 0x52b0, 0x39cd, 0x420e, 0x5ad1, 0x420e, 0x5290, 
	0x39cd, 0x424e, 0x39cc, 0x4a2e, 0x528f, 0x4a0e, 0x5290, 0x524f, 0x4a2e, 0x39cd, 0x39ed, 0x4a4f, 0x4a6f, 0x4a4f, 0x424f, 0x424f, 
	0x420e, 0x41ee, 0x62d2, 0x62d2, 0x7313, 0x9bf7, 0x9bf7, 0xac39, 0xac18, 0xb459, 0xb45a, 0xb47a, 0xb47a, 0xac39, 0xa3f8, 0xac19, 
	0xabb8, 0xab78, 0xab78, 0xb378, 0xb378, 0xb378, 0xb378, 0xab58, 0xb398, 0xb3b9, 0xb3b9, 0xb3b9, 0xb3b9, 0xb3b9, 0xabb9, 0xb3b9, 
	0xb3b9, 0xb3b9, 0xbbd9, 0xbbd9, 0xbbfa, 0xbbfa, 0xbbfa, 0xbbfa, 0xc43a, 0xc43b, 0xcc5b, 0xcc5b, 0xcc7b, 0xcc7c, 0xcc5b, 0xbc1a, 
	0xb3fa, 0xa3b9, 0x8af6, 0x8b16, 0x7a74, 0x7233, 0x8af6, 0x82b5, 0x82d6, 0x8ad6, 0x8af6, 0x8af6, 0x8af6, 0x9317, 0x9316, 0x8af6, 
	0x92f5, 0x9336, 0x61b0, 0x61d1, 0x7ab5, 0x6a54, 0x6234, 0x6a54, 0x6254, 0x6a95, 0x6254, 0x6213, 0x6233, 0x6a33, 0x7ad6, 0xa3d9, 
	0x8b16, 0x9335, 0xb439, 0xc4dc, 0xcd1d, 0xd53e, 0xc49b, 0xbc5a, 0xbc1a, 0xab78, 0x9af6, 0x8274, 0x7213, 0x6a13, 0x6a54, 0x6a34, 
	0x7274, 0x6a54, 0x6a54, 0x6a54, 0x6a54, 0x6a54, 0x6274, 0x6254, 0x6a74, 0x6a94, 0x6233, 0x6233, 0x7274, 0x6a33, 0x6a32, 0x8af5, 
	0xb419, 0xbc7a, 0xc49b, 0xbc7a, 0xabf9, 0x9336, 0x7a94, 0x7232, 0x7a74, 0x6a13, 0x6a33, 0x7275, 0x7295, 0x6a34, 0x6a54, 0x7ab5, 
	0x7274, 0x7294, 0x7ab5, 0x82d5, 0x82d6, 0x82f6, 0x8af6, 0x8af6, 0x8af6, 0x92f6, 0x92f7, 0x9317, 0x9b17, 0x9b37, 0xa338, 0xa358, 
	0xbbfb, 0xbc1b, 0xbc3b, 0xbc7b, 0xc49b, 0xc4bc, 0xbcdc, 0xbcfc, 0xcd7e, 0xc51d, 0xc51d, 0xbcfc, 0xbcda, 0xbcda, 0xcd3b, 0xf6bf, 
	0xe69e, 0xa4b6, 0xa456, 0x93b5, 0x93b6, 0x61f0, 0x598f, 0x6a12, 0xa3d9, 0x9bd8, 0xa3f9, 0x9bd8, 0x9397, 0x8b97, 0x8376, 0x7b55, 
	0x6b33, 0x7354, 0x7354, 0x7375, 0x6b14, 0x62d2, 0x62f1, 0x5a90, 0x49ee, 0x49f0, 0x49d2, 0x49d2, 0x49d2, 0x49d0, 0x4a0e, 0x4a0e, 
	0x5210, 0x5210, 0x522f, 0x4a0e, 0x49ee, 0x520f, 0x5a4f, 0x522d, 0x9c54, 0xacf6, 0xa475, 0x9c56, 0x7312, 0x72d1, 0x8351, 0x8bf3, 
	0x8373, 0x6b12, 0x6af1, 0x6ad1, 0x6af1, 0x8bb4, 0x9416, 0x7b53, 0x49ce, 0x49ee, 0x49ce, 0x41ae, 0x398e, 0x398e, 0x318e, 0x398e, 
	0x318e, 0x31ae, 0x31ae, 0x31ae, 0x318d, 0x298d, 0x298d, 0x296d, 0x31ad, 0x39ce, 0x318d, 0x39ad, 0x4a2f, 0x294b, 0x39ac, 0x5ab0, 
	0x5a8f, 0x5a6f, 0x7332, 0x6ab1, 0x6a91, 0x6a91, 0x6ab2, 0x6a71, 0x6a91, 0x6a92, 0x6a92, 0x6a91, 0x6a91, 0x6a91, 0x6a91, 0x6a91, 
	0x6a91, 0x6a91, 0x6a91, 0x6a91, 0x6a91, 0x6271, 0x6271, 0x6271, 0x6271, 0x6a72, 0x6a92, 0x6a92, 0x6272, 0x6251, 0x5a30, 0x5a10, 
	0x6251, 0x5a30, 0x51ef, 0x51ef, 0x5a10, 0x5a30, 0x5a30, 0x5a30, 0x520f, 0x5a30, 0x520f, 0x520f, 0x6251, 0x6291, 0x6271, 0x6291, 
	0x4a4e, 0x3a0d, 0x31ac, 0x5290, 0x422e, 0x5290, 0x4a4f, 0x5290, 0x52b0, 0x4a4f, 0x5270, 0x39cd, 0x420e, 0x5ab1, 0x420e, 0x5290, 
	0x420d, 0x420e, 0x31ac, 0x4a4f, 0x5290, 0x41ed, 0x4a4f, 0x5270, 0x41ee, 0x39cd, 0x39ad, 0x420e, 0x4a6f, 0x4a6f, 0x422f, 0x424f, 
	0x424f, 0x422f, 0x5ab1, 0x5a91, 0x7b34, 0x93f7, 0x93b7, 0xac59, 0xa3f8, 0xac19, 0xac19, 0xac39, 0xb47a, 0xac5a, 0xac7a, 0xbc9b, 
	0xab98, 0xab58, 0xab57, 0xab78, 0xab78, 0xab37, 0xab37, 0xab37, 0xb378, 0xb398, 0xb398, 0xb378, 0xab78, 0xab78, 0xab98, 0xb399, 
	0xb398, 0xb399, 0xbbb9, 0xbbd9, 0xbbd9, 0xbbd9, 0xb3b9, 0xb3b8, 0xbbfa, 0xc41a, 0xc43a, 0xc43a, 0xcc5b, 0xcc7c, 0xcc9c, 0xcc9c, 
	0xc47c, 0xb41a, 0xa398, 0x9b78, 0x8295, 0x8295, 0x9b58, 0x7254, 0x8af7, 0x9317, 0x9338, 0x9337, 0x9317, 0x9317, 0x9317, 0x92f6, 
	0x9316, 0x9316, 0x59b0, 0x61d1, 0x82f6, 0x7ab5, 0x7295, 0x6a95, 0x6a54, 0x6a75, 0x6a54, 0x6a54, 0x7275, 0x7294, 0x82f6, 0x9bb8, 
	0x8ad5, 0xa3b8, 0xccfc, 0xc4dc, 0xbc7b, 0xb45a, 0xa3b8, 0x9b56, 0x92d5, 0x92d5, 0x8ab5, 0x8274, 0x7a33, 0x7a54, 0x7274, 0x6a33, 
	0x6a33, 0x6a33, 0x6a33, 0x6a54, 0x6254, 0x6254, 0x6254, 0x6a74, 0x6254, 0x6a74, 0x6233, 0x6a53, 0x7274, 0x6a32, 0x82d5, 0xbc5b, 
	0xccfc, 0xccdc, 0xccdc, 0xccbc, 0xc4bb, 0xbc5a, 0x9b97, 0x82d5, 0x6a12, 0x7253, 0x7274, 0x7254, 0x7254, 0x7275, 0x7275, 0x7254, 
	0x7254, 0x7274, 0x7274, 0x7274, 0x7274, 0x7a95, 0x7a95, 0x8295, 0x8295, 0x8295, 0x8ab5, 0x8ad6, 0x92f6, 0x9b17, 0x9b38, 0xa338, 
	0x9b38, 0xa358, 0xa378, 0xa3b8, 0xabf9, 0xb43a, 0xb47b, 0xbc9b, 0xb49b, 0xac5a, 0xb49b, 0xbcdb, 0xb49a, 0xa437, 0xb498, 0xe63e, 
	0xe67e, 0x93f4, 0x93f5, 0x93d5, 0xa418, 0x7293, 0x598f, 0x7252, 0x8b56, 0x9376, 0x93b7, 0x93b6, 0x8b96, 0x8395, 0x8375, 0x7333, 
	0x7b73, 0x7373, 0x6b13, 0x6b13, 0x62f2, 0x62d1, 0x62f1, 0x524f, 0x522f, 0x5210, 0x51f2, 0x51f3, 0x51f2, 0x5211, 0x522f, 0x522f, 
	0x51f0, 0x49f0, 0x520f, 0x522f, 0x522f, 0x51ee, 0x520e, 0x522e, 0xa495, 0xacf6, 0xacb6, 0xa476, 0x7b32, 0x72f1, 0x8bb2, 0x9c55, 
	0x5a4e, 0x4a0e, 0x49cd, 0x418c, 0x520e, 0x7b74, 0x9416, 0x7b53, 0x49cd, 0x49ce, 0x49ce, 0x41ae, 0x398e, 0x316e, 0x316e, 0x398e, 
	0x31ae, 0x31ad, 0x31ad, 0x31ad, 0x31ad, 0x318d, 0x298d, 0x298d, 0x31ad, 0x39ce, 0x318d, 0x39ad, 0x4a4f, 0x294b, 0x39cd, 0x62d0, 
	0x5a90, 0x6290, 0x7b33, 0x6ab1, 0x6a91, 0x6a91, 0x6ab2, 0x6a71, 0x6a91, 0x6a92, 0x6a92, 0x6a91, 0x6a91, 0x6a91, 0x6a91, 0x6a91, 
	0x6271, 0x6271, 0x6271, 0x6271, 0x6271, 0x6271, 0x6271, 0x6271, 0x6251, 0x6271, 0x6272, 0x6a72, 0x6a72, 0x6271, 0x6251, 0x6251, 
	0x6271, 0x6271, 0x6271, 0x6271, 0x6251, 0x6251, 0x6271, 0x6271, 0x5a51, 0x6291, 0x6271, 0x5a51, 0x6271, 0x6271, 0x6271, 0x6271, 
	0x4a6e, 0x422d, 0x3a0d, 0x5290, 0x422e, 0x4a8f, 0x4a6f, 0x5290, 0x52b0, 0x422e, 0x422e, 0x31ac, 0x41ee, 0x5290, 0x4a2f, 0x52b0, 
	0x4a2e, 0x420d, 0x318c, 0x4a4f, 0x5ad1, 0x4a4f, 0x524f, 0x526f, 0x39ad, 0x39cd, 0x318c, 0x39ad, 0x4a4f, 0x4a6f, 0x422e, 0x424f, 
	0x4a70, 0x4a4f, 0x5270, 0x5a91, 0x7b75, 0x93d7, 0x93b6, 0xa439, 0xb47a, 0xb47a, 0xac39, 0xa419, 0xac59, 0xa439, 0xa439, 0xac5a, 
	0xa398, 0xa337, 0xa337, 0xab78, 0xab78, 0xa317, 0xa2f6, 0xab37, 0xab37, 0xab37, 0xab37, 0xab37, 0xab37, 0xab58, 0xab78, 0xab78, 
	0xb398, 0xb399, 0xbb99, 0xbbb9, 0xbbb9, 0xb398, 0xb378, 0xab78, 0xbbb9, 0xbbf9, 0xc41a, 0xc41a, 0xc43a, 0xcc5b, 0xd49c, 0xcc9c, 
	0xcc9c, 0xabb9, 0xabfa, 0x9337, 0x8274, 0x8af6, 0x82b6, 0x7a75, 0x8ad6, 0x9317, 0x9338, 0x9338, 0x9317, 0x9317, 0x9317, 0x92f7, 
	0x9316, 0x8af5, 0x514f, 0x514f, 0x7295, 0x7295, 0x7295, 0x7295, 0x7295, 0x7295, 0x7295, 0x7ab5, 0x7ab5, 0x7a94, 0x7a94, 0x8af5, 
	0x9316, 0xabf9, 0xbc7b, 0xabf9, 0x9b97, 0x9356, 0x82d4, 0x82b4, 0x8273, 0x9316, 0xab99, 0xab99, 0x9b78, 0xa399, 0x9b78, 0x82d6, 
	0x6a34, 0x6a33, 0x6a33, 0x6a54, 0x6a54, 0x6a54, 0x6a54, 0x6254, 0x6a54, 0x6212, 0x7274, 0x7274, 0x61f1, 0x7a94, 0xb43a, 0xd51d, 
	0xccbb, 0xccbb, 0xcc9b, 0xc49b, 0xc49b, 0xc49b, 0xbc7b, 0xb43a, 0x7a53, 0x7a73, 0x7233, 0x69f2, 0x6a13, 0x7274, 0x7254, 0x6213, 
	0x7274, 0x7274, 0x7274, 0x7294, 0x7274, 0x7a95, 0x7a95, 0x7a95, 0x7a95, 0x8295, 0x8295, 0x8ab6, 0x92d6, 0x92f7, 0x9b17, 0x9b17, 
	0xa358, 0xa358, 0xa378, 0x9b77, 0x9b77, 0x9b77, 0x9b97, 0x9bb7, 0x9bb8, 0x9356, 0x9b97, 0x9b97, 0x9b96, 0x9bb6, 0xb498, 0xee5f, 
	0xe63d, 0x8352, 0x8353, 0x9395, 0xa418, 0x82f4, 0x516e, 0x6a31, 0xbcbb, 0xac79, 0x93d6, 0x8374, 0x7b53, 0x7b73, 0x83b4, 0x7b73, 
	0x7b73, 0x6b32, 0x62b1, 0x62b2, 0x62b1, 0x62b1, 0x62b0, 0x4a0e, 0x49ce, 0x49cf, 0x49b1, 0x49b1, 0x49b0, 0x49af, 0x49ce, 0x49ce, 
	0x51f0, 0x49af, 0x51ef, 0x62b1, 0x6ab1, 0x51ef, 0x49ad, 0x5a2e, 0x9c34, 0xacb5, 0xacb6, 0xa455, 0x7b32, 0x72f1, 0x8bb2, 0x8bd3, 
	0x49ed, 0x49ee, 0x49ce, 0x41ad, 0x520e, 0x7333, 0x83b5, 0x6b12, 0x49ee, 0x49ee, 0x41ce, 0x41ae, 0x398e, 0x318e, 0x316e, 0x318d, 
	0x31ad, 0x318d, 0x318d, 0x318d, 0x31ad, 0x318d, 0x298d, 0x318d, 0x318d, 0x31ad, 0x318c, 0x31ad, 0x4a2f, 0x294b, 0x41cd, 0x62d1, 
	0x5a8f, 0x6290, 0x7b53, 0x6ab1, 0x6a91, 0x6a91, 0x6a92, 0x6a71, 0x6a92, 0x6a92, 0x6a92, 0x6a91, 0x6a91, 0x6a91, 0x6a91, 0x6a91, 
	0x6a91, 0x6a91, 0x6a91, 0x6a91, 0x6271, 0x6271, 0x6271, 0x6271, 0x6271, 0x6271, 0x6271, 0x6271, 0x6271, 0x6271, 0x6251, 0x6251, 
	0x6271, 0x6271, 0x6292, 0x6271, 0x6271, 0x6251, 0x6271, 0x6292, 0x6251, 0x6292, 0x6271, 0x6271, 0x6271, 0x6251, 0x5a51, 0x6271, 
	0x5af1, 0x5ad0, 0x5ad0, 0x5af1, 0x4a6f, 0x4a6f, 0x4a4f, 0x4a6f, 0x5ad1, 0x4a4f, 0x4a2e, 0x39ed, 0x4a4f, 0x5ab0, 0x4a2f, 0x5270, 
	0x420e, 0x420d, 0x39cd, 0x422e, 0x5ab0, 0x5270, 0x4a4f, 0x4a4f, 0x39ad, 0x39cd, 0x31ac, 0x31ad, 0x424f, 0x4a70, 0x422f, 0x424f, 
	0x4a70, 0x4a50, 0x4a50, 0x5a91, 0x7b75, 0x8bb7, 0x8b96, 0x9bf8, 0x9bf8, 0xa419, 0xa439, 0xac5a, 0xb49b, 0xacbb, 0xac9a, 0xac7b, 
	0x9b77, 0x9b16, 0x9b17, 0xab58, 0xab57, 0xa2f6, 0xa2f6, 0xab17, 0xa2f6, 0xa2f6, 0xa2f7, 0xa317, 0xa317, 0xab37, 0xab58, 0xb378, 
	0xbb99, 0xbb99, 0xbb99, 0xb398, 0xb378, 0xb378, 0xb378, 0xb378, 0xb398, 0xbbd9, 0xc41a, 0xc41a, 0xc41a, 0xcc5b, 0xcc7b, 0xcc7b, 
	0xc45b, 0xabb8, 0xa378, 0x8ad5, 0x8ab5, 0x8ab5, 0x7a34, 0x82b6, 0x8ab6, 0x8af7, 0x9317, 0x92f7, 0x92f7, 0x9317, 0x9b17, 0x9b17, 
	0x9337, 0x8b16, 0x514f, 0x5170, 0x7a95, 0x7295, 0x7295, 0x7ab6, 0x7ab6, 0x7275, 0x7275, 0x7a95, 0x7274, 0x7233, 0x7232, 0x7a33, 
	0x92d5, 0x9b57, 0x9b36, 0x9356, 0x9b77, 0x8b35, 0x82d4, 0x82b4, 0x9316, 0xabb9, 0xc47c, 0xc45b, 0xbc1b, 0xbc5b, 0xbc5c, 0xabfa, 
	0x8b37, 0x82d6, 0x7274, 0x6a54, 0x6a74, 0x6a74, 0x6a74, 0x6a54, 0x6a74, 0x6a53, 0x7273, 0x7232, 0x7212, 0x9b77, 0xccbc, 0xccdc, 
	0xccdb, 0xd4db, 0xccdb, 0xcc9b, 0xc49a, 0xccbb, 0xccbc, 0xccdc, 0xb43a, 0x8b15, 0x7a73, 0x8af5, 0x9337, 0x82b5, 0x7253, 0x7274, 
	0x7274, 0x7274, 0x7274, 0x7294, 0x7a95, 0x7a95, 0x7a95, 0x7a95, 0x82b6, 0x82b6, 0x8ad6, 0x8ad6, 0x92f7, 0x92f7, 0x9af7, 0x9b17, 
	0x9b58, 0x9b78, 0x9b78, 0x9b77, 0x9b57, 0x9b56, 0x9b56, 0x9b56, 0x9b56, 0xa3b8, 0xb45a, 0xbc7a, 0xbcba, 0xc4fb, 0xcd5b, 0xee5f, 
	0xe63e, 0x8b94, 0x8b94, 0x9395, 0x9bd7, 0x7ad3, 0x516e, 0x6a51, 0xbcfb, 0xb4d9, 0x93d4, 0x8372, 0x8392, 0x7351, 0x7351, 0x62f0, 
	0x62af, 0x62af, 0x5a6f, 0x5a70, 0x5a4f, 0x6290, 0x7332, 0x7312, 0x6270, 0x6272, 0x6273, 0x6274, 0x6253, 0x6252, 0x6271, 0x6271, 
	0x5a32, 0x5a11, 0x5a30, 0x6ab1, 0x7313, 0x6291, 0x5a0f, 0x626f, 0x9c55, 0xacd6, 0xb4d6, 0x9c34, 0x8352, 0x8352, 0x93f3, 0x7b30, 
	0x41cd, 0x41ce, 0x41ae, 0x398d, 0x398d, 0x41ce, 0x41ce, 0x398d, 0x41ce, 0x41ce, 0x39ae, 0x39ae, 0x39ae, 0x318e, 0x318d, 0x296d, 
	0x318d, 0x316c, 0x316c, 0x31ad, 0x31ad, 0x31ad, 0x318d, 0x31ad, 0x31ad, 0x39ce, 0x318c, 0x39ad, 0x4a2f, 0x294b, 0x39cd, 0x62d1, 
	0x5a6f, 0x6270, 0x7b53, 0x6ab1, 0x6a91, 0x6271, 0x6a92, 0x6a71, 0x6a92, 0x6a72, 0x6a72, 0x6a92, 0x6a91, 0x6a91, 0x6291, 0x6291, 
	0x6a91, 0x6a91, 0x6a91, 0x6271, 0x6271, 0x6271, 0x6271, 0x6271, 0x6a92, 0x6a72, 0x6272, 0x6271, 0x6271, 0x6271, 0x6271, 0x6271, 
	0x6251, 0x6251, 0x6251, 0x6251, 0x6251, 0x6251, 0x6251, 0x6251, 0x5a30, 0x6271, 0x6271, 0x6251, 0x6271, 0x5a51, 0x5a30, 0x6271, 
	0x6b52, 0x6b52, 0x6b73, 0x6b73, 0x52d0, 0x5290, 0x52b0, 0x52b0, 0x62f1, 0x5290, 0x5290, 0x5290, 0x62f2, 0x62f2, 0x4a4f, 0x4a4f, 
	0x39ed, 0x4a4f, 0x4a4f, 0x4a4f, 0x526f, 0x526f, 0x4a4f, 0x4a4f, 0x41ee, 0x420e, 0x39ed, 0x39cd, 0x422e, 0x4a6f, 0x4a6f, 0x4a4f, 
	0x4a70, 0x4a70, 0x5271, 0x5ab2, 0x7b55, 0x83b6, 0x8b96, 0x8b96, 0x7293, 0x7af4, 0x7b15, 0x7b15, 0x8376, 0x8bb7, 0x93f8, 0xa439, 
	0x9b57, 0x9b17, 0x9b17, 0xa337, 0xa317, 0x9af6, 0xa2d6, 0xa317, 0xa2d6, 0xa2d6, 0xa2f6, 0xa2f6, 0xab17, 0xab37, 0xab58, 0xb378, 
	0xbb99, 0xbb99, 0xbb79, 0xb378, 0xb378, 0xb378, 0xb378, 0xb378, 0xb398, 0xbbd9, 0xc3fa, 0xc41a, 0xc41a, 0xcc3b, 0xcc5b, 0xcc5b, 
	0xbc1a, 0xb3f9, 0x92d5, 0x92f6, 0x92f6, 0x7213, 0x7a54, 0x8ab6, 0x8ab6, 0x8ad7, 0x92f7, 0x92f7, 0x92f7, 0x9b18, 0x9b18, 0x9b38, 
	0x8b37, 0x8b37, 0x59b1, 0x59d1, 0x82d6, 0x7ab5, 0x7295, 0x7ab5, 0x7ab5, 0x6a33, 0x7254, 0x8b16, 0xa398, 0xa398, 0x9316, 0x8253, 
	0xa378, 0xa357, 0x8294, 0x82b4, 0x9336, 0x82f4, 0x7ab4, 0x82b4, 0x9315, 0xabd8, 0xc47b, 0xc47c, 0xbc1b, 0xbc3b, 0xbc5b, 0xabfa, 
	0xac3b, 0x9399, 0x7ad6, 0x7274, 0x6a74, 0x7295, 0x7295, 0x7274, 0x6a74, 0x7ad5, 0x7233, 0x7212, 0xa377, 0xcc9c, 0xccdc, 0xd4dc, 
	0xd4db, 0xd4fb, 0xd4db, 0xccdb, 0xccdb, 0xd4dc, 0xccdc, 0xccbb, 0xd51d, 0xbc5a, 0xb419, 0xbc7b, 0xc4bc, 0xb41a, 0x9316, 0x7a74, 
	0x7274, 0x7274, 0x7294, 0x7295, 0x7ab5, 0x7ab5, 0x82d6, 0x82b5, 0x8af6, 0x8af6, 0x8af7, 0x92f7, 0x92f7, 0x9b17, 0x9b17, 0x9b18, 
	0x8af7, 0x9317, 0x9b57, 0x9b57, 0x9b57, 0xa377, 0xa377, 0xa397, 0x92d4, 0xabb8, 0xccfc, 0xdd5d, 0xdd9e, 0xd57c, 0xb478, 0xac36, 
	0xb4b8, 0x8333, 0x8333, 0x7af3, 0x7ab3, 0x6a51, 0x59af, 0x72b2, 0xbcfa, 0xc53b, 0x8bb3, 0x7310, 0x7330, 0x5aae, 0x5ace, 0x5ace, 
	0x6b10, 0x7b93, 0x9416, 0xacfa, 0xb53b, 0xb51a, 0xacd9, 0x93f6, 0x6291, 0x6292, 0x6a93, 0x6a94, 0x6a94, 0x6a93, 0x6a92, 0x6a92, 
	0x6a93, 0x72d3, 0x6a90, 0x6ab0, 0x8373, 0x8374, 0x72d2, 0x6ab0, 0xa476, 0xb4d6, 0xb4d6, 0x9c13, 0x8352, 0x8bb3, 0x9c34, 0x6acf, 
	0x49ee, 0x41ef, 0x41ef, 0x41ef, 0x41ce, 0x398d, 0x398d, 0x41ce, 0x398d, 0x398d, 0x318d, 0x318d, 0x31ad, 0x31ad, 0x318d, 0x318d, 
	0x39ad, 0x318c, 0x318c, 0x39ad, 0x39ce, 0x31ad, 0x318d, 0x31ad, 0x39ee, 0x420e, 0x39cd, 0x39cd, 0x4a4f, 0x294b, 0x39cc, 0x62d0, 
	0x5a4f, 0x5a70, 0x7b53, 0x6ad1, 0x6a91, 0x6271, 0x6a92, 0x6a71, 0x6a72, 0x6a72, 0x6a72, 0x6a92, 0x6a71, 0x6291, 0x6291, 0x6291, 
	0x6271, 0x6271, 0x6271, 0x6271, 0x6271, 0x6271, 0x6271, 0x6271, 0x6251, 0x6251, 0x6251, 0x6251, 0x6251, 0x6251, 0x6251, 0x6251, 
	0x6251, 0x5a51, 0x5a51, 0x5a51, 0x6251, 0x6271, 0x6251, 0x5a51, 0x5a30, 0x6251, 0x6251, 0x6251, 0x6271, 0x5a51, 0x5a51, 0x6292, 
	0x6352, 0x6b52, 0x7394, 0x6b93, 0x6332, 0x6312, 0x6332, 0x6312, 0x6312, 0x5ab0, 0x5ab0, 0x62f1, 0x7374, 0x6b53, 0x5ad1, 0x5ad1, 
	0x5290, 0x5ab0, 0x5ab0, 0x5270, 0x5290, 0x526f, 0x4a4f, 0x5270, 0x4a2f, 0x4a2f, 0x422f, 0x39ee, 0x39ee, 0x424f, 0x4a70, 0x424f, 
	0x4a70, 0x4a70, 0x5271, 0x62d2, 0x7334, 0x8396, 0x93d7, 0x8376, 0x6a93, 0x7af4, 0x72d3, 0x5a31, 0x51f0, 0x51f0, 0x5a72, 0x72d4, 
	0x9337, 0x9b37, 0x9b17, 0x9af6, 0x9ad6, 0x9ad6, 0x9ad6, 0xa2d7, 0x9ad6, 0xa2d6, 0xa2f7, 0xa2f7, 0xab17, 0xab37, 0xab58, 0xb378, 
	0xb379, 0xb378, 0xb378, 0xb358, 0xb358, 0xb358, 0xb378, 0xb378, 0xb378, 0xbbb9, 0xbbd9, 0xc3fa, 0xc41a, 0xc43a, 0xc43a, 0xc43a, 
	0xbbf9, 0xab98, 0x92d5, 0x9b16, 0x8ab5, 0x7213, 0x8295, 0x8ab6, 0x8ad6, 0x8af7, 0x92f7, 0x92f8, 0x9b18, 0x9b38, 0x9b18, 0x9317, 
	0x82f6, 0x8b37, 0x59d1, 0x61f2, 0x7ad6, 0x7295, 0x7274, 0x7275, 0x82b5, 0x7a74, 0x9337, 0xbc7c, 0xdd3e, 0xdd5f, 0xccbc, 0xb3d9, 
	0xc43b, 0xbc1a, 0x8ad5, 0x8294, 0x82f5, 0x7a93, 0x7a93, 0x82d4, 0x8af5, 0x9b77, 0xb41a, 0xbc3b, 0xb41a, 0xb3fa, 0xb3da, 0x9b78, 
	0xa3fa, 0x9379, 0x82f6, 0x7295, 0x7295, 0x7295, 0x72b5, 0x7295, 0x7274, 0x7ab5, 0x82b4, 0x9b57, 0xccbc, 0xdcfd, 0xd4bc, 0xdcfc, 
	0xccbb, 0xd4db, 0xd4db, 0xd4db, 0xd4db, 0xd4fc, 0xccdb, 0xccbb, 0xc47a, 0xccdc, 0xccdc, 0xccbc, 0xccdc, 0xccfd, 0xabf9, 0x7a94, 
	0x7a94, 0x7294, 0x7294, 0x7a95, 0x7ad5, 0x82d6, 0x82f6, 0x8af6, 0x8af7, 0x8af7, 0x92f7, 0x92f7, 0x9317, 0x9317, 0x9b18, 0x9318, 
	0x9b79, 0x9b99, 0xa398, 0x9b77, 0x9b56, 0x9b56, 0xa356, 0xa377, 0xccbc, 0xdd1d, 0xe59f, 0xe57e, 0xe5be, 0xdd7d, 0xac37, 0x9394, 
	0x7ad1, 0x6a70, 0x7271, 0x6a30, 0x61f0, 0x61f0, 0x59cf, 0x6250, 0x7b33, 0xa457, 0x7311, 0x62ae, 0x7b92, 0x7391, 0x9474, 0xb599, 
	0xa4b7, 0x9456, 0x8bf5, 0x9c57, 0xa4b9, 0xacfa, 0xacfa, 0x9417, 0x6291, 0x62b2, 0x6ab3, 0x6ab4, 0x6ab4, 0x6ab3, 0x6ab3, 0x6ab2, 
	0x6a92, 0x6ab2, 0x6aaf, 0x8371, 0xa476, 0x9c15, 0x72f1, 0x6a8f, 0xa454, 0xa454, 0xac95, 0x9bf3, 0x8b72, 0x8b92, 0x9bf3, 0x5a2d, 
	0x398d, 0x398e, 0x398e, 0x398e, 0x39ae, 0x318d, 0x318d, 0x41ce, 0x316c, 0x318d, 0x39ce, 0x39ae, 0x318d, 0x318d, 0x31ad, 0x39ce, 
	0x41ee, 0x39ad, 0x39ad, 0x41ee, 0x41ee, 0x39ad, 0x318d, 0x318d, 0x39ee, 0x420e, 0x39cd, 0x39cd, 0x4a4f, 0x314b, 0x41cd, 0x62d1, 
	0x5a4f, 0x5a70, 0x7b53, 0x6ad2, 0x6a91, 0x6291, 0x6a92, 0x6a92, 0x6a72, 0x6a72, 0x6a72, 0x6a72, 0x6a72, 0x6291, 0x6291, 0x6291, 
	0x6271, 0x6271, 0x6271, 0x6271, 0x6271, 0x6271, 0x6271, 0x6271, 0x6251, 0x6251, 0x6251, 0x6251, 0x6251, 0x6251, 0x6251, 0x6251, 
	0x6271, 0x6251, 0x5a51, 0x5a51, 0x6251, 0x6251, 0x6251, 0x6251, 0x5a51, 0x6251, 0x5a31, 0x5a51, 0x6271, 0x5a51, 0x5a51, 0x6292, 
	0x6332, 0x6352, 0x7393, 0x7393, 0x6b53, 0x6b52, 0x6b53, 0x6332, 0x6312, 0x52b0, 0x5270, 0x62f1, 0x7394, 0x7bb5, 0x7373, 0x7394, 
	0x6b53, 0x62f1, 0x52b0, 0x5270, 0x52b0, 0x5290, 0x4a2f, 0x4a6f, 0x4a70, 0x4a4f, 0x4a4f, 0x420e, 0x31ad, 0x420e, 0x4a70, 0x422f, 
	0x4a50, 0x4a50, 0x5271, 0x62d2, 0x6b14, 0x83b7, 0x9c39, 0x8bb7, 0x6ab3, 0x8356, 0x8376, 0x6ad3, 0x5a31, 0x49f0, 0x5a52, 0x72f4, 
	0x9336, 0x9b37, 0x9b17, 0x92d6, 0x92b6, 0x92b6, 0x9ad6, 0x9ad6, 0x9ad6, 0x9ad6, 0xa2f7, 0xa2f7, 0xa317, 0xab37, 0xab57, 0xab58, 
	0xb358, 0xab58, 0xab58, 0xab58, 0xb358, 0xb358, 0xab58, 0xb378, 0xb378, 0xb398, 0xbbb9, 0xbbd9, 0xbbf9, 0xc41a, 0xc41a, 0xbc1a, 
	0xbbf9, 0x92d5, 0xa357, 0x9b16, 0x7a53, 0x8275, 0x8295, 0x8ad6, 0x8ad7, 0x92f7, 0x92f8, 0x9318, 0x9b18, 0x9b39, 0x92f8, 0x8ad7, 
	0x7ab6, 0x8316, 0x59d1, 0x59d2, 0x7ab5, 0x7254, 0x7254, 0x7a74, 0x7233, 0x82b5, 0xb41a, 0xd4fe, 0xccbc, 0xccbc, 0xd4fd, 0xdcfd, 
	0xc41a, 0xcc7c, 0xa357, 0x92f5, 0x9336, 0x82d4, 0x82d4, 0x8af5, 0x9b77, 0xa397, 0xb3f9, 0xbc1a, 0xb3fa, 0xb3fa, 0xb3da, 0xa398, 
	0x8b17, 0x82f6, 0x7ab6, 0x72b5, 0x7ab5, 0x7ab5, 0x72b5, 0x7295, 0x7ab5, 0x7253, 0x9b77, 0xccdd, 0xccdc, 0xc45a, 0xcc9b, 0xd4dc, 
	0xcc9a, 0xd4db, 0xdcfc, 0xd4db, 0xccbb, 0xccbb, 0xd4db, 0xd4db, 0xccbb, 0xccbb, 0xc49b, 0xbc5a, 0xc47b, 0xccdc, 0xc49b, 0xb419, 
	0x7ab4, 0x7294, 0x7294, 0x7294, 0x7ab5, 0x82d6, 0x8af6, 0x8b17, 0x8b17, 0x8b17, 0x8af7, 0x9317, 0x92f7, 0x9317, 0x9317, 0x9317, 
	0x8af7, 0x8b17, 0x9316, 0x9316, 0x92f5, 0x9b15, 0xa336, 0xab77, 0xe53e, 0xe55e, 0xe57e, 0xdd3d, 0xdd5d, 0xc4fa, 0x9374, 0x7a90, 
	0x8333, 0x8b33, 0x82f3, 0x7ab2, 0x7292, 0x72b3, 0x6231, 0x51ae, 0x59ee, 0xacb8, 0xacd8, 0xad18, 0xbdba, 0x8c55, 0x7bd3, 0x9496, 
	0x83d4, 0x8c15, 0x9c77, 0xacf9, 0xacd9, 0x9c57, 0x83b5, 0x6291, 0x49ef, 0x5210, 0x5211, 0x5211, 0x5211, 0x5211, 0x5211, 0x5210, 
	0x5a30, 0x51ed, 0x626c, 0xa453, 0xcdb9, 0x9c34, 0x624e, 0x5a2d, 0xac95, 0xac94, 0xbd16, 0xacb5, 0xa455, 0x9bf4, 0xa414, 0x624e, 
	0x4a0f, 0x4a31, 0x41f0, 0x41cf, 0x41ef, 0x39ae, 0x318d, 0x39ae, 0x316d, 0x39ce, 0x420f, 0x39ee, 0x31ad, 0x298c, 0x31ad, 0x39ee, 
	0x420e, 0x41cd, 0x39cd, 0x420e, 0x420e, 0x39cd, 0x318c, 0x318c, 0x39ad, 0x39ee, 0x318c, 0x39ad, 0x4a4f, 0x316b, 0x41ed, 0x62f1, 
	0x5a4f, 0x6270, 0x7b54, 0x6ad2, 0x6ab2, 0x6a91, 0x6ab2, 0x6a92, 0x6a72, 0x6a72, 0x6a72, 0x6a72, 0x6a72, 0x6292, 0x6291, 0x6271, 
	0x6291, 0x6292, 0x6292, 0x6292, 0x6292, 0x6292, 0x6292, 0x6292, 0x6292, 0x6292, 0x6272, 0x6272, 0x6272, 0x6251, 0x6251, 0x6251, 
	0x6251, 0x6271, 0x6271, 0x6251, 0x5a51, 0x5a51, 0x6251, 0x6271, 0x6251, 0x6251, 0x5a31, 0x5a31, 0x6271, 0x5a51, 0x5a31, 0x6272, 
	0x6311, 0x6b73, 0x6b73, 0x6332, 0x6332, 0x6b53, 0x6b53, 0x6312, 0x62f1, 0x5290, 0x526f, 0x62f2, 0x7374, 0x7374, 0x7374, 0x7353, 
	0x6b32, 0x5ad1, 0x5290, 0x5290, 0x5270, 0x4a6f, 0x4a4f, 0x4a6f, 0x4a4f, 0x4a70, 0x4a4f, 0x422f, 0x39cd, 0x318c, 0x318c, 0x318d, 
	0x39ce, 0x318d, 0x41ef, 0x41ef, 0x41cf, 0x5230, 0x5a71, 0x6ab3, 0x6ad3, 0x7b35, 0x7b56, 0x5a31, 0x62b3, 0x49cf, 0x5251, 0x72d4, 
	0x9b78, 0x9317, 0x92d6, 0x8ab6, 0x92b6, 0x92b6, 0x92b6, 0x9ad6, 0x9ab6, 0x9ad6, 0x9ad6, 0x9af6, 0xa316, 0xa337, 0xab57, 0xab78, 
	0xab78, 0xa317, 0xab37, 0xab78, 0xab78, 0xab78, 0xb398, 0xab58, 0xab78, 0xab78, 0xbbd9, 0xbbfa, 0xb3b9, 0xbbf9, 0xc41a, 0xb3b8, 
	0x8ab4, 0xabb8, 0xb3f9, 0x8ab5, 0x8ab5, 0x92f7, 0x8295, 0x92f7, 0x8af7, 0x92f8, 0x9338, 0x9b38, 0x9b18, 0x92f8, 0x8ab7, 0x82b6, 
	0x7ab6, 0x72b5, 0x59f2, 0x61f2, 0x7274, 0x7254, 0x7233, 0x6a13, 0x9317, 0xabda, 0xc49c, 0xccbc, 0xcc9b, 0xcc7b, 0xcc9b, 0xd4bc, 
	0xc41b, 0xc41b, 0xccbd, 0xd4fe, 0xb45a, 0xa3d8, 0xb43a, 0xbc9b, 0xbc7b, 0xc49b, 0xbc3a, 0xb3f9, 0xb41a, 0xab98, 0x9b37, 0x9b57, 
	0x7a95, 0x7275, 0x6a74, 0x6a74, 0x7274, 0x7295, 0x7294, 0x7274, 0x6a33, 0x8b36, 0xb43a, 0xc49c, 0xc47b, 0xc45a, 0xcc7b, 0xd49b, 
	0xd4bb, 0xd4bb, 0xd4bb, 0xd4bb, 0xcc9a, 0xcc9a, 0xd4bb, 0xd4db, 0xccbb, 0xc47a, 0xc45a, 0xc47a, 0xc47a, 0xc45a, 0xbc3a, 0xbc5a, 
	0x9357, 0x7ad5, 0x7294, 0x7ab5, 0x82d6, 0x82f6, 0x82f6, 0x8b16, 0x8ad6, 0x8af6, 0x8af7, 0x8af6, 0x8af7, 0x9317, 0x9317, 0x9317, 
	0x9358, 0x82b5, 0x9337, 0xb419, 0xb419, 0xb3d8, 0xb3d8, 0xcc7a, 0xed9f, 0xdd1d, 0xdd3e, 0xccfc, 0xccfb, 0xbcb9, 0xac37, 0x620e, 
	0x9bb5, 0xa437, 0xbcda, 0xb4ba, 0xc51c, 0x9bf8, 0x7ad3, 0x72b2, 0x6250, 0xa498, 0xcddc, 0xb55a, 0xbd9a, 0x9476, 0x8c56, 0xad39, 
	0xa4d8, 0x8c16, 0x7b94, 0x524f, 0x4a0e, 0x418d, 0x396d, 0x394d, 0x312c, 0x41af, 0x394d, 0x394d, 0x396e, 0x312d, 0x312d, 0x394d, 
	0x414b, 0x3928, 0x6aab, 0xb4f3, 0xbd35, 0x7b2e, 0x498a, 0x496a, 0x93d2, 0xb4d5, 0xacb4, 0xacb4, 0xb4b6, 0xa435, 0x9bd4, 0x72d1, 
	0x5a71, 0x5272, 0x5251, 0x4a31, 0x4a10, 0x4210, 0x39cf, 0x318d, 0x41ef, 0x420f, 0x39ce, 0x39cd, 0x31ad, 0x318d, 0x420e, 0x41ee, 
	0x41ee, 0x4a0e, 0x41cd, 0x4a2e, 0x4a4f, 0x31ad, 0x316c, 0x318c, 0x39ad, 0x39ad, 0x39ad, 0x41ee, 0x41ee, 0x39ac, 0x41ee, 0x62d1, 
	0x5a70, 0x5a4f, 0x7312, 0x6291, 0x6271, 0x5a30, 0x6251, 0x6251, 0x6251, 0x6251, 0x6251, 0x6251, 0x6251, 0x6251, 0x5a51, 0x5a51, 
	0x5a50, 0x5a30, 0x5a30, 0x5a30, 0x5a30, 0x5a30, 0x5a30, 0x5a30, 0x5a30, 0x5a31, 0x5a31, 0x5a31, 0x5a31, 0x5a31, 0x5a31, 0x5a31, 
	0x5a30, 0x5a30, 0x5a31, 0x5a31, 0x5a31, 0x5a31, 0x5a31, 0x5a31, 0x5a51, 0x5a31, 0x5a31, 0x5a51, 0x5a31, 0x5a31, 0x5a31, 0x6251, 
	0x6311, 0x6b73, 0x7373, 0x6b53, 0x6b52, 0x6b53, 0x6b52, 0x6311, 0x62f2, 0x5ab0, 0x5290, 0x6312, 0x7374, 0x7374, 0x7374, 0x7353, 
	0x6b53, 0x6312, 0x5ad1, 0x5ab1, 0x5290, 0x5270, 0x4a70, 0x4a70, 0x4a4f, 0x4a4f, 0x4a70, 0x422f, 0x39ee, 0x39cd, 0x39ad, 0x39ad, 
	0x39ce, 0x398d, 0x41ef, 0x41ce, 0x418e, 0x49f0, 0x5a31, 0x6272, 0x6ab3, 0x7314, 0x7b14, 0x5210, 0x6292, 0x49cf, 0x5a51, 0x72d4, 
	0x9337, 0x92f6, 0x8ab5, 0x8ab5, 0x8ab6, 0x92b6, 0x92b6, 0x92d6, 0x92b6, 0x92d6, 0x92d6, 0x92d6, 0x9af6, 0x9b16, 0xa357, 0xab78, 
	0xab98, 0xa357, 0xa357, 0xa378, 0xa377, 0xab98, 0xabb9, 0xab98, 0xab98, 0xab98, 0xb3b9, 0xb3d9, 0xb3d9, 0xb3d9, 0xab98, 0x9b16, 
	0xa357, 0xb3f9, 0xa398, 0x9b37, 0x9b37, 0x8ad6, 0x8295, 0x82d6, 0x9318, 0x9318, 0x9338, 0x9338, 0x9318, 0x8af7, 0x8ab6, 0x82b6, 
	0x7ad6, 0x7ad6, 0x59f2, 0x6212, 0x7274, 0x61f2, 0x6a12, 0x8ad6, 0xc47c, 0xcc9c, 0xcc9c, 0xcc9c, 0xcc9b, 0xd4bc, 0xcc9b, 0xcc7b, 
	0xcc7c, 0xbbfa, 0xc43b, 0xd4fd, 0xccfd, 0xc4bb, 0xbc9b, 0xc49b, 0xccdc, 0xcc9c, 0xbc5b, 0xc45b, 0xbc3b, 0x9b57, 0x8294, 0x82d5, 
	0x7274, 0x6a74, 0x6a54, 0x6a54, 0x6a74, 0x6a74, 0x6a54, 0x6a53, 0x6a12, 0x9bb8, 0xb45b, 0x9b77, 0x9315, 0xb3f9, 0xcc9b, 0xcc5a, 
	0xd49b, 0xcc9a, 0xcc7a, 0xcc7a, 0xcc7a, 0xcc7a, 0xcc7a, 0xcc7a, 0xcc9b, 0xcc9a, 0xcc9a, 0xcc9a, 0xc45a, 0xb3d8, 0xa376, 0xa376, 
	0x8af5, 0x7a94, 0x7253, 0x7a74, 0x82b5, 0x7a95, 0x7a74, 0x7a74, 0x7a94, 0x82b5, 0x82d6, 0x82b6, 0x82b6, 0x8295, 0x7a75, 0x7a54, 
	0x82b5, 0x8ad5, 0xabf9, 0xccbc, 0xccdc, 0xccdb, 0xd4dc, 0xe57e, 0xd4fd, 0xd4fc, 0xccdc, 0xc4bb, 0xbcba, 0xb479, 0xb498, 0x7ad1, 
	0x9bf6, 0x93b5, 0xa438, 0x93b6, 0x93b7, 0x8b76, 0x8335, 0x7b14, 0x6271, 0x9c37, 0xb53a, 0xacd9, 0xa4f9, 0x83f5, 0x62d1, 0x5a90, 
	0x41cd, 0x398c, 0x398c, 0x398c, 0x398d, 0x310b, 0x394d, 0x418e, 0x5231, 0x49cf, 0x41ae, 0x5250, 0x7b95, 0x4a0f, 0x49cf, 0x51ef, 
	0x416b, 0x834f, 0xb4f3, 0xbd53, 0xbd54, 0xb514, 0x93d2, 0x624d, 0x7b0e, 0xac94, 0xacb4, 0xacb4, 0xb4b6, 0xac76, 0x9bf5, 0x6a90, 
	0x5a71, 0x5a72, 0x5272, 0x4a31, 0x41f0, 0x4210, 0x4210, 0x41ef, 0x420f, 0x420f, 0x31ad, 0x31ad, 0x39ad, 0x39cd, 0x422e, 0x420e, 
	0x4a2e, 0x4a2e, 0x41ed, 0x4a2e, 0x4a2f, 0x318c, 0x316c, 0x318c, 0x31ad, 0x318d, 0x318c, 0x39ad, 0x39ad, 0x316c, 0x39ad, 0x5a70, 
	0x522f, 0x520f, 0x6ad2, 0x6271, 0x6271, 0x5a30, 0x6251, 0x6251, 0x6251, 0x6252, 0x6252, 0x6251, 0x6251, 0x6251, 0x6251, 0x6271, 
	0x5a51, 0x5a51, 0x5a51, 0x5a51, 0x5a30, 0x5a30, 0x5a31, 0x5a31, 0x5a31, 0x5a31, 0x5a31, 0x5a31, 0x5a31, 0x5a31, 0x5a31, 0x5a31, 
	0x5a31, 0x5a31, 0x5a31, 0x5a31, 0x5a31, 0x5a31, 0x5a31, 0x5a31, 0x5a51, 0x5a31, 0x5a31, 0x5a51, 0x5a31, 0x5a31, 0x5a31, 0x6251, 
	0x6311, 0x6b52, 0x6b73, 0x6b73, 0x6b53, 0x6b53, 0x6b32, 0x6312, 0x5ad1, 0x5290, 0x5270, 0x62d1, 0x6b53, 0x7374, 0x7353, 0x7353, 
	0x6b33, 0x62f2, 0x5ab1, 0x5290, 0x5270, 0x4a70, 0x4a4f, 0x4a6f, 0x4a4f, 0x4a70, 0x4a70, 0x4a70, 0x422f, 0x41ee, 0x39ce, 0x39ce, 
	0x39ce, 0x41ce, 0x4a30, 0x49ef, 0x49cf, 0x5a71, 0x6292, 0x6ab3, 0x6ad3, 0x72f4, 0x7314, 0x5a31, 0x6ab3, 0x5a31, 0x6292, 0x7af4, 
	0x82f5, 0x82b5, 0x8275, 0x8295, 0x8a96, 0x8a96, 0x8ab6, 0x92b6, 0x8ab6, 0x8ab6, 0x8ab6, 0x8ad6, 0x9316, 0x9336, 0x9b77, 0xa398, 
	0xa397, 0x9b77, 0x9b77, 0x9b57, 0x9b56, 0xa377, 0xa398, 0xa378, 0xa398, 0xab98, 0xab98, 0xabb9, 0xb3fa, 0xab99, 0x9b16, 0x92d5, 
	0xabb8, 0xabd9, 0x9316, 0xa398, 0xabfa, 0x8af6, 0x82d6, 0x82d6, 0x8b17, 0x8b18, 0x8b17, 0x8af7, 0x82d7, 0x82b6, 0x7a95, 0x7a95, 
	0x7294, 0x72b5, 0x59d1, 0x61f2, 0x7274, 0x69f2, 0x8294, 0xbc3b, 0xd4dd, 0xccbc, 0xcc7b, 0xcc5b, 0xcc9b, 0xd4bc, 0xd49b, 0xcc5a, 
	0xcc7c, 0xbbfa, 0xb3d9, 0xcc9b, 0xdd3e, 0xd4fd, 0xc49b, 0xc4bc, 0xd4dc, 0xcc9c, 0xc45b, 0xbc3b, 0xb41a, 0x9316, 0x7253, 0x6a33, 
	0x6a53, 0x6a54, 0x6a54, 0x6a54, 0x6a54, 0x6a74, 0x6a54, 0x6253, 0x8337, 0x8b36, 0x82d5, 0x8294, 0x92f5, 0xabd8, 0xbc3a, 0xbc19, 
	0xcc7a, 0xcc5a, 0xc439, 0xc439, 0xc45a, 0xcc5a, 0xcc5a, 0xc45a, 0xc439, 0xc45a, 0xc439, 0xbc19, 0xab96, 0x92f4, 0x8272, 0x7a52, 
	0x7232, 0x7212, 0x7a53, 0x8af5, 0x9b78, 0xa398, 0x9b78, 0x9b78, 0x9b58, 0x8af6, 0x7a74, 0x7a54, 0x7a74, 0x8295, 0x8295, 0x8295, 
	0x7233, 0x8ad5, 0xb41a, 0xccbb, 0xccbb, 0xccbb, 0xccdb, 0xdd5d, 0xd53d, 0xd53d, 0xcd1d, 0xc4db, 0xb49a, 0xac58, 0xac58, 0x7af2, 
	0xb4f9, 0x93b5, 0x8b74, 0x72d2, 0x72b2, 0x7b14, 0x7b35, 0x6271, 0x520f, 0x7313, 0x7312, 0x5a6f, 0x49ed, 0x49ee, 0x39ad, 0x398d, 
	0x49ce, 0x41ad, 0x314b, 0x4a0e, 0x41ad, 0x312c, 0x41af, 0x5231, 0x4a10, 0x398d, 0x398c, 0x5a90, 0x9c98, 0x49ee, 0x41cf, 0x49ce, 
	0x51ec, 0x9c11, 0xc594, 0xc592, 0xc573, 0xc596, 0xac94, 0x7aef, 0x72cd, 0xac93, 0xb4d4, 0xacb3, 0xacb5, 0xb4b7, 0xa436, 0x6270, 
	0x49ef, 0x4a11, 0x4a10, 0x41d0, 0x41cf, 0x4210, 0x4a51, 0x5292, 0x4230, 0x420f, 0x318d, 0x39ad, 0x41ee, 0x420e, 0x4a4f, 0x4a0e, 
	0x522e, 0x522e, 0x41ed, 0x522f, 0x524f, 0x398d, 0x316c, 0x318d, 0x318d, 0x316c, 0x316c, 0x39ad, 0x41ee, 0x39ad, 0x41ce, 0x5a90, 
	0x524f, 0x520f, 0x6ad2, 0x6291, 0x6291, 0x6271, 0x6272, 0x6272, 0x6272, 0x6272, 0x6252, 0x6272, 0x6272, 0x6271, 0x6271, 0x6271, 
	0x5a51, 0x5a51, 0x5a51, 0x5a51, 0x5a51, 0x5a51, 0x5a51, 0x5a51, 0x5a51, 0x5a51, 0x5a51, 0x5a51, 0x5a51, 0x5a51, 0x5a51, 0x5a51, 
	0x5a31, 0x5a31, 0x5a31, 0x5a31, 0x5a31, 0x5a51, 0x5a51, 0x5a51, 0x5a51, 0x5a31, 0x5a31, 0x5a51, 0x5a31, 0x5a31, 0x5a31, 0x6251, 
	0x6311, 0x6332, 0x6b52, 0x6b53, 0x6b53, 0x6b52, 0x6b32, 0x6b32, 0x5ad1, 0x5290, 0x5ab1, 0x62f1, 0x7353, 0x7bb5, 0x7394, 0x7394, 
	0x6b33, 0x62f2, 0x5ab1, 0x5290, 0x5290, 0x5290, 0x4a70, 0x4a90, 0x4a70, 0x4a70, 0x4a90, 0x4a70, 0x4a4f, 0x420f, 0x39ee, 0x39ce, 
	0x39ce, 0x41ce, 0x5250, 0x5250, 0x5a71, 0x7334, 0x8375, 0x8375, 0x8355, 0x8355, 0x8376, 0x72f4, 0x8356, 0x7314, 0x7b55, 0x8b76, 
	0x82d5, 0x8295, 0x8275, 0x8295, 0x8ab6, 0x8a96, 0x8a96, 0x8ab6, 0x8275, 0x8295, 0x8ad6, 0x8af6, 0x8b16, 0x9356, 0x9377, 0x9b97, 
	0x9356, 0x8b56, 0x9376, 0x9b97, 0x9376, 0x9b77, 0x9b98, 0x9b77, 0x9b77, 0xa398, 0xa378, 0xa399, 0xabd9, 0x9b58, 0x8ad6, 0x9317, 
	0x9b57, 0x9337, 0x8ad5, 0xa399, 0xb41b, 0x9358, 0x8af7, 0x8b17, 0x8317, 0x82f7, 0x82f7, 0x82d6, 0x7ab6, 0x7ab6, 0x7a95, 0x7ab5, 
	0x6a94, 0x7294, 0x59f2, 0x61f2, 0x6a33, 0x7a74, 0xa399, 0xd4fe, 0xc45b, 0xcc5b, 0xcc7b, 0xcc7b, 0xcc7b, 0xcc7b, 0xcc7b, 0xcc7b, 
	0xcc5b, 0xc45b, 0xbbf9, 0xbc1a, 0xccbc, 0xccbc, 0xc47b, 0xccbc, 0xcc7b, 0xd4bc, 0xcc7b, 0xb3fa, 0xabb9, 0x9b77, 0x7ab4, 0x61f2, 
	0x6233, 0x6233, 0x6253, 0x6254, 0x6a74, 0x6a74, 0x6a74, 0x6a74, 0x7af6, 0x7274, 0x7274, 0x8b16, 0x9336, 0x9315, 0xab98, 0xcc9b, 
	0xbc19, 0xbbf9, 0xc419, 0xc419, 0xc45a, 0xcc5a, 0xcc7a, 0xcc5a, 0xcc7b, 0xcc7a, 0xc45a, 0xbc19, 0xb3b8, 0xab76, 0xa356, 0xa356, 
	0x8273, 0x8ab4, 0x9b36, 0xb3f9, 0xc47c, 0xc49c, 0xc49c, 0xc49c, 0xbc7c, 0x9b78, 0x8295, 0x7a54, 0x7a95, 0x82b5, 0x82b5, 0x8295, 
	0x92f6, 0xabb8, 0xc49b, 0xc47b, 0xc47a, 0xc4ba, 0xc49a, 0xccfb, 0xa3d7, 0x9b96, 0xa3f8, 0x9396, 0x93b6, 0x9c18, 0x8b75, 0x6a91, 
	0x9c37, 0x8374, 0x7b13, 0x6271, 0x6a92, 0x8335, 0x7b35, 0x6ad3, 0x6ab2, 0x7b33, 0x7312, 0x62b1, 0x49cd, 0x520e, 0x49ce, 0x49ce, 
	0x51ee, 0x5a2f, 0x416c, 0x6290, 0x5a2f, 0x49ce, 0x6272, 0x6ad3, 0x520f, 0x522f, 0x522e, 0x6b10, 0xacf8, 0x524e, 0x5230, 0x520f, 
	0x72d0, 0x93d1, 0xb532, 0xcdd3, 0xcdd4, 0xbd34, 0x9c33, 0x8351, 0x8b90, 0xb4d5, 0xb4f4, 0xacb3, 0xac95, 0xb4d7, 0xac77, 0x6a70, 
	0x41ae, 0x41af, 0x398f, 0x398f, 0x41cf, 0x4a10, 0x5272, 0x5a92, 0x4a10, 0x420f, 0x39ad, 0x41ee, 0x4a2f, 0x4a2e, 0x526f, 0x522f, 
	0x522e, 0x524f, 0x49ee, 0x524f, 0x524f, 0x39ad, 0x316c, 0x318d, 0x316c, 0x316d, 0x39ad, 0x420f, 0x5250, 0x4a30, 0x5250, 0x62b1, 
	0x5a50, 0x522f, 0x6ad2, 0x6291, 0x6ab2, 0x6292, 0x6a92, 0x6272, 0x6252, 0x6252, 0x6252, 0x6272, 0x6272, 0x6271, 0x6271, 0x6271, 
	0x5a51, 0x5a51, 0x5a51, 0x5a51, 0x5a51, 0x5a51, 0x5a51, 0x5a51, 0x5a51, 0x5a51, 0x5a51, 0x5a51, 0x5a51, 0x5a51, 0x5a51, 0x5a51, 
	0x5a51, 0x5a51, 0x5a51, 0x5a51, 0x5a51, 0x5a51, 0x5a51, 0x5a51, 0x5a51, 0x5a31, 0x5a31, 0x5a51, 0x5a31, 0x5a31, 0x5a31, 0x6252, 
	0x6b52, 0x6b32, 0x6b32, 0x6b53, 0x6b53, 0x6332, 0x6b32, 0x6b53, 0x5ad1, 0x5290, 0x5ad1, 0x62d1, 0x6b33, 0x7b94, 0x6b53, 0x7353, 
	0x6b12, 0x62d1, 0x5ab1, 0x5290, 0x5290, 0x5290, 0x4a70, 0x4a70, 0x4a70, 0x4a70, 0x4a70, 0x4a70, 0x4a50, 0x422f, 0x39ee, 0x39ae, 
	0x39ce, 0x41ce, 0x5250, 0x5a70, 0x6ad2, 0x8bb6, 0x93f7, 0x8bb6, 0x93d7, 0x93d7, 0x93f7, 0x93b7, 0x9c18, 0x93d7, 0x9bf8, 0x9bf8, 
	0x82d5, 0x8295, 0x8295, 0x8ab6, 0x8ab6, 0x8ab6, 0x8296, 0x82b6, 0x7a75, 0x8295, 0x82d6, 0x82f6, 0x8315, 0x8335, 0x8335, 0x8355, 
	0x7b14, 0x8355, 0x93d7, 0x9bf8, 0x9bd8, 0x9bf8, 0x9bd8, 0x9377, 0x9377, 0x9b98, 0x9b58, 0x9337, 0x9337, 0x8ad6, 0x8ab6, 0x9b58, 
	0x8ad5, 0x8294, 0x8af6, 0x9358, 0x9bb9, 0x9b99, 0x82f6, 0x8317, 0x8317, 0x82f7, 0x82f7, 0x7af6, 0x82f6, 0x82f6, 0x82f7, 0x8317, 
	0x8316, 0x7b16, 0x7274, 0x61f2, 0x61f2, 0x9316, 0xc49c, 0xcc9c, 0xc45b, 0xcc7b, 0xd49c, 0xd49c, 0xcc7b, 0xcc5a, 0xcc5a, 0xcc7b, 
	0xcc5b, 0xd49c, 0xc43a, 0xb3b8, 0xc43a, 0xcc9b, 0xcc9b, 0xd49c, 0xcc5b, 0xd49c, 0xd49c, 0xc45b, 0xabfa, 0x9bb8, 0x8316, 0x6232, 
	0x5a12, 0x5a13, 0x6233, 0x6253, 0x6253, 0x6254, 0x6274, 0x6254, 0x6233, 0x6a53, 0x7274, 0x7ab5, 0x82d5, 0x8b16, 0x9b77, 0xabb8, 
	0xb3b8, 0xb3d8, 0xbbf9, 0xc41a, 0xc43a, 0xc43a, 0xc45a, 0xc45a, 0xcc7b, 0xcc7b, 0xcc7b, 0xcc7a, 0xcc7b, 0xcc9b, 0xd4bc, 0xd4dc, 
	0xbc19, 0xbc3a, 0xc47b, 0xcc9c, 0xc49c, 0xc47b, 0xbc7b, 0xc49c, 0xc4bc, 0xa3d9, 0x8af6, 0x7a94, 0x7253, 0x7233, 0x7233, 0x7a54, 
	0xb3fa, 0xc45b, 0xccbc, 0xc45a, 0xc49a, 0xc4ba, 0xb458, 0xb479, 0x7af3, 0x59f0, 0x7292, 0x5a10, 0x6a92, 0x8bb6, 0x6250, 0x51ef, 
	0x5a50, 0x6af2, 0x72f3, 0x5a30, 0x51f0, 0x5a31, 0x5a30, 0x6ad2, 0x51ee, 0x520e, 0x5a4e, 0x6af1, 0x628f, 0x6af1, 0x6290, 0x5a2e, 
	0x7312, 0x8b95, 0x7b12, 0x9c36, 0x9c16, 0x93f6, 0x9c38, 0x93d7, 0x6ab1, 0x7311, 0x730f, 0x9433, 0xb537, 0x7b51, 0x6af1, 0x7312, 
	0x7b11, 0x93d2, 0xacf1, 0xbd51, 0xb512, 0xa471, 0x8b91, 0x7b10, 0xa454, 0xb515, 0xacb3, 0xacb3, 0xacb4, 0xacb6, 0xac77, 0x6a91, 
	0x5210, 0x49cf, 0x398e, 0x41af, 0x4a10, 0x5251, 0x5251, 0x4a30, 0x41ef, 0x4a30, 0x4a0f, 0x5270, 0x5a70, 0x522f, 0x5a6f, 0x5a6f, 
	0x5a4f, 0x5a4f, 0x4a0e, 0x5270, 0x5250, 0x39ad, 0x316c, 0x314c, 0x316d, 0x39ae, 0x41ce, 0x4a0f, 0x5250, 0x4a30, 0x49ef, 0x4a2f, 
	0x4a0f, 0x49ee, 0x62b1, 0x6271, 0x6292, 0x6271, 0x6272, 0x6251, 0x6252, 0x6252, 0x6252, 0x6252, 0x6252, 0x6251, 0x6251, 0x6251, 
	0x6251, 0x5a51, 0x5a51, 0x5a51, 0x5a51, 0x5a51, 0x5a51, 0x5a51, 0x5a51, 0x5a51, 0x5a51, 0x5a51, 0x5a51, 0x5a51, 0x5a51, 0x5a51, 
	0x5a51, 0x5a51, 0x5a51, 0x5a51, 0x5a51, 0x5a51, 0x5a51, 0x5a51, 0x5a51, 0x5a31, 0x5a31, 0x5a51, 0x5a31, 0x5a31, 0x5a31, 0x5a52, 
	0x4a4e, 0x39ed, 0x39cd, 0x420d, 0x41ed, 0x39ac, 0x39ac, 0x420e, 0x420e, 0x41cd, 0x4a2f, 0x41ee, 0x4a2f, 0x5ab1, 0x4a0e, 0x4a0e, 
	0x4a2f, 0x4a2f, 0x420e, 0x41ee, 0x41ee, 0x420e, 0x39ee, 0x39cd, 0x4a4f, 0x424f, 0x4a50, 0x4a70, 0x4a70, 0x4a50, 0x420f, 0x39ce, 
	0x41ee, 0x41ce, 0x5250, 0x6291, 0x6af3, 0x8bb6, 0x8bd6, 0x8bb6, 0x93d7, 0x93b7, 0x9bf7, 0x9bf7, 0x9bf8, 0x9bf8, 0x9c18, 0x9bf8, 
	0x8af6, 0x8ab5, 0x8295, 0x8ab6, 0x8ab6, 0x82b6, 0x8296, 0x82b6, 0x7a96, 0x7ab6, 0x7ad5, 0x7af5, 0x72f4, 0x72f4, 0x6af3, 0x6af3, 
	0x7313, 0x8375, 0x9417, 0x9c59, 0x9c18, 0x9c18, 0x9bf8, 0x9397, 0x9377, 0x9357, 0x8b16, 0x82b5, 0x7a95, 0x7a75, 0x8295, 0x8af7, 
	0x7a95, 0x7a74, 0x8b37, 0x82f6, 0x8317, 0x9378, 0x7ad6, 0x7ad6, 0x7af7, 0x7af6, 0x7af7, 0x7af6, 0x8316, 0x8317, 0x8337, 0x8337, 
	0x8b78, 0x8b77, 0x7294, 0x61d1, 0x6a32, 0xabd9, 0xd4fe, 0xbc3a, 0xd49c, 0xcc7b, 0xcc5a, 0xcc5a, 0xcc5a, 0xcc5a, 0xc45a, 0xc45a, 
	0xcc5b, 0xcc7b, 0xbc19, 0xb397, 0xbbf9, 0xcc9b, 0xd49c, 0xcc7b, 0xd47b, 0xcc3b, 0xcc9c, 0xd4dd, 0xb45b, 0x9377, 0x72b4, 0x5a32, 
	0x5a12, 0x5a13, 0x5a33, 0x5a33, 0x5a33, 0x5a13, 0x5a13, 0x5a33, 0x5a33, 0x6233, 0x6212, 0x6212, 0x7a94, 0x8b36, 0x9336, 0x92f5, 
	0xb3b9, 0xbbf9, 0xc41a, 0xc43a, 0xc43a, 0xc41a, 0xc43a, 0xc43a, 0xc43a, 0xc43a, 0xc45a, 0xc45a, 0xcc7b, 0xd49b, 0xd4bc, 0xd4bc, 
	0xd4bc, 0xd4bc, 0xcc7b, 0xc45a, 0xbc1a, 0xb3f9, 0xbc3a, 0xc47b, 0xc47c, 0xa398, 0x7a94, 0x61d1, 0x5970, 0x61b1, 0x82d5, 0xabd9, 
	0xc43b, 0xcc5b, 0xc45a, 0xbc18, 0xbc59, 0xb458, 0x9395, 0x93b6, 0x6a91, 0x416d, 0x51cf, 0x392d, 0x49cf, 0x7b34, 0x418d, 0x396d, 
	0x520f, 0x6ad2, 0x62b2, 0x5210, 0x49cf, 0x49cf, 0x418d, 0x5a70, 0x41ad, 0x5a6f, 0x7b52, 0x9414, 0x9414, 0xa476, 0xa497, 0xacb8, 
	0xa478, 0xb4d9, 0xa457, 0xac98, 0xac98, 0xac78, 0xac59, 0x93b6, 0x72d2, 0x72f0, 0x730e, 0xa493, 0xacd4, 0x83b1, 0x6acf, 0x7b12, 
	0x72d1, 0x8b92, 0xa491, 0xacb0, 0x940e, 0x7b2d, 0x72cf, 0x7af0, 0xa475, 0xacd4, 0xa492, 0xacd3, 0xacb4, 0xac95, 0xa456, 0x6a90, 
	0x5a30, 0x49d0, 0x41af, 0x49cf, 0x5231, 0x5251, 0x4a10, 0x49ef, 0x4a0f, 0x5250, 0x5a70, 0x62d2, 0x62b1, 0x5a4f, 0x6290, 0x6290, 
	0x6290, 0x6290, 0x522f, 0x5a70, 0x5250, 0x398d, 0x314c, 0x314c, 0x41ef, 0x4a30, 0x4a10, 0x4a0f, 0x4a0f, 0x41ae, 0x316d, 0x396d, 
	0x41ce, 0x41ad, 0x6291, 0x5a71, 0x6291, 0x6271, 0x6272, 0x6251, 0x6252, 0x6251, 0x6251, 0x6251, 0x5a51, 0x5a51, 0x5a51, 0x5a51, 
	0x5a51, 0x5a51, 0x5a51, 0x5a51, 0x5a51, 0x5a51, 0x5a51, 0x5a51, 0x5a51, 0x5a51, 0x5a51, 0x5a51, 0x5a51, 0x5a51, 0x5a51, 0x5a51, 
	0x5a51, 0x5a52, 0x5a52, 0x5a51, 0x5a51, 0x5a51, 0x5a51, 0x5a31, 0x5a51, 0x5a31, 0x5a31, 0x5a51, 0x5a31, 0x5a31, 0x5a31, 0x5a52, 
	0x4a4e, 0x41ed, 0x41ed, 0x4a2e, 0x422e, 0x39cc, 0x39cd, 0x4a2e, 0x39cd, 0x316c, 0x41ee, 0x398c, 0x39ad, 0x4a2f, 0x316c, 0x314c, 
	0x398c, 0x39ad, 0x39ad, 0x39cd, 0x39ee, 0x422f, 0x422f, 0x3a0e, 0x4a70, 0x4a70, 0x4a50, 0x4a70, 0x4a70, 0x4a50, 0x420f, 0x41ee, 
	0x49ee, 0x41ee, 0x5a91, 0x6ad2, 0x7313, 0x8395, 0x8b96, 0x8bb6, 0x8bb6, 0x8b96, 0x9396, 0x93b7, 0x9396, 0x93b7, 0x9bd7, 0x9bb7, 
	0x8af6, 0x82b5, 0x8295, 0x82b6, 0x82b6, 0x8296, 0x8296, 0x7a96, 0x7ab6, 0x7ab6, 0x72d5, 0x72d5, 0x6ad4, 0x6ad3, 0x6af3, 0x6af3, 
	0x6b13, 0x7b74, 0x9417, 0x9c58, 0x9418, 0x9418, 0x9c18, 0x8b97, 0x8b77, 0x82f5, 0x7294, 0x6a33, 0x6a33, 0x7a75, 0x7a95, 0x7a54, 
	0x7a74, 0x7a95, 0x82d6, 0x7ab5, 0x7295, 0x7ad6, 0x7af6, 0x7ad6, 0x7af7, 0x7af6, 0x7b17, 0x7b17, 0x8337, 0x8337, 0x8337, 0x8337, 
	0x8b57, 0x8b57, 0x61f1, 0x516f, 0x82b4, 0xb41a, 0xc47c, 0xbc1a, 0xc43a, 0xbbf9, 0xbbd9, 0xc419, 0xc43a, 0xc43a, 0xc43a, 0xc45a, 
	0xc43a, 0xbc19, 0xbbf9, 0xbbf9, 0xbbf9, 0xcc3a, 0xd47b, 0xd45b, 0xd47c, 0xc41a, 0xcc5b, 0xccbd, 0xabfa, 0x8316, 0x6a94, 0x5a32, 
	0x5a33, 0x6233, 0x5a33, 0x5a33, 0x5a33, 0x5a13, 0x5a33, 0x5a33, 0x5a33, 0x5a33, 0x6a53, 0x7295, 0x7ab5, 0x82d5, 0x9357, 0xabf9, 
	0xbc1a, 0xc41a, 0xc43a, 0xc43a, 0xc43a, 0xc43a, 0xc43a, 0xc43a, 0xc45a, 0xcc7b, 0xcc7b, 0xc43a, 0xc43a, 0xc45a, 0xcc7b, 0xcc9b, 
	0xc45a, 0xc43a, 0xbc19, 0xb3d8, 0xb3d8, 0xb3d9, 0xb41a, 0xbc3a, 0xa398, 0x8ad5, 0x7232, 0x6a12, 0x7233, 0x7ab5, 0xa3f9, 0xd51e, 
	0xcc5b, 0xcc5a, 0xc439, 0xb418, 0xbc59, 0xac17, 0x8b54, 0x9bf6, 0x7313, 0x6ab2, 0x6292, 0x6292, 0x7314, 0x9418, 0x6af3, 0x62b2, 
	0x6b13, 0x6af3, 0x62b2, 0x6292, 0x5a72, 0x6af3, 0x6291, 0x6af2, 0x49cd, 0x8bd4, 0xc59a, 0xc5ba, 0xbd59, 0xbd38, 0xc559, 0xc55a, 
	0xbcf9, 0xbcd9, 0xb4b8, 0xac56, 0xb497, 0xac78, 0xac58, 0x9bb6, 0x72b0, 0x7b10, 0x9c32, 0xb514, 0xa472, 0x93d0, 0x72cf, 0x72d1, 
	0x7ad2, 0x8b73, 0x9c31, 0x940e, 0x7b4c, 0x6aab, 0x72af, 0x7b32, 0xa455, 0xacb4, 0xacb2, 0xb4f3, 0xacb3, 0xacb5, 0xac76, 0x6ab1, 
	0x5a30, 0x5210, 0x5210, 0x5231, 0x5251, 0x5230, 0x4a10, 0x4a10, 0x5250, 0x5a91, 0x62b1, 0x6b13, 0x6ad2, 0x5a6f, 0x6290, 0x6ab1, 
	0x6ad1, 0x62b1, 0x522f, 0x5a50, 0x5250, 0x398d, 0x398d, 0x398d, 0x5250, 0x5271, 0x4a10, 0x41ae, 0x398e, 0x316d, 0x314d, 0x396d, 
	0x41ce, 0x41ae, 0x62b1, 0x6291, 0x6292, 0x6271, 0x6272, 0x6272, 0x6252, 0x6252, 0x6252, 0x6252, 0x5a51, 0x5a51, 0x5a51, 0x5a51, 
	0x5a51, 0x5a51, 0x5a51, 0x5a51, 0x5a51, 0x5a51, 0x5a51, 0x5a51, 0x5a51, 0x5a51, 0x5a51, 0x5a51, 0x5a51, 0x5a51, 0x5a51, 0x5a51, 
	0x5a51, 0x5a51, 0x5a51, 0x5a51, 0x5a31, 0x5a31, 0x5a31, 0x5a31, 0x5a51, 0x5a31, 0x5a31, 0x5a51, 0x5a31, 0x5a31, 0x5a31, 0x5a52, 
	0x4a6f, 0x420d, 0x422e, 0x528f, 0x528f, 0x422e, 0x4a2e, 0x5290, 0x4a4f, 0x420e, 0x5ab0, 0x4a2e, 0x4a4f, 0x62d1, 0x41ee, 0x41ee, 
	0x41ee, 0x4a0e, 0x4a4f, 0x5270, 0x5ad1, 0x6312, 0x6333, 0x6312, 0x52b1, 0x5290, 0x4a70, 0x4a70, 0x5270, 0x4a70, 0x422f, 0x41ee, 
	0x41ce, 0x41ce, 0x5a91, 0x6b13, 0x7313, 0x7b75, 0x8395, 0x8bd6, 0x8bb6, 0x8b96, 0x8bb6, 0x93b7, 0x8b96, 0x93b6, 0x93d7, 0x93d7, 
	0x82f5, 0x82b5, 0x7a95, 0x82b5, 0x82b6, 0x82b6, 0x7ab5, 0x7ab5, 0x7ab5, 0x72d5, 0x72d4, 0x6ad4, 0x6ad4, 0x6af4, 0x6b34, 0x7354, 
	0x6b33, 0x7b95, 0x9437, 0x9438, 0x9417, 0x9418, 0x9c18, 0x93b8, 0x8b56, 0x7294, 0x6233, 0x61f2, 0x6a13, 0x7a96, 0x7ab6, 0x61f3, 
	0x7274, 0x7ab5, 0x7274, 0x7295, 0x6a74, 0x6a75, 0x8358, 0x7af6, 0x7b17, 0x7b17, 0x8337, 0x8337, 0x8337, 0x8357, 0x8337, 0x8357, 
	0x8356, 0x8356, 0x496f, 0x492e, 0x9336, 0xabd9, 0xab98, 0xbbfa, 0xb3b8, 0xbbb8, 0xbbf9, 0xc41a, 0xc41a, 0xbbf9, 0xbc19, 0xc43a, 
	0xbc19, 0xbbd8, 0xcc3a, 0xd49b, 0xc419, 0xc3f9, 0xcc5b, 0xd47c, 0xd47c, 0xc43b, 0xcc7c, 0xbc5b, 0x9b78, 0x7b16, 0x72d5, 0x5a73, 
	0x6253, 0x6254, 0x6274, 0x6253, 0x5a53, 0x5a53, 0x6253, 0x6274, 0x6a94, 0x6253, 0x6a33, 0x7294, 0x9357, 0xabfa, 0xb45b, 0xbc5b, 
	0xbc3a, 0xbc1a, 0xbbf9, 0xbbfa, 0xc41a, 0xc43a, 0xc43a, 0xc43a, 0xc43a, 0xc45b, 0xc45b, 0xbc1a, 0xbbf9, 0xbc1a, 0xcc7b, 0xd4bc, 
	0xc43a, 0xc41a, 0xbbf9, 0xb3d8, 0xabb8, 0xa398, 0x9b57, 0x9316, 0x7233, 0x69d1, 0x7a53, 0xa398, 0xbc5b, 0xbc5b, 0xb43a, 0xbc3a, 
	0xc41a, 0xc3f9, 0xbbd8, 0xb3d7, 0xb438, 0xa3d6, 0x8b95, 0xacb9, 0x6af2, 0x7b55, 0x62d3, 0x7335, 0x7355, 0x7b55, 0x6292, 0x49ef, 
	0x7b95, 0x62d3, 0x62d3, 0x6af3, 0x4a10, 0x5a91, 0x5a71, 0x5a90, 0x418c, 0x8bb4, 0xc57a, 0xb518, 0xbd38, 0xbd18, 0xbd39, 0xb4b8, 
	0xb4b9, 0xac79, 0xb4d9, 0xa457, 0xac98, 0xa437, 0x93b6, 0x8313, 0x6a6f, 0x8bb2, 0xcdd8, 0xc575, 0x9c30, 0x93f1, 0x7b0f, 0x728f, 
	0x6a50, 0x8352, 0x8baf, 0x6aca, 0x5a49, 0x6aac, 0x72d0, 0x6a6f, 0x9c35, 0xacb5, 0xb4f3, 0xb513, 0xac93, 0xacb5, 0xacb7, 0x72f2, 
	0x6a92, 0x6ab3, 0x6ad3, 0x62b3, 0x5a51, 0x49f0, 0x49f0, 0x5230, 0x5a91, 0x62b1, 0x62b1, 0x7313, 0x72f2, 0x6270, 0x6ab0, 0x6ad1, 
	0x6ad1, 0x62b1, 0x522f, 0x524f, 0x5250, 0x41ae, 0x41ce, 0x41ef, 0x4a30, 0x5231, 0x41cf, 0x314d, 0x312c, 0x314d, 0x396d, 0x41cf, 
	0x41ce, 0x41ce, 0x62b2, 0x6291, 0x6271, 0x5a51, 0x6251, 0x6252, 0x6252, 0x6252, 0x6252, 0x5a51, 0x5a51, 0x5a51, 0x5a51, 0x5a51, 
	0x5a51, 0x5a51, 0x5a51, 0x5a51, 0x5a51, 0x5a51, 0x5a51, 0x5a51, 0x5a51, 0x5a51, 0x5a51, 0x5a51, 0x5a51, 0x5a51, 0x5a51, 0x5a51, 
	0x5a51, 0x5a51, 0x5a51, 0x5a31, 0x5a31, 0x5a31, 0x5a31, 0x5a31, 0x5a51, 0x5a31, 0x5a31, 0x5a51, 0x5a31, 0x5a31, 0x5a31, 0x5a52, 
	0x528f, 0x422e, 0x41ed, 0x5ad0, 0x5ad0, 0x6311, 0x5af1, 0x62f1, 0x528f, 0x4a6f, 0x5ab0, 0x4a2e, 0x4a4e, 0x6312, 0x5ad1, 0x5ad1, 
	0x5ab1, 0x5ab1, 0x4a2f, 0x5270, 0x62f2, 0x6312, 0x6b33, 0x6313, 0x5ad2, 0x4a50, 0x5270, 0x5291, 0x4a50, 0x4a70, 0x4a70, 0x420f, 
	0x39ad, 0x4a50, 0x5ab2, 0x62d2, 0x6b13, 0x7b95, 0x8bd6, 0x8bd6, 0x8bd6, 0x8bf7, 0x8bd6, 0x8bf7, 0x8c17, 0x8c17, 0x83d6, 0x8bd7, 
	0x7b15, 0x7ad4, 0x72d4, 0x7ad5, 0x7ad5, 0x7ad4, 0x72d4, 0x72d4, 0x72b4, 0x72d4, 0x72f4, 0x6ad3, 0x62d3, 0x62d3, 0x6b13, 0x7354, 
	0x7b75, 0x83b5, 0x9417, 0x9c59, 0x9c18, 0x9418, 0x93f8, 0x93b7, 0x8b97, 0x6a53, 0x59b1, 0x6a33, 0x6a74, 0x6234, 0x6234, 0x6a34, 
	0x7295, 0x72b5, 0x6a74, 0x7ad6, 0x8358, 0x7b17, 0x7b17, 0x7af7, 0x7b17, 0x7b17, 0x7b17, 0x8317, 0x8337, 0x8b57, 0x9378, 0x93b7, 
	0x93d7, 0x8375, 0x30cb, 0x518e, 0xa3d8, 0xabf9, 0xb3f9, 0xab98, 0xb3b9, 0xb3b9, 0xc43b, 0xbbd9, 0xab57, 0xbbf9, 0xc43a, 0xc43a, 
	0xbbb8, 0xcc3a, 0xcc5a, 0xd47b, 0xd49b, 0xc41a, 0xbbd9, 0xc45b, 0xb3d9, 0xb41a, 0xabfa, 0x9358, 0x7ad5, 0x6a74, 0x6294, 0x6294, 
	0x6274, 0x6274, 0x6a95, 0x6ab5, 0x6a95, 0x6a74, 0x6a94, 0x7294, 0x7274, 0x7273, 0x82b4, 0x9b97, 0xb43a, 0xbc7a, 0xbc39, 0xb419, 
	0xbc19, 0xbc19, 0xbc19, 0xbc3a, 0xbc1a, 0xbbf9, 0xbc19, 0xc43a, 0xcc7b, 0xbc3a, 0xab98, 0xa357, 0xab98, 0xc43a, 0xcc7b, 0xcc7b, 
	0xbbf9, 0xb3d9, 0xbc1a, 0xa398, 0x82f6, 0x7ad5, 0x7294, 0x6a54, 0x61f2, 0x69f3, 0xa399, 0xc47c, 0xcc7c, 0xbc1a, 0xc43a, 0xbbb8, 
	0xc3b9, 0xc3b9, 0xab77, 0xab97, 0xac17, 0x9bb5, 0x8bb5, 0xacb9, 0x5a70, 0x41ae, 0x398e, 0x314c, 0x5a51, 0x6af3, 0x312c, 0x396d, 
	0x6291, 0x6af3, 0x62b2, 0x5250, 0x396d, 0x41ae, 0x41ce, 0x522f, 0x41cd, 0x7333, 0xcddd, 0xbd3a, 0xbd3a, 0xb4f9, 0xacd8, 0x9c57, 
	0x9418, 0x8376, 0x7334, 0x6291, 0x6291, 0x49ce, 0x49ae, 0x418d, 0x5a4f, 0x7b51, 0xbd56, 0xcdd7, 0x9410, 0x8b8f, 0x624c, 0x498a, 
	0x51ac, 0x49ab, 0x732e, 0x83af, 0x734e, 0x5a8c, 0x62af, 0x5a4e, 0x93f4, 0xb4d6, 0xb4d3, 0xb4f2, 0xac92, 0xbcf6, 0x9bf6, 0x5a10, 
	0x5a30, 0x5210, 0x5a31, 0x6272, 0x5210, 0x5210, 0x49cf, 0x5a50, 0x6ad1, 0x7312, 0x72f1, 0x7b53, 0x72f1, 0x6290, 0x7312, 0x6af1, 
	0x6af2, 0x62b1, 0x5a70, 0x5250, 0x5230, 0x4a30, 0x4a10, 0x4a10, 0x5251, 0x398e, 0x314d, 0x294d, 0x314d, 0x316d, 0x316d, 0x39ae, 
	0x41ef, 0x49ef, 0x5a92, 0x6292, 0x5a71, 0x6272, 0x5a51, 0x5a51, 0x6251, 0x5a31, 0x5a31, 0x6272, 0x6272, 0x5a51, 0x5a51, 0x5a51, 
	0x5a51, 0x5a31, 0x5a31, 0x5a31, 0x5a31, 0x5a31, 0x5a31, 0x5a31, 0x5a51, 0x5a52, 0x5a51, 0x5a31, 0x5a51, 0x6272, 0x5a51, 0x5a31, 
	0x5a31, 0x5a51, 0x5a51, 0x5a31, 0x5a31, 0x5a31, 0x5a31, 0x5a51, 0x5a31, 0x5a31, 0x5a31, 0x5a31, 0x5a31, 0x5a31, 0x5a51, 0x5a51, 
	0x528f, 0x4a4e, 0x422e, 0x5ad0, 0x526f, 0x528f, 0x526f, 0x5290, 0x4a6f, 0x4a4e, 0x5290, 0x420e, 0x4a2e, 0x5af1, 0x5290, 0x52b0, 
	0x4a70, 0x5270, 0x420f, 0x5270, 0x6312, 0x6312, 0x6b13, 0x62f2, 0x5271, 0x4a0f, 0x4a2f, 0x5270, 0x4a70, 0x4a70, 0x4a91, 0x422f, 
	0x39ee, 0x4a30, 0x5ad2, 0x6b13, 0x62f3, 0x5a91, 0x5271, 0x5250, 0x62d2, 0x6af3, 0x62b2, 0x5a91, 0x5a91, 0x5291, 0x5ab2, 0x6313, 
	0x7b55, 0x7b15, 0x72f4, 0x7b15, 0x7b14, 0x72f4, 0x72f4, 0x72f4, 0x72d3, 0x72f3, 0x72f3, 0x6af3, 0x62d2, 0x62d3, 0x6b13, 0x7334, 
	0x7354, 0x8395, 0x93f7, 0x9c38, 0x93f8, 0x93f8, 0x93f8, 0x8b97, 0x8357, 0x6a53, 0x6212, 0x6a74, 0x6a74, 0x6234, 0x6254, 0x6a74, 
	0x7295, 0x7295, 0x6254, 0x72d6, 0x8357, 0x7b37, 0x7b37, 0x7b17, 0x8338, 0x8338, 0x8338, 0x8338, 0x8b37, 0x8b57, 0x9357, 0x9397, 
	0x93d7, 0x72f3, 0x394c, 0x498e, 0x9396, 0xb45a, 0xabf9, 0xb3fa, 0xb3d9, 0xab98, 0xbbd9, 0xb398, 0xab58, 0xbbfa, 0xc41a, 0xc3fa, 
	0xc419, 0xd45a, 0xd45a, 0xcc5a, 0xcc5b, 0xc41a, 0xbbf9, 0xc47c, 0xa378, 0x8af6, 0x7ab5, 0x7ad6, 0x7ad6, 0x6a74, 0x6274, 0x6a95, 
	0x6ab5, 0x6ab5, 0x6a95, 0x6274, 0x6a94, 0x72b5, 0x72b5, 0x7274, 0x7a94, 0x9336, 0xabf9, 0xbc3a, 0xbc5a, 0xbc5a, 0xbc39, 0xbc19, 
	0xbc19, 0xb3f9, 0xb3f9, 0xbc19, 0xbc3a, 0xbc3a, 0xbc3a, 0xbc3a, 0xb3b8, 0xab97, 0xa336, 0xa336, 0xab98, 0xc43a, 0xcc7b, 0xc45b, 
	0xbc1a, 0xb3d9, 0xabfa, 0x9378, 0x7ab5, 0x6a74, 0x5a13, 0x59f3, 0x5191, 0x7a75, 0xb41b, 0xbc3b, 0xbbd9, 0xbbb8, 0xc419, 0xab56, 
	0xab17, 0xb399, 0xb398, 0xabb7, 0xabf7, 0x9395, 0x8b95, 0xa498, 0x6291, 0x522f, 0x5a71, 0x5210, 0x6af3, 0x7334, 0x418e, 0x520f, 
	0x5a91, 0x6af3, 0x62d2, 0x5a91, 0x4a0f, 0x5a70, 0x5a71, 0x62b2, 0x4a0f, 0x62b1, 0x9437, 0x8394, 0x7b53, 0x72d1, 0x6ab0, 0x5a2f, 
	0x49b0, 0x49b0, 0x418e, 0x49cf, 0x398e, 0x41ae, 0x49af, 0x5a51, 0x418c, 0x6ad0, 0xbd77, 0xcdb7, 0x93f0, 0x8baf, 0x7b0d, 0x59ea, 
	0x414a, 0x49ab, 0x732e, 0x83d0, 0x7bd0, 0x62cd, 0x5a6f, 0x49cd, 0x93d4, 0xacb6, 0xacb3, 0xbcf3, 0xb4d3, 0xbcf6, 0x9395, 0x5a11, 
	0x5a51, 0x5230, 0x5a51, 0x6292, 0x5211, 0x5a30, 0x49cf, 0x6271, 0x72d1, 0x7b32, 0x7b52, 0x8373, 0x6ad1, 0x5a4f, 0x72f2, 0x6af2, 
	0x6ad1, 0x62b1, 0x5a70, 0x5250, 0x5230, 0x4a10, 0x4a10, 0x4a10, 0x41d0, 0x314d, 0x314d, 0x294d, 0x314d, 0x316d, 0x296c, 0x39ce, 
	0x4a30, 0x4a10, 0x5a92, 0x5a92, 0x5a51, 0x6272, 0x5a71, 0x6271, 0x6272, 0x5a51, 0x5a51, 0x5a51, 0x5a51, 0x5a51, 0x5a51, 0x5a72, 
	0x5a51, 0x5a31, 0x5a31, 0x5a31, 0x5a31, 0x5a31, 0x5a31, 0x5a31, 0x5a31, 0x5a51, 0x5a31, 0x5a31, 0x5a31, 0x5a51, 0x5a51, 0x5a31, 
	0x5a31, 0x5a51, 0x5a51, 0x5a31, 0x5a31, 0x5a31, 0x5a51, 0x5a51, 0x5a31, 0x5a31, 0x5a31, 0x5a31, 0x5a31, 0x5a31, 0x5a51, 0x5a51, 
	0x4a4e, 0x422e, 0x422e, 0x5ab0, 0x4a4e, 0x4a6f, 0x4a4f, 0x5290, 0x4a6f, 0x4a2e, 0x528f, 0x420d, 0x420e, 0x5ad1, 0x4a6f, 0x5290, 
	0x4a2f, 0x4a4f, 0x420e, 0x5270, 0x62f2, 0x62d2, 0x62d2, 0x5ab1, 0x5250, 0x41ee, 0x420f, 0x5270, 0x5291, 0x4a70, 0x4a70, 0x4a70, 
	0x41ef, 0x420f, 0x5291, 0x6b34, 0x6b13, 0x5230, 0x41ce, 0x49ef, 0x5250, 0x5a71, 0x5250, 0x41ce, 0x39ae, 0x39ad, 0x41ef, 0x5291, 
	0x7335, 0x7314, 0x72f4, 0x7314, 0x7b15, 0x7b15, 0x7b14, 0x7b35, 0x7314, 0x7314, 0x7314, 0x6af3, 0x62d3, 0x62d2, 0x62f3, 0x6b33, 
	0x7354, 0x8395, 0x9417, 0x9c38, 0x93f8, 0x9c18, 0x9bf8, 0x8b97, 0x7af5, 0x6a73, 0x6253, 0x6a74, 0x6233, 0x5a13, 0x6234, 0x6274, 
	0x6a75, 0x6a95, 0x6253, 0x72d5, 0x8377, 0x7b37, 0x7b37, 0x7b37, 0x7b17, 0x7b17, 0x7b17, 0x8317, 0x8317, 0x8b37, 0x8b37, 0x8b56, 
	0x8396, 0x51ef, 0x392c, 0x38ec, 0x7ab3, 0xac19, 0x9b77, 0xb3f9, 0xb3da, 0xab78, 0xab98, 0xab58, 0xab98, 0xc43b, 0xc43b, 0xbbfa, 
	0xc41a, 0xcc3a, 0xcc3a, 0xcc5b, 0xd49c, 0xc45b, 0xbbfa, 0xb3fa, 0xabb9, 0x82b5, 0x61f2, 0x61f2, 0x6a54, 0x6a74, 0x6a74, 0x6ab5, 
	0x6274, 0x6a95, 0x6a95, 0x6a94, 0x6a94, 0x7295, 0x7294, 0x7253, 0x8b36, 0xb41a, 0xccbc, 0xc49b, 0xbc3a, 0xbc39, 0xbc19, 0xb3d8, 
	0xb3f9, 0xb3d9, 0xb3d9, 0xbc19, 0xc45a, 0xc45b, 0xbc3a, 0xb3d9, 0xa357, 0xa357, 0xa336, 0xab77, 0xbbd9, 0xcc7b, 0xcc7b, 0xc43a, 
	0xb3fa, 0x9b57, 0x9b57, 0x8b16, 0x7294, 0x6253, 0x59f2, 0x59f2, 0x59b1, 0x8b17, 0xc47c, 0xbc3b, 0xb3f9, 0xbc1a, 0xc43a, 0x9af5, 
	0x9ad5, 0xab98, 0xabb8, 0xa397, 0x9b96, 0x8b54, 0x8b95, 0xa498, 0x7b54, 0x6b13, 0x7b54, 0x6af3, 0x83b6, 0x83b6, 0x5a50, 0x6ab2, 
	0x6af3, 0x7354, 0x6b13, 0x6af3, 0x5a71, 0x62d2, 0x62b2, 0x62d2, 0x62d2, 0x5a70, 0x6af2, 0x6ad2, 0x6270, 0x5a2e, 0x5a2e, 0x51cd, 
	0x5a10, 0x6251, 0x51cf, 0x6271, 0x498e, 0x5a10, 0x498f, 0x5a11, 0x418d, 0x5a4e, 0xa4b5, 0xacf4, 0x8bce, 0x8bce, 0x940f, 0x7b0d, 
	0x5a0b, 0x72ef, 0x8c11, 0x8bf0, 0x736e, 0x5a8c, 0x522d, 0x49cd, 0x93f5, 0xacb6, 0xac93, 0xb4d3, 0xb4d4, 0xac95, 0x8333, 0x59f0, 
	0x5a51, 0x5231, 0x5a52, 0x6293, 0x5a31, 0x5a31, 0x51ef, 0x6a91, 0x7b33, 0x8353, 0x8353, 0x8373, 0x72f1, 0x6270, 0x6ad2, 0x6ad1, 
	0x62b1, 0x62b1, 0x5a91, 0x5250, 0x5230, 0x4a10, 0x4a10, 0x49f0, 0x316e, 0x290d, 0x292d, 0x294d, 0x316d, 0x296d, 0x294c, 0x420f, 
	0x5271, 0x5230, 0x5a92, 0x5a71, 0x5a31, 0x6271, 0x5a51, 0x6271, 0x5a31, 0x5a51, 0x5a51, 0x5a31, 0x5a31, 0x5a51, 0x5a51, 0x5a51, 
	0x5a51, 0x5a31, 0x5a31, 0x5a31, 0x5a31, 0x5a31, 0x5a31, 0x5a31, 0x5a31, 0x5a31, 0x5a31, 0x5a31, 0x5a31, 0x5a51, 0x5a51, 0x5a31, 
	0x5a31, 0x5a31, 0x5a31, 0x5a31, 0x5a31, 0x5a31, 0x5a31, 0x5a31, 0x5a31, 0x5a31, 0x5a31, 0x5a31, 0x5a31, 0x5a31, 0x5a51, 0x5a51, 
	0x4a4e, 0x420e, 0x422e, 0x5ab0, 0x4a4f, 0x526f, 0x526f, 0x5ad0, 0x5290, 0x4a4f, 0x526f, 0x41ed, 0x420e, 0x5ab1, 0x4a6f, 0x5290, 
	0x4a4f, 0x4a4f, 0x41ee, 0x5270, 0x62d2, 0x5a91, 0x5a71, 0x5270, 0x5250, 0x41ee, 0x41ef, 0x5270, 0x52b1, 0x5271, 0x4a70, 0x5271, 
	0x4a2f, 0x4a2f, 0x5291, 0x6b13, 0x6b34, 0x62d2, 0x62b2, 0x6af3, 0x5a71, 0x62b2, 0x5a91, 0x4a30, 0x41ef, 0x39ce, 0x420f, 0x5291, 
	0x62d3, 0x6292, 0x6292, 0x62b2, 0x62b3, 0x62b2, 0x62b2, 0x6ab3, 0x6af3, 0x6af3, 0x6af3, 0x62f3, 0x62d2, 0x62d2, 0x62f3, 0x6b13, 
	0x7354, 0x8395, 0x9417, 0x9438, 0x9c18, 0x9c39, 0x93f8, 0x8336, 0x72d5, 0x6a73, 0x6a73, 0x6253, 0x5a12, 0x5a12, 0x6233, 0x6254, 
	0x6254, 0x6274, 0x5a33, 0x72d5, 0x8377, 0x7b36, 0x7b37, 0x7b37, 0x7b17, 0x7b17, 0x8337, 0x8338, 0x8b58, 0x9378, 0x9378, 0x9398, 
	0x8bd7, 0x520f, 0x394d, 0x390c, 0x72b3, 0xac19, 0x9b98, 0xb41a, 0xa378, 0x9b17, 0xa337, 0xa358, 0xb3b9, 0xc45b, 0xbc3a, 0xbc3a, 
	0xbc3a, 0xc47b, 0xcc9b, 0xc45b, 0xbc1a, 0xabb9, 0xabb9, 0xabda, 0xabfa, 0x9b99, 0x82d6, 0x6a33, 0x59f3, 0x6254, 0x6254, 0x5a13, 
	0x6254, 0x6a54, 0x6a74, 0x6a54, 0x6213, 0x61f2, 0x6a12, 0x7233, 0xb41a, 0xbc5b, 0xc47b, 0xc43a, 0xc43a, 0xc43a, 0xbbf9, 0xab97, 
	0xabb8, 0xabb8, 0xb3d9, 0xbc1a, 0xc47b, 0xc47b, 0xb3d9, 0xa336, 0xab78, 0xb398, 0xb3b8, 0xbbd9, 0xc41a, 0xcc7b, 0xcc5b, 0xbc1a, 
	0xabb9, 0x82b5, 0x7a94, 0x7294, 0x6a74, 0x6253, 0x5a12, 0x6233, 0x59d1, 0x8af6, 0xbc7b, 0xb43a, 0xb41a, 0xbc3a, 0xbc5a, 0x9b56, 
	0x92f5, 0xa398, 0xa397, 0x8b35, 0x82f3, 0x8313, 0x8bb5, 0xa498, 0x6ad2, 0x5230, 0x5230, 0x49cf, 0x6af3, 0x6ad2, 0x418e, 0x49ef, 
	0x62b2, 0x6b13, 0x62d2, 0x5a91, 0x41ce, 0x4a0f, 0x49ef, 0x4a0f, 0x5230, 0x418d, 0x49ce, 0x6290, 0x5a4f, 0x5a2f, 0x626f, 0x622f, 
	0x61ef, 0x7251, 0x620f, 0x7ad2, 0x72b2, 0x9397, 0x8315, 0x7af5, 0x51ef, 0x5a0d, 0x7b4f, 0x838e, 0x83ad, 0x838c, 0x8bce, 0x7b4d, 
	0x5a2b, 0x8bb1, 0xa4b3, 0x8c10, 0x62cc, 0x41ca, 0x41ab, 0x49cd, 0xa457, 0xb4d7, 0xac93, 0xb4d3, 0xb4d4, 0x9c13, 0x7af3, 0x5a11, 
	0x5a51, 0x5231, 0x5a52, 0x6ab3, 0x5a31, 0x5a31, 0x59f0, 0x6ab2, 0x8b94, 0x8353, 0x7b32, 0x7b53, 0x7b12, 0x72f2, 0x6ad2, 0x6271, 
	0x5a91, 0x5a91, 0x5a71, 0x5250, 0x5230, 0x4a10, 0x4a10, 0x41f0, 0x292d, 0x290d, 0x292d, 0x292d, 0x316d, 0x294d, 0x294c, 0x4a50, 
	0x5ab2, 0x5231, 0x5a72, 0x5a71, 0x5a31, 0x5a51, 0x5a31, 0x5a51, 0x5210, 0x5a31, 0x5a51, 0x5a31, 0x5a31, 0x5a51, 0x5a51, 0x5230, 
	0x5a51, 0x5a31, 0x5a31, 0x5a31, 0x5a31, 0x5a31, 0x5a31, 0x5a31, 0x5a31, 0x5a51, 0x5a51, 0x5a31, 0x5a31, 0x5a31, 0x5a31, 0x5a51, 
	0x5a31, 0x5a31, 0x5211, 0x5a31, 0x5a31, 0x5a31, 0x5211, 0x5211, 0x5a31, 0x5a31, 0x5a31, 0x5a31, 0x5a31, 0x5a31, 0x5a51, 0x5a51, 
	0x526f, 0x422e, 0x420d, 0x5ab0, 0x4a4f, 0x5270, 0x526f, 0x5290, 0x5ab1, 0x4a4f, 0x526f, 0x41ed, 0x420e, 0x5ab1, 0x5270, 0x5290, 
	0x4a4f, 0x4a4f, 0x41ee, 0x5250, 0x5ab1, 0x5270, 0x5270, 0x5270, 0x4a2f, 0x41ee, 0x41ee, 0x4a50, 0x5291, 0x5291, 0x4a70, 0x5291, 
	0x5291, 0x5291, 0x5ab2, 0x62f3, 0x6b33, 0x7354, 0x7b75, 0x7bb6, 0x5a91, 0x62d2, 0x5a91, 0x5250, 0x4a0f, 0x41ef, 0x420f, 0x5271, 
	0x6b14, 0x62d3, 0x62b3, 0x62b3, 0x62b3, 0x6292, 0x6292, 0x6292, 0x5a71, 0x5a91, 0x5a91, 0x5a91, 0x5ab1, 0x5ad2, 0x6313, 0x6b33, 
	0x7334, 0x7b75, 0x8bf7, 0x9418, 0x9418, 0x9c18, 0x8bb7, 0x72d4, 0x8336, 0x72b4, 0x6a73, 0x6253, 0x5a33, 0x6233, 0x6274, 0x6274, 
	0x6233, 0x6253, 0x5a33, 0x72f5, 0x8377, 0x7b16, 0x7b16, 0x7b36, 0x72f6, 0x7b16, 0x7b16, 0x8337, 0x8b57, 0x8b58, 0x8b58, 0x8b78, 
	0x93f8, 0x6291, 0x392c, 0x414d, 0x72d4, 0x9bd8, 0x9bb8, 0xa3b9, 0x9316, 0x8ad6, 0x9b37, 0xa358, 0xabd9, 0xbc3b, 0xb3fa, 0xbc3a, 
	0xbc5b, 0xccbc, 0xccbc, 0xabf9, 0x8ad5, 0x8294, 0x9b57, 0xac1a, 0xabfa, 0xb47c, 0xb47c, 0x9bba, 0x7af6, 0x6a95, 0x6274, 0x6233, 
	0x6a74, 0x6213, 0x6212, 0x6a33, 0x6a13, 0x6a12, 0x7253, 0x8af6, 0xc47c, 0xbc3b, 0xbc1a, 0xbc1a, 0xc45b, 0xcc5b, 0xbbd9, 0xab77, 
	0xa357, 0xa398, 0xb3d9, 0xbc3b, 0xcc7c, 0xc43b, 0xab98, 0x9af5, 0xab98, 0xbbd9, 0xc41a, 0xc41a, 0xc41a, 0xc43a, 0xc41a, 0xbbf9, 
	0xa378, 0x7253, 0x6212, 0x6212, 0x6232, 0x6232, 0x59f1, 0x6212, 0x8b77, 0x9bd8, 0xbc7b, 0xb43a, 0xa3d9, 0x9336, 0x9376, 0x8b56, 
	0x7ab4, 0x8315, 0x82f4, 0x7292, 0x6a71, 0x7af2, 0x93b5, 0xa498, 0x5a50, 0x49ce, 0x49cf, 0x41ae, 0x6ad3, 0x5a71, 0x418d, 0x49ef, 
	0x5a70, 0x62d2, 0x62b1, 0x5270, 0x41ae, 0x49ef, 0x4a0f, 0x5250, 0x5250, 0x418d, 0x5a70, 0x8395, 0x8374, 0x8354, 0x8374, 0x8b54, 
	0xa3d7, 0xabf7, 0xabd6, 0xa3b5, 0xa3d6, 0xac38, 0xa3d7, 0x8b34, 0x622f, 0x72ef, 0x836e, 0x7b4c, 0x942e, 0x8bed, 0x8bee, 0x8bae, 
	0x5a2a, 0x9c52, 0xc596, 0xa4f3, 0x734e, 0x522b, 0x49cd, 0x520f, 0x8bd5, 0xa456, 0xac94, 0xb4f4, 0xb4d5, 0x93d3, 0x7b13, 0x6272, 
	0x5a31, 0x5a31, 0x5a52, 0x6a93, 0x5a11, 0x5a31, 0x5a10, 0x72b2, 0x8bb5, 0x8373, 0x8373, 0x8353, 0x7b12, 0x72f2, 0x6ab1, 0x5a30, 
	0x5250, 0x5250, 0x5230, 0x4a10, 0x4a10, 0x4a11, 0x49f0, 0x41d0, 0x292d, 0x292d, 0x292d, 0x292d, 0x316d, 0x292c, 0x294c, 0x5271, 
	0x62b3, 0x5231, 0x5a71, 0x5a71, 0x5a31, 0x5a51, 0x5a10, 0x5210, 0x5a10, 0x5a31, 0x5a31, 0x5a10, 0x5210, 0x5a31, 0x5a31, 0x5a31, 
	0x5a31, 0x5a31, 0x5a31, 0x5a31, 0x5a31, 0x5a31, 0x5a31, 0x5a31, 0x5a31, 0x5a31, 0x5a51, 0x5a31, 0x5211, 0x51f0, 0x5210, 0x5a31, 
	0x5a31, 0x51f0, 0x51f0, 0x5a31, 0x5a52, 0x5a51, 0x5a31, 0x5a51, 0x5a31, 0x5a31, 0x5a31, 0x5a31, 0x5a31, 0x5a31, 0x5a51, 0x5a52, 
	0x4a4f, 0x41ed, 0x39cd, 0x5290, 0x4a4f, 0x5290, 0x5270, 0x5290, 0x5ad1, 0x4a4f, 0x5270, 0x41ee, 0x420e, 0x5ab1, 0x5270, 0x5a91, 
	0x4a4f, 0x4a2f, 0x41ee, 0x5250, 0x5ab1, 0x5270, 0x5270, 0x5a91, 0x41ee, 0x41ef, 0x41ce, 0x420f, 0x5291, 0x5291, 0x5271, 0x52b1, 
	0x5270, 0x5ab1, 0x5ad2, 0x5ab2, 0x6b13, 0x7b75, 0x7bb6, 0x7b95, 0x5ab2, 0x62b2, 0x5a71, 0x4a0f, 0x41ef, 0x41ee, 0x420f, 0x5271, 
	0x6b34, 0x6b13, 0x6af3, 0x6b14, 0x6b14, 0x6af3, 0x6af3, 0x6b13, 0x5a91, 0x5a91, 0x5a91, 0x5a91, 0x5ab1, 0x5ad2, 0x5af2, 0x6313, 
	0x7334, 0x7b54, 0x8bd6, 0x9418, 0x9418, 0x93f8, 0x8b96, 0x7af4, 0x8b77, 0x72b4, 0x6253, 0x6253, 0x6253, 0x6274, 0x6274, 0x6273, 
	0x5a53, 0x6273, 0x6253, 0x72f5, 0x7b56, 0x72f5, 0x7b15, 0x8356, 0x7b15, 0x7b15, 0x7b16, 0x8336, 0x8337, 0x8337, 0x8337, 0x8337, 
	0x8bb7, 0x62b2, 0x28cb, 0x392d, 0x72b3, 0x8356, 0x9357, 0x8b16, 0x8b16, 0x9316, 0x9b78, 0xa398, 0xabfa, 0xb41a, 0xa3b9, 0xb43a, 
	0xac1a, 0xac19, 0xa3f9, 0x9377, 0x82d5, 0x82d5, 0x8b37, 0x9357, 0x9358, 0x9bb9, 0xa41b, 0x9bfa, 0x7b17, 0x6234, 0x6234, 0x7295, 
	0x6213, 0x61f2, 0x7274, 0x8b37, 0x9bb8, 0xa3b8, 0xa3b9, 0xb3fa, 0xc45b, 0xc43b, 0xc43a, 0xc45b, 0xcc7c, 0xcc5b, 0xbbb9, 0xab57, 
	0x92d6, 0x9b37, 0xabb9, 0xbc3b, 0xc45c, 0xbbfa, 0xab78, 0x9b37, 0xb3b8, 0xbbfa, 0xc41a, 0xc41a, 0xc41a, 0xc43a, 0xc41a, 0xb3d9, 
	0x8af6, 0x61f2, 0x59d1, 0x59f1, 0x59f1, 0x5a11, 0x59f0, 0x6211, 0xac7a, 0x9397, 0x8b36, 0x8315, 0x8b35, 0x6a72, 0x6252, 0x5a31, 
	0x5a11, 0x6231, 0x6251, 0x5a30, 0x6250, 0x72f2, 0x93d5, 0xa478, 0x7313, 0x6ab2, 0x7314, 0x6ad3, 0x8bd7, 0x6ad3, 0x5230, 0x62b1, 
	0x62d2, 0x7334, 0x6b13, 0x62d2, 0x4a0f, 0x5a51, 0x5a91, 0x6ad2, 0x6af3, 0x5a50, 0x9c38, 0xbd1b, 0xb4fa, 0xb4da, 0xb4b9, 0xb499, 
	0xabf8, 0xabd7, 0xb417, 0x9b74, 0xa3d5, 0x9bb4, 0xa3f6, 0x9393, 0x728e, 0x9c12, 0x9c30, 0x8bad, 0x9c4e, 0xa48f, 0xacd2, 0xacd3, 
	0x9410, 0xc596, 0xd658, 0xbd96, 0x83b0, 0x62ae, 0x520e, 0x49ce, 0x6270, 0x7b32, 0xa454, 0xb4d5, 0xac94, 0x8b92, 0x7b33, 0x6251, 
	0x5a31, 0x5a31, 0x6252, 0x6a93, 0x5a11, 0x5a31, 0x5a10, 0x72d3, 0x93d6, 0x8b94, 0x93d5, 0x8353, 0x6ab1, 0x6a91, 0x5a50, 0x5230, 
	0x4a0f, 0x49ef, 0x41cf, 0x41af, 0x41cf, 0x49f1, 0x41f0, 0x39b0, 0x292e, 0x314e, 0x292e, 0x292d, 0x316e, 0x292d, 0x294c, 0x5ab2, 
	0x62d3, 0x5231, 0x5a51, 0x5a72, 0x5a51, 0x6251, 0x51f0, 0x51d0, 0x5a10, 0x51d0, 0x51cf, 0x49af, 0x498f, 0x49af, 0x51f0, 0x5a51, 
	0x5a31, 0x5a31, 0x5a31, 0x5a31, 0x5a31, 0x5a31, 0x5a31, 0x5a31, 0x5a31, 0x5a31, 0x5a31, 0x5a31, 0x51f0, 0x49af, 0x49af, 0x51f0, 
	0x49af, 0x418f, 0x418f, 0x51f0, 0x5a51, 0x5a52, 0x5a51, 0x5a52, 0x5a31, 0x5a31, 0x5a31, 0x5a31, 0x5a31, 0x5a31, 0x5a51, 0x5a52, 
	0x4a4f, 0x41ed, 0x41ed, 0x5290, 0x5270, 0x5ab1, 0x5ab0, 0x5ad1, 0x5ad1, 0x4a4f, 0x5270, 0x420e, 0x4a2f, 0x5ab1, 0x5270, 0x5a91, 
	0x4a50, 0x4a4f, 0x41ee, 0x5270, 0x62d2, 0x5270, 0x5a71, 0x5a91, 0x41ef, 0x4a2f, 0x41ef, 0x41ee, 0x5271, 0x52b1, 0x5291, 0x5291, 
	0x4a50, 0x5291, 0x5ab2, 0x5ab2, 0x6af3, 0x7375, 0x7b95, 0x7355, 0x5a92, 0x62d2, 0x5a91, 0x4a30, 0x4a0f, 0x41ef, 0x4a30, 0x5291, 
	0x5ab2, 0x5a92, 0x5a91, 0x5ab2, 0x5ab2, 0x5ab2, 0x5ab2, 0x5ad2, 0x5ad2, 0x5ab2, 0x5ab1, 0x52b1, 0x52b1, 0x5ad2, 0x5af2, 0x62f2, 
	0x6b33, 0x7b54, 0x8bd7, 0x9c38, 0x93f7, 0x8b96, 0x8376, 0x8356, 0x8376, 0x6a93, 0x6252, 0x6273, 0x6273, 0x6274, 0x6294, 0x6273, 
	0x6273, 0x6294, 0x6273, 0x72f5, 0x7b35, 0x6ab4, 0x7b15, 0x8b97, 0x8b96, 0x8b96, 0x8b96, 0x8b77, 0x8b77, 0x8b78, 0x8b78, 0x8378, 
	0x83b7, 0x6af4, 0x312c, 0x394d, 0x72f4, 0x8356, 0x8336, 0x8b57, 0x9378, 0x9378, 0x9bb9, 0xa3b9, 0xabfa, 0xa3b9, 0x9357, 0xa3f9, 
	0x9398, 0x8316, 0x8316, 0x8336, 0x8b57, 0x8b78, 0x8336, 0x6a53, 0x6233, 0x6a53, 0x6a74, 0x6254, 0x59f2, 0x51b1, 0x51d2, 0x6233, 
	0x6212, 0x7ab5, 0x9bb8, 0xb47b, 0xc4bd, 0xc4dd, 0xc49c, 0xc47b, 0xbc3b, 0xc45b, 0xcc7b, 0xcc5b, 0xcc7c, 0xcc5b, 0xbbb9, 0xa316, 
	0x8a95, 0x8af6, 0xa378, 0xb41a, 0xb3fa, 0xa398, 0xa378, 0xab98, 0xb3b9, 0xbbf9, 0xbc1a, 0xbc1a, 0xc41a, 0xc41a, 0xbbd9, 0xab77, 
	0x7273, 0x59f1, 0x5a32, 0x5a32, 0x5a11, 0x5a31, 0x5a11, 0x6252, 0x8335, 0x6a72, 0x61f0, 0x59f0, 0x72b3, 0x6272, 0x5231, 0x49f0, 
	0x5231, 0x5210, 0x5230, 0x5a30, 0x5a4f, 0x72d1, 0x93d5, 0xa478, 0x72d2, 0x6271, 0x6ab2, 0x6271, 0x8396, 0x5a50, 0x41ce, 0x4a0f, 
	0x62b1, 0x6b13, 0x6ad2, 0x6291, 0x49ef, 0x5230, 0x5230, 0x5a50, 0x6291, 0x49ce, 0xa499, 0xb4da, 0xac99, 0xb4b9, 0xac78, 0xac58, 
	0xb45a, 0xa3b7, 0xabf7, 0xa3d5, 0xb476, 0x9bb3, 0xa413, 0xa413, 0x8b6f, 0xa471, 0xa48f, 0xa48f, 0x940d, 0x942f, 0xb4f4, 0xbd35, 
	0xc575, 0xd617, 0xce17, 0xad14, 0x62cc, 0x4a0c, 0x418c, 0x392c, 0x498d, 0x624f, 0x9c34, 0xb4d6, 0x9c13, 0x7310, 0x7b13, 0x5a30, 
	0x5a31, 0x5a31, 0x6272, 0x6a93, 0x5a11, 0x6231, 0x5a10, 0x72f3, 0x93d6, 0x8b95, 0x8bb5, 0x7b12, 0x6270, 0x6250, 0x520f, 0x5210, 
	0x49cf, 0x41cf, 0x398e, 0x316e, 0x41af, 0x4a11, 0x49f1, 0x39b0, 0x292e, 0x314e, 0x292e, 0x292d, 0x318e, 0x294d, 0x292c, 0x5ab2, 
	0x6b14, 0x5a31, 0x5a51, 0x5a51, 0x5a51, 0x6251, 0x51f0, 0x51d0, 0x59f0, 0x51af, 0x498f, 0x49af, 0x49af, 0x418e, 0x51cf, 0x5a51, 
	0x5a31, 0x5a31, 0x5a31, 0x5a31, 0x5a31, 0x5a31, 0x5a31, 0x5a31, 0x5a31, 0x5a31, 0x5a31, 0x5211, 0x49af, 0x416e, 0x416e, 0x49af, 
	0x418f, 0x394e, 0x394e, 0x49d0, 0x5a31, 0x5a31, 0x5a31, 0x5a31, 0x5a31, 0x5a31, 0x5a31, 0x5a31, 0x5a31, 0x5a31, 0x5a51, 0x5a52, 
	0x5ab0, 0x526f, 0x4a4f, 0x62f1, 0x5290, 0x5ab1, 0x5a90, 0x5ad1, 0x5ad1, 0x4a4f, 0x5270, 0x4a2f, 0x5250, 0x62d2, 0x5270, 0x5a91, 
	0x5270, 0x5250, 0x4a0f, 0x5a91, 0x62f2, 0x5a71, 0x5270, 0x5a91, 0x4a0f, 0x5271, 0x4a0f, 0x41ee, 0x5271, 0x5ab2, 0x5291, 0x5291, 
	0x5291, 0x5291, 0x5ab2, 0x62d2, 0x6b13, 0x7375, 0x7b75, 0x7355, 0x5a71, 0x62b2, 0x5ab2, 0x5250, 0x4a30, 0x420f, 0x4a30, 0x5291, 
	0x62f3, 0x5ad2, 0x5ab2, 0x5ab2, 0x5ab1, 0x5291, 0x5270, 0x5271, 0x4a70, 0x4a70, 0x4a70, 0x4a70, 0x5291, 0x52d2, 0x5af2, 0x62f3, 
	0x6af3, 0x7314, 0x8bd6, 0x9418, 0x8bb6, 0x7b35, 0x8376, 0x8bb7, 0x8376, 0x6ab3, 0x6272, 0x6ab4, 0x6ad4, 0x6ab4, 0x6ab4, 0x6ab4, 
	0x62b4, 0x6ad4, 0x6293, 0x72f5, 0x7315, 0x6a93, 0x7b14, 0x93d7, 0x8375, 0x8375, 0x8355, 0x8355, 0x8356, 0x8337, 0x8337, 0x7b57, 
	0x8397, 0x6b14, 0x396e, 0x394e, 0x7315, 0x8377, 0x7af5, 0x8b77, 0x93b8, 0x9398, 0x9b99, 0x9398, 0x9bb9, 0x9357, 0x7ad5, 0x9377, 
	0x8336, 0x7af5, 0x7b36, 0x8357, 0x7b16, 0x7b16, 0x72f5, 0x5a33, 0x51f2, 0x5a13, 0x5a12, 0x51d2, 0x5a12, 0x6274, 0x6254, 0x51d1, 
	0x7ab4, 0xa3f9, 0xc4dd, 0xc4bc, 0xb45b, 0xbc5b, 0xbc7b, 0xbc7b, 0xbc5b, 0xcc9c, 0xc47b, 0xbc1a, 0xc43b, 0xcc7c, 0xbbb9, 0x92b5, 
	0x8295, 0x82b5, 0x9357, 0xabd9, 0xa398, 0x9316, 0x9b57, 0xb3d9, 0xb3d9, 0xb3f9, 0xb3f9, 0xbbf9, 0xbc19, 0xbbf9, 0xab77, 0x92f5, 
	0x6a73, 0x6252, 0x6ad4, 0x6ab3, 0x5a51, 0x5a31, 0x5a31, 0x6a72, 0x8314, 0x8b76, 0x93b7, 0x7b14, 0x7314, 0x6292, 0x5a92, 0x5292, 
	0x5ad3, 0x5271, 0x5271, 0x5270, 0x5a4f, 0x6ad1, 0x8bd5, 0xac98, 0x6270, 0x51ce, 0x49ae, 0x49ae, 0x7b34, 0x5230, 0x41ce, 0x41ee, 
	0x5a91, 0x6ad2, 0x6291, 0x5a71, 0x41ce, 0x49ef, 0x49cf, 0x49cf, 0x6291, 0x418e, 0xacba, 0xa458, 0x9c17, 0xa458, 0x9bf6, 0x9bd7, 
	0xa3f8, 0x8af4, 0x8b33, 0xa415, 0xc4f7, 0xa432, 0x9c11, 0xa431, 0xbcf3, 0xacb0, 0xb510, 0xde35, 0xa48f, 0x93ce, 0xa473, 0xacb4, 
	0xc575, 0xc5b5, 0xc5b5, 0xa4d3, 0x526b, 0x41eb, 0x41ad, 0x416d, 0x498d, 0x624f, 0xa476, 0xb4f7, 0x93d3, 0x6ab0, 0x7b33, 0x5a30, 
	0x5a31, 0x5a31, 0x6272, 0x6ab3, 0x5a11, 0x6232, 0x5a31, 0x7af3, 0x9c17, 0x8374, 0x8354, 0x6ab1, 0x5a50, 0x6271, 0x5210, 0x49f0, 
	0x49cf, 0x41af, 0x316e, 0x314e, 0x39af, 0x4a12, 0x4a12, 0x41b0, 0x290e, 0x314e, 0x292e, 0x292d, 0x39af, 0x294d, 0x292c, 0x5ab2, 
	0x7334, 0x5a51, 0x5a51, 0x5a51, 0x5a51, 0x6252, 0x51f0, 0x51f0, 0x5a11, 0x51d0, 0x51d0, 0x5a31, 0x5a31, 0x49cf, 0x51f0, 0x6252, 
	0x5a31, 0x5a31, 0x5a31, 0x5a31, 0x5a31, 0x5a31, 0x5a31, 0x5a31, 0x5a31, 0x5a31, 0x5a51, 0x5211, 0x49af, 0x394e, 0x394e, 0x418f, 
	0x49af, 0x416e, 0x416e, 0x51f0, 0x5a52, 0x5a52, 0x5a31, 0x5a51, 0x5a31, 0x5a31, 0x5a31, 0x5a31, 0x5a31, 0x5a31, 0x5a51, 0x5a52, 
	0x5ad0, 0x6312, 0x6b32, 0x6312, 0x62d1, 0x5ad1, 0x62d1, 0x62f2, 0x62f2, 0x5270, 0x4a50, 0x5ad2, 0x6b13, 0x62f2, 0x5ab1, 0x5a91, 
	0x5250, 0x62d2, 0x62d2, 0x62d2, 0x6b13, 0x62f2, 0x5a91, 0x62b2, 0x5271, 0x5a91, 0x5271, 0x4a0f, 0x420f, 0x5271, 0x5ab2, 0x5291, 
	0x4a50, 0x5ab2, 0x5ab2, 0x5a91, 0x6af3, 0x7bb6, 0x83b6, 0x7354, 0x5a71, 0x62b2, 0x5ab2, 0x5271, 0x5271, 0x5271, 0x5271, 0x5291, 
	0x6313, 0x5ab2, 0x62f2, 0x6b33, 0x6b33, 0x6313, 0x6313, 0x5af2, 0x52b1, 0x52b1, 0x4a50, 0x5291, 0x52b1, 0x6333, 0x5af2, 0x5ab1, 
	0x5a91, 0x7334, 0x8bb6, 0x8396, 0x8375, 0x8396, 0x8396, 0x8355, 0x8356, 0x6272, 0x5a31, 0x6ab3, 0x6293, 0x6273, 0x6293, 0x6273, 
	0x62b3, 0x6293, 0x6293, 0x6ad4, 0x72d4, 0x6ab3, 0x7b34, 0x9c37, 0x8353, 0x72d1, 0x7b33, 0x7313, 0x7b14, 0x72d5, 0x7b37, 0x6ab5, 
	0x6ad4, 0x6b14, 0x396e, 0x418e, 0x7315, 0x7b36, 0x7b36, 0x8357, 0x8b77, 0x8b77, 0x8b57, 0x8337, 0x8336, 0x8316, 0x8316, 0x7b16, 
	0x7b36, 0x7b16, 0x6ad5, 0x72f5, 0x6ab4, 0x7b36, 0x6ad5, 0x5a33, 0x5a32, 0x5a53, 0x5a33, 0x6253, 0x6294, 0x5a12, 0x5a12, 0x72b5, 
	0xac7b, 0x9bd8, 0xa3f9, 0xb47b, 0xb45a, 0xb43a, 0xbc5b, 0xbc5a, 0xb419, 0xb41a, 0xbc3a, 0xc45b, 0xc45b, 0xbc1a, 0xb3b9, 0xa378, 
	0xa3b9, 0x82d5, 0x7ab5, 0x82d5, 0x82d5, 0x9357, 0xabf9, 0xa3b9, 0xa3b8, 0xabd9, 0xab98, 0xb419, 0xbc19, 0xbc3a, 0x92d5, 0x7a73, 
	0x7ad4, 0x6ad4, 0x8376, 0x6272, 0x6ad3, 0x6271, 0x8355, 0x8b96, 0x8355, 0x7b14, 0x7b14, 0x72d3, 0x5a72, 0x5251, 0x5291, 0x4a92, 
	0x4a51, 0x5271, 0x4a30, 0x5270, 0x4a2e, 0x6af1, 0x8bb4, 0xa498, 0x6ab1, 0x6a91, 0x6ab2, 0x6291, 0x8bd6, 0x5a50, 0x49ee, 0x5250, 
	0x62d2, 0x7333, 0x62d2, 0x62b2, 0x5a71, 0x5230, 0x5a50, 0x5a71, 0x6ab2, 0x5a10, 0x6ab2, 0x6230, 0x6250, 0x6230, 0x51ae, 0x8b54, 
	0x9bf7, 0x412b, 0x620d, 0xac95, 0xc557, 0xc535, 0xa452, 0x8bae, 0xacb1, 0x9c2e, 0xcdb3, 0xcdb2, 0xb4d0, 0x9c0f, 0x834e, 0xac93, 
	0xbd55, 0xacf2, 0x9430, 0x732d, 0x526c, 0x41cb, 0x418c, 0x418d, 0x418d, 0x624f, 0x9c15, 0xb4d7, 0x93f4, 0x7b11, 0x72d2, 0x5a51, 
	0x6251, 0x5210, 0x5a51, 0x6ab3, 0x5a32, 0x5a11, 0x59f0, 0x7b14, 0x9c17, 0x72f3, 0x5a0f, 0x5a2f, 0x6271, 0x5a30, 0x49cf, 0x49d0, 
	0x41cf, 0x39af, 0x398f, 0x398f, 0x398f, 0x39b0, 0x3990, 0x3990, 0x292e, 0x292e, 0x292e, 0x314e, 0x318e, 0x316d, 0x318d, 0x5ab2, 
	0x7335, 0x5a31, 0x5a51, 0x6272, 0x5a31, 0x5a31, 0x5a11, 0x5a11, 0x6252, 0x51f0, 0x59f0, 0x6a72, 0x6a93, 0x5a11, 0x51f0, 0x5a52, 
	0x5a31, 0x5a31, 0x5a31, 0x5a31, 0x5a31, 0x5a31, 0x5a31, 0x5a31, 0x5a52, 0x5211, 0x5a31, 0x5a31, 0x49af, 0x416e, 0x418f, 0x49af, 
	0x49d0, 0x49af, 0x49af, 0x51f0, 0x5a31, 0x5a52, 0x5a52, 0x5a31, 0x5a52, 0x5a31, 0x5a31, 0x5a52, 0x5a52, 0x5a31, 0x5a52, 0x6272, 
	0x6311, 0x6b52, 0x7373, 0x6b53, 0x6b32, 0x6b12, 0x6b12, 0x6b12, 0x6b33, 0x5ab1, 0x5a91, 0x6b13, 0x7375, 0x7374, 0x6b34, 0x6b34, 
	0x6b13, 0x6b33, 0x62f2, 0x62d2, 0x6af3, 0x6af3, 0x62d2, 0x62b2, 0x62b2, 0x62d2, 0x5a92, 0x5250, 0x4a10, 0x4a50, 0x5271, 0x4a50, 
	0x5291, 0x5ab2, 0x5ad2, 0x62d3, 0x6b14, 0x7375, 0x7b96, 0x7b96, 0x5a92, 0x62d3, 0x62d3, 0x5ab2, 0x62d2, 0x62d2, 0x5ad2, 0x62f2, 
	0x62f2, 0x5ab1, 0x5a91, 0x5290, 0x4a50, 0x5270, 0x5290, 0x4a50, 0x420f, 0x4a50, 0x4a70, 0x5ad2, 0x5ad2, 0x6b74, 0x6333, 0x5ad2, 
	0x62d2, 0x7b54, 0x8396, 0x8375, 0x8375, 0x8b96, 0x8376, 0x7b14, 0x7314, 0x5a51, 0x5211, 0x5a52, 0x5a51, 0x5231, 0x5a52, 0x5252, 
	0x5a72, 0x5a52, 0x5a52, 0x6292, 0x6ab3, 0x6ab2, 0x8354, 0xac98, 0xa456, 0x72f0, 0x72f1, 0x7b53, 0x8375, 0x6ab3, 0x72d6, 0x72f6, 
	0x6ad4, 0x6af3, 0x394d, 0x418f, 0x7335, 0x7b36, 0x72f5, 0x6ab4, 0x6ab4, 0x6a94, 0x6a94, 0x72d5, 0x7af5, 0x7b36, 0x7b36, 0x7b36, 
	0x7b57, 0x7316, 0x6ad5, 0x7316, 0x6af5, 0x7b77, 0x7336, 0x6af5, 0x7b77, 0x7b57, 0x7336, 0x7336, 0x8377, 0x8377, 0x7316, 0x6ad4, 
	0x8b96, 0x8b96, 0x9397, 0x9397, 0x8b56, 0x8b36, 0x9356, 0x8b35, 0x9b97, 0x9316, 0x9336, 0xabd9, 0xb43a, 0xb3f9, 0xabd9, 0xb41a, 
	0x8b36, 0x7274, 0x7273, 0x7ab5, 0x7ab4, 0x9357, 0xa419, 0xa3f9, 0x9b98, 0x9b97, 0x9b77, 0xa3d8, 0xa397, 0x9b76, 0x8ad4, 0x9356, 
	0x9c19, 0x8bd8, 0x7b55, 0x6292, 0x5230, 0x5a71, 0x6271, 0x6ab2, 0x7b14, 0x6a71, 0x6251, 0x5a51, 0x5a71, 0x420f, 0x4230, 0x4250, 
	0x4230, 0x4250, 0x420f, 0x4a2f, 0x4a0e, 0x6af1, 0x8bf5, 0xb4f9, 0x6ad1, 0x6271, 0x6ab2, 0x6ab2, 0x8bf7, 0x62d2, 0x62b1, 0x62f2, 
	0x6af2, 0x7354, 0x6b13, 0x62b2, 0x5a91, 0x6291, 0x6ad3, 0x62b2, 0x72f3, 0x51ef, 0x51cf, 0x6230, 0x6230, 0x59ce, 0x518d, 0x9395, 
	0xcd9c, 0x7b11, 0x5a2b, 0x9c32, 0xb515, 0xacb3, 0xb4f4, 0xa472, 0x9c30, 0xa46f, 0xc572, 0xcdb3, 0xb511, 0xa470, 0x7b2d, 0x836f, 
	0x93f0, 0x83ae, 0x732d, 0x5aac, 0x4a2c, 0x41ab, 0x396c, 0x396d, 0x51ef, 0x72f2, 0x93d4, 0xacb7, 0x93d4, 0x7b32, 0x7af2, 0x6271, 
	0x49cf, 0x5210, 0x6272, 0x6ab3, 0x5a11, 0x5a52, 0x6272, 0x8376, 0x93d7, 0x7313, 0x6250, 0x5a30, 0x5a50, 0x5210, 0x49cf, 0x41af, 
	0x41d0, 0x39af, 0x398f, 0x316f, 0x316f, 0x316f, 0x314f, 0x312f, 0x292e, 0x292e, 0x292e, 0x314e, 0x318e, 0x316d, 0x318d, 0x5ab2, 
	0x7335, 0x5231, 0x5a51, 0x5a52, 0x5a11, 0x5a31, 0x5a11, 0x5a11, 0x6a73, 0x5a11, 0x5a11, 0x6a93, 0x6ab3, 0x5a31, 0x5211, 0x5a52, 
	0x5a31, 0x5a31, 0x5a31, 0x5a31, 0x5a31, 0x5a31, 0x5a31, 0x5a31, 0x5a52, 0x5a31, 0x5a31, 0x5a31, 0x49d0, 0x49af, 0x49d0, 0x49d0, 
	0x49d0, 0x49af, 0x49af, 0x51f0, 0x5a31, 0x5a52, 0x5a52, 0x5a31, 0x5a52, 0x5a31, 0x5a31, 0x5a52, 0x5a52, 0x5a31, 0x5a52, 0x6272, 
	0x6b32, 0x7353, 0x7373, 0x7373, 0x6b52, 0x7353, 0x7353, 0x6b53, 0x6312, 0x5a91, 0x5290, 0x62f2, 0x7354, 0x7354, 0x6b34, 0x7354, 
	0x6b33, 0x62f2, 0x62d2, 0x62b2, 0x62b2, 0x62d2, 0x62d2, 0x5a71, 0x62b2, 0x62b2, 0x5a92, 0x5271, 0x4a10, 0x41ef, 0x41ef, 0x420f, 
	0x41ef, 0x420f, 0x4a30, 0x5250, 0x5250, 0x5251, 0x5a92, 0x6af3, 0x5a92, 0x62d3, 0x62b2, 0x5ab2, 0x62d3, 0x62f3, 0x5ad2, 0x62f3, 
	0x5ad2, 0x62d2, 0x62f2, 0x5ad2, 0x5a91, 0x5ad1, 0x5ab1, 0x4a4f, 0x422f, 0x5ab1, 0x5af2, 0x6b33, 0x62f3, 0x7bb5, 0x6b54, 0x5a91, 
	0x62d2, 0x6af3, 0x7314, 0x7334, 0x8375, 0x8bb7, 0x8396, 0x7b14, 0x72f4, 0x6292, 0x5a51, 0x5a72, 0x5a51, 0x5a72, 0x5a92, 0x5a72, 
	0x5a72, 0x5a72, 0x5a52, 0x6252, 0x6272, 0x6ab1, 0x8b74, 0xb4b8, 0xb4f7, 0x8371, 0x72f0, 0x7b32, 0x8354, 0x6ab3, 0x6ab4, 0x6af5, 
	0x6af4, 0x6b14, 0x418e, 0x49f0, 0x7b56, 0x7b36, 0x6ad4, 0x6293, 0x6a94, 0x6273, 0x6273, 0x6ab4, 0x72f5, 0x7b36, 0x7b36, 0x7b36, 
	0x7b36, 0x6ad5, 0x6294, 0x6af5, 0x62b4, 0x6af5, 0x62d4, 0x62b4, 0x6b15, 0x6b15, 0x6b15, 0x6b15, 0x7356, 0x8397, 0x6b15, 0x49f0, 
	0x5a31, 0x7b34, 0x8b96, 0x8355, 0x8355, 0x8b76, 0x8b76, 0x8b56, 0x8b35, 0x82f4, 0x8315, 0x9bb8, 0xac3a, 0xac3a, 0xa3f9, 0xa3d8, 
	0x7ad5, 0x6a73, 0x6a93, 0x7af5, 0x72d4, 0x8336, 0x9397, 0x8b77, 0x9397, 0x9376, 0x8b56, 0x8315, 0x82d4, 0x8b15, 0x82f4, 0x93b7, 
	0x72d3, 0x62b2, 0x5230, 0x5a51, 0x62b2, 0x8375, 0x8b96, 0x8b96, 0x93b6, 0x8355, 0x7b14, 0x6292, 0x6af3, 0x5271, 0x4a71, 0x4a71, 
	0x4a71, 0x4a71, 0x4a2f, 0x4a4f, 0x4a2e, 0x62d1, 0x8bd4, 0xacd9, 0x6ab1, 0x51ef, 0x5a30, 0x5a51, 0x7314, 0x5a50, 0x5270, 0x5250, 
	0x5a91, 0x7313, 0x7333, 0x62b1, 0x5230, 0x5230, 0x6292, 0x5210, 0x6292, 0x51cf, 0x414d, 0x6a71, 0x6a51, 0x6210, 0x59cf, 0x8b53, 
	0xc599, 0xa4b4, 0x628a, 0x83ae, 0x9c31, 0x7b4e, 0xa473, 0xa473, 0x93f0, 0xb4f3, 0xbd12, 0xc593, 0xc573, 0xc553, 0x8bae, 0x72ec, 
	0x730c, 0x6acc, 0x5aac, 0x5a6c, 0x4a2d, 0x41cd, 0x398d, 0x396d, 0x6ab1, 0x9c16, 0x93d4, 0xac76, 0x8b93, 0x8332, 0x7b12, 0x6250, 
	0x5a51, 0x5a51, 0x6292, 0x6ab3, 0x6252, 0x6ab3, 0x6252, 0x6a92, 0x72f3, 0x6291, 0x5a30, 0x5210, 0x5210, 0x49cf, 0x49d0, 0x41d0, 
	0x41af, 0x398f, 0x316f, 0x314f, 0x314f, 0x314f, 0x292e, 0x292e, 0x314f, 0x292e, 0x314e, 0x316e, 0x398e, 0x316d, 0x318d, 0x5ad2, 
	0x7334, 0x5231, 0x5a52, 0x5a72, 0x5a31, 0x5a31, 0x5a31, 0x5a31, 0x6a93, 0x5a31, 0x5a31, 0x6293, 0x6272, 0x5211, 0x51f0, 0x5a31, 
	0x5a31, 0x5a31, 0x5a31, 0x5a31, 0x5a31, 0x5a31, 0x5a31, 0x5a31, 0x5a52, 0x5a31, 0x5a52, 0x5a31, 0x5211, 0x5a31, 0x6272, 0x5a52, 
	0x5a31, 0x5a31, 0x5211, 0x5a31, 0x5a52, 0x5a52, 0x5a52, 0x5a31, 0x5a52, 0x5a31, 0x5a31, 0x5a52, 0x5a31, 0x5a31, 0x5a52, 0x6272, 
	0x6b31, 0x6b52, 0x7372, 0x6b52, 0x6b52, 0x7353, 0x7353, 0x6b33, 0x6b12, 0x5ad1, 0x5ab1, 0x62f2, 0x7354, 0x7354, 0x7354, 0x7354, 
	0x6b33, 0x62d2, 0x62f3, 0x6af3, 0x62d2, 0x6af3, 0x6b13, 0x5a91, 0x62b2, 0x5a92, 0x5a92, 0x5a91, 0x4a50, 0x41ef, 0x39ce, 0x420f, 
	0x41ef, 0x41ef, 0x420f, 0x41ef, 0x41ef, 0x4a10, 0x5251, 0x62b2, 0x5a92, 0x62b2, 0x5a92, 0x5a92, 0x5ad2, 0x5ab2, 0x5ab2, 0x5ad2, 
	0x6b13, 0x62f2, 0x62f2, 0x62f2, 0x62f2, 0x6312, 0x5ad2, 0x5270, 0x5af2, 0x6b54, 0x7374, 0x7395, 0x6b54, 0x8c17, 0x7bb5, 0x5a91, 
	0x5a71, 0x5a71, 0x5a71, 0x6292, 0x6af3, 0x7b34, 0x7314, 0x6ab3, 0x5a71, 0x5a51, 0x5a31, 0x5230, 0x5230, 0x5251, 0x5251, 0x5231, 
	0x5a72, 0x6292, 0x6272, 0x6272, 0x6a71, 0x72b1, 0x8b93, 0xb4b7, 0xbd17, 0xa453, 0x8bb1, 0x7b31, 0x7312, 0x72f3, 0x6af5, 0x6ad5, 
	0x62b3, 0x6b14, 0x49cf, 0x5210, 0x7315, 0x6af4, 0x6ad4, 0x62b4, 0x6294, 0x6273, 0x6273, 0x6273, 0x6294, 0x6ad4, 0x72f5, 0x72f5, 
	0x7b36, 0x6ad5, 0x6294, 0x7336, 0x62d4, 0x62f4, 0x62b3, 0x62d4, 0x5ab3, 0x62d3, 0x6b35, 0x6b35, 0x6b14, 0x7355, 0x6b14, 0x4a10, 
	0x5251, 0x7b55, 0x83b6, 0x7b55, 0x7b55, 0x7b34, 0x6ad3, 0x6ab3, 0x7b14, 0x8376, 0x93b7, 0x93d8, 0xa419, 0xa459, 0x93b7, 0x7af4, 
	0x6272, 0x5a52, 0x6293, 0x6ad4, 0x6ab3, 0x6ab3, 0x6ab3, 0x6a92, 0x6a93, 0x72b3, 0x6ab3, 0x59f0, 0x6a72, 0x93b7, 0x8b96, 0x93b7, 
	0x8b96, 0x7334, 0x6ad2, 0x5a50, 0x6ad3, 0x62b2, 0x7314, 0x6292, 0x5a10, 0x6a92, 0x6ab2, 0x49ae, 0x5230, 0x4a30, 0x4a91, 0x4250, 
	0x420f, 0x4230, 0x4a2f, 0x4a4f, 0x4a2e, 0x62d0, 0x83d4, 0xa4d8, 0x522f, 0x396c, 0x49ef, 0x6291, 0x7b75, 0x7b75, 0x8bf7, 0x83d6, 
	0x9c78, 0x8c17, 0x83d6, 0x83b6, 0x8c17, 0x83b6, 0x7b55, 0x5210, 0x5a30, 0x6251, 0x51cf, 0x8355, 0x82f3, 0x7ad3, 0x7251, 0x72b0, 
	0xb4f5, 0xc5b5, 0x838d, 0x8bee, 0x9c30, 0x7b2d, 0x8bb0, 0x8350, 0x834f, 0xb4b3, 0xa450, 0xbd32, 0xc573, 0xc574, 0x8bae, 0x6aab, 
	0x6aec, 0x62cd, 0x5aad, 0x5a8e, 0x526f, 0x49ee, 0x398d, 0x396c, 0x6ad2, 0xacb8, 0x93d4, 0xac56, 0x8b53, 0x8332, 0x8313, 0x6250, 
	0x49cf, 0x49f0, 0x5231, 0x6272, 0x5a52, 0x6ab3, 0x5211, 0x5210, 0x5a51, 0x5a50, 0x5230, 0x49ef, 0x49cf, 0x49d0, 0x41d0, 0x39af, 
	0x396f, 0x316e, 0x314e, 0x314f, 0x314f, 0x314f, 0x314f, 0x314f, 0x314f, 0x314e, 0x316e, 0x318e, 0x39ae, 0x318d, 0x318d, 0x62d2, 
	0x6b14, 0x5231, 0x5a72, 0x6292, 0x5a31, 0x5a52, 0x6252, 0x6272, 0x7af5, 0x6ab3, 0x6ab3, 0x72d4, 0x6ad4, 0x6272, 0x5a52, 0x6293, 
	0x5a31, 0x5a31, 0x5a31, 0x5a31, 0x5a31, 0x5a31, 0x5a31, 0x5a31, 0x5a31, 0x5a31, 0x5a52, 0x5a31, 0x5211, 0x6272, 0x6ab3, 0x6272, 
	0x6272, 0x5a52, 0x5a52, 0x5a52, 0x5a52, 0x5a52, 0x5a52, 0x5a31, 0x5a52, 0x5a31, 0x5a31, 0x5a52, 0x5a52, 0x5a31, 0x5a52, 0x6272, 
	0x6b31, 0x6b52, 0x7352, 0x6b52, 0x6b52, 0x6b52, 0x6b52, 0x6b32, 0x6b12, 0x62f2, 0x62d1, 0x62f2, 0x6b33, 0x7354, 0x7354, 0x6b34, 
	0x6b13, 0x62d2, 0x6af3, 0x6b13, 0x62d2, 0x6af3, 0x6b13, 0x6292, 0x62d2, 0x62b2, 0x62d2, 0x62d3, 0x5a92, 0x4a10, 0x41ef, 0x4a30, 
	0x420f, 0x4a30, 0x4a30, 0x4a0f, 0x4a30, 0x5a92, 0x62d3, 0x62d3, 0x62b2, 0x62d3, 0x62b2, 0x5ab2, 0x62d3, 0x5ad2, 0x5ad2, 0x62f3, 
	0x83d5, 0x62f2, 0x5250, 0x5270, 0x5250, 0x4a4f, 0x4a4f, 0x4a2f, 0x420e, 0x4a2f, 0x4a2f, 0x5250, 0x5250, 0x7354, 0x6b13, 0x49ef, 
	0x5230, 0x5210, 0x5210, 0x5230, 0x5a30, 0x5a30, 0x5210, 0x51ef, 0x5230, 0x5a51, 0x5a51, 0x5231, 0x5251, 0x5271, 0x5251, 0x5231, 
	0x5231, 0x6272, 0x6272, 0x6272, 0x6a71, 0x72b1, 0x8b52, 0xa454, 0xac94, 0xacb4, 0x9412, 0x7b2f, 0x6ab0, 0x6ad2, 0x6ab4, 0x6293, 
	0x6293, 0x6ad3, 0x41cf, 0x5210, 0x7314, 0x6ad4, 0x62b4, 0x5a52, 0x5a73, 0x6273, 0x6273, 0x5a73, 0x5a52, 0x6293, 0x6ad4, 0x7315, 
	0x7315, 0x6ab4, 0x6293, 0x7315, 0x62b4, 0x62f4, 0x62f4, 0x6b35, 0x6b34, 0x6314, 0x6b55, 0x6b54, 0x62f3, 0x6314, 0x6b34, 0x5ab2, 
	0x62f3, 0x7b96, 0x7bb6, 0x7375, 0x7375, 0x7334, 0x6af3, 0x7334, 0x62d3, 0x7334, 0x7b55, 0x7b55, 0x7b55, 0x8396, 0x7b34, 0x6292, 
	0x6ad3, 0x6af3, 0x6b14, 0x7335, 0x7335, 0x7b55, 0x7b75, 0x7b55, 0x6af4, 0x6af3, 0x7314, 0x5a51, 0x6ad3, 0x8bd7, 0x8376, 0x8375, 
	0x6271, 0x5a70, 0x520f, 0x51ef, 0x6291, 0x6292, 0x7b35, 0x72f4, 0x6252, 0x6ab3, 0x6ab2, 0x49cf, 0x49ee, 0x41ce, 0x41ee, 0x318d, 
	0x41cf, 0x41ef, 0x4a0f, 0x41cd, 0x4a0e, 0x62d0, 0x8c15, 0xacf9, 0xacf9, 0x8c16, 0x9437, 0x9458, 0x9458, 0x9438, 0x9c78, 0x8c17, 
	0x8bf6, 0x9417, 0x9c78, 0x8bf7, 0x7334, 0x49ce, 0x51ef, 0x49cf, 0x6251, 0x7b14, 0x72d3, 0xac7a, 0xac39, 0xac59, 0xac18, 0xa3f5, 
	0xbd35, 0xd616, 0x9c6f, 0x8bcd, 0xa470, 0x93f0, 0x832e, 0x620b, 0x7ace, 0xa432, 0x8b8e, 0xb4d1, 0xb512, 0xb4f2, 0x836d, 0x628b, 
	0x6acd, 0x628d, 0x5a6e, 0x524e, 0x4a2f, 0x41ce, 0x398d, 0x396c, 0x6290, 0xac98, 0x93d4, 0xa436, 0x8332, 0x8333, 0x8353, 0x6a71, 
	0x5210, 0x5251, 0x62b3, 0x6ad4, 0x5a31, 0x5211, 0x49af, 0x5a51, 0x5a51, 0x5a51, 0x5230, 0x49ef, 0x49ef, 0x41d0, 0x41b0, 0x316f, 
	0x314e, 0x314e, 0x314e, 0x314e, 0x314f, 0x316f, 0x314f, 0x314f, 0x316f, 0x314e, 0x316e, 0x318e, 0x39ae, 0x318d, 0x398d, 0x62d2, 
	0x6af4, 0x5211, 0x5a52, 0x6272, 0x5a52, 0x6272, 0x6252, 0x6272, 0x6a93, 0x6252, 0x5a32, 0x6252, 0x5a52, 0x51f0, 0x51f0, 0x5231, 
	0x5a31, 0x5a31, 0x5a31, 0x5a31, 0x5a31, 0x5a31, 0x5a31, 0x5a31, 0x5a52, 0x5a31, 0x5a52, 0x5211, 0x51f0, 0x5a31, 0x6272, 0x5a31, 
	0x5211, 0x5211, 0x5211, 0x5211, 0x5a31, 0x5a52, 0x5a52, 0x5a52, 0x5a52, 0x5a52, 0x5a52, 0x5a52, 0x5a52, 0x5a31, 0x5a52, 0x6272, 
	0x6b51, 0x7372, 0x7393, 0x7372, 0x7352, 0x7352, 0x7352, 0x6b52, 0x6b12, 0x6b12, 0x62f2, 0x6b12, 0x6b33, 0x7354, 0x6b53, 0x6b13, 
	0x6b34, 0x6b13, 0x6af3, 0x6ad3, 0x62b2, 0x6af3, 0x6af3, 0x62b2, 0x62d2, 0x62b2, 0x62d3, 0x62f3, 0x5ab2, 0x4a50, 0x420f, 0x420f, 
	0x41ef, 0x4a30, 0x4a30, 0x4a10, 0x5251, 0x62d3, 0x6af3, 0x62b2, 0x62b2, 0x62d3, 0x62b2, 0x5ab2, 0x62d3, 0x5ad2, 0x5ad3, 0x6b34, 
	0x8c17, 0x6b12, 0x5a90, 0x62b1, 0x5ab1, 0x5270, 0x5270, 0x5270, 0x5290, 0x5250, 0x522f, 0x5a70, 0x5250, 0x8395, 0x7b75, 0x5230, 
	0x5230, 0x5250, 0x5a51, 0x5a71, 0x5a51, 0x5a30, 0x5210, 0x5230, 0x5210, 0x5a31, 0x5210, 0x4a10, 0x5251, 0x5250, 0x4a10, 0x4a30, 
	0x5a51, 0x6292, 0x6292, 0x6251, 0x6250, 0x6a70, 0x7af0, 0x93b1, 0xac93, 0xb4d4, 0xa452, 0x8bb1, 0x7310, 0x6af2, 0x6293, 0x6ad4, 
	0x6af4, 0x6af3, 0x49cf, 0x5a51, 0x7b55, 0x7335, 0x6ad4, 0x5231, 0x5a73, 0x6293, 0x5a93, 0x5a52, 0x5211, 0x5231, 0x5a73, 0x6ad4, 
	0x7315, 0x6ab4, 0x6273, 0x62d4, 0x5252, 0x5a93, 0x62d3, 0x6b34, 0x6b55, 0x5ad2, 0x4a50, 0x4a30, 0x422f, 0x4a50, 0x4a50, 0x4a30, 
	0x420f, 0x4230, 0x4230, 0x4230, 0x4a70, 0x5291, 0x62f3, 0x7375, 0x62f2, 0x5271, 0x4a30, 0x4a50, 0x5250, 0x4a30, 0x5230, 0x5271, 
	0x5271, 0x5271, 0x5250, 0x4a30, 0x5271, 0x62d2, 0x6b14, 0x7334, 0x7355, 0x62f3, 0x7b95, 0x62d3, 0x6af3, 0x6b14, 0x5a71, 0x6b13, 
	0x5a50, 0x7b33, 0x6ab1, 0x8bb6, 0x7b75, 0x8bd7, 0x93f8, 0x93f8, 0x7b15, 0x6ab3, 0x72d3, 0x8396, 0x83b5, 0x7b95, 0x7bd5, 0x83f6, 
	0x7354, 0x7334, 0x62d2, 0x41ee, 0x4a0e, 0x62d0, 0x8c36, 0xa4d8, 0x7373, 0x62b1, 0x5ab1, 0x62b2, 0x5a91, 0x5a91, 0x62d2, 0x5a70, 
	0x6ad2, 0x5a90, 0x5a91, 0x6af3, 0x9c58, 0x8396, 0x8bb6, 0x8396, 0x9c18, 0x9c18, 0x93b7, 0xbcbb, 0xac18, 0xa3d7, 0xa3b7, 0x9bb4, 
	0xd5b7, 0xee77, 0xcd73, 0xa42e, 0xa40f, 0xa410, 0x8b6f, 0x72ad, 0x832e, 0x93b0, 0x72eb, 0x8bcd, 0x93ee, 0x8bef, 0x7b6e, 0x730e, 
	0x5a6d, 0x522d, 0x4a0d, 0x41ee, 0x41ce, 0x39ae, 0x398d, 0x418d, 0x6ab0, 0xa456, 0x9bf5, 0xa415, 0x8312, 0x8333, 0x8333, 0x6250, 
	0x6291, 0x5a71, 0x5a72, 0x6293, 0x5211, 0x5a31, 0x51f0, 0x6272, 0x5230, 0x5210, 0x49ef, 0x41ef, 0x41cf, 0x41d0, 0x398f, 0x316f, 
	0x314e, 0x314e, 0x314e, 0x314e, 0x314f, 0x314f, 0x314f, 0x294e, 0x314f, 0x294e, 0x316e, 0x318e, 0x39ae, 0x318d, 0x318d, 0x5ab2, 
	0x62d3, 0x49f0, 0x5231, 0x5a72, 0x5a31, 0x5a52, 0x5a32, 0x5a31, 0x6a93, 0x6272, 0x6252, 0x6252, 0x5a52, 0x5a31, 0x5a51, 0x5a72, 
	0x5a32, 0x5a32, 0x5a32, 0x5a32, 0x5a32, 0x5a32, 0x5a32, 0x5a32, 0x5a31, 0x5a31, 0x5a32, 0x5a31, 0x5211, 0x5a31, 0x6272, 0x5a52, 
	0x5211, 0x5211, 0x5211, 0x5211, 0x5a31, 0x5a32, 0x5a52, 0x5a52, 0x5a52, 0x5a52, 0x5a52, 0x5a52, 0x5a52, 0x5a31, 0x5a52, 0x6272, 
	0x6b52, 0x7392, 0x7bb3, 0x7393, 0x7352, 0x6b52, 0x6b52, 0x6b52, 0x7373, 0x7374, 0x7373, 0x7353, 0x7354, 0x7374, 0x7354, 0x6b13, 
	0x7334, 0x7334, 0x6af3, 0x6ad3, 0x6b13, 0x7314, 0x6ad3, 0x62b2, 0x62b2, 0x62b2, 0x62b2, 0x62d3, 0x5ab2, 0x5271, 0x4a30, 0x420f, 
	0x4210, 0x4a30, 0x5251, 0x5a91, 0x5ab2, 0x62b2, 0x5a92, 0x5a71, 0x5a71, 0x5a92, 0x5a71, 0x5271, 0x5271, 0x5251, 0x5291, 0x62f3, 
	0x8c17, 0x7b74, 0x7333, 0x7b74, 0x7353, 0x6b33, 0x6b33, 0x6b33, 0x7374, 0x6b13, 0x62f2, 0x7313, 0x62b2, 0x8bd6, 0x8bb6, 0x6291, 
	0x6af3, 0x6af3, 0x7334, 0x7b54, 0x7334, 0x72f3, 0x6af3, 0x72f3, 0x7b34, 0x7b55, 0x6af3, 0x6ad3, 0x7334, 0x6b14, 0x62f3, 0x6b34, 
	0x6292, 0x6ab3, 0x6272, 0x5a30, 0x6230, 0x6a6f, 0x7acf, 0x8b70, 0xbcd4, 0xbd14, 0xa451, 0x93f1, 0x8371, 0x7b53, 0x62b3, 0x6af4, 
	0x6af4, 0x6af3, 0x49cf, 0x5230, 0x6af3, 0x6af4, 0x6af4, 0x5a92, 0x5a72, 0x5a73, 0x5a73, 0x5232, 0x49f0, 0x49f0, 0x49f0, 0x5211, 
	0x7b15, 0x72f5, 0x62b3, 0x6ad4, 0x5231, 0x5a72, 0x5ab2, 0x62f3, 0x6313, 0x52b1, 0x3a0f, 0x31ad, 0x39ee, 0x3a0e, 0x39ee, 0x3a0e, 
	0x4250, 0x3a2f, 0x3a2f, 0x3a0f, 0x3a0f, 0x4250, 0x5af3, 0x6354, 0x5b13, 0x4a50, 0x39ce, 0x39ee, 0x39ee, 0x39ae, 0x39ce, 0x4a2f, 
	0x5270, 0x5270, 0x420f, 0x41ee, 0x4a30, 0x5291, 0x62f3, 0x6b34, 0x5271, 0x41ef, 0x62f3, 0x5271, 0x5ab2, 0x5ab2, 0x4a30, 0x6b13, 
	0x520e, 0x72f2, 0x6270, 0x8395, 0x7334, 0x7b75, 0x7335, 0x6ad4, 0x8376, 0x6ab3, 0x7b14, 0xa479, 0x7b74, 0x7333, 0x7353, 0x83d5, 
	0xa499, 0x9c59, 0x8395, 0x49ee, 0x4a0d, 0x62d0, 0x8c36, 0x9477, 0x41cd, 0x318c, 0x316c, 0x396d, 0x316c, 0x398d, 0x398d, 0x398d, 
	0x41ad, 0x41ad, 0x398d, 0x41ce, 0x8396, 0x7313, 0x7314, 0x7b14, 0x7b34, 0x7b34, 0x8335, 0x9bd7, 0x9bb7, 0xa3f8, 0xac18, 0xa3d5, 
	0xdd98, 0xf679, 0xee57, 0xcd53, 0xb490, 0xb471, 0xbcb3, 0xb473, 0xa431, 0x93cf, 0x7b0b, 0x730b, 0x6aeb, 0x6aec, 0x6ace, 0x62cf, 
	0x522d, 0x4a0d, 0x41cd, 0x41ce, 0x39ae, 0x39ae, 0x41ae, 0x49ee, 0x7311, 0x93f5, 0xa415, 0x9bd4, 0x82f2, 0x8b33, 0x8b53, 0x6250, 
	0x51ef, 0x41cf, 0x418f, 0x49d0, 0x49f1, 0x6ad4, 0x5a52, 0x5a72, 0x49ef, 0x41cf, 0x41ce, 0x41cf, 0x41af, 0x398f, 0x316f, 0x316f, 
	0x316e, 0x316e, 0x316f, 0x316f, 0x316f, 0x314f, 0x314f, 0x314e, 0x316f, 0x314e, 0x318e, 0x398e, 0x39ce, 0x318d, 0x398d, 0x5ad2, 
	0x62d3, 0x49f0, 0x5211, 0x5a52, 0x5a52, 0x5a52, 0x5211, 0x51f0, 0x5211, 0x51f0, 0x51f0, 0x51f0, 0x49d0, 0x49f0, 0x5210, 0x5231, 
	0x5a32, 0x5a32, 0x5a32, 0x5a32, 0x5a32, 0x5a32, 0x5a32, 0x5a32, 0x5a32, 0x5211, 0x5a32, 0x5a52, 0x5211, 0x5211, 0x5a52, 0x5a52, 
	0x5211, 0x5211, 0x5211, 0x5211, 0x5211, 0x5a31, 0x5a32, 0x5a32, 0x5a52, 0x5a32, 0x5a32, 0x5a52, 0x5a32, 0x5a31, 0x5a32, 0x5a52, 
	0x6b51, 0x7392, 0x7bb3, 0x7392, 0x6b32, 0x6b31, 0x6b31, 0x6b32, 0x7352, 0x7373, 0x7352, 0x6b12, 0x6312, 0x6312, 0x62d2, 0x5a91, 
	0x5270, 0x5a91, 0x5250, 0x5250, 0x62d2, 0x62d2, 0x5230, 0x49ef, 0x62b2, 0x62b2, 0x62d2, 0x62d3, 0x62d3, 0x5ad2, 0x5271, 0x4a30, 
	0x4a30, 0x4a30, 0x5271, 0x62d2, 0x5ab2, 0x5250, 0x49ef, 0x49ef, 0x5250, 0x5271, 0x5250, 0x4a30, 0x4a0f, 0x41ef, 0x4a30, 0x5ab1, 
	0x8bf6, 0x8394, 0x7b53, 0x7332, 0x6af2, 0x7332, 0x7b73, 0x7b73, 0x9437, 0x83d5, 0x83b5, 0x8bf6, 0x7b54, 0x9c38, 0x9417, 0x72f3, 
	0x8bb6, 0x8bb6, 0x8bd7, 0x93f7, 0x8bd7, 0x8375, 0x7b55, 0x7b75, 0x7314, 0x6b14, 0x5a72, 0x5a71, 0x62d3, 0x5ab2, 0x5271, 0x62d2, 
	0x5a71, 0x6292, 0x6251, 0x5a0f, 0x624f, 0x7ad0, 0x8b71, 0xa3f2, 0x9c10, 0xa451, 0x8b6e, 0x730d, 0x6aae, 0x6ad1, 0x520f, 0x49cf, 
	0x5a71, 0x6291, 0x418e, 0x41ae, 0x49ef, 0x51f0, 0x6ab3, 0x6ad4, 0x6ad4, 0x72d4, 0x72d4, 0x6ab4, 0x6293, 0x6273, 0x6273, 0x6273, 
	0x5a52, 0x5a52, 0x5a52, 0x6293, 0x4a10, 0x5231, 0x4a51, 0x4a71, 0x5271, 0x52d2, 0x4a70, 0x3a0f, 0x424f, 0x424f, 0x422f, 0x424f, 
	0x3a0e, 0x3a0e, 0x4250, 0x4250, 0x39ee, 0x4270, 0x5b13, 0x5b13, 0x52d2, 0x4a70, 0x422f, 0x420f, 0x4250, 0x4a70, 0x422f, 0x39ee, 
	0x5271, 0x5271, 0x4a30, 0x420f, 0x4a70, 0x5ad2, 0x62f3, 0x6b13, 0x6b13, 0x5ab2, 0x7b95, 0x5291, 0x62f3, 0x6b34, 0x5ab2, 0x6b13, 
	0x5a70, 0x6ab1, 0x520e, 0x5a70, 0x6291, 0x5a71, 0x7314, 0x6293, 0x6272, 0x6251, 0x7b14, 0x9c39, 0x5a30, 0x520f, 0x5a70, 0x6af2, 
	0x9c18, 0x9418, 0x7b55, 0x41ad, 0x49cd, 0x62d1, 0x8c36, 0x8c36, 0x41cd, 0x39ad, 0x318c, 0x398d, 0x316c, 0x396d, 0x396d, 0x396d, 
	0x396c, 0x41cd, 0x418d, 0x49ce, 0x9c58, 0x93f7, 0x93d7, 0x93d7, 0x93d7, 0x9c19, 0xac7a, 0xa439, 0xa418, 0xbcba, 0xb499, 0x9372, 
	0xc4d5, 0xddb5, 0xddd5, 0xe5f5, 0xcd12, 0xbcb1, 0xd575, 0xc4f3, 0xd596, 0xbcf3, 0xa491, 0x93ef, 0x7b4d, 0x6acd, 0x5a6d, 0x4a0c, 
	0x522d, 0x49ee, 0x41ce, 0x39ae, 0x398e, 0x398e, 0x41ae, 0x49ee, 0x7312, 0x8373, 0x9bf5, 0x9394, 0x82f2, 0x9374, 0x93b5, 0x72b1, 
	0x6271, 0x62d3, 0x62b3, 0x5a72, 0x5231, 0x6ad4, 0x5a72, 0x5231, 0x5230, 0x4a10, 0x49ef, 0x41ef, 0x39af, 0x314e, 0x314e, 0x316f, 
	0x316f, 0x316f, 0x318f, 0x318f, 0x316f, 0x316f, 0x316f, 0x316f, 0x318f, 0x316e, 0x39af, 0x39ae, 0x41ef, 0x39ae, 0x39ad, 0x62d2, 
	0x6af4, 0x49f1, 0x5211, 0x5a72, 0x5a52, 0x6272, 0x5211, 0x49cf, 0x49cf, 0x49cf, 0x49cf, 0x49af, 0x49af, 0x49b0, 0x49f1, 0x5211, 
	0x5a32, 0x5a32, 0x5a32, 0x5a32, 0x5a32, 0x5a32, 0x5a32, 0x5a32, 0x6272, 0x5a31, 0x5a32, 0x5a32, 0x49d0, 0x418f, 0x49b0, 0x49d0, 
	0x49d0, 0x49d0, 0x49d0, 0x51f1, 0x51f1, 0x5211, 0x5a32, 0x5a32, 0x5a32, 0x5a32, 0x5a32, 0x5a32, 0x5a32, 0x5211, 0x5a12, 0x5a32, 
	0x526e, 0x7331, 0x83d4, 0x6af0, 0x522e, 0x62d0, 0x6af0, 0x62cf, 0x62cf, 0x7b92, 0x5a8f, 0x4a0d, 0x524f, 0x524f, 0x41ae, 0x5a71, 
	0x5270, 0x4a2f, 0x5ab1, 0x5a70, 0x62b2, 0x62d2, 0x4a0f, 0x62f3, 0x5a91, 0x62b2, 0x5ab2, 0x5ab2, 0x62f3, 0x62d3, 0x5251, 0x4a30, 
	0x5230, 0x41ef, 0x62b2, 0x6b34, 0x6af3, 0x41ef, 0x4a0f, 0x5250, 0x5a91, 0x5ab2, 0x5291, 0x4a50, 0x4a2f, 0x420f, 0x5270, 0x62f2, 
	0x83b5, 0x8bb5, 0xa477, 0xa477, 0x9c56, 0x9c76, 0x9c76, 0xa497, 0xa497, 0xa498, 0xa498, 0xacd9, 0xb51b, 0xa479, 0x9417, 0xa479, 
	0xa49a, 0x9c18, 0x9c58, 0x93f7, 0x7334, 0x83b6, 0x9418, 0x7314, 0x7314, 0x6ad4, 0x5a72, 0x5251, 0x5a92, 0x5a92, 0x5a71, 0x62b2, 
	0x6271, 0x8375, 0x8b74, 0x51ac, 0x6a6e, 0x624c, 0x832f, 0x938f, 0x93af, 0xac72, 0x8b6f, 0x72ee, 0x7b51, 0x5a2e, 0x5a2f, 0x41ad, 
	0x522f, 0x6290, 0x418d, 0x416d, 0x49ae, 0x51af, 0x72b3, 0x8b36, 0x8b36, 0x8b36, 0x8b16, 0x82f6, 0x7ab5, 0x7274, 0x6a53, 0x6a53, 
	0x6272, 0x5252, 0x5231, 0x5231, 0x5251, 0x5271, 0x5251, 0x4a31, 0x4a51, 0x5ab2, 0x5ab2, 0x52b1, 0x5ad2, 0x5ad2, 0x52b1, 0x5ad2, 
	0x52b0, 0x6332, 0x52d1, 0x5af2, 0x5af2, 0x52d1, 0x6333, 0x52d2, 0x6354, 0x4a91, 0x4a91, 0x5af2, 0x52d1, 0x52d1, 0x5ad1, 0x5291, 
	0x5ab2, 0x5ab2, 0x5292, 0x6313, 0x5ad2, 0x6b14, 0x6b14, 0x62b2, 0x6ad3, 0x6ad3, 0x6ad3, 0x6ad3, 0x6ad2, 0x62d2, 0x62d2, 0x6af2, 
	0x6291, 0x6ab2, 0x72f3, 0x7313, 0x7b54, 0x8396, 0x8396, 0x8375, 0x72f3, 0x6ab2, 0x7b14, 0x8355, 0x6ab2, 0x6230, 0x6a91, 0x6ab2, 
	0xa459, 0xa438, 0x8355, 0x51ee, 0x6291, 0x6290, 0x9436, 0x7bb4, 0x398c, 0x62f2, 0x7b95, 0x7bb5, 0x6313, 0x62d2, 0x39ae, 0x41ee, 
	0x41ce, 0x41ad, 0x4a0e, 0x5a70, 0x8354, 0x72d3, 0x72b3, 0x72d4, 0x6253, 0x6232, 0x6252, 0x51cf, 0x5a0f, 0x5a0e, 0x9bf4, 0x93b1, 
	0x8b8e, 0xac90, 0xddf6, 0xde16, 0xd593, 0xcd53, 0xddf5, 0xbcf1, 0xcd95, 0xddf7, 0xbd34, 0xc596, 0x9411, 0x62ad, 0x5a4c, 0x49ec, 
	0x4a0e, 0x4a0f, 0x41cf, 0x398e, 0x398e, 0x41af, 0x49cf, 0x49ce, 0x7af2, 0x7af2, 0x8b74, 0x9374, 0x8312, 0x8b54, 0x93d5, 0x8bb5, 
	0x7b54, 0x7334, 0x62d2, 0x5a71, 0x5a72, 0x62b3, 0x5a92, 0x5231, 0x49f0, 0x49d0, 0x41d0, 0x41af, 0x398f, 0x396f, 0x396f, 0x396f, 
	0x314f, 0x3990, 0x3990, 0x39b0, 0x41d0, 0x398f, 0x314e, 0x318e, 0x318f, 0x39af, 0x398e, 0x41ef, 0x41ef, 0x316d, 0x39ae, 0x62d3, 
	0x72f5, 0x49d1, 0x5212, 0x6273, 0x5a52, 0x5a31, 0x5a10, 0x5a31, 0x5a10, 0x51f0, 0x5210, 0x5211, 0x51f0, 0x5211, 0x5a32, 0x5a33, 
	0x5a32, 0x5a32, 0x5a32, 0x5a32, 0x5a31, 0x5a31, 0x5211, 0x5211, 0x5a31, 0x5a52, 0x5a52, 0x5a32, 0x51f1, 0x51f1, 0x51f1, 0x51f2, 
	0x5212, 0x5212, 0x5212, 0x5a12, 0x5a32, 0x5a32, 0x5a32, 0x5a32, 0x5a32, 0x5a32, 0x5a32, 0x5a32, 0x5a32, 0x5a32, 0x5a32, 0x5a53, 
	0x522d, 0x6af0, 0x7b93, 0x6af0, 0x5a6e, 0x6b11, 0x7351, 0x6b10, 0x5aae, 0x7350, 0x5a6e, 0x4a2d, 0x4a2e, 0x522f, 0x41ee, 0x62b2, 
	0x5230, 0x5250, 0x62d2, 0x62b1, 0x6b13, 0x7354, 0x62f2, 0x6b34, 0x62d2, 0x62b2, 0x5ab2, 0x62d3, 0x62d3, 0x62d3, 0x5a92, 0x5251, 
	0x4a10, 0x4a0f, 0x62f3, 0x7334, 0x7354, 0x5a92, 0x5ab2, 0x5ab1, 0x5ab2, 0x62d2, 0x5a91, 0x4a50, 0x4a2f, 0x422f, 0x4a70, 0x62f1, 
	0x7312, 0x8373, 0xa457, 0xac97, 0xacb7, 0xacb7, 0xa476, 0xacb7, 0x9c35, 0xa497, 0x9c36, 0x8bb5, 0x9417, 0xa479, 0xa479, 0xac9a, 
	0xacba, 0xa459, 0x8b96, 0x7313, 0x7313, 0x7b75, 0x7b54, 0x62b3, 0x7b76, 0x7335, 0x62b3, 0x5a72, 0x6293, 0x5a92, 0x5a71, 0x6292, 
	0x51ef, 0x93d6, 0xbcf9, 0x6aaf, 0x6a8d, 0x8b70, 0xac73, 0x93af, 0xac92, 0xd5b7, 0xc536, 0x834f, 0x7b30, 0x7311, 0x6ab0, 0x49cd, 
	0x62d1, 0x62d1, 0x41ad, 0x396c, 0x416d, 0x51af, 0x7ad4, 0x82f5, 0x82d5, 0x8ad5, 0x82d5, 0x82b5, 0x7a94, 0x7253, 0x6a53, 0x6a53, 
	0x5a32, 0x5252, 0x5272, 0x5272, 0x5251, 0x5251, 0x5251, 0x5251, 0x5271, 0x5292, 0x4a51, 0x420f, 0x4230, 0x420f, 0x39ef, 0x39ee, 
	0x39ed, 0x4a4f, 0x422e, 0x422e, 0x39ee, 0x39ee, 0x52b1, 0x5ad2, 0x5ad2, 0x422f, 0x39ee, 0x39ee, 0x31cd, 0x39cd, 0x420e, 0x39ce, 
	0x4a30, 0x4a30, 0x41cf, 0x4a10, 0x41ef, 0x5271, 0x62b2, 0x62b2, 0x5a30, 0x5a30, 0x6230, 0x6230, 0x5a30, 0x5a30, 0x5250, 0x5a50, 
	0x5a30, 0x5a50, 0x5a50, 0x5a30, 0x5a30, 0x6250, 0x6250, 0x5a10, 0x6251, 0x51ef, 0x5a10, 0x6251, 0x51cf, 0x51ae, 0x59ef, 0x5a10, 
	0x6231, 0x6210, 0x6230, 0x51ce, 0x51ee, 0x5a2f, 0x49ee, 0x62d1, 0x8c16, 0x8416, 0x6b53, 0x420e, 0x39ce, 0x5ab1, 0x5291, 0x5291, 
	0x5a91, 0x524f, 0x522f, 0x5a2f, 0x6270, 0x6230, 0x6a72, 0x6232, 0x59d1, 0x51d1, 0x5a11, 0x51cf, 0x6a90, 0x6aaf, 0x9412, 0x834e, 
	0xac91, 0xddf5, 0xddf5, 0xd5b4, 0xddf5, 0xe636, 0xcd93, 0x9c2e, 0xcd74, 0xd5f6, 0xc555, 0xcdd8, 0xa494, 0x72ee, 0x522c, 0x41ab, 
	0x4a0e, 0x49ef, 0x41ce, 0x398e, 0x398e, 0x41af, 0x49cf, 0x51cf, 0x7af3, 0x8b54, 0x8b53, 0x8312, 0x8333, 0x8b74, 0x8b95, 0x8395, 
	0x520f, 0x49ef, 0x41ae, 0x398e, 0x49ef, 0x5a71, 0x5a92, 0x5231, 0x41cf, 0x49d0, 0x49f0, 0x41b0, 0x396f, 0x314f, 0x314f, 0x314f, 
	0x3990, 0x41b1, 0x41b0, 0x41d0, 0x41f1, 0x39b0, 0x318f, 0x31af, 0x31af, 0x39af, 0x39ae, 0x41ef, 0x4a10, 0x396e, 0x41ae, 0x62d3, 
	0x6ad5, 0x51d2, 0x5212, 0x6253, 0x5a31, 0x5a51, 0x5a30, 0x5a30, 0x6271, 0x6251, 0x5a30, 0x5210, 0x51f1, 0x51f1, 0x51f2, 0x5212, 
	0x5a32, 0x5a32, 0x5a32, 0x5a32, 0x5a32, 0x5a32, 0x5a32, 0x5a52, 0x5a32, 0x5a52, 0x5a52, 0x5a32, 0x5212, 0x51f2, 0x5212, 0x5a12, 
	0x5a12, 0x5a12, 0x5a32, 0x5a32, 0x5a32, 0x5a33, 0x5a33, 0x5a33, 0x5a33, 0x5a32, 0x5a32, 0x5a33, 0x5a33, 0x5a12, 0x5a32, 0x5a53, 
	0x628e, 0x7310, 0x7b92, 0x62cf, 0x522d, 0x62af, 0x62af, 0x5a6d, 0x5aae, 0x62ef, 0x524d, 0x524d, 0x49ed, 0x522f, 0x522f, 0x62d2, 
	0x6af2, 0x6af2, 0x6b13, 0x6b13, 0x7333, 0x7b95, 0x7b95, 0x7334, 0x6af3, 0x5a91, 0x5ab2, 0x62d3, 0x5a92, 0x5ab2, 0x62b3, 0x5251, 
	0x41cf, 0x49ef, 0x62b2, 0x62d3, 0x6af3, 0x62b2, 0x62b2, 0x5270, 0x5ab2, 0x62d2, 0x5291, 0x4a4f, 0x4a2f, 0x420e, 0x4a4f, 0x62d1, 
	0x7b73, 0x9416, 0xacb8, 0xa477, 0x9c56, 0x9415, 0x8bb3, 0x9c56, 0x8bd4, 0xa477, 0x8bf5, 0x6ad1, 0x7313, 0x9c58, 0xacba, 0x9c59, 
	0xb4db, 0xb4ba, 0x8b96, 0x7313, 0x8bb6, 0x83b6, 0x7314, 0x7355, 0x7355, 0x6b15, 0x6293, 0x5a72, 0x5a93, 0x5a72, 0x5a51, 0x6291, 
	0x6270, 0x8b94, 0xcd9b, 0x9c14, 0x7b0e, 0x9bf1, 0xc535, 0xbcf4, 0xc514, 0xc535, 0xbd15, 0x8bb0, 0x8371, 0x72ef, 0x5a2e, 0x5a4e, 
	0x7b74, 0x62f2, 0x49ee, 0x520f, 0x51ef, 0x51cf, 0x72b3, 0x7ad4, 0x7ab4, 0x7ab4, 0x7ab4, 0x7294, 0x6a73, 0x6a52, 0x6232, 0x5a32, 
	0x5231, 0x5231, 0x5251, 0x5251, 0x5251, 0x5231, 0x5231, 0x4a30, 0x5251, 0x4a51, 0x41ef, 0x39ae, 0x39ef, 0x41ef, 0x39ef, 0x41ef, 
	0x39ee, 0x420e, 0x39ee, 0x39ee, 0x39ee, 0x39ef, 0x52b2, 0x6313, 0x5ad3, 0x4a51, 0x420f, 0x39ef, 0x39ae, 0x39ce, 0x39ee, 0x39ce, 
	0x5251, 0x5251, 0x41ef, 0x4a30, 0x41ef, 0x5a91, 0x6af3, 0x7b75, 0x8396, 0x8b96, 0x8b96, 0x8b96, 0x8b75, 0x8395, 0x8395, 0x8395, 
	0x8b95, 0x8b96, 0x8b75, 0x8354, 0x8354, 0x8375, 0x8b75, 0x8355, 0x8b96, 0x8334, 0x8b75, 0x93b7, 0x93b6, 0x8b76, 0x8b96, 0x8b96, 
	0x8335, 0x8b55, 0x93b6, 0x8b96, 0x8b95, 0x8bf6, 0x7b94, 0x9c78, 0x8c16, 0x41ee, 0x39ad, 0x4a50, 0x5270, 0x318d, 0x39ae, 0x5ad2, 
	0x7b95, 0x83d6, 0x7b74, 0x8374, 0x7b13, 0x8334, 0x93b7, 0x8335, 0x8b77, 0x8356, 0x8b96, 0x8354, 0x9c35, 0xa454, 0xb4d4, 0x8b8e, 
	0x93ad, 0xe677, 0xe636, 0xcd94, 0xcd73, 0xd5b4, 0xb4d0, 0xac6f, 0xb4f2, 0xb4d2, 0x8baf, 0x8bd0, 0x6aee, 0x522c, 0x5a4d, 0x524e, 
	0x4a0e, 0x49ef, 0x41ae, 0x398e, 0x398e, 0x41af, 0x49cf, 0x51cf, 0x72b2, 0x8b74, 0x9374, 0x82f2, 0x8312, 0x8b73, 0x8373, 0x8374, 
	0x49ce, 0x41ae, 0x398d, 0x398e, 0x49ef, 0x5a71, 0x5a72, 0x5231, 0x41af, 0x41d0, 0x49f1, 0x41d0, 0x398f, 0x396f, 0x396f, 0x4190, 
	0x49f1, 0x4a12, 0x49f1, 0x41f1, 0x4a11, 0x39d0, 0x39af, 0x39cf, 0x39af, 0x39cf, 0x39af, 0x41f0, 0x4a10, 0x398e, 0x41cf, 0x62d3, 
	0x6ad4, 0x51f1, 0x5a32, 0x5a52, 0x6251, 0x6ab2, 0x6a91, 0x6270, 0x72d2, 0x72f2, 0x6291, 0x5a51, 0x6272, 0x5a52, 0x5212, 0x5a33, 
	0x5a32, 0x5a32, 0x5a32, 0x5a32, 0x5a32, 0x5a32, 0x5a52, 0x5a52, 0x5a32, 0x5a52, 0x5a52, 0x5a32, 0x5a32, 0x5212, 0x5a12, 0x5a33, 
	0x5a32, 0x5a32, 0x5a33, 0x5a33, 0x5a33, 0x5a33, 0x5a33, 0x5a33, 0x5a33, 0x5a32, 0x5a33, 0x5a53, 0x5a33, 0x5a32, 0x5a33, 0x6253, 
	0x5a6d, 0x6acf, 0x7b51, 0x62af, 0x522d, 0x62af, 0x62cf, 0x62ae, 0x7bb2, 0x83b2, 0x7351, 0x6b10, 0x62b0, 0x7353, 0x7354, 0x7b74, 
	0x6b12, 0x6ad1, 0x62b1, 0x62d1, 0x62b1, 0x62d2, 0x7333, 0x5a91, 0x6af2, 0x5250, 0x5a71, 0x62b3, 0x5a71, 0x5a92, 0x62b3, 0x5231, 
	0x49f0, 0x5210, 0x62d2, 0x62d3, 0x6af3, 0x6292, 0x62d2, 0x5a91, 0x5ab1, 0x5ab1, 0x5a70, 0x524f, 0x4a4f, 0x4a2f, 0x524f, 0x62d1, 
	0x7312, 0x8373, 0x7b52, 0x72f1, 0x8393, 0x8bd4, 0x8393, 0x9c56, 0x8393, 0x93f5, 0x8374, 0x6290, 0x6ad2, 0x93f7, 0x9418, 0x8375, 
	0x8375, 0x8b96, 0x72f3, 0x6ab2, 0x7b34, 0x72f3, 0x6292, 0x6af4, 0x7315, 0x6af5, 0x62b4, 0x62b3, 0x6ad4, 0x62b3, 0x6292, 0x6ad2, 
	0x6270, 0x6a8f, 0xa455, 0x93d2, 0x72cd, 0x8b8f, 0xbcf3, 0xd5b6, 0xddd6, 0xb4d3, 0xa451, 0x93f1, 0x9412, 0x72ef, 0x7310, 0x93f4, 
	0x8c16, 0x62b1, 0x41ad, 0x5a50, 0x5a30, 0x51af, 0x72b3, 0x7af4, 0x72d4, 0x72b4, 0x72b3, 0x6a93, 0x6a72, 0x6272, 0x5a51, 0x5a31, 
	0x5a72, 0x5251, 0x5231, 0x5231, 0x5271, 0x5a72, 0x5271, 0x4a30, 0x5271, 0x5a92, 0x4a50, 0x420f, 0x420f, 0x420f, 0x420f, 0x420f, 
	0x4a50, 0x422f, 0x420f, 0x4230, 0x4a50, 0x4a51, 0x5291, 0x52b2, 0x5292, 0x5271, 0x4a51, 0x4a50, 0x4a30, 0x4a30, 0x4a2f, 0x420f, 
	0x5250, 0x5251, 0x4a30, 0x5250, 0x4a30, 0x5a91, 0x62b2, 0x8395, 0x9c38, 0xa438, 0xa438, 0xa438, 0xa418, 0x9c38, 0x9c38, 0x9c38, 
	0xa438, 0xa438, 0xa418, 0x9bf7, 0x9c17, 0xa458, 0xa459, 0xa438, 0x9c18, 0x93b6, 0x93d7, 0x9c18, 0xa438, 0x9bf8, 0x9bf8, 0x9bf7, 
	0x93b6, 0xa418, 0xa418, 0x93b6, 0x9c17, 0x9417, 0xacfa, 0x83b5, 0x398c, 0x420e, 0x5ad1, 0x39ce, 0x39ce, 0x5291, 0x52b1, 0x318d, 
	0x62d2, 0x9c79, 0x9417, 0x9c37, 0x93d6, 0xa417, 0xac59, 0x9bf8, 0x9bd8, 0x9bf8, 0xa438, 0x9c15, 0xbcf7, 0xcd77, 0xcdb6, 0xb4b1, 
	0x9c0e, 0xe636, 0xe636, 0xddd5, 0xd5d5, 0xcd94, 0xb4d1, 0xb4d1, 0xb4d2, 0xac92, 0x8baf, 0x8390, 0x72ef, 0x5a4d, 0x5a4d, 0x522e, 
	0x4a2e, 0x41ee, 0x41ce, 0x39ae, 0x39af, 0x41af, 0x49af, 0x49af, 0x6a71, 0x8b54, 0x9bf5, 0x8b53, 0x72b0, 0x8311, 0x8b93, 0x7b32, 
	0x49ee, 0x41cf, 0x41ae, 0x398e, 0x41ae, 0x49ef, 0x49d0, 0x41af, 0x41d0, 0x41d0, 0x41d0, 0x41b0, 0x41b0, 0x41d1, 0x4a12, 0x5253, 
	0x5232, 0x5233, 0x4a12, 0x4a12, 0x4a12, 0x41f0, 0x39af, 0x39d0, 0x39cf, 0x39cf, 0x39af, 0x41f0, 0x4a10, 0x398e, 0x41af, 0x62d3, 
	0x6ad4, 0x5211, 0x5a31, 0x5a51, 0x6291, 0x7313, 0x7312, 0x6ad1, 0x626f, 0x6ad1, 0x6270, 0x5230, 0x5a72, 0x5231, 0x49d1, 0x5a53, 
	0x5a53, 0x5a33, 0x5a33, 0x5a32, 0x5a32, 0x5a32, 0x5a32, 0x5a32, 0x5a32, 0x5a32, 0x5a32, 0x5a32, 0x5a12, 0x5a12, 0x5a12, 0x5a33, 
	0x5a33, 0x5a32, 0x5a32, 0x5a32, 0x5a32, 0x5a32, 0x5a32, 0x5a32, 0x5a53, 0x5a33, 0x5a33, 0x5a53, 0x5a53, 0x5a32, 0x5a33, 0x6253, 
	0x62af, 0x6b10, 0x7b92, 0x6af0, 0x5a8e, 0x6b10, 0x7331, 0x7351, 0x7351, 0x7351, 0x62cf, 0x5a6e, 0x4a2d, 0x6b12, 0x6b13, 0x5a70, 
	0x62d1, 0x5a6f, 0x5a4f, 0x6ad1, 0x62b1, 0x62b1, 0x6af2, 0x6291, 0x62d2, 0x5230, 0x5a71, 0x62d3, 0x5a92, 0x62b2, 0x62d3, 0x5a51, 
	0x5210, 0x49ef, 0x6292, 0x62b2, 0x6ad2, 0x5a71, 0x62d2, 0x62d2, 0x5a91, 0x62b1, 0x5a70, 0x5270, 0x5a70, 0x5270, 0x5a90, 0x6af2, 
	0x7b53, 0x72f1, 0x5a6f, 0x5a4e, 0x8bb3, 0xa476, 0x9415, 0x9c36, 0x6ab0, 0x626f, 0x520e, 0x51ee, 0x5a2f, 0x6291, 0x6271, 0x51f0, 
	0x6271, 0x6230, 0x5a10, 0x5a30, 0x5a51, 0x5a31, 0x5231, 0x5231, 0x5231, 0x5232, 0x5211, 0x5211, 0x5a52, 0x5231, 0x5210, 0x5a30, 
	0x626f, 0x7b10, 0x93d2, 0x834f, 0x72cc, 0xa431, 0xbcf3, 0xc554, 0xddd6, 0xcd95, 0xa451, 0x8b8f, 0x8b6f, 0x7b0f, 0xac95, 0xb539, 
	0x8bf5, 0x62b1, 0x398c, 0x49ee, 0x49ae, 0x418e, 0x6ab2, 0x72d3, 0x6ab3, 0x6ab3, 0x6a92, 0x6292, 0x6292, 0x5a71, 0x5a71, 0x5251, 
	0x5a51, 0x5a51, 0x5251, 0x5230, 0x5251, 0x5a71, 0x5271, 0x5251, 0x4a30, 0x5a71, 0x5a92, 0x5271, 0x5291, 0x5291, 0x5291, 0x5ab2, 
	0x5ad2, 0x5291, 0x5291, 0x52b2, 0x52b2, 0x5292, 0x5271, 0x5271, 0x5251, 0x5271, 0x5271, 0x5291, 0x5ab2, 0x5ab2, 0x5a91, 0x5a91, 
	0x5a91, 0x5271, 0x5271, 0x5291, 0x5250, 0x5a71, 0x5a50, 0x8395, 0x9bf7, 0x9bf7, 0x9bf7, 0x9bf7, 0x9bf7, 0x9bf7, 0x93f7, 0x9bf7, 
	0x9bd7, 0xa3f7, 0x9bf7, 0x9bd6, 0x9bd7, 0x9bf7, 0xa418, 0x9bd7, 0xa418, 0x9bf7, 0x93b6, 0x93b7, 0x93d7, 0x93d7, 0x93d7, 0x9c18, 
	0x93d7, 0x9bf7, 0x9c17, 0x93f7, 0x9417, 0x9c58, 0x9c78, 0x4a0e, 0x5a90, 0x420e, 0x52b1, 0x420e, 0x39ce, 0x31ad, 0x4230, 0x4a50, 
	0x398e, 0x8c18, 0x9417, 0x93f7, 0x9bf7, 0x9bd7, 0x9396, 0x9bb7, 0x9396, 0x93b6, 0x9bd6, 0x8b93, 0xac74, 0xc515, 0xcd74, 0xc532, 
	0xc552, 0xddf5, 0xe636, 0xde15, 0xcd94, 0xa42e, 0xa44f, 0xac91, 0x8b8e, 0x834e, 0x72ed, 0x6aee, 0x62ae, 0x520c, 0x49ec, 0x41ac, 
	0x4a0e, 0x41ed, 0x39ce, 0x39ae, 0x41cf, 0x41cf, 0x49cf, 0x49af, 0x72b2, 0x8313, 0xa3f6, 0x93b4, 0x72af, 0x8331, 0x8bb2, 0x628f, 
	0x418d, 0x39ae, 0x41cf, 0x39ae, 0x398e, 0x398f, 0x398f, 0x398f, 0x41af, 0x398f, 0x398f, 0x41b0, 0x49f1, 0x5232, 0x5a73, 0x6294, 
	0x5253, 0x5253, 0x5232, 0x4a12, 0x4a32, 0x41d0, 0x39af, 0x39d0, 0x39d0, 0x39d0, 0x39af, 0x41f0, 0x4a10, 0x398e, 0x41af, 0x62d3, 
	0x6af4, 0x5230, 0x5230, 0x5a50, 0x6290, 0x7332, 0x7332, 0x6ad1, 0x520d, 0x6290, 0x5a70, 0x5230, 0x5a71, 0x5231, 0x49d0, 0x5a53, 
	0x5a33, 0x5a33, 0x5a33, 0x5a33, 0x5a32, 0x5a32, 0x5a32, 0x5a32, 0x5a32, 0x5a32, 0x5a32, 0x5a32, 0x5a32, 0x5a32, 0x5a33, 0x5a33, 
	0x5a33, 0x5a33, 0x5a33, 0x5a33, 0x5a33, 0x5a33, 0x5a33, 0x5a33, 0x5a53, 0x5a33, 0x5a33, 0x5a53, 0x5a53, 0x5a33, 0x5a33, 0x6253, 
	0x7b92, 0x7b92, 0x83b3, 0x6af0, 0x5a6e, 0x6af0, 0x6b11, 0x6b11, 0x7b71, 0x7351, 0x5aae, 0x526e, 0x524e, 0x7353, 0x6b13, 0x5a70, 
	0x62d0, 0x5a6f, 0x6ad0, 0x7b53, 0x7b73, 0x7333, 0x6af2, 0x6ad2, 0x62b2, 0x5230, 0x5a71, 0x6af3, 0x6ad3, 0x6af4, 0x6af4, 0x62b3, 
	0x5a51, 0x5210, 0x6292, 0x62b2, 0x6ad2, 0x5a71, 0x6ad2, 0x6ad2, 0x5a70, 0x5a91, 0x5a70, 0x5a70, 0x5a90, 0x5a70, 0x5a70, 0x62d1, 
	0x7b52, 0x7b52, 0x7b32, 0x7311, 0x8bd4, 0x9c56, 0x93d4, 0x93f5, 0x8bb3, 0x72f1, 0x6ad1, 0x7b33, 0x8354, 0x7b34, 0x7b14, 0x7af4, 
	0x8335, 0x6a92, 0x6271, 0x6a92, 0x6292, 0x6ad3, 0x6ad4, 0x5a52, 0x6293, 0x62b4, 0x62b3, 0x62b3, 0x6ad4, 0x62b3, 0x6293, 0x6ad3, 
	0x8bb4, 0xa434, 0xa454, 0xa453, 0x93af, 0xb4d3, 0xbcf3, 0xac50, 0xb4b1, 0xcd74, 0xac92, 0x93af, 0x7b0d, 0x6a8c, 0xa454, 0xa475, 
	0x7b73, 0x6b12, 0x49ee, 0x418d, 0x416c, 0x416d, 0x5a30, 0x51cf, 0x5a30, 0x5a10, 0x5210, 0x5210, 0x5230, 0x4a30, 0x4a2f, 0x4a0f, 
	0x49cf, 0x5210, 0x5230, 0x49f0, 0x41cf, 0x49ef, 0x4a10, 0x4a10, 0x4a10, 0x5a92, 0x62d2, 0x62d2, 0x62d3, 0x62d2, 0x5ad2, 0x62f3, 
	0x5ab2, 0x52b2, 0x5ad3, 0x5291, 0x5271, 0x5ab2, 0x5271, 0x5271, 0x5291, 0x5271, 0x5271, 0x62b2, 0x6b33, 0x6b13, 0x62f3, 0x6b33, 
	0x62f2, 0x62d2, 0x62d2, 0x62d2, 0x5ab1, 0x62d1, 0x5a70, 0x9417, 0xa438, 0xa438, 0xac38, 0xac38, 0xa438, 0xa438, 0xa438, 0xa438, 
	0xa418, 0xac38, 0xac38, 0xa418, 0xa418, 0xac59, 0xac59, 0xa418, 0x9bd7, 0x9bd7, 0x93b6, 0x93d7, 0xa439, 0x9c38, 0x9c18, 0x9c38, 
	0x9bf7, 0x8b95, 0x93d6, 0x9c38, 0x8bb5, 0xa499, 0x62d2, 0x398d, 0x5270, 0x420f, 0x5290, 0x4a4f, 0x424f, 0x422f, 0x3a0f, 0x41ef, 
	0x314d, 0x8396, 0x9c58, 0x93f7, 0x9c17, 0xa3f7, 0x9375, 0xa3f8, 0x9bd7, 0x9bf7, 0x9bf6, 0x9392, 0xa432, 0xbcf3, 0xc533, 0xd573, 
	0xd5b4, 0xc552, 0xd594, 0xcd73, 0xa44f, 0x6a68, 0x72ea, 0x836d, 0x72ec, 0x628b, 0x5a4b, 0x520b, 0x524d, 0x520d, 0x5a6f, 0x5a8f, 
	0x420d, 0x41ed, 0x39cd, 0x41ee, 0x41ef, 0x49f0, 0x49d0, 0x49af, 0x7af4, 0x7ad2, 0x9394, 0x9bb4, 0x8b51, 0x9bf3, 0x93d2, 0x51ec, 
	0x398d, 0x39af, 0x41cf, 0x41cf, 0x41af, 0x41af, 0x41b0, 0x41b0, 0x396f, 0x396f, 0x398f, 0x41d0, 0x5232, 0x5a73, 0x5a73, 0x5a73, 
	0x5a53, 0x5a53, 0x5233, 0x5232, 0x4a32, 0x41f1, 0x39b0, 0x41d0, 0x41f0, 0x41d0, 0x39af, 0x41f0, 0x4a11, 0x398e, 0x41af, 0x62d3, 
	0x6af3, 0x522f, 0x522f, 0x5a70, 0x6290, 0x7311, 0x6af1, 0x628f, 0x522e, 0x6290, 0x5a90, 0x5250, 0x5251, 0x4a31, 0x49f1, 0x5253, 
	0x49d2, 0x51f2, 0x5212, 0x5a33, 0x5a33, 0x5a53, 0x5a53, 0x5a53, 0x5a32, 0x5a32, 0x5a32, 0x5a53, 0x5a33, 0x5a33, 0x5a33, 0x5a33, 
	0x5a53, 0x5a33, 0x5a33, 0x5a33, 0x5a33, 0x5a33, 0x5a33, 0x5a33, 0x5a53, 0x5a33, 0x5a33, 0x5a53, 0x5a53, 0x5a33, 0x5a33, 0x6253, 
	0x7351, 0x6af0, 0x6af0, 0x5a6f, 0x5a4e, 0x6b11, 0x7332, 0x7331, 0x7351, 0x6b10, 0x524e, 0x5a6f, 0x5a90, 0x7333, 0x6b13, 0x6ad2, 
	0x62b0, 0x62af, 0x7332, 0x7311, 0x7332, 0x7333, 0x5a70, 0x6291, 0x5a71, 0x5230, 0x5a51, 0x62b3, 0x6af4, 0x6af4, 0x6ad4, 0x6af4, 
	0x72f4, 0x6ab3, 0x7314, 0x6af3, 0x7b54, 0x7b34, 0x7b74, 0x6af3, 0x6291, 0x6291, 0x5a70, 0x5a70, 0x62b1, 0x5a90, 0x5a70, 0x6290, 
	0x626e, 0x6acf, 0x7b51, 0x7310, 0x72f0, 0x8351, 0x8352, 0x8b93, 0x8bb3, 0x7b12, 0x8353, 0x93d5, 0x8b95, 0x8b95, 0x93b6, 0x9396, 
	0x8b75, 0x7b14, 0x72d3, 0x72d3, 0x72d4, 0x7315, 0x7b36, 0x6ad4, 0x6ad4, 0x72f4, 0x6af4, 0x6ad4, 0x72f4, 0x6ad4, 0x72d4, 0x7b34, 
	0xb4b8, 0xac54, 0x9bf2, 0xc536, 0x9bd0, 0xac72, 0xbcd3, 0x93ae, 0xa42f, 0xb4b2, 0xb4d3, 0xa431, 0x836f, 0x6a8c, 0x8370, 0x8391, 
	0x7b52, 0x7b32, 0x520d, 0x49cd, 0x49cd, 0x418d, 0x5a2f, 0x5a30, 0x5a30, 0x5a30, 0x5230, 0x5230, 0x5250, 0x5250, 0x4a50, 0x5250, 
	0x4a10, 0x5a31, 0x5a31, 0x5230, 0x5230, 0x5a51, 0x5250, 0x4a10, 0x5a92, 0x6af3, 0x62f3, 0x62b2, 0x5ab2, 0x5291, 0x5250, 0x5271, 
	0x5291, 0x4a70, 0x5291, 0x4a50, 0x5ab1, 0x6b34, 0x5ab2, 0x5270, 0x5a70, 0x5250, 0x5250, 0x62d2, 0x7354, 0x6af2, 0x5a91, 0x62d2, 
	0x5ab1, 0x5a90, 0x5ab1, 0x62d1, 0x5ab1, 0x62d1, 0x5a50, 0x9417, 0xa437, 0xa438, 0xac18, 0xac18, 0xa418, 0xa417, 0xa438, 0xa438, 
	0xa3f7, 0xac18, 0xac18, 0xa3f8, 0xac18, 0xb459, 0xb459, 0xac39, 0xac38, 0xa418, 0x9396, 0x9396, 0x9c18, 0x9c18, 0x8bb6, 0x8bb6, 
	0x93b6, 0x9c18, 0x93d7, 0x9c38, 0x9c37, 0x9c58, 0x4a0f, 0x524f, 0x41ee, 0x420e, 0x4a70, 0x5af2, 0x6333, 0x5b13, 0x3a0f, 0x39ef, 
	0x41ae, 0x6ab3, 0xa459, 0x9c18, 0x9bf7, 0xa418, 0x9bb7, 0xac39, 0x9b96, 0x9bb6, 0x9bb5, 0x9393, 0xb474, 0xcd35, 0xcd33, 0xddd4, 
	0xe615, 0xcd73, 0xbcd1, 0xbd12, 0xac90, 0x832c, 0x72ca, 0x628a, 0x6a8b, 0x5a4b, 0x5a6c, 0x520c, 0x522e, 0x49ed, 0x49ed, 0x41cd, 
	0x4a0d, 0x41ec, 0x39ed, 0x420f, 0x4a30, 0x49f0, 0x41d0, 0x49af, 0x6a92, 0x7ad2, 0x8312, 0x93b3, 0xac75, 0xb4d6, 0x93d1, 0x5a2c, 
	0x41ce, 0x41cf, 0x41cf, 0x39af, 0x39af, 0x398f, 0x398f, 0x398f, 0x396f, 0x3990, 0x41d0, 0x5212, 0x5a53, 0x5a93, 0x5a93, 0x5a93, 
	0x5a73, 0x5a74, 0x5a53, 0x5253, 0x5253, 0x4a11, 0x41d0, 0x41f1, 0x41f1, 0x41f0, 0x39b0, 0x4a11, 0x4a31, 0x41af, 0x41cf, 0x62d3, 
	0x6b13, 0x520f, 0x5a4f, 0x62b0, 0x6af1, 0x7332, 0x6af0, 0x5a8f, 0x524e, 0x524e, 0x4a0e, 0x49ef, 0x41cf, 0x41af, 0x39b0, 0x41b0, 
	0x49b1, 0x49b1, 0x51f2, 0x5a33, 0x5a33, 0x5a53, 0x5a33, 0x5a33, 0x5a33, 0x5a33, 0x5a32, 0x5a32, 0x5a33, 0x5a33, 0x5a33, 0x5a33, 
	0x5a33, 0x5a33, 0x5a33, 0x5a33, 0x5a33, 0x5a33, 0x5a33, 0x5a33, 0x5a33, 0x5a33, 0x5a33, 0x5a53, 0x5a33, 0x5a33, 0x5a33, 0x6253, 
	0x7331, 0x62af, 0x5a6f, 0x520d, 0x522e, 0x6af1, 0x7312, 0x7311, 0x62d0, 0x5a6f, 0x49cc, 0x524f, 0x5a90, 0x6af2, 0x62b2, 0x6b13, 
	0x6af1, 0x7311, 0x8393, 0x6ad0, 0x7311, 0x7b53, 0x5a70, 0x6ab2, 0x5a30, 0x5210, 0x5210, 0x5a71, 0x6ad3, 0x6ad3, 0x62b3, 0x6af4, 
	0x6ad3, 0x6ab3, 0x72f4, 0x6ab3, 0x7b55, 0x8bb6, 0x8bd6, 0x72f3, 0x6ad2, 0x6af2, 0x6ad1, 0x6ad1, 0x6af2, 0x62b1, 0x5a70, 0x62b0, 
	0x7b11, 0x72cf, 0x72cf, 0x6a8e, 0x6a6e, 0x7af0, 0x7af0, 0x72cf, 0x6a8f, 0x6a8f, 0x8312, 0x8b53, 0x7af2, 0x82f2, 0x8b34, 0x8313, 
	0x72d2, 0x7b14, 0x7b14, 0x72d3, 0x6ab4, 0x72d4, 0x72f5, 0x7315, 0x72f4, 0x7314, 0x72f4, 0x6af4, 0x72f4, 0x72f4, 0x7b15, 0x8b96, 
	0xbcf9, 0xa434, 0x93b2, 0xcd57, 0x938f, 0xac93, 0xd5b7, 0x9c10, 0xa430, 0xac51, 0xb4d4, 0x93d0, 0x834f, 0x832f, 0x8350, 0x7b10, 
	0x8bb3, 0x7310, 0x498b, 0x49cc, 0x5a0e, 0x49ad, 0x72d2, 0x9417, 0x7313, 0x72f3, 0x6af3, 0x6af3, 0x6af3, 0x6b13, 0x62f3, 0x62f3, 
	0x6af3, 0x6ad3, 0x62b2, 0x6ad3, 0x7334, 0x7b75, 0x7314, 0x5a71, 0x49ef, 0x5230, 0x5230, 0x5230, 0x5a71, 0x5ab2, 0x5ab2, 0x5ad2, 
	0x6333, 0x5ab1, 0x5ad2, 0x62d2, 0x83d5, 0xa4d9, 0x83d5, 0x62f1, 0x62b0, 0x5a90, 0x5a90, 0x7333, 0x83d5, 0x6b12, 0x5270, 0x5ab1, 
	0x524f, 0x4a2e, 0x5a90, 0x62d1, 0x62f1, 0x62f1, 0x522f, 0x9416, 0xac58, 0xac58, 0xb458, 0xb438, 0xac38, 0xac38, 0xac58, 0xac59, 
	0xb459, 0xb479, 0xb459, 0xac18, 0xac38, 0xb459, 0xb459, 0xac39, 0xac39, 0x9376, 0x6230, 0x498e, 0x51ef, 0x51ef, 0x49ae, 0x51ef, 
	0x6a71, 0xacba, 0x93f7, 0x93f7, 0xb4fb, 0x7b75, 0x4a0f, 0x4a50, 0x5291, 0x4a70, 0x3a0e, 0x422f, 0x4250, 0x4a91, 0x39ce, 0x4a50, 
	0x5230, 0x5210, 0xa49a, 0xa459, 0x9bf7, 0xa438, 0xa3f8, 0xa3d8, 0xac39, 0xa3f8, 0xa3f7, 0xa3f5, 0xbc95, 0xcd15, 0xbc91, 0xcd12, 
	0xcd53, 0xde15, 0xcd94, 0xd5b5, 0xb4b1, 0x8bae, 0x72ec, 0x72ed, 0x626c, 0x522b, 0x5a6d, 0x49ec, 0x5a4e, 0x4a0e, 0x522f, 0x522e, 
	0x4a4d, 0x420c, 0x420d, 0x4a2f, 0x4a30, 0x41f0, 0x41af, 0x416e, 0x59f0, 0x72d2, 0x7af1, 0x9393, 0xc538, 0xc557, 0x93d1, 0x6ace, 
	0x5270, 0x4a31, 0x41f0, 0x41d0, 0x41f0, 0x41f0, 0x41d0, 0x41d0, 0x41b0, 0x49d1, 0x4a12, 0x5232, 0x5a73, 0x6293, 0x62b4, 0x6ad5, 
	0x5a74, 0x6274, 0x5a53, 0x5a53, 0x5a53, 0x4a12, 0x41d1, 0x49f1, 0x4a11, 0x41f1, 0x41d0, 0x4a11, 0x5231, 0x41af, 0x41d0, 0x62d3, 
	0x6af3, 0x520f, 0x5a70, 0x6b12, 0x7b52, 0x8393, 0x7311, 0x62b0, 0x62b0, 0x522e, 0x49ee, 0x41ce, 0x39af, 0x41b0, 0x41d0, 0x3990, 
	0x41b1, 0x49b1, 0x51f2, 0x5a33, 0x5a33, 0x5a33, 0x5a33, 0x5a12, 0x5a33, 0x5a32, 0x5a32, 0x5a32, 0x5a32, 0x5a32, 0x5a32, 0x5a32, 
	0x5a32, 0x5a33, 0x5a33, 0x5a33, 0x5a33, 0x5a33, 0x5a33, 0x5a33, 0x5a33, 0x5a33, 0x5a33, 0x5a53, 0x5a33, 0x5a33, 0x5a33, 0x6253, 
	0x6ab0, 0x62b0, 0x5a4e, 0x5a4f, 0x6ab1, 0x62b1, 0x6290, 0x7332, 0x5a6f, 0x49ed, 0x49ed, 0x522f, 0x5a50, 0x6ad2, 0x7334, 0x6af3, 
	0x6af1, 0x93f4, 0x9415, 0x8bd4, 0x7332, 0x7b53, 0x6ab1, 0x6291, 0x5a30, 0x5a31, 0x51f0, 0x5210, 0x6ad3, 0x6af4, 0x6ad3, 0x6af4, 
	0x6ad3, 0x6ad3, 0x6ad3, 0x72f3, 0x7b54, 0x8395, 0x8374, 0x72f2, 0x7b33, 0x7312, 0x6ad1, 0x6af2, 0x7333, 0x6af2, 0x62b1, 0x6ad1, 
	0x72f0, 0xac75, 0xac96, 0x8b72, 0x8330, 0x8b72, 0x8351, 0x7af0, 0x6a6e, 0x8311, 0x8b73, 0x8312, 0x7ad1, 0x7ad1, 0x7a91, 0x6a50, 
	0x72b2, 0x6a92, 0x6231, 0x6252, 0x5a32, 0x5a52, 0x6ab4, 0x6293, 0x6292, 0x5a71, 0x6271, 0x6ab2, 0x6a92, 0x6272, 0x6a93, 0x72f3, 
	0xa456, 0x8351, 0x8b91, 0x9bf2, 0x8b70, 0x9bf2, 0xbcf5, 0xbcf4, 0x7aed, 0x8b6f, 0x93d1, 0x832f, 0x7aef, 0x8351, 0x8351, 0x7b30, 
	0x8351, 0x6a8d, 0x4989, 0x51cb, 0x496a, 0x622e, 0x72f1, 0x72f2, 0x6270, 0x5a30, 0x5a30, 0x6292, 0x6292, 0x5210, 0x4a10, 0x62d3, 
	0x5a51, 0x51ef, 0x5a51, 0x6ad2, 0xa499, 0xb53c, 0xacda, 0x9418, 0x83d6, 0x83b6, 0x7bb6, 0x83f7, 0x9458, 0x9c99, 0x9c99, 0x9478, 
	0x6b32, 0x6b32, 0x5a90, 0x6311, 0x7352, 0x8c36, 0x8c15, 0x6b11, 0x62d0, 0x62d0, 0x62af, 0x7b73, 0x7b73, 0x62d1, 0x6af1, 0x62b0, 
	0x526f, 0x5a8f, 0x5ab0, 0x62f1, 0x62f1, 0x524f, 0x6290, 0x93f6, 0xac58, 0xac58, 0xb459, 0xb459, 0xb458, 0xac18, 0xac38, 0xb479, 
	0xb459, 0xb459, 0xac18, 0xa3f7, 0xac18, 0xac39, 0xac39, 0xa418, 0xb47a, 0x72b2, 0x6a51, 0x6a72, 0x5a10, 0x49cf, 0x49cf, 0x51ef, 
	0x5a30, 0x72f3, 0x7b34, 0x8bf6, 0xa4ba, 0x5a91, 0x5270, 0x5250, 0x4a70, 0x4a70, 0x422f, 0x4a70, 0x4a70, 0x5af2, 0x422f, 0x4a50, 
	0x49ef, 0x5210, 0xa479, 0x9bf7, 0xa418, 0x9bd7, 0xa418, 0xa3f9, 0xa3d9, 0xa3d8, 0x8b55, 0x9394, 0x9bb3, 0xb433, 0xcd15, 0xbcb2, 
	0xbcf2, 0xbcf2, 0xd5b5, 0xcd95, 0x9c0f, 0x93f0, 0x834e, 0x8bb0, 0x7b2f, 0x5a6d, 0x520c, 0x520d, 0x49ed, 0x522e, 0x524f, 0x4a0d, 
	0x41ec, 0x4a2d, 0x4a4e, 0x420e, 0x39ce, 0x39cf, 0x41d0, 0x49cf, 0x6272, 0x6a91, 0x72b0, 0x9bd3, 0xa434, 0x93d1, 0x93f1, 0x83b1, 
	0x5a90, 0x4210, 0x41f0, 0x4a11, 0x41f0, 0x4a11, 0x49f1, 0x3990, 0x5212, 0x5232, 0x5212, 0x5a52, 0x62b4, 0x6af5, 0x6ad4, 0x6ad5, 
	0x6294, 0x6274, 0x6274, 0x6274, 0x5a53, 0x5212, 0x49f1, 0x49f1, 0x41f1, 0x49f1, 0x4a11, 0x4a11, 0x4a11, 0x41b0, 0x49f1, 0x62b3, 
	0x62b2, 0x5a70, 0x522f, 0x6290, 0x7332, 0x7332, 0x6ad0, 0x62af, 0x6290, 0x524f, 0x41ce, 0x398e, 0x39af, 0x39b0, 0x3990, 0x41b1, 
	0x41b1, 0x51d2, 0x5a13, 0x5a12, 0x5212, 0x5a12, 0x5a13, 0x5a13, 0x5a33, 0x5a33, 0x5a32, 0x5a32, 0x5a32, 0x5a32, 0x5a32, 0x5a32, 
	0x5a33, 0x5a33, 0x5a33, 0x5a33, 0x5a33, 0x5a33, 0x5a33, 0x5a33, 0x5a33, 0x5a33, 0x5a33, 0x5a33, 0x5a33, 0x5a33, 0x5a53, 0x5a53, 
	0x62af, 0x626f, 0x522e, 0x520e, 0x5a2f, 0x5a2f, 0x5a50, 0x62b1, 0x522f, 0x522e, 0x5a4f, 0x5a70, 0x5a70, 0x62b2, 0x7314, 0x7334, 
	0x7b73, 0xa496, 0xa497, 0x9435, 0x7b53, 0x7b53, 0x6ad2, 0x6ab2, 0x6292, 0x6ab2, 0x5a72, 0x5231, 0x5a72, 0x6ad3, 0x6ad3, 0x62b3, 
	0x6ad3, 0x6ad3, 0x6ad3, 0x72f3, 0x7b75, 0x8bd6, 0x8bb5, 0x7b54, 0x7312, 0x7312, 0x6ad1, 0x6ab1, 0x72f2, 0x72f2, 0x6ad1, 0x6ab1, 
	0x8352, 0xac55, 0xb4b6, 0xa434, 0x93b2, 0x8b51, 0x8310, 0x82f0, 0x8b31, 0x93b3, 0xa3f5, 0xa3d5, 0x9bd4, 0xa3d5, 0x9b94, 0x8b53, 
	0x8b95, 0x8354, 0x72d3, 0x72d4, 0x6a93, 0x6253, 0x6273, 0x5a31, 0x6292, 0x6ab2, 0x6ab1, 0x6270, 0x5a50, 0x6251, 0x6272, 0x6a71, 
	0x7af1, 0x624d, 0x72ae, 0x7b10, 0x72ae, 0x7aef, 0x9391, 0x8b70, 0x8b70, 0x6aad, 0x6a6c, 0x6a8d, 0x6a8e, 0x626e, 0x5a0c, 0x624d, 
	0x8370, 0x6a8c, 0x51ca, 0x4169, 0x5a0c, 0x6a6e, 0x8b73, 0x72f1, 0x6ab1, 0x5a2f, 0x5a30, 0x6ad3, 0x6ab2, 0x5210, 0x5a51, 0x7334, 
	0x5a71, 0x5230, 0x6ad2, 0x8375, 0xa49a, 0xa4ba, 0x9458, 0x7b75, 0x7334, 0x6b13, 0x62d2, 0x62d2, 0x62f3, 0x62f3, 0x62d2, 0x5a91, 
	0x526f, 0x528f, 0x4a0d, 0x5a8f, 0x62cf, 0x8bf4, 0x9414, 0x7330, 0x62af, 0x628e, 0x522d, 0x7331, 0x9415, 0x6b11, 0x62d0, 0x62f1, 
	0x5a8f, 0x524e, 0x524e, 0x5ab0, 0x6b12, 0x62d1, 0x6ab1, 0x93d6, 0xac58, 0xac38, 0xb438, 0xb438, 0xac18, 0xa3f7, 0xa417, 0xac38, 
	0xa3f7, 0xa418, 0xa3f7, 0xa3f7, 0xa3f7, 0xa418, 0xa3f8, 0x9bd7, 0xa3f8, 0x6a71, 0x6a92, 0x7b14, 0x72f3, 0x6ad3, 0x5a71, 0x5230, 
	0x5a30, 0x6271, 0x5a50, 0x6ad2, 0x83d6, 0x4a0f, 0x4a2f, 0x4a2f, 0x422f, 0x4a50, 0x3a0f, 0x4a50, 0x4a70, 0x52b1, 0x3a0f, 0x4a2f, 
	0x41cf, 0x520f, 0x9c18, 0x93b6, 0x9bf7, 0x93b6, 0x9397, 0x9377, 0x8b57, 0x9377, 0x8b35, 0x9375, 0x9b94, 0xac34, 0xccf5, 0xc4b3, 
	0xb491, 0xa470, 0xbd13, 0xc554, 0xac92, 0x9c11, 0x8390, 0x9412, 0x9413, 0x7330, 0x62af, 0x5a6e, 0x522d, 0x522e, 0x522e, 0x41cc, 
	0x41ec, 0x4a2c, 0x4a2e, 0x420e, 0x39ce, 0x39af, 0x41af, 0x418e, 0x498e, 0x7b13, 0x8312, 0x8331, 0xa434, 0xb4d5, 0xac93, 0x8390, 
	0x62b1, 0x4210, 0x41cf, 0x4a10, 0x41d0, 0x41d0, 0x49f1, 0x49f1, 0x5212, 0x5a33, 0x5232, 0x5a53, 0x6ad5, 0x72f5, 0x6ad4, 0x6ad5, 
	0x6a94, 0x6274, 0x6274, 0x6274, 0x5a53, 0x5232, 0x4a12, 0x4a11, 0x41f1, 0x49f1, 0x41d1, 0x49f1, 0x49f1, 0x41b0, 0x49f1, 0x5a93, 
	0x6af3, 0x62b1, 0x62b1, 0x6af1, 0x7312, 0x6ad0, 0x5a4e, 0x49ed, 0x49ed, 0x49ee, 0x41ce, 0x41ae, 0x41d0, 0x41b0, 0x3990, 0x3990, 
	0x4190, 0x49d1, 0x5a12, 0x5a33, 0x5a33, 0x5a33, 0x5a33, 0x5a33, 0x5a33, 0x5a33, 0x5a33, 0x5a33, 0x5a33, 0x5a33, 0x5a33, 0x5a33, 
	0x5a33, 0x5a33, 0x5a33, 0x5a33, 0x5a33, 0x5a33, 0x5a33, 0x5a33, 0x5a33, 0x5a33, 0x5a33, 0x5a33, 0x5a33, 0x5a33, 0x5a53, 0x6253, 
	0x7331, 0x6ad0, 0x6290, 0x5a4f, 0x520f, 0x5a50, 0x6291, 0x5a70, 0x5a4f, 0x6290, 0x6290, 0x6290, 0x62b1, 0x62b2, 0x62b2, 0x6af3, 
	0x8bd4, 0xa496, 0x9435, 0x8bd4, 0x7b33, 0x7b53, 0x6af2, 0x6ad3, 0x6ad3, 0x72f4, 0x6ad4, 0x5a72, 0x5a51, 0x6ad3, 0x7314, 0x6ab3, 
	0x6293, 0x6292, 0x6272, 0x6292, 0x6ad3, 0x7b34, 0x7313, 0x6ad1, 0x7312, 0x7b33, 0x72f2, 0x62b1, 0x72f2, 0x7b33, 0x72f2, 0x6ab1, 
	0x8331, 0x8b92, 0xa435, 0xac55, 0x93b3, 0x7af0, 0x7ad0, 0x7af0, 0x8b52, 0x9bb3, 0xa415, 0xac36, 0xa3f5, 0xa3d5, 0x9bb4, 0x9bb4, 
	0x9bf6, 0x8b95, 0x7af4, 0x7b15, 0x7b36, 0x7b16, 0x7b56, 0x7b15, 0x6ad2, 0x7312, 0x7b33, 0x7b53, 0x7b12, 0x72f3, 0x72f3, 0x7af3, 
	0x8333, 0x7b11, 0x8b72, 0x93b3, 0x8b92, 0x8b72, 0x93b3, 0x93d3, 0xbcf7, 0x8b92, 0x7b10, 0x8351, 0x8b93, 0x7b31, 0x6ad0, 0x8352, 
	0x9c13, 0x834f, 0x6a8d, 0x5a0b, 0x7aef, 0x8b93, 0xa456, 0x8b73, 0x72f2, 0x5a0f, 0x6250, 0x7b34, 0x72f3, 0x6271, 0x6ab3, 0x7b75, 
	0x7313, 0x520f, 0x6291, 0x7b75, 0x9c58, 0xa499, 0xa499, 0x8395, 0x6af2, 0x62d2, 0x5ab2, 0x5a91, 0x5a91, 0x5a91, 0x5271, 0x5250, 
	0x4a2e, 0x524d, 0x4a0c, 0x5a8e, 0x628e, 0x8bf3, 0xa495, 0x8391, 0x730f, 0x62ae, 0x5a4d, 0x7310, 0x9c96, 0x6af0, 0x524e, 0x5aaf, 
	0x5a8f, 0x4a2e, 0x522e, 0x5a8f, 0x6b11, 0x62d1, 0x6ab1, 0x93d6, 0xa417, 0xa417, 0xac38, 0xac18, 0xac18, 0xa3f7, 0xa3f8, 0xa438, 
	0x9bf7, 0x9bf7, 0x9bd7, 0x9bd7, 0x9bd7, 0x9bd7, 0x9bd7, 0x9bb6, 0x9bf7, 0x6a92, 0x6a92, 0x7314, 0x7314, 0x7334, 0x62d2, 0x5250, 
	0x520f, 0x4a0f, 0x41ad, 0x4a0f, 0x7354, 0x41ef, 0x420f, 0x422f, 0x420f, 0x422f, 0x39ee, 0x422f, 0x4a70, 0x4a50, 0x39ee, 0x420f, 
	0x49cf, 0x5210, 0x8bb6, 0x8375, 0x93b6, 0x8b76, 0x8b56, 0x8316, 0x8337, 0x8b36, 0x8335, 0x8b55, 0x9394, 0xac14, 0xc4b5, 0xbc93, 
	0x93ce, 0x834c, 0x93ce, 0xa471, 0xacb3, 0x93d1, 0x7b70, 0x93f3, 0x8bf3, 0x7310, 0x628f, 0x524e, 0x4a0c, 0x522d, 0x524e, 0x41cb, 
	0x41eb, 0x41ec, 0x41ed, 0x41cd, 0x39ce, 0x41cf, 0x41af, 0x41ae, 0x416d, 0x6a90, 0x626e, 0x8330, 0xbcf7, 0xbd37, 0x9c32, 0x7b2f, 
	0x62b1, 0x41ef, 0x39af, 0x41f0, 0x41af, 0x41af, 0x4a11, 0x5a73, 0x5232, 0x5a53, 0x5a53, 0x6294, 0x72f5, 0x72f5, 0x72d4, 0x72d5, 
	0x6a94, 0x6274, 0x6274, 0x6274, 0x5a74, 0x5233, 0x4a12, 0x4a12, 0x49f1, 0x49f1, 0x41d1, 0x49f1, 0x4a11, 0x41d0, 0x49d1, 0x5a72, 
	0x6ad2, 0x6ad2, 0x7b33, 0x7332, 0x6290, 0x5a2e, 0x520d, 0x418c, 0x49ed, 0x524f, 0x5a50, 0x5251, 0x5272, 0x4a12, 0x41b1, 0x41b1, 
	0x4190, 0x51f1, 0x5a32, 0x5a53, 0x5a53, 0x5a53, 0x5a53, 0x5a53, 0x5a53, 0x5a53, 0x5a53, 0x5a53, 0x5a53, 0x5a53, 0x5a53, 0x5a53, 
	0x5a53, 0x5a53, 0x5a53, 0x5a53, 0x5a53, 0x5a53, 0x5a53, 0x5a53, 0x5a33, 0x5a33, 0x5a53, 0x5a53, 0x5a33, 0x5a53, 0x5a53, 0x6254, 
	0x7b72, 0x72f1, 0x6ab0, 0x5a6f, 0x5a2f, 0x6ab1, 0x7312, 0x6290, 0x62b0, 0x6af1, 0x62b0, 0x6ad1, 0x7b53, 0x7354, 0x6af3, 0x7333, 
	0x8bd4, 0x8bd4, 0x7311, 0x7311, 0x7312, 0x8374, 0x7313, 0x6af3, 0x72f4, 0x72f4, 0x7314, 0x62b3, 0x5231, 0x6272, 0x6ad4, 0x6293, 
	0x72f4, 0x72f4, 0x72f4, 0x6af3, 0x7313, 0x7b34, 0x7b53, 0x7312, 0x6ad1, 0x6ad1, 0x6290, 0x5a6f, 0x6ab1, 0x6ad1, 0x6ab1, 0x6a90, 
	0x7b11, 0x7af1, 0x93b3, 0xa435, 0x8b73, 0x7af0, 0x8311, 0x8b52, 0x8b32, 0x93b4, 0xac36, 0xac56, 0xa415, 0x9bd4, 0xa3d5, 0xa416, 
	0x9c16, 0x8bb5, 0x72d3, 0x72b3, 0x72f5, 0x6ab4, 0x72d4, 0x6ab3, 0x7313, 0x6af1, 0x7b52, 0x93f4, 0x93d5, 0x7b12, 0x72f2, 0x8354, 
	0x6ab0, 0x72f1, 0x7b32, 0x8332, 0x7b11, 0x72f0, 0x7b11, 0x8372, 0x8bd3, 0x7b31, 0x7b11, 0x72d0, 0x6ab0, 0x6ad1, 0x6ad1, 0x7b32, 
	0x9c13, 0x8bb1, 0x6a6d, 0x72ae, 0x7b10, 0x93f4, 0x93d4, 0x8352, 0x72d1, 0x5a0e, 0x6a91, 0x8b74, 0x7b33, 0x72d2, 0x7b13, 0x7b13, 
	0x6ad2, 0x5a50, 0x7313, 0x7b54, 0x5a50, 0x41ae, 0x6af3, 0x6b13, 0x4a0f, 0x4a0f, 0x4a0f, 0x4a30, 0x4a30, 0x4a50, 0x5250, 0x5250, 
	0x5a6e, 0x5a8e, 0x5a8d, 0x6aef, 0x62ad, 0x93f2, 0xacb5, 0x93f2, 0x7b50, 0x6aee, 0x730f, 0x7330, 0x8bf4, 0x522d, 0x4a0c, 0x524e, 
	0x5a8f, 0x5a6f, 0x62d0, 0x62f1, 0x6af1, 0x5a90, 0x6270, 0x93f6, 0xa417, 0xa417, 0xac18, 0xabf8, 0xa3f7, 0x9bd7, 0x93b6, 0x93b6, 
	0x93b6, 0x8b95, 0x8375, 0x8355, 0x8b75, 0x9396, 0x9396, 0x8b75, 0x93d7, 0x6a71, 0x6271, 0x6ad2, 0x6ad2, 0x7314, 0x62b2, 0x4a0f, 
	0x41ce, 0x41cd, 0x398d, 0x41ee, 0x6b54, 0x4a50, 0x4a50, 0x4a70, 0x422f, 0x4230, 0x39ee, 0x420f, 0x5ad2, 0x422f, 0x420e, 0x4a30, 
	0x49ef, 0x5a51, 0x8396, 0x7b34, 0x8b75, 0x8b55, 0x8b56, 0x8336, 0x8337, 0x8316, 0x7b15, 0x8334, 0x9394, 0xac35, 0xbc95, 0xb452, 
	0x8b6d, 0x6aaa, 0x6acb, 0x7b2d, 0x9c32, 0x7b4f, 0x6ace, 0x7330, 0x6b10, 0x5a6e, 0x524d, 0x524d, 0x524d, 0x6af0, 0x7b92, 0x7b71, 
	0x6b10, 0x62cf, 0x526f, 0x4a2e, 0x41ef, 0x41ef, 0x41cf, 0x41ce, 0x51ef, 0x51cd, 0x5a0d, 0x93b3, 0xbd17, 0xa474, 0x834f, 0x730f, 
	0x526f, 0x41ef, 0x39ae, 0x41cf, 0x41cf, 0x41d0, 0x5212, 0x6273, 0x5a53, 0x6273, 0x6274, 0x6ab5, 0x7b16, 0x7af5, 0x72b4, 0x72d5, 
	0x6ab5, 0x6a94, 0x6274, 0x6274, 0x6274, 0x5a53, 0x5232, 0x5212, 0x49f1, 0x49f1, 0x49f1, 0x4a32, 0x5232, 0x49f1, 0x49f1, 0x5a52, 
	0x5a71, 0x6ab1, 0x7b53, 0x7b32, 0x522e, 0x520d, 0x626f, 0x5a4e, 0x6290, 0x6af2, 0x6af3, 0x62d2, 0x5a93, 0x4a32, 0x41d1, 0x41b1, 
	0x41b0, 0x51f1, 0x5a52, 0x6253, 0x6253, 0x6253, 0x5a53, 0x5a33, 0x5a53, 0x5a53, 0x5a53, 0x5a53, 0x5a53, 0x5a53, 0x5a53, 0x5a53, 
	0x5a53, 0x5a53, 0x5a53, 0x5a53, 0x5a53, 0x5a53, 0x5a53, 0x5a53, 0x5a33, 0x5a53, 0x5a53, 0x5a53, 0x5a53, 0x5a53, 0x6254, 0x6274, 
	0x7310, 0x62af, 0x626e, 0x5a4e, 0x5a4e, 0x6ad1, 0x7312, 0x5a6f, 0x5a6f, 0x62b0, 0x628f, 0x62b0, 0x7332, 0x7333, 0x7313, 0x7b53, 
	0x8393, 0x7b52, 0x628f, 0x6ad1, 0x7313, 0x8395, 0x7314, 0x72f4, 0x7335, 0x6ad4, 0x7314, 0x6af4, 0x5a51, 0x5210, 0x5a51, 0x5231, 
	0x5211, 0x5231, 0x5a51, 0x5a51, 0x5a30, 0x5a50, 0x6290, 0x62b1, 0x7312, 0x6af1, 0x6290, 0x6ab0, 0x72f2, 0x6ad1, 0x6ab1, 0x6ad1, 
	0x626f, 0x5a4e, 0x6ab0, 0x72d1, 0x624f, 0x622e, 0x6a90, 0x72b0, 0x72d1, 0x8312, 0x8b73, 0x9bd5, 0x9bf5, 0x9bd4, 0x9bd5, 0xa416, 
	0xa436, 0x9c17, 0x7b34, 0x7b15, 0x7b36, 0x72f5, 0x72d4, 0x72d3, 0x7b33, 0x7311, 0x7b51, 0x93f3, 0x8bd3, 0x72f1, 0x6ab0, 0x72d2, 
	0x626f, 0x72f1, 0x7b32, 0x7b32, 0x7311, 0x6ab0, 0x6ad0, 0x7b52, 0x6ad0, 0x72f1, 0x7332, 0x6ab1, 0x6270, 0x6ab1, 0x6ad1, 0x7332, 
	0x93f4, 0x8bb2, 0x6aae, 0x7b30, 0x8351, 0x8bb3, 0x8b93, 0x8352, 0x7b32, 0x6ad0, 0x8353, 0x93f5, 0x8bb4, 0x8bb4, 0x8bb4, 0x7b33, 
	0x7b53, 0x522f, 0x6291, 0x6b13, 0x520f, 0x312b, 0x49ef, 0x314c, 0x398d, 0x398d, 0x398d, 0x398d, 0x318d, 0x398d, 0x398d, 0x39ad, 
	0x62af, 0x6acf, 0x62ae, 0x72ef, 0x6aad, 0x8bb1, 0xa453, 0x93d1, 0x7b2f, 0x72ee, 0x9413, 0x7b71, 0x62cf, 0x39ab, 0x524e, 0x5a8f, 
	0x62b0, 0x62b0, 0x7352, 0x6b32, 0x62d1, 0x5a6f, 0x5a2f, 0x93f6, 0xa417, 0xa418, 0xa418, 0xa3f7, 0x9bb7, 0x9376, 0x8334, 0x72f3, 
	0x72f3, 0x6ad2, 0x6ab2, 0x72f3, 0x8354, 0x8b95, 0x8b75, 0x8355, 0x8355, 0x6250, 0x6a92, 0x72f3, 0x6af3, 0x6b13, 0x5ab1, 0x41ee, 
	0x398d, 0x39ad, 0x39ad, 0x41ee, 0x6b54, 0x4a70, 0x4a70, 0x4a71, 0x4a70, 0x4a70, 0x39ef, 0x422f, 0x6b34, 0x422f, 0x422f, 0x5250, 
	0x41af, 0x6272, 0x8376, 0x7b34, 0x8335, 0x8334, 0x7af5, 0x72f5, 0x72f5, 0x72b4, 0x72f4, 0x7b13, 0x93b4, 0xb495, 0xbcd5, 0xb4b3, 
	0x93cf, 0x7b2d, 0x628b, 0x62ac, 0x83b1, 0x730f, 0x62ae, 0x628e, 0x62cf, 0x5a6e, 0x62af, 0x6acf, 0x6b10, 0x9413, 0xb538, 0xbd58, 
	0xa496, 0x8c14, 0x7352, 0x5a90, 0x4a2f, 0x41ef, 0x41ce, 0x41ce, 0x522f, 0x51ed, 0x72d0, 0x93d3, 0x93f3, 0x8bb1, 0x7b50, 0x6ace, 
	0x4a0e, 0x4a0f, 0x41ce, 0x41ce, 0x4a10, 0x5252, 0x5a52, 0x5a53, 0x6273, 0x6a74, 0x6a94, 0x72d5, 0x7b16, 0x7af5, 0x72b4, 0x72b5, 
	0x72b5, 0x6a74, 0x6274, 0x6274, 0x6274, 0x5a53, 0x5233, 0x5212, 0x49f2, 0x4a12, 0x4a12, 0x5232, 0x5a53, 0x4a12, 0x49d1, 0x5211, 
	0x6291, 0x6270, 0x72f1, 0x72f1, 0x5a2e, 0x628f, 0x7b31, 0x7311, 0x6af1, 0x7332, 0x6b12, 0x5a71, 0x4a10, 0x41d0, 0x398f, 0x398f, 
	0x49af, 0x51f0, 0x5a52, 0x5a52, 0x5a52, 0x5a53, 0x5a53, 0x5a33, 0x5a53, 0x5a53, 0x5a53, 0x5a53, 0x5a53, 0x5a53, 0x5a53, 0x5a53, 
	0x5a33, 0x5a33, 0x5a33, 0x5a33, 0x5a33, 0x5a33, 0x5a33, 0x5a33, 0x5a33, 0x5a53, 0x5a53, 0x5a53, 0x5a33, 0x5a53, 0x6254, 0x6254, 
	0x7b50, 0x7330, 0x6aef, 0x62af, 0x62af, 0x6af1, 0x6ad0, 0x5a4e, 0x62af, 0x7310, 0x7351, 0x7331, 0x6b11, 0x6ad1, 0x6ad1, 0x7332, 
	0x6b11, 0x6b11, 0x62b0, 0x7332, 0x7333, 0x7b54, 0x6ad3, 0x6ad3, 0x7315, 0x6ad4, 0x6af4, 0x7315, 0x62b3, 0x5251, 0x5231, 0x5251, 
	0x49f0, 0x5231, 0x5a52, 0x5a51, 0x5230, 0x522f, 0x5a50, 0x6290, 0x7b53, 0x7312, 0x6ad1, 0x7312, 0x7b53, 0x7312, 0x6ad1, 0x72f2, 
	0x6ad1, 0x6ad1, 0x6ad1, 0x6ab1, 0x6270, 0x6290, 0x72d1, 0x72d1, 0x6a90, 0x624f, 0x624f, 0x72d1, 0x8332, 0x8b53, 0x8332, 0x7af1, 
	0x72b1, 0x8333, 0x72b2, 0x6a93, 0x72f5, 0x72d4, 0x6ab3, 0x6ab2, 0x7312, 0x7b51, 0x7b71, 0x7b71, 0x8351, 0x8351, 0x7af1, 0x6ab0, 
	0x5a4f, 0x6ab1, 0x72f2, 0x72f1, 0x6ad1, 0x6290, 0x6270, 0x62b0, 0x6290, 0x5a6f, 0x62b1, 0x6290, 0x5a70, 0x5a70, 0x5a4f, 0x6290, 
	0x72f0, 0x6aaf, 0x5a4d, 0x5a4d, 0x7b31, 0x6aaf, 0x72f1, 0x72f0, 0x6aaf, 0x6aaf, 0x7311, 0x7b31, 0x7b10, 0x7b31, 0x7b31, 0x6aaf, 
	0x6ad1, 0x5a70, 0x6af2, 0x7b74, 0x5a50, 0x314c, 0x5a91, 0x5250, 0x41ad, 0x39ad, 0x39ad, 0x398d, 0x318d, 0x316d, 0x316d, 0x316c, 
	0x6af0, 0x7330, 0x6ace, 0x7b2f, 0x72ee, 0x8370, 0x93d1, 0x8bb1, 0x8370, 0x7b50, 0xa495, 0x8392, 0x522d, 0x39ab, 0x62d0, 0x6b11, 
	0x62d0, 0x5a4e, 0x6af1, 0x62b0, 0x5a90, 0x524f, 0x49cd, 0x8394, 0xa417, 0xa3f7, 0xa3f8, 0xa3f8, 0x9bf7, 0x9396, 0x7b14, 0x6291, 
	0x5a50, 0x5a50, 0x6271, 0x72f3, 0x8375, 0x8bb6, 0x8b96, 0x8375, 0x8b95, 0x6271, 0x6ad2, 0x7313, 0x62d2, 0x62f3, 0x5ab1, 0x4a2f, 
	0x39cd, 0x39cd, 0x39ee, 0x39cd, 0x6333, 0x4a70, 0x4a50, 0x4a91, 0x4a91, 0x4a71, 0x420f, 0x4230, 0x7bd6, 0x422f, 0x4a2f, 0x4a50, 
	0x418e, 0x6ab3, 0x8376, 0x8355, 0x8335, 0x72d3, 0x6272, 0x5a31, 0x6273, 0x5a52, 0x6ad3, 0x7b33, 0x9c14, 0xbd17, 0xc556, 0xc534, 
	0x9c31, 0x836f, 0x628b, 0x628c, 0x732f, 0x7330, 0x7330, 0x62cf, 0x7331, 0x6af0, 0x6af0, 0x6aef, 0x6b0f, 0x8bf2, 0xacf6, 0xacf6, 
	0x9414, 0x8393, 0x62d0, 0x524f, 0x420e, 0x41ee, 0x4a0f, 0x522f, 0x6290, 0x49cd, 0x6aaf, 0x7b31, 0x72cf, 0x730f, 0x730f, 0x5a4d, 
	0x4a0d, 0x4a4f, 0x4a0f, 0x41ef, 0x5251, 0x6293, 0x6273, 0x5a53, 0x6a94, 0x6ab5, 0x72b5, 0x7af6, 0x8337, 0x7ad5, 0x7294, 0x72b5, 
	0x72b5, 0x6a95, 0x6274, 0x6a94, 0x6294, 0x5a53, 0x5212, 0x4a12, 0x49f2, 0x5232, 0x5212, 0x5232, 0x5233, 0x49f2, 0x41d1, 0x51f1, 
	0x6ad2, 0x5a4f, 0x5a4e, 0x628f, 0x628e, 0x72f0, 0x7b51, 0x7b31, 0x7331, 0x7b52, 0x6af1, 0x524f, 0x41cf, 0x41af, 0x39af, 0x41d0, 
	0x49cf, 0x5210, 0x5a51, 0x5a51, 0x5a32, 0x5a32, 0x5a53, 0x5a53, 0x5a53, 0x5a53, 0x5a53, 0x5a53, 0x5a53, 0x5a53, 0x5a53, 0x5a53, 
	0x5a53, 0x5a33, 0x5a33, 0x5a33, 0x5a33, 0x5a33, 0x5a33, 0x5a33, 0x5a33, 0x5a33, 0x5a54, 0x5a54, 0x5a33, 0x5a54, 0x6254, 0x6254, 
	0x83d1, 0x8bf2, 0x8bd2, 0x8371, 0x7b72, 0x7b51, 0x7310, 0x6af0, 0x83d3, 0x8bf3, 0x9434, 0x8c14, 0x7b72, 0x7311, 0x7311, 0x7311, 
	0x6ad0, 0x6ad0, 0x6290, 0x7333, 0x7b54, 0x7334, 0x62b2, 0x6af4, 0x6ad4, 0x6af4, 0x6af4, 0x6af4, 0x6b14, 0x62b3, 0x5a72, 0x5a72, 
	0x5252, 0x5a52, 0x5a72, 0x5a72, 0x5a71, 0x5a70, 0x5a90, 0x62b0, 0x6af1, 0x6af1, 0x62b0, 0x62b0, 0x6ad1, 0x6ab1, 0x6270, 0x5a70, 
	0x6291, 0x62b1, 0x5a91, 0x5a70, 0x6291, 0x62b2, 0x62b1, 0x6ab1, 0x6ab1, 0x6270, 0x624f, 0x6270, 0x72d1, 0x7b12, 0x72d1, 0x626f, 
	0x72d1, 0x8bb5, 0x8334, 0x72b3, 0x72f5, 0x72d4, 0x72d3, 0x6ad2, 0x6ab0, 0x7310, 0x7b50, 0x7b50, 0x8391, 0x93d3, 0x8b93, 0x72f1, 
	0x6ab0, 0x62b0, 0x62b0, 0x6290, 0x62b0, 0x6290, 0x5a70, 0x524f, 0x5a90, 0x524f, 0x5a70, 0x5a70, 0x5a70, 0x5a70, 0x522f, 0x5a4f, 
	0x62b0, 0x6ab0, 0x5a6e, 0x5a2e, 0x7311, 0x6af0, 0x7b52, 0x7331, 0x72f0, 0x7b52, 0x8bd3, 0x93d3, 0x8391, 0x8350, 0x7b30, 0x7b30, 
	0x7b73, 0x62b1, 0x5a90, 0x6af2, 0x5a70, 0x39ad, 0x5ab1, 0x41ee, 0x41ce, 0x39ad, 0x39ad, 0x398d, 0x39ad, 0x39ad, 0x318d, 0x398c, 
	0x7311, 0x7b71, 0x6ace, 0x7b2f, 0x7b0f, 0x7b0e, 0x7b0e, 0x834f, 0x8b91, 0x8391, 0x9c34, 0x7330, 0x49ec, 0x41ed, 0x5a90, 0x6b12, 
	0x62d0, 0x522e, 0x62b0, 0x524e, 0x522e, 0x4a0e, 0x418c, 0x8354, 0x9c17, 0x9bf7, 0xa3f7, 0xa3f8, 0xa3f8, 0x93b7, 0x72d3, 0x5210, 
	0x49ef, 0x49ee, 0x520f, 0x6291, 0x72f2, 0x7313, 0x7b13, 0x7b14, 0x8355, 0x5a30, 0x6291, 0x6af3, 0x62b2, 0x62d2, 0x5291, 0x4a2f, 
	0x39ee, 0x39cd, 0x420e, 0x31ad, 0x6313, 0x4a71, 0x4250, 0x4a71, 0x4a50, 0x4a50, 0x39ef, 0x4a30, 0x8437, 0x420f, 0x420f, 0x41ef, 
	0x49d0, 0x72f5, 0x7b56, 0x7b35, 0x7b14, 0x72b3, 0x5a31, 0x49cf, 0x51f0, 0x5210, 0x6af3, 0x7b53, 0x93f3, 0xb4f5, 0xbcf3, 0xb4f3, 
	0xa472, 0x8390, 0x626c, 0x62ad, 0x6aee, 0x7330, 0x7b72, 0x6b11, 0x7331, 0x62cf, 0x62af, 0x5a8d, 0x5a6c, 0x6aee, 0x8390, 0x7b4f, 
	0x6acf, 0x5a4e, 0x49ed, 0x41cd, 0x41ce, 0x41ee, 0x5250, 0x5a91, 0x62b0, 0x520d, 0x72f0, 0x7b31, 0x72cf, 0x6ace, 0x5a6d, 0x5a4d, 
	0x4a2e, 0x526f, 0x4a2f, 0x49ef, 0x5251, 0x5a52, 0x5a32, 0x6273, 0x72d5, 0x72d5, 0x7ad5, 0x8316, 0x8337, 0x7ad5, 0x7294, 0x7ab5, 
	0x72b5, 0x6a75, 0x6274, 0x6a95, 0x6a94, 0x5a53, 0x5212, 0x49f2, 0x5212, 0x5233, 0x5212, 0x49f2, 0x49f2, 0x41d1, 0x41b1, 0x51f1, 
	0x6ad2, 0x626f, 0x624e, 0x6aaf, 0x6acf, 0x6acf, 0x6acf, 0x7310, 0x7b51, 0x7b72, 0x7331, 0x5a6f, 0x522f, 0x4a0f, 0x4a10, 0x4a30, 
	0x5a51, 0x6271, 0x6292, 0x6272, 0x5a52, 0x5a52, 0x6253, 0x6253, 0x5a53, 0x5a53, 0x5a53, 0x5a53, 0x5a53, 0x5a53, 0x5a53, 0x5a53, 
	0x5a53, 0x5a54, 0x5a54, 0x5a54, 0x5a54, 0x5a54, 0x5a54, 0x5a54, 0x5a33, 0x5a33, 0x5a54, 0x5a33, 0x5a33, 0x5a33, 0x6254, 0x6254, 
	0x8390, 0x9413, 0x9433, 0x8bf3, 0x8bf4, 0x83b3, 0x7b72, 0x8bd3, 0x8bd3, 0x83b2, 0x8bf3, 0x8bf3, 0x7b51, 0x7311, 0x6af1, 0x5a6f, 
	0x6af1, 0x62b0, 0x5a4f, 0x6af2, 0x7b74, 0x8395, 0x6af3, 0x7314, 0x6ad3, 0x7335, 0x6af4, 0x62b3, 0x6af4, 0x62d3, 0x5251, 0x5231, 
	0x5251, 0x5a51, 0x5a72, 0x6292, 0x62b2, 0x6ad2, 0x6af2, 0x6af2, 0x6af1, 0x7312, 0x6ad1, 0x6290, 0x6ad1, 0x6af2, 0x6290, 0x5a50, 
	0x5250, 0x5a91, 0x5a71, 0x5a91, 0x6b13, 0x6af3, 0x62b2, 0x6ad2, 0x5a50, 0x6291, 0x6291, 0x6291, 0x6a91, 0x6ad2, 0x6ad2, 0x6ab1, 
	0x6ab1, 0x93d5, 0x8334, 0x6a92, 0x72b4, 0x72d4, 0x7b14, 0x7b34, 0x7b32, 0x7b72, 0x8bd2, 0x9c54, 0xacb6, 0xac96, 0x9c35, 0x8bb4, 
	0x7b53, 0x6ad1, 0x5a70, 0x5a4f, 0x5a70, 0x62b1, 0x5a91, 0x522f, 0x5250, 0x5a70, 0x5a91, 0x522f, 0x522f, 0x5a91, 0x5a70, 0x5a70, 
	0x522f, 0x6ad1, 0x4a0d, 0x522e, 0x5a6f, 0x7312, 0x7311, 0x7311, 0x6ad0, 0x7b72, 0x9414, 0x9434, 0x8bd3, 0x7330, 0x6ace, 0x7330, 
	0x6ad1, 0x62d1, 0x6af2, 0x7333, 0x5a70, 0x314c, 0x5a91, 0x5250, 0x41ce, 0x39ad, 0x398d, 0x39ad, 0x39ae, 0x39ae, 0x39ae, 0x398d, 
	0x6af0, 0x7b51, 0x628e, 0x6aef, 0x72ef, 0x628d, 0x5a2c, 0x6ace, 0x7b50, 0x7330, 0x7330, 0x5a6e, 0x49ed, 0x4a0e, 0x4a0e, 0x62f1, 
	0x62d1, 0x524f, 0x6af1, 0x524f, 0x4a0e, 0x49ee, 0x418d, 0x8bb6, 0xa438, 0x9c18, 0x9bf7, 0x9bd7, 0x9bd7, 0x8355, 0x6230, 0x394c, 
	0x418c, 0x398c, 0x398c, 0x41ad, 0x41ad, 0x41cd, 0x520f, 0x5a50, 0x5a70, 0x396c, 0x520f, 0x6af3, 0x6af3, 0x62f2, 0x5271, 0x41ee, 
	0x39cd, 0x31ac, 0x39ed, 0x318d, 0x5b13, 0x4a91, 0x4230, 0x4230, 0x4230, 0x420f, 0x39ce, 0x4a30, 0x8c58, 0x420e, 0x39ce, 0x398d, 
	0x5a52, 0x7b56, 0x7b35, 0x7314, 0x7b14, 0x72d3, 0x5a31, 0x51cf, 0x49af, 0x49cf, 0x72f2, 0x7b32, 0x8391, 0x9c32, 0x9c10, 0x93ef, 
	0xb4f5, 0x8bf2, 0x628d, 0x730f, 0x62ae, 0x6af0, 0x7352, 0x6b11, 0x6af0, 0x5a6e, 0x5a6e, 0x522d, 0x522c, 0x62ae, 0x6b0f, 0x628d, 
	0x628f, 0x5a2f, 0x520e, 0x49ee, 0x49ee, 0x4a0f, 0x522f, 0x5a90, 0x49ed, 0x7332, 0xa497, 0x93f4, 0x7310, 0x62ae, 0x5a6d, 0x6b10, 
	0x524f, 0x5270, 0x4a0f, 0x49ef, 0x5231, 0x5210, 0x51f1, 0x6a94, 0x72f5, 0x7af6, 0x7af6, 0x8336, 0x8b37, 0x7ad5, 0x7294, 0x7ad5, 
	0x72b5, 0x6a95, 0x6a74, 0x6a95, 0x6a95, 0x6254, 0x5212, 0x49d1, 0x5253, 0x5a53, 0x5212, 0x49d1, 0x41d1, 0x41b1, 0x41b1, 0x5211, 
	0x6ad1, 0x6ad0, 0x72f0, 0x7b31, 0x7310, 0x628e, 0x628e, 0x7b30, 0x7330, 0x7b72, 0x7311, 0x5a70, 0x522f, 0x5230, 0x4a10, 0x5210, 
	0x6af2, 0x72f3, 0x72f3, 0x62b2, 0x6272, 0x5a52, 0x6252, 0x6273, 0x5a53, 0x5a53, 0x5a53, 0x5a53, 0x5a53, 0x5a53, 0x5a53, 0x5a53, 
	0x5a33, 0x5a33, 0x5a33, 0x5a33, 0x5a33, 0x5a33, 0x5a33, 0x5a33, 0x5a33, 0x5a33, 0x5a33, 0x5a33, 0x5a33, 0x5a34, 0x5a54, 0x6254, 
	0x7b50, 0x8391, 0x83b2, 0x7b72, 0x7331, 0x7331, 0x7b32, 0x7b32, 0x72f1, 0x7b32, 0x7b52, 0x7311, 0x72f1, 0x7332, 0x7332, 0x72f1, 
	0x6af2, 0x62b1, 0x5a70, 0x62b1, 0x7333, 0x7b54, 0x7334, 0x6ad3, 0x6af3, 0x7314, 0x7334, 0x7334, 0x7314, 0x6ab2, 0x5a71, 0x5230, 
	0x5230, 0x5a51, 0x5a51, 0x6291, 0x62b2, 0x6af3, 0x7313, 0x7333, 0x7b33, 0x7333, 0x7312, 0x7312, 0x72f2, 0x6ad2, 0x6291, 0x5a70, 
	0x5a71, 0x5a51, 0x5a51, 0x5a71, 0x6292, 0x62b2, 0x62b2, 0x6272, 0x5a71, 0x5a30, 0x5230, 0x5a71, 0x6292, 0x62b2, 0x6292, 0x6292, 
	0x6ad2, 0x6291, 0x6271, 0x6292, 0x72f3, 0x7b14, 0x72f3, 0x6ab2, 0x72f2, 0x72f2, 0x7b52, 0x8bd4, 0x9c56, 0x9c56, 0x9415, 0x8393, 
	0x83d5, 0x7333, 0x5a91, 0x5230, 0x5250, 0x5a71, 0x5a71, 0x5250, 0x5250, 0x5250, 0x5250, 0x5251, 0x5251, 0x5251, 0x5251, 0x5250, 
	0x5a70, 0x62b0, 0x520e, 0x522f, 0x62b1, 0x62b1, 0x62d1, 0x6af2, 0x62b1, 0x7333, 0x83b4, 0x83b4, 0x7352, 0x6af0, 0x62d0, 0x6b11, 
	0x6b32, 0x5ab2, 0x62b2, 0x6af3, 0x5a71, 0x398d, 0x5a71, 0x4a2f, 0x39ad, 0x39ad, 0x39cd, 0x39cd, 0x39ce, 0x39ae, 0x398e, 0x398d, 
	0x5a90, 0x62b0, 0x5a8f, 0x524e, 0x5a6f, 0x5a6e, 0x520d, 0x49ed, 0x628f, 0x524e, 0x49ed, 0x41cd, 0x49ee, 0x4a2f, 0x524f, 0x524f, 
	0x62f1, 0x522f, 0x6b12, 0x5a70, 0x4a2f, 0x49ef, 0x398d, 0x83d7, 0x9c59, 0x9c38, 0x9c17, 0xa438, 0xa437, 0x8333, 0x59ed, 0x416b, 
	0x49ac, 0x41ac, 0x41cd, 0x4a2e, 0x526f, 0x526f, 0x524f, 0x4a2e, 0x4a2e, 0x49ed, 0x524f, 0x6ad2, 0x6b13, 0x62d3, 0x5271, 0x41ef, 
	0x31ad, 0x3a0e, 0x31cd, 0x318c, 0x422f, 0x52b1, 0x52b1, 0x52b1, 0x4a70, 0x5291, 0x39ce, 0x5291, 0x7395, 0x420f, 0x39ee, 0x39ad, 
	0x7314, 0x7b36, 0x7b15, 0x72f4, 0x7b35, 0x72d3, 0x5a10, 0x5a10, 0x5a10, 0x72d2, 0x624f, 0x72f0, 0x8b91, 0x834f, 0x622a, 0x730d, 
	0x9412, 0x83b1, 0x6ace, 0x5a4d, 0x62af, 0x62cf, 0x628f, 0x6b11, 0x62d0, 0x7352, 0x62d1, 0x522e, 0x522e, 0x4a0d, 0x4a0d, 0x62b0, 
	0x5250, 0x5230, 0x41ce, 0x49ef, 0x41ce, 0x49ee, 0x6290, 0x51ed, 0x626f, 0x7b52, 0xa476, 0x7331, 0x6acf, 0x6af0, 0x62cf, 0x5a8f, 
	0x5250, 0x5251, 0x5210, 0x49cf, 0x5210, 0x49d0, 0x49d0, 0x72f5, 0x72d5, 0x8357, 0x7af5, 0x8b56, 0x8336, 0x7293, 0x7ad4, 0x7ab4, 
	0x7b16, 0x6254, 0x72f6, 0x72f6, 0x6274, 0x6274, 0x5a33, 0x5a53, 0x51f2, 0x5233, 0x41b1, 0x3970, 0x49f2, 0x49f2, 0x41d1, 0x5231, 
	0x7b33, 0x7332, 0x8373, 0x7b52, 0x6aaf, 0x6acf, 0x7b51, 0x7b51, 0x6af0, 0x83b4, 0x6290, 0x51ee, 0x5a50, 0x49cf, 0x5210, 0x6ad3, 
	0x6af1, 0x7332, 0x7b33, 0x6af2, 0x6271, 0x5a51, 0x5a52, 0x6273, 0x51f1, 0x6294, 0x5212, 0x5a33, 0x6294, 0x5a33, 0x5a53, 0x5a33, 
	0x6274, 0x51d2, 0x6274, 0x6254, 0x5a54, 0x6274, 0x51f3, 0x5a33, 0x5a33, 0x5a33, 0x5a34, 0x5a54, 0x5a34, 0x5a34, 0x5a34, 0x6254, 
	0x62ae, 0x6acf, 0x6af0, 0x72f0, 0x7b32, 0x8373, 0x7b32, 0x6ab0, 0x6ab0, 0x72f1, 0x7332, 0x7b32, 0x7b32, 0x7332, 0x72f1, 0x6ab1, 
	0x62b1, 0x62b1, 0x6ad2, 0x7313, 0x7b54, 0x7333, 0x62b1, 0x5a30, 0x7313, 0x7313, 0x7313, 0x7314, 0x7313, 0x6ad3, 0x6271, 0x5a30, 
	0x5230, 0x5a51, 0x6291, 0x6ad2, 0x6af3, 0x72f3, 0x6af3, 0x6ad2, 0x7313, 0x72f3, 0x72f2, 0x6af2, 0x6ad2, 0x6ad2, 0x6ab1, 0x6291, 
	0x5a71, 0x5a71, 0x5a71, 0x5a71, 0x5a71, 0x5a71, 0x5a51, 0x5a51, 0x5a51, 0x5a31, 0x5a31, 0x6272, 0x62b3, 0x62b3, 0x6ab3, 0x6ab3, 
	0x6ab2, 0x6271, 0x5a51, 0x6271, 0x6ab3, 0x72d3, 0x6ab3, 0x6292, 0x6ad2, 0x6ab1, 0x62b1, 0x6ad1, 0x7332, 0x7b53, 0x7332, 0x6af1, 
	0x6b13, 0x62d2, 0x5a71, 0x5250, 0x5250, 0x5251, 0x5251, 0x5251, 0x5251, 0x5251, 0x5251, 0x5251, 0x5251, 0x5251, 0x5251, 0x5251, 
	0x522f, 0x6290, 0x520f, 0x520f, 0x6291, 0x5a50, 0x5a70, 0x6291, 0x5a50, 0x62b1, 0x6af2, 0x6af2, 0x62b1, 0x5a70, 0x526f, 0x5a70, 
	0x5270, 0x4a50, 0x5230, 0x5251, 0x5230, 0x418e, 0x6292, 0x5250, 0x39cd, 0x39cd, 0x39cd, 0x39cd, 0x39ce, 0x39ae, 0x418f, 0x418e, 
	0x522f, 0x5a6f, 0x524f, 0x4a2e, 0x524f, 0x522f, 0x4a0e, 0x49ee, 0x4a0e, 0x4a0e, 0x49ee, 0x41ce, 0x49ee, 0x4a0f, 0x522f, 0x524f, 
	0x5a91, 0x41ee, 0x5270, 0x49ef, 0x49ef, 0x5230, 0x41ae, 0x62b3, 0x7335, 0x7314, 0x6ad2, 0x6ad1, 0x72d1, 0x622e, 0x416a, 0x3909, 
	0x416a, 0x396a, 0x398b, 0x39ab, 0x39cc, 0x39cc, 0x31ab, 0x318b, 0x39ab, 0x398b, 0x520e, 0x62b1, 0x62d2, 0x5a71, 0x5231, 0x4a10, 
	0x31ad, 0x420e, 0x39ee, 0x39ee, 0x4a50, 0x5250, 0x4a0f, 0x4a30, 0x5250, 0x398d, 0x5250, 0x5a91, 0x8c37, 0x5270, 0x294b, 0x5a91, 
	0x72f4, 0x6ab3, 0x72d4, 0x8bb7, 0x6ab3, 0x72f4, 0x5a10, 0x6251, 0x72f2, 0x8333, 0x7b32, 0x9c35, 0xacb6, 0x7b2f, 0x6aad, 0x730e, 
	0x730f, 0x6b0f, 0x5a4d, 0x628e, 0x62af, 0x522d, 0x5a8f, 0x62b0, 0x62b0, 0x4a0e, 0x522f, 0x522f, 0x49ee, 0x4a0f, 0x49ef, 0x5a71, 
	0x5210, 0x49ef, 0x41ae, 0x41ae, 0x5a50, 0x6291, 0x5a4f, 0x6290, 0x6ab0, 0x8bb3, 0x6aaf, 0x7311, 0x8393, 0x6ad0, 0x62af, 0x522e, 
	0x5a91, 0x49f0, 0x416e, 0x49af, 0x51f1, 0x51f1, 0x5a32, 0x72b4, 0x7af5, 0x8b57, 0x9397, 0x8315, 0x8b56, 0x8315, 0x6211, 0x82f5, 
	0x6a94, 0x6ab5, 0x6253, 0x5a33, 0x6274, 0x5a33, 0x5212, 0x5212, 0x5212, 0x49d1, 0x394f, 0x312f, 0x49f2, 0x5212, 0x49d1, 0x5a32, 
	0x6af2, 0x8bb4, 0x7b52, 0x626f, 0x62af, 0x6ab0, 0x6ad0, 0x7b72, 0x8373, 0x6ab0, 0x7b33, 0x5a50, 0x498e, 0x5a31, 0x51f0, 0x5a51, 
	0x7b53, 0x7332, 0x7312, 0x6ad1, 0x5a71, 0x6ab2, 0x6ad3, 0x5a11, 0x5a32, 0x49d1, 0x6294, 0x51f2, 0x49b1, 0x6294, 0x5a33, 0x6273, 
	0x51f2, 0x6ab5, 0x5a13, 0x51f2, 0x5a33, 0x5a13, 0x6274, 0x5a33, 0x5a54, 0x6254, 0x6254, 0x5a13, 0x51f3, 0x5a13, 0x6254, 0x6274, 
	0x522d, 0x6acf, 0x7331, 0x7331, 0x7311, 0x7332, 0x7311, 0x62b0, 0x5a6f, 0x5a6f, 0x6290, 0x6af1, 0x72f2, 0x6ad1, 0x6290, 0x5a70, 
	0x5a2f, 0x5a70, 0x6ad2, 0x7313, 0x7b34, 0x7313, 0x6ab2, 0x6271, 0x72f3, 0x6af3, 0x72f3, 0x7313, 0x7313, 0x72f3, 0x62b2, 0x6271, 
	0x6292, 0x6292, 0x6292, 0x6271, 0x5a71, 0x5a51, 0x5a71, 0x5a51, 0x5a71, 0x5a50, 0x5a50, 0x5a50, 0x6250, 0x6250, 0x5a50, 0x5a50, 
	0x5230, 0x5a31, 0x5a51, 0x5a51, 0x5a31, 0x5231, 0x5231, 0x5a31, 0x5a31, 0x5231, 0x5231, 0x5a31, 0x5a31, 0x5a31, 0x5a31, 0x5a51, 
	0x5a31, 0x5a10, 0x51f0, 0x5a11, 0x5a31, 0x6251, 0x5a31, 0x5a31, 0x6251, 0x5a30, 0x520f, 0x520f, 0x5a2f, 0x5a2f, 0x5a2f, 0x520f, 
	0x5230, 0x5250, 0x5250, 0x5230, 0x5230, 0x5230, 0x5230, 0x5251, 0x5230, 0x5230, 0x5230, 0x5230, 0x5210, 0x5211, 0x5211, 0x5210, 
	0x49ef, 0x5a50, 0x49ee, 0x49ef, 0x5a30, 0x520f, 0x5210, 0x5230, 0x49ef, 0x520f, 0x520f, 0x4a0f, 0x4a0f, 0x4a0f, 0x49ee, 0x4a0e, 
	0x4a2f, 0x4a30, 0x4a30, 0x4a10, 0x49ef, 0x418e, 0x62b2, 0x4a30, 0x41ee, 0x39ee, 0x39cd, 0x39ce, 0x39ce, 0x41ae, 0x41af, 0x418e, 
	0x41ae, 0x4a0e, 0x49ee, 0x41ce, 0x49ee, 0x49ee, 0x41ce, 0x41ce, 0x41ce, 0x49ee, 0x49ef, 0x49ce, 0x41ce, 0x41ce, 0x41ce, 0x49ee, 
	0x4a0f, 0x41ad, 0x49ee, 0x41ae, 0x41ce, 0x5230, 0x49f0, 0x49cf, 0x41ae, 0x49cf, 0x49ce, 0x51ee, 0x5a2e, 0x5a2e, 0x498b, 0x414a, 
	0x394a, 0x394a, 0x314a, 0x316a, 0x316b, 0x296a, 0x294a, 0x292a, 0x398b, 0x396a, 0x4a0d, 0x6ad1, 0x6af2, 0x6292, 0x5251, 0x4a30, 
	0x41ce, 0x39ce, 0x316d, 0x314c, 0x39ae, 0x41ae, 0x41ce, 0x4a0f, 0x5a51, 0x4a0f, 0x41ae, 0x49ef, 0x8bf6, 0x41cd, 0x398d, 0x49ef, 
	0x49ae, 0x6a92, 0x416e, 0x6ab3, 0x7b14, 0x6a92, 0x5a10, 0x6251, 0x5a0f, 0x8353, 0xa436, 0x9c35, 0xbd18, 0xa434, 0x8b91, 0x8bb1, 
	0x5a4c, 0x7330, 0x6acf, 0x49cb, 0x49ec, 0x51ed, 0x41ac, 0x520e, 0x49ee, 0x522f, 0x5a50, 0x49cd, 0x49ce, 0x49ee, 0x396c, 0x418d, 
	0x418e, 0x49cf, 0x5a71, 0x49ef, 0x49ce, 0x6270, 0x5a2f, 0x6ab0, 0x72f1, 0x8352, 0x7b11, 0x7b52, 0x7311, 0x7b52, 0x522e, 0x520e, 
	0x520f, 0x418e, 0x6272, 0x49af, 0x414e, 0x5a31, 0x51f1, 0x6a73, 0x8356, 0x7294, 0x8b77, 0x9397, 0x8315, 0x7ad4, 0x6a72, 0x7294, 
	0x6a94, 0x6a74, 0x6a94, 0x7af6, 0x5a12, 0x4990, 0x6274, 0x51d1, 0x4190, 0x30cd, 0x49b1, 0x5212, 0x49b1, 0x49d1, 0x49b0, 0x51f0, 
	0x5a30, 0x6ab1, 0x7b33, 0x6ad1, 0x5a2e, 0x5a2e, 0x6290, 0x6ab0, 0x6290, 0x5a4f, 0x6a91, 0x6ab2, 0x416e, 0x390d, 0x51d0, 0x51d0, 
	0x7313, 0x6ad1, 0x72f2, 0x8375, 0x8375, 0x6ab3, 0x5a32, 0x6273, 0x51f2, 0x4170, 0x4970, 0x6253, 0x6274, 0x51f2, 0x51f2, 0x5a12, 
	0x51f2, 0x6254, 0x51d1, 0x6274, 0x72d6, 0x5a12, 0x5a12, 0x5a13, 0x5a33, 0x51f2, 0x5a13, 0x6a95, 0x6ab5, 0x5a33, 0x59f2, 0x6233, 
	0x5a8e, 0x7330, 0x8392, 0x7b51, 0x72f1, 0x7311, 0x7311, 0x6ad1, 0x6270, 0x522f, 0x522f, 0x6270, 0x62b1, 0x6270, 0x5a4f, 0x6270, 
	0x5a50, 0x6291, 0x6ad2, 0x72f3, 0x7333, 0x7b34, 0x7b54, 0x7b54, 0x7313, 0x72f3, 0x72f3, 0x72f3, 0x6af3, 0x6ad3, 0x6ab2, 0x6292, 
	0x6292, 0x6272, 0x6271, 0x5a51, 0x5a51, 0x5a51, 0x5a51, 0x6271, 0x5a50, 0x5a50, 0x5a50, 0x5a51, 0x5a51, 0x6250, 0x5a50, 0x5a30, 
	0x5a51, 0x5a51, 0x5a71, 0x5a51, 0x5a51, 0x5a51, 0x5a51, 0x5a51, 0x5a31, 0x5a51, 0x5a52, 0x5a51, 0x5a31, 0x5211, 0x5a31, 0x5a31, 
	0x5a31, 0x5a31, 0x5a31, 0x5a31, 0x5a31, 0x5a32, 0x5a32, 0x5a31, 0x5a31, 0x5a31, 0x5a31, 0x5a30, 0x5a30, 0x5a30, 0x5a30, 0x5210, 
	0x5210, 0x5230, 0x5a51, 0x5a51, 0x5a51, 0x5a51, 0x5a51, 0x5a71, 0x5a51, 0x5a51, 0x5a51, 0x5a52, 0x5a52, 0x5a52, 0x5a72, 0x5a72, 
	0x5a51, 0x6292, 0x51ef, 0x51f0, 0x5a71, 0x5a31, 0x5231, 0x5a51, 0x5a31, 0x5231, 0x5230, 0x5230, 0x5230, 0x5250, 0x5250, 0x5250, 
	0x4a30, 0x5250, 0x5251, 0x5a51, 0x5210, 0x418e, 0x62b2, 0x5a71, 0x41ee, 0x41ee, 0x39ce, 0x39ce, 0x39ce, 0x41cf, 0x41af, 0x41af, 
	0x49cf, 0x5230, 0x5230, 0x5230, 0x5230, 0x5230, 0x5210, 0x5230, 0x5230, 0x5230, 0x5a50, 0x5230, 0x5230, 0x5230, 0x5210, 0x5210, 
	0x522f, 0x522f, 0x5a50, 0x5a50, 0x5210, 0x5a51, 0x6292, 0x5210, 0x51ef, 0x5a51, 0x5a50, 0x5a2f, 0x6290, 0x6ab0, 0x626e, 0x5a2d, 
	0x49cc, 0x49cc, 0x41cc, 0x41cc, 0x39cc, 0x39cc, 0x39cc, 0x39cc, 0x39ab, 0x312a, 0x418b, 0x5a6f, 0x6ad2, 0x62b2, 0x5231, 0x41cf, 
	0x7334, 0x7313, 0x6ad2, 0x6291, 0x6292, 0x6292, 0x6a92, 0x6ab2, 0x72f3, 0x8396, 0x72f3, 0x7b14, 0x9c38, 0x7313, 0x8bb5, 0x72f3, 
	0x72f3, 0x7b34, 0x72f3, 0x7b14, 0x9c39, 0x8375, 0x7af3, 0x8334, 0x7af2, 0x8353, 0xc53a, 0xb4b8, 0xb4b7, 0xbd18, 0xa454, 0x93d3, 
	0x7b31, 0x72f0, 0x8b93, 0x72f1, 0x6ab0, 0x7b32, 0x6290, 0x72f2, 0x6ad1, 0x7313, 0x7b33, 0x7b33, 0x7313, 0x6ad2, 0x6ad2, 0x62b1, 
	0x72f3, 0x6271, 0x7b34, 0x8375, 0x72f2, 0x7b13, 0x8353, 0x8b94, 0x93d5, 0x72f1, 0x8b94, 0x93d5, 0x7b53, 0x8bb4, 0x72d1, 0x72f1, 
	0x6a91, 0x6ad3, 0x8355, 0x72f4, 0x72d3, 0x7af4, 0x72f4, 0x8356, 0x9c19, 0x8b56, 0x8315, 0xa419, 0xa3f9, 0x8b56, 0x9bb8, 0x8335, 
	0x8316, 0x72d5, 0x8336, 0x8b98, 0x72d4, 0x6a94, 0x8336, 0x6a94, 0x6a73, 0x5a32, 0x72f5, 0x72f5, 0x72d4, 0x6ab4, 0x5a32, 0x6ab4, 
	0x6ab3, 0x6271, 0x7b13, 0x8375, 0x72d2, 0x72d2, 0x7b13, 0x72d2, 0x7b13, 0x8375, 0x72d3, 0x8355, 0x7b15, 0x5a11, 0x6a93, 0x72d4, 
	0x6271, 0x6ad2, 0x6a91, 0x7b14, 0x93d7, 0x72d4, 0x59f1, 0x72b5, 0x6254, 0x6a74, 0x51b1, 0x72b5, 0x8b78, 0x6a74, 0x6a74, 0x6ab5, 
	0x7af6, 0x6253, 0x72d5, 0x7b16, 0x8337, 0x7b16, 0x6253, 0x6a94, 0x6a95, 0x6274, 0x6a94, 0x7b16, 0x8358, 0x7b16, 0x72b5, 0x6a94, 
	0x7b51, 0x7b72, 0x7b51, 0x7311, 0x7311, 0x7b52, 0x7b32, 0x72f1, 0x72f2, 0x6290, 0x5a70, 0x6ab1, 0x6ab1, 0x6290, 0x6270, 0x6291, 
	0x62b1, 0x6ad2, 0x7313, 0x7333, 0x7b34, 0x7b54, 0x7b54, 0x7b54, 0x7314, 0x7314, 0x7313, 0x6af3, 0x6ad2, 0x62b2, 0x6292, 0x62b2, 
	0x6272, 0x6ab3, 0x7314, 0x8376, 0x8396, 0x8396, 0x8376, 0x8375, 0x8355, 0x8375, 0x8375, 0x8375, 0x8375, 0x8355, 0x7b34, 0x7b34, 
	0x8376, 0x8375, 0x7b55, 0x7b35, 0x7b35, 0x7b35, 0x7314, 0x72f4, 0x72f4, 0x7b15, 0x7b35, 0x7b35, 0x7b35, 0x7b35, 0x7b56, 0x8376, 
	0x7b56, 0x8356, 0x8356, 0x8356, 0x7b36, 0x7b36, 0x7b36, 0x8356, 0x7b15, 0x7b35, 0x7b36, 0x8356, 0x7b55, 0x7b35, 0x7b35, 0x7b35, 
	0x7314, 0x7334, 0x7b34, 0x7b35, 0x7b35, 0x7b35, 0x7b35, 0x7b35, 0x7b35, 0x7b35, 0x7b55, 0x7b55, 0x7b56, 0x7b56, 0x8376, 0x8376, 
	0x7b55, 0x8355, 0x6a92, 0x6ab3, 0x7b35, 0x7b35, 0x7315, 0x7315, 0x7b36, 0x7b36, 0x7b55, 0x7b55, 0x7b55, 0x7b55, 0x7b55, 0x7b75, 
	0x7b95, 0x7375, 0x7b75, 0x7b75, 0x6292, 0x416d, 0x5a71, 0x5a71, 0x41ee, 0x41ee, 0x39ce, 0x39ce, 0x39ce, 0x41cf, 0x41af, 0x41af, 
	0x6ad4, 0x7b35, 0x7b55, 0x7b35, 0x7b35, 0x7b35, 0x7315, 0x7b55, 0x7b35, 0x7315, 0x7314, 0x7b35, 0x7b55, 0x7b55, 0x7b55, 0x7b35, 
	0x7b34, 0x7b34, 0x7b34, 0x8375, 0x7b34, 0x7314, 0x8396, 0x7b55, 0x8375, 0x8396, 0x7313, 0x5a50, 0x624f, 0x6a8f, 0x6ab0, 0x72d0, 
	0x51ec, 0x49ec, 0x49ec, 0x41cc, 0x39cc, 0x39cc, 0x39cc, 0x41cc, 0x49ec, 0x396a, 0x418b, 0x520e, 0x6290, 0x6292, 0x5a72, 0x5231, 
	0x8396, 0xa479, 0xcd9e, 0xde1f, 0xd5df, 0xd5bf, 0xcd9e, 0xcd7e, 0xa439, 0xa418, 0xc55d, 0xdddf, 0xd5be, 0xddff, 0xd5de, 0xd5ff, 
	0xcd9d, 0x8374, 0xc55c, 0xcd9d, 0xc55d, 0xcd7d, 0xcd7d, 0xd5be, 0xc55c, 0x8b54, 0xa457, 0xe61e, 0xcd7a, 0xd59b, 0xd5bb, 0xc518, 
	0xd5bb, 0x7b32, 0x93f5, 0xd5fd, 0xd5dd, 0xd5bd, 0xd5fe, 0xcdbd, 0xd5de, 0xa478, 0x93d6, 0xcdbd, 0xde1f, 0xc59d, 0xe65f, 0xd61f, 
	0xde5f, 0xacda, 0x8bb6, 0xbd1b, 0xe63f, 0xd5dd, 0xd59d, 0xddde, 0xddde, 0xbcfa, 0x93d5, 0xb4b9, 0xd5de, 0xc55c, 0xd5bd, 0xc55c, 
	0xc55c, 0xc55d, 0x93b6, 0xac9a, 0xd5bf, 0xc53d, 0xcd9f, 0xcd9f, 0xbcdc, 0xcd7f, 0x9bb8, 0x9397, 0xc53d, 0xcd3e, 0xbcfc, 0xc4fc, 
	0xbcfc, 0xcd7e, 0xac9b, 0x93b7, 0xc51d, 0xddff, 0xbd1d, 0xcd7e, 0xc55e, 0xd5df, 0xb4fc, 0x8bb7, 0xb4bb, 0xc57e, 0xac9b, 0xbd1c, 
	0xb4fc, 0xb4bb, 0x93d7, 0x8b96, 0xac9a, 0xb4db, 0xac99, 0xb4ba, 0xb4db, 0xa459, 0xa45a, 0x93b7, 0x9bf9, 0xac7b, 0x93b8, 0x9bf9, 
	0x9c18, 0xa479, 0x9bf8, 0x8355, 0x93b7, 0xa45a, 0xa45b, 0x9bd9, 0x9c1a, 0x9bfa, 0xa45c, 0x8337, 0x7b16, 0xa43b, 0xa43b, 0xa45b, 
	0xa45b, 0x93d9, 0xac7b, 0x93b8, 0x7af5, 0x9bf9, 0xa43a, 0x9bf9, 0x93d9, 0x9bfa, 0x93d9, 0x8b57, 0x8b57, 0x93d9, 0x9c1a, 0x93d9, 
	0x9414, 0x8bf4, 0x8bd3, 0x7b72, 0x7311, 0x72f1, 0x7312, 0x7312, 0x7b33, 0x72f2, 0x6ad2, 0x7313, 0x72f3, 0x62b1, 0x6270, 0x6271, 
	0x5a70, 0x62b1, 0x72f3, 0x7b34, 0x7b54, 0x7334, 0x72f3, 0x6ad2, 0x6af3, 0x6ad3, 0x6ad2, 0x6ab2, 0x6ab2, 0x6ad2, 0x6af3, 0x72f4, 
	0x6ab3, 0x72f4, 0x7b55, 0x8396, 0x8396, 0x8376, 0x8355, 0x7b55, 0x8355, 0x8376, 0x8376, 0x8376, 0x8355, 0x7b35, 0x7b34, 0x7b14, 
	0x8376, 0x7b55, 0x7b35, 0x7b35, 0x7b55, 0x7b55, 0x7b35, 0x72f4, 0x7314, 0x7b35, 0x7b56, 0x7b35, 0x7b35, 0x7b36, 0x8356, 0x8356, 
	0x8356, 0x8356, 0x8356, 0x8357, 0x8336, 0x8336, 0x8336, 0x8357, 0x8357, 0x8356, 0x8356, 0x8336, 0x7b36, 0x7b36, 0x7b36, 0x8356, 
	0x7b55, 0x7b35, 0x7b35, 0x7b35, 0x7b35, 0x7b35, 0x7b35, 0x7b15, 0x7314, 0x7314, 0x7b15, 0x7b15, 0x7b15, 0x7b35, 0x7b35, 0x7b35, 
	0x7b35, 0x7b35, 0x6252, 0x6272, 0x7b15, 0x7b15, 0x7315, 0x72f5, 0x7b16, 0x7b36, 0x7b56, 0x7b56, 0x7b36, 0x7b35, 0x7b56, 0x7b76, 
	0x7bb6, 0x7b95, 0x8396, 0x8396, 0x6ab2, 0x416d, 0x5a50, 0x5a71, 0x41ce, 0x41ce, 0x39ce, 0x39ce, 0x41cf, 0x41cf, 0x41cf, 0x41af, 
	0x6ab3, 0x7315, 0x7b15, 0x72f5, 0x7315, 0x72f5, 0x72f4, 0x7315, 0x7b15, 0x72f4, 0x72d4, 0x72d4, 0x7314, 0x7b15, 0x7314, 0x72f4, 
	0x7b14, 0x72d3, 0x6ab2, 0x7314, 0x7314, 0x72f4, 0x7b15, 0x72f4, 0x72f4, 0x7b14, 0x6ab2, 0x51ee, 0x51cd, 0x520d, 0x5a2e, 0x626e, 
	0x6ad0, 0x62af, 0x5a6f, 0x524e, 0x4a4e, 0x4a2e, 0x4a0d, 0x420d, 0x49ec, 0x41ab, 0x49ac, 0x49cd, 0x49ee, 0x5a50, 0x62d3, 0x6ad3, 
	0x394d, 0x72d3, 0xbcfc, 0xe63f, 0xe61f, 0xdddf, 0xe5ff, 0xe5ff, 0xc4fc, 0x9376, 0x9376, 0xd57e, 0xd57e, 0xcd5d, 0xcd7d, 0xd5de, 
	0xcd9d, 0x93d6, 0x8354, 0xbd1b, 0xc55c, 0xc53c, 0xd5de, 0xd5be, 0xd5be, 0xbcfa, 0x7ad2, 0xc53b, 0xf69f, 0xe63e, 0xee5e, 0xf69f, 
	0xde1e, 0xbcf9, 0x72d1, 0xb498, 0xee7f, 0xde1f, 0xee7f, 0xe65f, 0xe65f, 0xd5be, 0x8334, 0x9c17, 0xee9f, 0xee9f, 0xe67f, 0xee9f, 
	0xe67f, 0xe65f, 0x93d6, 0x93d5, 0xddfe, 0xe63f, 0xddde, 0xddde, 0xddde, 0xddff, 0xac79, 0x8b54, 0xcd5c, 0xddff, 0xe61f, 0xdddf, 
	0xde1f, 0xcd7d, 0xac9a, 0x8b75, 0xac7a, 0xd5df, 0xc53d, 0xcd7e, 0xcd7e, 0xd5bf, 0xbcfc, 0x8b56, 0xac5a, 0xddff, 0xd59f, 0xd59f, 
	0xcd7e, 0xdddf, 0xc53d, 0x8b55, 0xa439, 0xddff, 0xd5df, 0xe61f, 0xdddf, 0xddff, 0xd59e, 0xa439, 0x8b96, 0xbd1c, 0xddff, 0xbcdb, 
	0xb4dc, 0xbcdc, 0xac5a, 0x8b97, 0x9397, 0xa439, 0xb49a, 0xb49a, 0xb49a, 0xb49b, 0xbcfc, 0xa419, 0x8336, 0xa43a, 0xc51e, 0xb49c, 
	0xbcfc, 0xac9a, 0xbd1c, 0xac9b, 0x8315, 0x93b8, 0xbcfd, 0xac9c, 0xbcde, 0xac7c, 0xc53f, 0xb49c, 0x7af6, 0x93b9, 0xc51e, 0xbcdd, 
	0xbcdd, 0xbcfd, 0xb4dd, 0xb4bc, 0x8b77, 0x8357, 0xbcdd, 0xb4bc, 0xb4bc, 0xac7b, 0xa45a, 0xa43a, 0x93b8, 0x8b57, 0x93d8, 0xb4bc, 
	0x9414, 0x9435, 0x9435, 0x8bd4, 0x7331, 0x626f, 0x6290, 0x72f2, 0x7313, 0x72f3, 0x72f3, 0x7313, 0x72f3, 0x6ab2, 0x6271, 0x6271, 
	0x5a50, 0x5a70, 0x6291, 0x6af3, 0x7b34, 0x7b54, 0x7314, 0x6af3, 0x7313, 0x6ad2, 0x6291, 0x6271, 0x6ab2, 0x6ad3, 0x72f3, 0x72f4, 
	0x6292, 0x6ab3, 0x6ab3, 0x6ab3, 0x6a93, 0x6272, 0x6272, 0x6a93, 0x6292, 0x6a93, 0x6a92, 0x6a72, 0x6252, 0x6251, 0x6252, 0x6272, 
	0x6292, 0x6272, 0x6272, 0x6292, 0x6a93, 0x6a93, 0x6a93, 0x6272, 0x6272, 0x6a93, 0x6a93, 0x6272, 0x6272, 0x6273, 0x6273, 0x6252, 
	0x6a93, 0x6a73, 0x6a93, 0x6a73, 0x6a73, 0x6a73, 0x6a73, 0x6a73, 0x6a94, 0x6a94, 0x6a94, 0x6a73, 0x6273, 0x6273, 0x6273, 0x6a73, 
	0x6a93, 0x6a92, 0x6272, 0x6272, 0x6272, 0x6272, 0x6a72, 0x6272, 0x6252, 0x6252, 0x6252, 0x6252, 0x6252, 0x6252, 0x6252, 0x6252, 
	0x6272, 0x6272, 0x49af, 0x51d0, 0x6272, 0x6253, 0x6252, 0x5a52, 0x6273, 0x6273, 0x6273, 0x6273, 0x6273, 0x6272, 0x6272, 0x6292, 
	0x5231, 0x5251, 0x5a91, 0x62b2, 0x5a30, 0x416d, 0x62b1, 0x6291, 0x41ce, 0x41cf, 0x41cf, 0x41ef, 0x41ef, 0x41ef, 0x41cf, 0x49cf, 
	0x51d0, 0x5a32, 0x5a32, 0x5a11, 0x5a32, 0x5a32, 0x5a11, 0x5a31, 0x6252, 0x5a52, 0x5a31, 0x5a31, 0x5a31, 0x5a31, 0x5a11, 0x5a10, 
	0x5a30, 0x5a30, 0x5a10, 0x59f0, 0x5a31, 0x5a31, 0x5a10, 0x5a11, 0x5a10, 0x6271, 0x5a30, 0x51ce, 0x49ad, 0x49ac, 0x49cc, 0x5a0d, 
	0x626f, 0x5a2e, 0x520d, 0x41ed, 0x41ed, 0x41cc, 0x39ac, 0x398b, 0x398b, 0x418b, 0x49ac, 0x41ac, 0x418d, 0x5210, 0x6292, 0x6272, 
	0x51af, 0x5a10, 0x8b76, 0xbcfc, 0xc51d, 0xbcdc, 0xc51d, 0xcd3e, 0xedff, 0xc4dc, 0x82f4, 0xb47a, 0xd57e, 0xc4fc, 0xddbe, 0xd59e, 
	0xee7f, 0xee9f, 0x93b5, 0xa437, 0xd5bd, 0xcd7d, 0xddff, 0xd59d, 0xddde, 0xfebf, 0xa3f7, 0x9374, 0xddbd, 0xe61e, 0xdddd, 0xee5f, 
	0xee3f, 0xfedf, 0xa417, 0x8313, 0xc53c, 0xe61f, 0xe63f, 0xee3f, 0xe61f, 0xf6bf, 0xb4da, 0x8334, 0xc51b, 0xee5f, 0xddde, 0xe63f, 
	0xddfe, 0xfeff, 0xd5bd, 0x9bd6, 0xa437, 0xd59d, 0xe61f, 0xd5bd, 0xd59d, 0xddde, 0xddbe, 0x9376, 0x9396, 0xd59e, 0xd5be, 0xddbf, 
	0xe5ff, 0xd59d, 0xee7f, 0x9bf7, 0x8334, 0xcd5d, 0xbcdc, 0xcd3d, 0xcd7e, 0xbcdc, 0xd57e, 0xac59, 0x8335, 0xb4bb, 0xd59f, 0xc53d, 
	0xd59e, 0xcd5d, 0xd5be, 0xbcba, 0x8b55, 0xa438, 0xd5be, 0xdddf, 0xdddf, 0xd5be, 0xe63f, 0xddff, 0x9bd7, 0x9bd7, 0xdddf, 0xc51c, 
	0xbcdc, 0xb4bc, 0xc53e, 0xbcdc, 0x9397, 0x9397, 0xb49a, 0xb4bb, 0xa439, 0xc4fc, 0xbcdc, 0xbcdc, 0x93b8, 0x8b36, 0xbcfd, 0xc51e, 
	0xcd5e, 0xbcdb, 0xcd7e, 0xdddf, 0xac5a, 0x8b57, 0xa41a, 0xc4fe, 0xb4bd, 0xb49c, 0xac7c, 0xcd3f, 0xa43a, 0x7ad5, 0xa41a, 0xac7b, 
	0xb4bc, 0xb4bc, 0xac5b, 0xc4fd, 0xac5b, 0x82f5, 0x9398, 0xac7b, 0xb4bc, 0xa419, 0xa419, 0xb4bc, 0xac5a, 0x8336, 0x8336, 0xa419, 
	0x8bd3, 0x8393, 0x8393, 0x83b4, 0x7b53, 0x62b0, 0x5a4f, 0x6270, 0x6ad2, 0x6ad2, 0x6ad3, 0x6ad2, 0x6ab2, 0x6ab2, 0x6292, 0x6292, 
	0x6ad2, 0x62b2, 0x6291, 0x6ab2, 0x7313, 0x8375, 0x8395, 0x8395, 0x8396, 0x7314, 0x6292, 0x6271, 0x6292, 0x6ab2, 0x6292, 0x5a71, 
	0x6252, 0x6a93, 0x72f4, 0x7b35, 0x7b35, 0x7b35, 0x7b35, 0x7b35, 0x7b35, 0x7b15, 0x7b15, 0x7af4, 0x72d4, 0x72f4, 0x7b15, 0x7b35, 
	0x7b14, 0x7b15, 0x7b15, 0x7b15, 0x72f4, 0x72f4, 0x72f4, 0x72f4, 0x72f4, 0x7315, 0x72f5, 0x72f5, 0x72f5, 0x7b15, 0x7b15, 0x7af5, 
	0x7b15, 0x7b15, 0x7b15, 0x7b15, 0x7b15, 0x7b15, 0x7b15, 0x7af5, 0x72f5, 0x72f5, 0x7af5, 0x7af5, 0x7b16, 0x7af5, 0x72d5, 0x72d4, 
	0x72f4, 0x72f4, 0x72f4, 0x72f4, 0x72f4, 0x72f4, 0x7af5, 0x7b15, 0x7b15, 0x7b15, 0x7af5, 0x7af5, 0x7af4, 0x72f4, 0x72f4, 0x72f4, 
	0x72f4, 0x7b14, 0x6272, 0x6272, 0x72f5, 0x72f4, 0x72d4, 0x72d4, 0x7315, 0x72f5, 0x72d4, 0x6ad4, 0x72f4, 0x72f5, 0x72f4, 0x6af4, 
	0x6b14, 0x6b14, 0x6b13, 0x6ad2, 0x5a50, 0x49ae, 0x6ab2, 0x5a50, 0x41cf, 0x41cf, 0x41cf, 0x41f0, 0x41f0, 0x41f0, 0x49f0, 0x49cf, 
	0x6273, 0x6ab4, 0x6ab4, 0x6ab4, 0x72d4, 0x72f4, 0x72d4, 0x72d4, 0x6ab3, 0x72d4, 0x72d4, 0x72d4, 0x72d3, 0x72d3, 0x72d4, 0x72f4, 
	0x6a92, 0x7b14, 0x8334, 0x72b3, 0x72d3, 0x72f4, 0x6a92, 0x72f4, 0x72d3, 0x72d3, 0x6a91, 0x51ee, 0x49ad, 0x418c, 0x49ac, 0x5a2e, 
	0x6a90, 0x626f, 0x522e, 0x522e, 0x524f, 0x524f, 0x4a2e, 0x4a0d, 0x41cc, 0x49ed, 0x5a2e, 0x5a2f, 0x5a50, 0x6ab2, 0x6ad3, 0x5a31, 
	0x6272, 0x494e, 0x59f0, 0x9bb8, 0xb49b, 0xbc9c, 0xc4dd, 0xcd1e, 0xcd1d, 0xcd1d, 0xb43a, 0x8b35, 0xbcbb, 0xd57e, 0xd57d, 0xddde, 
	0xe63f, 0xe63e, 0xe61e, 0x8312, 0xac78, 0xe61f, 0xe63f, 0xee3f, 0xf67f, 0xee3f, 0xe61f, 0x8b54, 0x9bd6, 0xddde, 0xe5fe, 0xddde, 
	0xe61f, 0xdd9e, 0xddbe, 0x9376, 0x8b34, 0xd59e, 0xdddf, 0xddbf, 0xddbf, 0xcd5d, 0xee7f, 0xac59, 0x7ad2, 0xc53b, 0xe63f, 0xddde, 
	0xe61f, 0xd5bd, 0xf69f, 0xc51a, 0x8313, 0xb499, 0xe5ff, 0xd59d, 0xddbe, 0xc4fb, 0xc4fc, 0xd55d, 0x8b35, 0xa3f8, 0xe5ff, 0xd57e, 
	0xd59e, 0xd59d, 0xddde, 0xdddf, 0x9bd7, 0x8b75, 0xcd5d, 0xbcdc, 0xc51d, 0xcd3d, 0xd59e, 0xd59e, 0x9bd7, 0x8b55, 0xc51c, 0xcd5d, 
	0xcd5d, 0xc4fb, 0xcd3c, 0xddde, 0xac58, 0x8b54, 0xbcda, 0xddde, 0xddde, 0xee3f, 0xd57d, 0xee3f, 0xd57d, 0x8b34, 0xa438, 0xdddf, 
	0xc51d, 0xbcbc, 0xb47b, 0xbcbc, 0xb47a, 0x8b76, 0x9397, 0xc51c, 0xc51c, 0xbcdc, 0xbcdc, 0xbcdc, 0xc4fd, 0x93b8, 0x82f5, 0xc53e, 
	0xcd3d, 0xcd5e, 0xbcdc, 0xc51d, 0xd57f, 0xa419, 0x8b36, 0xb47b, 0xbcbc, 0xc4fd, 0xb49c, 0xb47b, 0xc53e, 0x9bd9, 0x7293, 0xb47b, 
	0xbcbc, 0xb49b, 0xb47b, 0xac5a, 0xbcbc, 0xa3f9, 0x7ab4, 0xa3f9, 0xb47a, 0xac7a, 0xac5a, 0xac39, 0xac5a, 0xac39, 0x93b7, 0x8315, 
	0x7331, 0x7331, 0x7331, 0x7332, 0x6af1, 0x6290, 0x5a70, 0x6270, 0x7313, 0x72f3, 0x6ad2, 0x62b2, 0x6291, 0x6292, 0x62b2, 0x6ad2, 
	0x62b2, 0x6ab2, 0x6ad2, 0x72f3, 0x7313, 0x72f3, 0x6ad3, 0x6ad2, 0x6271, 0x6291, 0x6292, 0x6ab2, 0x6ab2, 0x6292, 0x6271, 0x5a51, 
	0x5a31, 0x6272, 0x72f4, 0x7b35, 0x7b56, 0x7b36, 0x8356, 0x8356, 0x7b35, 0x8356, 0x7b36, 0x72f5, 0x7af5, 0x8336, 0x8356, 0x7b35, 
	0x7b35, 0x7b15, 0x7b15, 0x7b35, 0x7b15, 0x72f4, 0x72f4, 0x7b35, 0x7b35, 0x7b15, 0x7b35, 0x7b35, 0x7b35, 0x7b36, 0x7b15, 0x7b15, 
	0x7b35, 0x7b35, 0x7b35, 0x7b35, 0x7b35, 0x7b35, 0x7b35, 0x7b35, 0x7b35, 0x7b36, 0x7b36, 0x7b36, 0x7b16, 0x7b15, 0x7b15, 0x7b15, 
	0x7b15, 0x7b15, 0x7b15, 0x7b15, 0x7b15, 0x7b35, 0x7b35, 0x8336, 0x7b35, 0x7b35, 0x7b35, 0x7b35, 0x7b35, 0x7b15, 0x7b15, 0x7b15, 
	0x8375, 0x8375, 0x6292, 0x6272, 0x7b14, 0x7b15, 0x7b15, 0x7b15, 0x7b56, 0x7b36, 0x7b35, 0x7b35, 0x7b35, 0x7b35, 0x7b35, 0x7b55, 
	0x7335, 0x7335, 0x7b55, 0x7b34, 0x6270, 0x414c, 0x6250, 0x6271, 0x49cf, 0x41cf, 0x41cf, 0x41d0, 0x41f0, 0x41f0, 0x41cf, 0x41cf, 
	0x6ab3, 0x72f5, 0x7b15, 0x7315, 0x7b35, 0x7b35, 0x7b35, 0x7b55, 0x7b35, 0x7b14, 0x72f4, 0x7b14, 0x7b34, 0x7b14, 0x7b34, 0x8355, 
	0x8335, 0x8335, 0x7b14, 0x72d3, 0x7af4, 0x8335, 0x8335, 0x7af4, 0x7af4, 0x7b14, 0x7b13, 0x520e, 0x49ad, 0x49ac, 0x416b, 0x628f, 
	0x7b32, 0x6270, 0x522e, 0x524f, 0x526f, 0x524f, 0x4a2e, 0x49ed, 0x5a8f, 0x5a4e, 0x6290, 0x5a2e, 0x5a50, 0x6ab2, 0x5231, 0x5211, 
	0x51f0, 0x51d0, 0x496e, 0x6232, 0xa43a, 0xc4fd, 0xb47b, 0xb47b, 0xc4dd, 0xbcbc, 0xc4fd, 0xa3d8, 0x9396, 0xc4fc, 0xd57d, 0xd57d, 
	0xddfe, 0xddfe, 0xee9f, 0xc51a, 0x7af2, 0xcd7c, 0xddbe, 0xddff, 0xdddf, 0xd57d, 0xd59e, 0xb49a, 0x8313, 0xb49a, 0xd57d, 0xdd9e, 
	0xddbf, 0xc4db, 0xdd9e, 0xc4db, 0x8b35, 0x9bb7, 0xc51c, 0xd59e, 0xddbf, 0xcd5d, 0xdddf, 0xddbf, 0x9bb6, 0x9395, 0xddde, 0xddbe, 
	0xdddd, 0xddfe, 0xee5f, 0xddfe, 0xb479, 0x8b33, 0xc4fb, 0xd59e, 0xd57d, 0xcd1c, 0xcd1d, 0xd55d, 0xbc9b, 0x8b15, 0xbc7b, 0xddbf, 
	0xd59d, 0xe5ff, 0xd57d, 0xddde, 0xd57d, 0x8b34, 0xac39, 0xcd3d, 0xbcdc, 0xc51d, 0xc51c, 0xc53d, 0xc4fc, 0x8335, 0x9bf8, 0xc53c, 
	0xcd5c, 0xd57d, 0xcd5c, 0xddbe, 0xd5bd, 0xa3f7, 0x9375, 0xcd3c, 0xe5ff, 0xddde, 0xe61f, 0xd59d, 0xee3f, 0xc51b, 0x82f3, 0xbcba, 
	0xd55e, 0xcd1d, 0xbcdc, 0xbcbc, 0xcd5e, 0xac39, 0x7ad3, 0xac59, 0xd59e, 0xc4dc, 0xcd5d, 0xcd3d, 0xc51d, 0xc4dc, 0x9bb8, 0x8b56, 
	0xcd5e, 0xc51d, 0xcd3d, 0xc4fc, 0xcd7e, 0xcd3e, 0x9397, 0x8b36, 0xc51d, 0xbcdc, 0xcd3e, 0xbcfc, 0xc4fd, 0xc51d, 0x9bb7, 0x7ab4, 
	0xbcdc, 0xac7a, 0xbcdc, 0xb49b, 0xb49b, 0xbcdc, 0x9bb7, 0x7ad4, 0xac3a, 0xb49b, 0xbcdc, 0xbcdc, 0xb49b, 0xbcdb, 0xb47a, 0x8315, 
	0x7b52, 0x7b52, 0x7b53, 0x7b53, 0x7333, 0x7312, 0x7313, 0x7333, 0x6ab2, 0x6291, 0x5a51, 0x5a50, 0x5a51, 0x6292, 0x62b2, 0x6ad2, 
	0x6af3, 0x6ad2, 0x6ad2, 0x6ab2, 0x6ab2, 0x62b2, 0x62b2, 0x6292, 0x7334, 0x72f3, 0x6ad3, 0x6ab2, 0x6292, 0x6292, 0x6292, 0x6292, 
	0x5a31, 0x6293, 0x7315, 0x7b56, 0x8356, 0x7b35, 0x7315, 0x72f4, 0x8356, 0x7b35, 0x7315, 0x7b15, 0x7b35, 0x7b36, 0x7b36, 0x7b35, 
	0x8356, 0x7b35, 0x7b35, 0x7b35, 0x7b35, 0x7b15, 0x7b35, 0x8356, 0x7b35, 0x7b35, 0x7b35, 0x7b36, 0x7b36, 0x7b36, 0x7b36, 0x7b36, 
	0x7b35, 0x7b35, 0x7b35, 0x7b35, 0x7b35, 0x7b35, 0x7b35, 0x7b35, 0x7b15, 0x7b15, 0x7b15, 0x7b35, 0x7b35, 0x7b15, 0x7b15, 0x7b15, 
	0x7b15, 0x7b15, 0x7b15, 0x7b15, 0x7b15, 0x7b15, 0x7b35, 0x7b35, 0x7b36, 0x7b36, 0x7b36, 0x7b35, 0x7b35, 0x7b35, 0x7b35, 0x7b35, 
	0x8355, 0x7b34, 0x6251, 0x6271, 0x7b34, 0x7b35, 0x7b35, 0x7315, 0x7b35, 0x7b35, 0x7315, 0x7315, 0x7315, 0x7315, 0x7b35, 0x7b35, 
	0x7355, 0x7314, 0x7334, 0x7b34, 0x72f2, 0x59ee, 0x5a2f, 0x418d, 0x49cf, 0x41af, 0x41b0, 0x41d0, 0x41d0, 0x41cf, 0x41cf, 0x41af, 
	0x6292, 0x72f4, 0x72f4, 0x72f4, 0x7314, 0x7314, 0x7314, 0x7b34, 0x7b34, 0x7314, 0x72f3, 0x7314, 0x7314, 0x72f3, 0x7314, 0x7b34, 
	0x72d3, 0x7b14, 0x7b14, 0x7af4, 0x72d3, 0x7af4, 0x7af4, 0x7af4, 0x7af4, 0x7af3, 0x7af3, 0x5a0f, 0x51cd, 0x51ed, 0x49ac, 0x6ab0, 
	0x8353, 0x6290, 0x522f, 0x522f, 0x4a2f, 0x4a2f, 0x4a2f, 0x4a0e, 0x524e, 0x522e, 0x5a4f, 0x520e, 0x520f, 0x6292, 0x5210, 0x49d0, 
	0x498f, 0x51d0, 0x51d0, 0x51d0, 0x7af5, 0xac5b, 0xbcbc, 0xac5b, 0xbcbc, 0xb47b, 0xbcdc, 0xc51d, 0x9396, 0x9396, 0xd5bf, 0xd5be, 
	0xe5fe, 0xe61e, 0xddbd, 0xee5f, 0xac78, 0x8333, 0xd5be, 0xd59d, 0xcd5d, 0xcd3d, 0xc51c, 0xc4fb, 0xa418, 0x8314, 0xc4fc, 0xcd3d, 
	0xc4fc, 0xd55e, 0xc4dc, 0xd55d, 0xb47a, 0x82f4, 0xac19, 0xcd3e, 0xc4fc, 0xc51d, 0xcd3d, 0xd57d, 0xddbe, 0x9bb6, 0x82f3, 0xee5f, 
	0xddbd, 0xe5fe, 0xe61e, 0xddfe, 0xddde, 0xac58, 0x8b34, 0xd59e, 0xd57e, 0xddbf, 0xd55e, 0xc4fc, 0xd55e, 0xb43a, 0x8b15, 0xccfc, 
	0xdddf, 0xd55c, 0xddde, 0xd57d, 0xcd5d, 0xcd1c, 0x7ad3, 0xb47a, 0xcd3d, 0xc51c, 0xc51c, 0xc53c, 0xc53d, 0xc51c, 0x8334, 0xa3f7, 
	0xddde, 0xd57c, 0xddbe, 0xd59d, 0xe5ff, 0xcd7c, 0x9375, 0x9bb5, 0xddde, 0xe61f, 0xd59d, 0xe5ff, 0xe61f, 0xd57d, 0xc4fa, 0x8314, 
	0xcd1c, 0xd55e, 0xc51d, 0xcd3d, 0xc51c, 0xc51c, 0xbcdb, 0x7ad3, 0xac39, 0xdddf, 0xcd5d, 0xc4fc, 0xd57e, 0xcd1d, 0xb47a, 0x8b56, 
	0x9bb7, 0xd57e, 0xc53d, 0xc4fc, 0xcd5e, 0xc51d, 0xb49b, 0x9397, 0x9397, 0xcd3e, 0xc4fc, 0xc4fd, 0xcd5e, 0xc51d, 0xbcdc, 0x9bb7, 
	0x82f5, 0xc4fd, 0xbcdc, 0xbcdc, 0xbcdc, 0xbcbc, 0xc4fc, 0x9bb7, 0x82f4, 0xb47a, 0xc4fc, 0xc4fc, 0xc51c, 0xcd3d, 0xc51c, 0xac7a, 
	0x7332, 0x7312, 0x7312, 0x7312, 0x6af2, 0x6af2, 0x72f3, 0x7334, 0x7334, 0x6ad3, 0x6292, 0x6271, 0x6292, 0x6ab2, 0x6ad2, 0x6ad2, 
	0x62b2, 0x6ab2, 0x6ad3, 0x7313, 0x7b55, 0x8396, 0x8bd6, 0x8bd7, 0x7b34, 0x7314, 0x6ab2, 0x6272, 0x5a51, 0x5a51, 0x5a51, 0x5a51, 
	0x5a72, 0x6ad3, 0x7b56, 0x8bd8, 0x9418, 0x9419, 0x9419, 0x9c19, 0x9c39, 0x8bd8, 0x8bb7, 0x93f8, 0x9c19, 0x93f9, 0x93d8, 0x93f9, 
	0x93f8, 0x9418, 0x93f8, 0x93d8, 0x8bd8, 0x93f8, 0x93f9, 0x9419, 0x93f8, 0x93f9, 0x93f9, 0x93f9, 0x93f9, 0x93f9, 0x93f9, 0x93f9, 
	0x93f8, 0x93f8, 0x93f8, 0x93f8, 0x93f8, 0x93f8, 0x93f8, 0x93f8, 0x93f8, 0x93f8, 0x93f8, 0x93f8, 0x93f9, 0x93f9, 0x93f9, 0x93f9, 
	0x93f9, 0x93f9, 0x93d9, 0x93d9, 0x93d8, 0x93d8, 0x93f9, 0x93f9, 0x93f9, 0x93f8, 0x93f8, 0x93f8, 0x93f8, 0x93f8, 0x93f8, 0x93f8, 
	0x93f7, 0x8bd6, 0x72f3, 0x7b34, 0x93f7, 0x93f8, 0x93f8, 0x8bd7, 0x8bd8, 0x8bd8, 0x8bd7, 0x8bd7, 0x8bd7, 0x8bf8, 0x93f8, 0x93f8, 
	0x8bf8, 0x83b7, 0x8396, 0x8375, 0x8b95, 0x7b12, 0x72f2, 0x51ce, 0x49cf, 0x41d0, 0x41b0, 0x41b0, 0x39b0, 0x41af, 0x39af, 0x41ae, 
	0x7b76, 0x8bd7, 0x8bd7, 0x8bb7, 0x8bd7, 0x8bd7, 0x8bd7, 0x8bf7, 0x8bd7, 0x8bd7, 0x8bd6, 0x8bd7, 0x8bd6, 0x8bb6, 0x83b6, 0x8bb6, 
	0x8b96, 0x8355, 0x72d3, 0x72b3, 0x7af4, 0x8355, 0x8315, 0x72b3, 0x72d3, 0x72d3, 0x72d3, 0x5a0f, 0x51ee, 0x520e, 0x49cd, 0x6ab0, 
	0x8374, 0x6291, 0x520f, 0x4a0f, 0x4a0e, 0x4a2f, 0x4a2f, 0x4a2e, 0x522e, 0x520e, 0x522e, 0x51ee, 0x520f, 0x5a31, 0x49d0, 0x41af, 
	0x41af, 0x49d0, 0x5211, 0x49b0, 0x51d1, 0x8356, 0xac9c, 0xb49c, 0xac3a, 0xb4bc, 0xbcbc, 0xcd5e, 0xac7a, 0x8b55, 0xac7a, 0xd5be, 
	0xd5bd, 0xdddd, 0xcd7c, 0xddfe, 0xddde, 0x9395, 0x9395, 0xcd5d, 0xdddf, 0xbcdb, 0xc51c, 0xc4fc, 0xbcdb, 0x8b55, 0x9376, 0xb49a, 
	0xc4fc, 0xbcbc, 0xc4dc, 0xcd1d, 0xc4fd, 0x9bb8, 0x8b35, 0xb45a, 0xc4fc, 0xc51d, 0xc4fc, 0xc51c, 0xe61f, 0xc4fb, 0x8314, 0xac58, 
	0xe5fe, 0xddde, 0xd5bd, 0xe61f, 0xe63f, 0xddbe, 0x9396, 0x9bd7, 0xcd7e, 0xd57e, 0xcd3d, 0xcd1d, 0xcd3d, 0xd55e, 0x9b77, 0x9356, 
	0xc4fb, 0xddbe, 0xd57d, 0xcd5d, 0xddbe, 0xddbf, 0x9bb7, 0x9396, 0xb47a, 0xd57e, 0xc51c, 0xcd5d, 0xd59e, 0xd5be, 0xa438, 0x8314, 
	0xb479, 0xd5bd, 0xd59d, 0xddde, 0xe5ff, 0xddde, 0xcd5c, 0x8313, 0x9bd6, 0xe5ff, 0xddde, 0xe5ff, 0xe5ff, 0xddde, 0xe5de, 0x9bb6, 
	0x9376, 0xcd5d, 0xddbf, 0xd57e, 0xcd3d, 0xdd9e, 0xd59e, 0x9bd7, 0x8314, 0xcd3d, 0xd57e, 0xcd5d, 0xd59e, 0xd59e, 0xd55e, 0xac59, 
	0x8314, 0xb49a, 0xc51c, 0xcd3d, 0xc4fc, 0xc51d, 0xcd5e, 0xac5a, 0x82f5, 0xa3f8, 0xc4fc, 0xc4fc, 0xc4fc, 0xcd5e, 0xc51d, 0xbcdc, 
	0x7ad4, 0x9bb8, 0xc4fd, 0xc4fd, 0xbcbc, 0xcd3d, 0xcd3e, 0xc4fc, 0x9376, 0x8315, 0xbcdc, 0xcd5e, 0xc4fc, 0xcd5d, 0xc51c, 0xc51c, 
	0x6af1, 0x6ad1, 0x6ad1, 0x6ad2, 0x6ad2, 0x6ad2, 0x6af3, 0x7314, 0x62b2, 0x6272, 0x5a51, 0x5a51, 0x5a71, 0x6292, 0x62b2, 0x62b2, 
	0x5a71, 0x6271, 0x6292, 0x6ad2, 0x6ad3, 0x6ad3, 0x6ad3, 0x6ab2, 0x7314, 0x7314, 0x7334, 0x7b55, 0x8375, 0x8396, 0x8bb6, 0x83b7, 
	0x83b7, 0x83b7, 0x83b7, 0x8396, 0x7b55, 0x7314, 0x72f4, 0x72f4, 0x72f4, 0x6ab4, 0x6ab3, 0x72d4, 0x7315, 0x72f5, 0x72d4, 0x72f4, 
	0x6ad4, 0x72f4, 0x72f4, 0x6ab3, 0x6ab3, 0x72d4, 0x72f4, 0x72d4, 0x72f4, 0x72f4, 0x72f4, 0x72d4, 0x72d4, 0x6ad4, 0x6ad4, 0x6ab4, 
	0x6ad4, 0x6ad4, 0x6ad4, 0x6ad4, 0x6ad4, 0x6ad4, 0x6ad3, 0x6ad3, 0x6af4, 0x6af4, 0x72f4, 0x72f4, 0x72f4, 0x72f4, 0x72f5, 0x72f5, 
	0x72f5, 0x72d5, 0x6ad4, 0x6ad4, 0x6ad4, 0x6ad4, 0x6ad4, 0x6ad4, 0x6ad4, 0x6ad4, 0x6ad4, 0x6ad4, 0x6ad4, 0x6ad4, 0x6ad4, 0x6ad3, 
	0x6ab2, 0x6ad2, 0x520f, 0x5a30, 0x72f3, 0x72f3, 0x6ad3, 0x6ad3, 0x6ad3, 0x6ad3, 0x6ad3, 0x6ad3, 0x6ad3, 0x6ad3, 0x6ad3, 0x6ad3, 
	0x6ad4, 0x6ad4, 0x72f3, 0x6ab1, 0x8353, 0x8b94, 0x93d6, 0x8334, 0x6a93, 0x6293, 0x5a73, 0x5a73, 0x5273, 0x5272, 0x5251, 0x5251, 
	0x5a92, 0x6ad3, 0x6ad3, 0x62b2, 0x6ad3, 0x6ad3, 0x62b2, 0x6ad3, 0x62b2, 0x62b2, 0x62b2, 0x62b2, 0x62b2, 0x62b2, 0x6292, 0x6292, 
	0x7b35, 0x8b96, 0x8bb7, 0x8356, 0x7af4, 0x72d4, 0x7af4, 0x7b14, 0x72d3, 0x72d3, 0x72d2, 0x59ef, 0x51ee, 0x5a2e, 0x49cd, 0x62b0, 
	0x8374, 0x6291, 0x520f, 0x49ee, 0x41ee, 0x4a2f, 0x4a2f, 0x4a0e, 0x4a2e, 0x520e, 0x522f, 0x520f, 0x5210, 0x5210, 0x49f0, 0x41d0, 
	0x49f1, 0x49d0, 0x5211, 0x5211, 0x51d1, 0x6232, 0x8b77, 0xb49c, 0xac5b, 0xb49b, 0xbcfd, 0xbcfc, 0xcd5e, 0xac7a, 0x8355, 0xb4ba, 
	0xd59d, 0xd5bd, 0xd59d, 0xc53b, 0xddde, 0xddbe, 0x7ad3, 0xac59, 0xe61f, 0xcd5d, 0xc51c, 0xc51c, 0xc51d, 0xbcdc, 0x8314, 0x9bb7, 
	0xc4fd, 0xac5a, 0xc4fc, 0xbcbc, 0xbc9b, 0xc4fd, 0x9bd8, 0x8b36, 0xb49b, 0xcd3e, 0xc4fc, 0xc51c, 0xcd5d, 0xdddf, 0xcd3d, 0x72b2, 
	0xbcfa, 0xddff, 0xd5bd, 0xddde, 0xdddf, 0xe63f, 0xcd5d, 0x7b14, 0xa439, 0xc51d, 0xc51d, 0xcd5e, 0xbcdc, 0xd55e, 0xcd3d, 0x8b35, 
	0x9396, 0xd59e, 0xcd5d, 0xcd5d, 0xdddf, 0xc51c, 0xddbf, 0xa3d8, 0x8b55, 0xc4fc, 0xd59e, 0xcd5d, 0xd57d, 0xcd5c, 0xddbe, 0xa3f7, 
	0x7ad2, 0xbcfb, 0xd5bd, 0xe61f, 0xcd7d, 0xd59d, 0xee7f, 0xb499, 0x7ad2, 0xb479, 0xe5ff, 0xe5ff, 0xddbe, 0xe5ff, 0xdd9d, 0xd57d, 
	0x8314, 0xa3f8, 0xd59e, 0xddbe, 0xcd5d, 0xd59e, 0xcd5d, 0xdd9e, 0x9396, 0x8b35, 0xc51c, 0xe5ff, 0xcd5e, 0xd59e, 0xd59e, 0xd57e, 
	0xa419, 0x8315, 0xbcbb, 0xd59f, 0xc4fc, 0xcd5e, 0xd57e, 0xc51d, 0xa419, 0x7ad4, 0xac5a, 0xc51d, 0xbcbc, 0xc51d, 0xc4fd, 0xc4fd, 
	0xb47b, 0x7294, 0xa3d9, 0xc51e, 0xc4fd, 0xcd1e, 0xc4fd, 0xcd3d, 0xbcdc, 0x82f4, 0x9376, 0xc51d, 0xcd5d, 0xc4fc, 0xc4fc, 0xc53d, 
	0x6ad1, 0x62b1, 0x6291, 0x6291, 0x5a70, 0x5230, 0x5210, 0x5230, 0x5a51, 0x5a51, 0x6271, 0x6292, 0x6ad2, 0x6af3, 0x7313, 0x7334, 
	0x8375, 0x8395, 0x83b6, 0x8bd7, 0x9417, 0x9418, 0x9418, 0x93f7, 0x8bd7, 0x8bd7, 0x8396, 0x8376, 0x7b55, 0x7314, 0x6ad3, 0x62b2, 
	0x6292, 0x6292, 0x6292, 0x6292, 0x6292, 0x62b3, 0x6ad3, 0x6af4, 0x6292, 0x6ab3, 0x6ad4, 0x62b3, 0x6ab3, 0x6ab4, 0x6ab4, 0x6ab3, 
	0x6ab3, 0x6ad3, 0x6ab3, 0x6292, 0x6293, 0x6ad4, 0x6ad4, 0x6ab3, 0x6a93, 0x6ab3, 0x6ab3, 0x6ab3, 0x6ab3, 0x6a93, 0x6a93, 0x6293, 
	0x6294, 0x6294, 0x6293, 0x62b3, 0x62b3, 0x62b3, 0x62b3, 0x62b3, 0x62b3, 0x62b3, 0x62b3, 0x62b3, 0x62b3, 0x6293, 0x6293, 0x6293, 
	0x62b4, 0x6294, 0x6293, 0x6293, 0x6293, 0x6293, 0x6293, 0x6293, 0x6293, 0x6293, 0x6293, 0x6293, 0x6293, 0x6293, 0x6293, 0x6293, 
	0x6292, 0x6ad2, 0x5a30, 0x5a50, 0x6ad3, 0x6ab3, 0x62b3, 0x6ab3, 0x62b3, 0x6293, 0x62b3, 0x6293, 0x6293, 0x6292, 0x6292, 0x6293, 
	0x5a52, 0x5a72, 0x6292, 0x5a0f, 0x7b12, 0x93d5, 0x9bf6, 0x8355, 0x72f4, 0x72f5, 0x6ad5, 0x62b5, 0x62b4, 0x5ab3, 0x5ab2, 0x5ab2, 
	0x5251, 0x5a92, 0x5a71, 0x5251, 0x5a71, 0x5a71, 0x5a71, 0x5a71, 0x5251, 0x5a71, 0x5a71, 0x5a71, 0x5a71, 0x5a71, 0x5a71, 0x5a51, 
	0x5a51, 0x72d3, 0x8376, 0x8b97, 0x8376, 0x8335, 0x7b14, 0x7af4, 0x7af3, 0x72f3, 0x72d3, 0x51ee, 0x51ee, 0x5a4f, 0x51ee, 0x6ab1, 
	0x7b54, 0x6291, 0x520f, 0x49ef, 0x41ef, 0x4a2f, 0x4a4f, 0x4a0e, 0x522f, 0x522f, 0x522f, 0x5a30, 0x5230, 0x4a10, 0x49f1, 0x49d0, 
	0x49f1, 0x5232, 0x5211, 0x5a32, 0x5a53, 0x51d1, 0x6253, 0x9bfa, 0xb4bc, 0xac7b, 0xc53e, 0xcd5e, 0xcd5e, 0xcd5d, 0xa418, 0x8b75, 
	0xc51c, 0xd59d, 0xd59d, 0xd59e, 0xc53c, 0xddbe, 0xbcdb, 0x8314, 0xb47a, 0xe5ff, 0xc51c, 0xcd5d, 0xcd7e, 0xcd5e, 0xb47a, 0x8b56, 
	0x9bd8, 0xbcbb, 0xb47b, 0xbc9c, 0xb47b, 0xbcbc, 0xc4dd, 0x8b36, 0x8b36, 0xbcbc, 0xc4fd, 0xc53d, 0xcd3d, 0xcd5d, 0xcd7e, 0xac79, 
	0x8334, 0xc53c, 0xddde, 0xcd9d, 0xd5df, 0xd5df, 0xddff, 0xb4bb, 0x7b15, 0xb4bb, 0xd57e, 0xcd7e, 0xcd3d, 0xc4fc, 0xddbf, 0xbcdb, 
	0x9376, 0x9bf8, 0xd57e, 0xd57e, 0xcd5d, 0xcd5e, 0xddbf, 0xc4fc, 0x9397, 0x8b76, 0xd59e, 0xd59e, 0xcd5d, 0xd5be, 0xddde, 0xd59d, 
	0x9395, 0x8b75, 0xcd7d, 0xd5be, 0xcd5d, 0xddff, 0xd59e, 0xddff, 0xac59, 0x7af3, 0xbcba, 0xdddf, 0xd59d, 0xe5ff, 0xdd9e, 0xd59e, 
	0xc51c, 0x82f4, 0xac39, 0xd59e, 0xcd5d, 0xd57e, 0xd59f, 0xd57e, 0xbcbb, 0x7ab3, 0xa3d8, 0xd55e, 0xcd5e, 0xcd1d, 0xc51d, 0xd57e, 
	0xcd3e, 0x8b36, 0x9bb8, 0xbcbc, 0xcd3e, 0xcd5e, 0xc4fd, 0xcd3e, 0xc4fd, 0xa3d9, 0x82f5, 0xb47b, 0xc51e, 0xbc9c, 0xc51e, 0xbcdd, 
	0xcd3f, 0x9bb8, 0x7ab4, 0xac5b, 0xc51e, 0xbcbc, 0xcd3e, 0xbcbc, 0xc4fd, 0xc4fc, 0x7293, 0x9bb7, 0xd59f, 0xc4fc, 0xcd3d, 0xcd5d, 
	0x5a50, 0x5a50, 0x6291, 0x6af3, 0x7334, 0x7b75, 0x8396, 0x83b6, 0x8bf7, 0x9418, 0x9418, 0x9418, 0x9417, 0x8bf7, 0x8c17, 0x9417, 
	0x8396, 0x8375, 0x7b34, 0x7313, 0x6ad3, 0x6ad2, 0x6ab2, 0x6292, 0x6292, 0x6272, 0x6271, 0x6271, 0x6272, 0x6292, 0x6292, 0x6292, 
	0x62b2, 0x62b2, 0x62b3, 0x62b3, 0x62b2, 0x62b2, 0x62b3, 0x62b3, 0x6292, 0x6af4, 0x72f4, 0x6ad3, 0x62b3, 0x6ad4, 0x6af4, 0x6ab4, 
	0x6ab3, 0x6ab3, 0x6ab3, 0x6293, 0x6ab3, 0x6ad4, 0x6ad4, 0x6ab4, 0x6ab3, 0x6ab4, 0x6ab4, 0x6ad4, 0x6ad4, 0x6ad4, 0x6ad4, 0x6ad5, 
	0x62b4, 0x62b4, 0x62b4, 0x62b4, 0x62b4, 0x62b4, 0x62b3, 0x62d3, 0x62b3, 0x62b3, 0x62b3, 0x62b3, 0x62b3, 0x6293, 0x6293, 0x6294, 
	0x62b4, 0x6294, 0x6294, 0x6293, 0x6293, 0x6293, 0x6293, 0x6293, 0x6293, 0x6293, 0x6293, 0x6293, 0x6293, 0x62b3, 0x62b3, 0x62b3, 
	0x62b2, 0x6af3, 0x5a71, 0x5a51, 0x6ab3, 0x6292, 0x6293, 0x62b3, 0x6ad4, 0x6ad4, 0x6ad4, 0x62b4, 0x62b3, 0x62b3, 0x6293, 0x6293, 
	0x6ad4, 0x6ab4, 0x72d3, 0x6a91, 0x9bf5, 0xb498, 0x9bf6, 0x7af3, 0x72d4, 0x6ab4, 0x6294, 0x5a94, 0x5a93, 0x5a93, 0x5a92, 0x5a91, 
	0x5251, 0x5a92, 0x5271, 0x5251, 0x5271, 0x5271, 0x5251, 0x5271, 0x5251, 0x5271, 0x5272, 0x5272, 0x5272, 0x5a72, 0x5a72, 0x5251, 
	0x5a72, 0x5231, 0x5a31, 0x6ab3, 0x8376, 0x93b7, 0x8b76, 0x7b14, 0x72f3, 0x72f3, 0x72d2, 0x51ce, 0x49ce, 0x5a2f, 0x51ee, 0x6ad1, 
	0x7b74, 0x62b2, 0x5230, 0x49ef, 0x420f, 0x4a50, 0x5270, 0x4a2f, 0x522f, 0x524f, 0x520f, 0x5a50, 0x5230, 0x49d0, 0x49f1, 0x49f1, 
	0x49d1, 0x5a73, 0x5a32, 0x5212, 0x6273, 0x59f2, 0x51d1, 0x7af5, 0xa41a, 0xc53e, 0xc4fd, 0xc51d, 0xcd7e, 0xcd5d, 0xbcfc, 0x9bd7, 
	0x9bf7, 0xbcdb, 0xd59e, 0xc53d, 0xc53c, 0xb4bb, 0xd5be, 0x9bd7, 0x7af4, 0xbcdb, 0xdddf, 0xc53d, 0xcd5e, 0xcd5e, 0xcd5e, 0xa439, 
	0x82f4, 0xac3a, 0xbcbb, 0xb49b, 0xb49c, 0xac5b, 0xac3a, 0xb47b, 0x8316, 0x9377, 0xbcdc, 0xc51d, 0xbcfc, 0xc51c, 0xbcdb, 0xd59e, 
	0x93b6, 0x8b55, 0xcd5d, 0xd5be, 0xcd9e, 0xc55d, 0xcd9f, 0xd5df, 0x9c19, 0x8335, 0xbd1c, 0xcd7e, 0xcd5e, 0xcd3d, 0xd57e, 0xcd5d, 
	0xac59, 0x8b55, 0xac7a, 0xd5bf, 0xc51d, 0xd57e, 0xc4fc, 0xcd5e, 0xbcbb, 0x8b76, 0x9bf7, 0xddbf, 0xd5be, 0xddde, 0xd5bd, 0xddfe, 
	0xc55c, 0x8355, 0x93d7, 0xc53c, 0xe63f, 0xe63f, 0xc53c, 0xddff, 0xd59e, 0x93b6, 0x8b55, 0xbcdb, 0xdddf, 0xddbe, 0xcd5d, 0xd57e, 
	0xe5ff, 0xac19, 0x82f4, 0xb47a, 0xd55e, 0xcd5e, 0xdd9f, 0xc4dc, 0xcd3d, 0xac3a, 0x82f5, 0xa419, 0xd55f, 0xc4fd, 0xc4fd, 0xc51d, 
	0xcd1e, 0xc4dd, 0x8316, 0x9377, 0xcd1e, 0xc4fd, 0xbc9c, 0xbcdd, 0xc4dd, 0xbcbd, 0x8b17, 0x8316, 0xbcbd, 0xc4fe, 0xb47c, 0xbcde, 
	0xbcbd, 0xc4fe, 0x9378, 0x82d5, 0xac5b, 0xc4fe, 0xbcdc, 0xbcdd, 0xc4fd, 0xcd3e, 0xac3a, 0x7ab4, 0x9bd8, 0xd57e, 0xc51d, 0xc4fd, 
	0x9438, 0x9437, 0x9417, 0x9417, 0x8bf7, 0x8bd7, 0x83b6, 0x83b6, 0x7b55, 0x7334, 0x7334, 0x7313, 0x6af3, 0x62d2, 0x6291, 0x6271, 
	0x62b2, 0x62b2, 0x6291, 0x6292, 0x6292, 0x6ab2, 0x6ad3, 0x6ad3, 0x6af3, 0x6ad3, 0x6ab3, 0x6ab2, 0x6ab3, 0x6ab3, 0x6ab3, 0x6ad3, 
	0x62b2, 0x62b2, 0x62d3, 0x62d3, 0x62d3, 0x62b3, 0x62b2, 0x6292, 0x6ad3, 0x6ad4, 0x6ad4, 0x6ad3, 0x6ad3, 0x6ad4, 0x6ad4, 0x6ad4, 
	0x6ad3, 0x62b3, 0x6293, 0x6ab3, 0x6ad4, 0x6ab3, 0x6ab3, 0x6ab3, 0x6ab4, 0x6ab4, 0x6ad4, 0x6ad4, 0x6ad4, 0x6ad4, 0x6ad4, 0x6ad5, 
	0x62b5, 0x62b5, 0x62b5, 0x62d5, 0x62d4, 0x62d4, 0x62d4, 0x62d4, 0x62b4, 0x62b4, 0x62b4, 0x62d4, 0x62b4, 0x62b4, 0x62b4, 0x62b4, 
	0x62b4, 0x62b4, 0x62b4, 0x62b4, 0x62b4, 0x62b4, 0x62b4, 0x62b4, 0x6293, 0x62b3, 0x62b3, 0x62b3, 0x62b3, 0x62b3, 0x62b3, 0x62b3, 
	0x62b2, 0x6af3, 0x5a51, 0x5a51, 0x6ab3, 0x6293, 0x6293, 0x6293, 0x6ab4, 0x6ab4, 0x62d4, 0x62b4, 0x62b4, 0x62b4, 0x62b3, 0x62b4, 
	0x5a73, 0x5a52, 0x6a92, 0x6a91, 0xa457, 0xc51a, 0xa457, 0x8354, 0x72f4, 0x6ad5, 0x62b5, 0x6295, 0x5a94, 0x5ab3, 0x5ab2, 0x5ab2, 
	0x5251, 0x5a92, 0x5271, 0x4a31, 0x5271, 0x5271, 0x5251, 0x5251, 0x5251, 0x5272, 0x5272, 0x5252, 0x5252, 0x5272, 0x5272, 0x5252, 
	0x5231, 0x5a51, 0x5a51, 0x5a52, 0x6272, 0x6ab3, 0x8335, 0x8b96, 0x8334, 0x8334, 0x7af3, 0x51ce, 0x49ad, 0x520e, 0x49ed, 0x6ab1, 
	0x8375, 0x6ad3, 0x5230, 0x4a10, 0x4210, 0x5271, 0x5291, 0x5250, 0x524f, 0x5250, 0x4a0f, 0x5a50, 0x5231, 0x41af, 0x4a11, 0x4a11, 
	0x49f1, 0x5a53, 0x5a32, 0x5a12, 0x6253, 0x6233, 0x59f2, 0x6233, 0x7ad5, 0xbcdd, 0xbcbc, 0xbcbc, 0xcd7e, 0xc53d, 0xbcfc, 0xbcdb, 
	0x8b76, 0x93b7, 0xc51c, 0xb4bb, 0xcd5d, 0xb4bb, 0xbcfc, 0xc51c, 0x9396, 0x8b55, 0xcd5d, 0xc51d, 0xc51d, 0xc53d, 0xbd1d, 0xbcfc, 
	0x93b7, 0x8b76, 0xac5a, 0xb47b, 0xb49b, 0xb49b, 0x9bf9, 0xbcfd, 0xa419, 0x8315, 0xa419, 0xb49b, 0xac7a, 0xbd1c, 0xbcfc, 0xbcdb, 
	0xc53c, 0x7b14, 0x9c18, 0xc55d, 0xc53d, 0xc55d, 0xc57e, 0xc57e, 0xcd7e, 0x8335, 0x93d8, 0xbcfc, 0xcd5d, 0xd5be, 0xd57e, 0xc53c, 
	0xc53d, 0xa439, 0x8b56, 0xbcdc, 0xc53d, 0xc53d, 0xc51d, 0xc51d, 0xcd3d, 0xbcbb, 0x82f4, 0xb49a, 0xddbe, 0xddbe, 0xddbd, 0xd5bd, 
	0xd5df, 0xb4db, 0x7af4, 0xa439, 0xddff, 0xd5df, 0xd5bf, 0xcd9e, 0xcd7e, 0xcd5d, 0x8b55, 0x9376, 0xcd5d, 0xcd5d, 0xc51c, 0xd5be, 
	0xcd5d, 0xd57e, 0x9397, 0x8b56, 0xbcdc, 0xc51d, 0xcd1d, 0xcd1e, 0xc51d, 0xcd1e, 0x9377, 0x8b36, 0xb47b, 0xc4fd, 0xcd3e, 0xc4dd, 
	0xbcbd, 0xd55f, 0x9bb9, 0x8316, 0xa3fa, 0xb47c, 0xbcbd, 0xb49c, 0xbc9d, 0xbc9d, 0xac3b, 0x7ab6, 0x9379, 0xbcbe, 0xac1c, 0xbcbe, 
	0xb47c, 0xbcdd, 0xbcbd, 0x82f6, 0x8b37, 0xbcbc, 0xb47b, 0xc4fd, 0xc4fd, 0xb45b, 0xd57f, 0x9377, 0x7272, 0xb49b, 0xbcdc, 0xb49b, 
	0x7334, 0x7313, 0x6af3, 0x6af3, 0x6ad3, 0x62b2, 0x6292, 0x6292, 0x62b3, 0x62b2, 0x6292, 0x62b2, 0x6ad2, 0x6af2, 0x6ad2, 0x62b2, 
	0x6ab2, 0x6ab2, 0x6ad2, 0x6ad2, 0x6ad3, 0x6ad3, 0x6ab2, 0x6292, 0x6ab2, 0x6ab2, 0x6ab3, 0x6ab3, 0x6ad3, 0x6ab3, 0x6ab2, 0x6292, 
	0x5a92, 0x5ab2, 0x62b2, 0x62b2, 0x62b2, 0x62d3, 0x62d3, 0x62d3, 0x6b14, 0x6ad3, 0x62b3, 0x6af4, 0x6af4, 0x6ad4, 0x6ad3, 0x6af4, 
	0x72f4, 0x6ad3, 0x6ad3, 0x72f4, 0x7315, 0x6af4, 0x6ad4, 0x6ad4, 0x6ad4, 0x6ad4, 0x6ad4, 0x6ad4, 0x6ad4, 0x6ad4, 0x6ab4, 0x62b4, 
	0x62d5, 0x62d5, 0x62d5, 0x62d5, 0x62d5, 0x62d4, 0x62d4, 0x62d4, 0x62d4, 0x62d4, 0x6af4, 0x6af4, 0x6af5, 0x6af5, 0x6af5, 0x6af5, 
	0x6af5, 0x6af5, 0x6af5, 0x6af5, 0x6af5, 0x6af4, 0x6af4, 0x6af4, 0x6af4, 0x6af4, 0x6af4, 0x6af4, 0x6af4, 0x6af4, 0x6af4, 0x6af4, 
	0x6af3, 0x7314, 0x5a51, 0x5a72, 0x6af4, 0x6ad4, 0x62b4, 0x6ab4, 0x62b4, 0x62b4, 0x62b4, 0x62d4, 0x62d4, 0x62b4, 0x62b4, 0x62b4, 
	0x6af5, 0x6ab3, 0x6ad3, 0x6270, 0x9bf6, 0xbcd9, 0x9bf6, 0x8b55, 0x72d4, 0x6ab5, 0x6295, 0x5a94, 0x5a94, 0x5a93, 0x5a92, 0x5ab2, 
	0x5a92, 0x5ab2, 0x5a92, 0x5271, 0x5a92, 0x5a92, 0x5272, 0x5a92, 0x5272, 0x5a93, 0x5a93, 0x5272, 0x5272, 0x5a93, 0x5a93, 0x5272, 
	0x5251, 0x5a71, 0x5a72, 0x5a72, 0x5a31, 0x5a31, 0x6a72, 0x72b3, 0x93b7, 0x93b6, 0x8355, 0x5a0f, 0x49ce, 0x520e, 0x49ed, 0x6ab1, 
	0x8396, 0x6ad3, 0x5251, 0x4a10, 0x4a30, 0x5291, 0x5ab2, 0x5291, 0x5250, 0x5270, 0x4a0f, 0x5a71, 0x5231, 0x41af, 0x4a11, 0x5212, 
	0x5a53, 0x51f1, 0x5212, 0x6253, 0x6233, 0x6233, 0x6253, 0x6212, 0x6a53, 0x82f5, 0xbcbc, 0xc4dd, 0xbcbb, 0xcd3d, 0xc51c, 0xc51c, 
	0xac39, 0x8b56, 0xa439, 0xcd5d, 0xbd1c, 0xbcdb, 0xbd1c, 0xbcdb, 0xbcfc, 0x8b76, 0x8355, 0xcd7e, 0xc51d, 0xb4bb, 0xbd1d, 0xbcdc, 
	0xbcfc, 0x8b56, 0x8335, 0xb49b, 0xb47b, 0xac5b, 0xc4fd, 0xa3f9, 0xb49b, 0x9398, 0x8315, 0xa43a, 0xb49b, 0xb49b, 0xc53d, 0xb4bb, 
	0xbcfc, 0xb4ba, 0x8334, 0xa439, 0xc53d, 0xc55d, 0xbd3d, 0xc55e, 0xc57e, 0xbd1c, 0x8335, 0xa419, 0xcd7e, 0xd59e, 0xcd5d, 0xdddf, 
	0xd5bf, 0xbcdc, 0x9397, 0x8336, 0xc53d, 0xcd5e, 0xc53d, 0xc51d, 0xcd5d, 0xcd3d, 0xa418, 0x7ad2, 0xcd3c, 0xe61f, 0xcd5c, 0xddde, 
	0xd5be, 0xd5df, 0x9c38, 0x8334, 0xac9a, 0xd5bf, 0xd59e, 0xd59e, 0xd5bf, 0xd59e, 0xa438, 0x82f4, 0x9bf8, 0xcd3d, 0xcd5d, 0xc51c, 
	0xcd3d, 0xcd5e, 0xbcdc, 0x8b35, 0x9397, 0xc4fd, 0xc4fd, 0xc4fd, 0xc4fd, 0xc4dd, 0xbcbc, 0x8b16, 0x82f6, 0xbc9c, 0xc4fd, 0xbcbd, 
	0xbcbd, 0xbc9d, 0xc4fe, 0x9378, 0x7ab5, 0xac5b, 0xc4de, 0xb47d, 0xb49d, 0xbcbe, 0xb49d, 0xa3db, 0x7a96, 0x9359, 0xcd1f, 0xac3c, 
	0xbc9d, 0xb47c, 0xbc9c, 0xb45b, 0x7ab5, 0x8b16, 0xc4fd, 0xb47b, 0xb49c, 0xc4fd, 0xb49b, 0xbcbc, 0x8b56, 0x7ad4, 0xbcdc, 0xbcdc
};
